temperature,humidity,fan_on
28.9,84.3,1
28.9,81.8,1
28.4,83.5,1
29.1,84.2,1
29.0,81.9,1
28.6,83.5,1
28.3,82.9,1
28.4,81.8,1
29.9,81.7,1
29.5,80.6,1
29.5,82.9,1
29.2,78.6,1
29.4,79.5,1
28.8,77.9,1
29.2,77.7,1
29.5,79.1,1
28.9,78.3,1
28.5,79.9,1
28.9,78.5,1
28.4,77.4,1
28.5,61.3,1
28.4,61.9,0
28.4,79.7,1
28.9,78.6,1
28.3,77.4,1
28.0,64.2,1
28.4,61.9,0
28.6,79.1,1
28.9,77.6,1
28.5,76.7,1
28.4,81.2,1
28.8,78.4,1
28.3,82.9,1
28.4,83.4,1
28.7,79.4,1
28.5,82.0,1
28.9,83.1,1
28.1,82.2,1
28.1,81.4,1
28.9,82.3,1
28.2,82.5,1
28.0,81.3,1
28.9,82.0,1
28.3,82.4,1
28.2,81.3,1
28.0,81.8,1
28.4,81.5,1
28.6,81.2,1
27.5,86.1,1
27.8,84.3,1
27.4,80.8,1
27.4,85.5,1
27.6,84.3,1
27.9,81.6,1
27.4,83.2,1
27.8,85.2,1
27.9,82.2,1
28.4,84.3,1
28.9,79.6,1
28.0,85.1,1
28.8,83.8,1
28.5,86.0,1
27.9,83.8,1
28.3,83.8,1
28.8,84.9,1
28.3,83.0,0
28.3,83.8,1
28.2,83.4,1
29.0,83.2,0
28.0,83.5,1
28.3,82.6,1
28.9,84.5,1
30.4,80.7,1
28.9,82.3,1
29.3,79.4,1
30.5,80.4,1
29.1,81.2,1
29.1,79.8,1
28.3,86.5,1
28.3,86.1,1
28.4,84.8,1
29.4,87.4,1
28.8,81.2,1
28.3,82.5,1
29.5,84.7,1
28.7,81.8,0
28.3,83.2,1
28.6,83.8,1
28.8,80.1,1
28.1,83.8,1
28.5,75.1,1
28.8,74.1,1
29.1,69.1,0
28.7,73.8,1
28.9,71.3,1
29.0,68.4,0
28.9,73.7,0
29.1,80.0,0
29.3,71.7,0
29.0,72.6,1
29.2,74.6,1
29.0,74.2,1
28.8,72.8,1
29.0,70.9,1
28.7,69.1,1
28.9,75.5,1
29.0,71.3,1
29.1,72.6,1
29.0,70.6,1
29.1,70.4,1
29.3,74.2,1
29.2,70.6,1
29.1,72.0,1
29.1,76.2,1
29.5,76.5,1
29.3,71.5,1
29.0,75.6,1
29.5,76.9,0
29.3,72.5,1
28.4,76.3,1
29.2,77.5,1
29.4,70.8,1
29.0,73.1,1
29.0,70.8,1
28.9,71.3,1
29.2,73.8,1
29.2,70.2,1
28.8,70.3,0
28.6,71.3,1
28.9,69.6,1
28.8,72.6,0
28.7,69.8,0
28.9,67.8,0
28.8,70.5,0
28.8,69.7,0
28.9,68.0,0
28.8,70.3,0
29.0,68.5,1
28.9,70.2,1
27.5,63.3,0
27.2,63.9,1
27.8,60.8,0
27.9,62.6,1
28.7,62.9,0
29.3,53.8,1
28.7,64.6,1
28.2,64.6,0
29.1,53.0,1
28.9,64.2,1
28.1,63.1,0
27.8,64.4,1
28.4,59.2,0
28.0,57.1,1
29.0,44.4,1
28.5,57.5,0
28.4,56.6,1
28.8,56.8,0
28.3,52.6,1
29.3,43.9,1
26.6,59.3,1
28.0,56.4,1
28.1,62.9,0
26.6,58.6,1
27.9,56.3,1
28.6,59.9,0
29.2,62.7,1
28.6,61.8,0
28.6,62.3,0
29.3,59.1,1
28.6,61.6,0
28.5,54.9,1
28.5,46.7,1
28.0,54.6,1
28.4,57.1,1
28.3,60.1,1
26.2,63.9,0
26.2,63.9,0
26.1,63.7,0
26.5,62.5,1
26.4,62.4,1
26.2,63.3,0
26.2,63.2,0
26.3,60.0,0
28.3,55.4,0
26.2,54.2,1
27.1,56.1,0
26.0,54.5,0
26.7,59.3,0
26.1,57.3,0
25.5,54.0,1
26.5,56.0,0
25.7,55.2,0
26.9,55.5,0
25.3,53.6,1
26.0,52.2,0
26.2,56.3,0
26.7,59.3,0
27.1,59.4,0
26.3,56.8,0
25.3,58.9,0
26.2,57.2,0
26.0,53.1,0
25.9,53.9,0
26.1,52.7,0
26.8,70.3,1
27.0,57.1,0
25.8,51.6,0
27.1,55.9,0
26.1,52.2,0
24.2,43.8,0
24.9,41.3,0
25.8,49.9,0
24.9,45.0,0
25.0,46.9,0
24.8,46.4,0
24.9,43.8,0
25.4,47.5,0
25.2,47.4,0
24.9,42.2,0
25.7,42.0,0
25.2,49.2,0
25.1,40.6,0
25.8,41.9,0
25.2,48.3,0
25.4,43.5,0
25.8,39.5,0
25.0,46.9,0
25.5,41.4,0
25.6,40.3,0
25.1,45.7,0
25.5,43.7,0
25.1,50.5,0
25.8,54.8,0
25.0,40.7,0
25.1,39.9,0
25.4,40.4,0
25.8,43.7,0
24.6,48.8,0
25.4,40.5,0
26.0,42.5,0
25.0,47.9,0
25.2,40.8,0
25.9,41.7,0
25.0,48.3,0
25.7,49.2,0
25.7,43.7,0
25.6,46.3,0
25.8,44.9,0
26.4,47.3,0
26.3,53.6,0
26.4,64.8,1
26.2,50.0,0
25.8,44.0,0
25.9,50.6,1
30.7,62.0,1
30.7,62.1,1
30.5,67.1,1
30.7,61.6,1
30.7,61.9,1
30.5,67.0,1
31.3,59.6,1
31.2,59.6,1
30.7,64.3,1
31.3,59.2,1
31.2,59.6,1
30.6,64.4,1
31.1,59.0,1
31.2,59.8,1
30.6,64.5,1
30.9,61.6,1
31.1,61.1,0
30.7,64.7,1
30.9,61.2,0
31.7,61.2,1
30.5,66.0,1
30.9,61.6,0
31.3,60.4,1
30.6,65.9,1
30.7,58.4,1
31.4,60.2,1
30.4,66.4,1
30.6,58.3,1
31.5,60.1,1
30.4,65.6,1
31.3,59.1,1
31.3,59.1,1
31.1,65.4,1
31.2,59.2,1
31.6,61.0,1
31.4,63.8,1
31.5,58.5,1
31.6,59.7,1
31.3,63.9,1
31.3,59.2,1
31.7,60.3,1
31.3,64.0,1
31.0,58.1,1
31.2,59.4,1
31.0,64.1,1
30.9,58.2,1
31.3,58.1,1
31.1,64.6,1
31.0,60.4,1
31.5,60.8,0
31.3,65.0,0
31.0,65.3,0
31.2,65.0,0
31.0,65.7,0
31.4,65.1,0
31.1,65.0,1
31.0,73.9,1
31.3,70.1,1
31.1,68.7,0
31.2,66.3,1
31.0,68.3,0
31.2,66.4,1
31.8,71.2,1
32.1,70.0,1
31.8,71.9,1
32.1,68.5,1
31.9,70.9,1
32.1,68.1,1
30.8,69.8,1
30.9,71.0,1
31.5,67.6,1
31.8,65.1,1
31.5,69.5,1
31.8,65.4,1
30.9,71.0,1
30.4,68.3,1
31.6,65.6,1
30.6,62.5,1
30.7,68.6,1
30.7,67.8,1
28.1,60.0,0
28.2,59.4,0
30.5,69.5,1
31.0,62.3,1
30.9,60.8,1
33.3,56.6,1
32.6,62.7,1
33.3,56.5,1
32.6,62.4,1
33.3,62.0,0
32.5,63.1,1
33.0,59.5,1
34.2,63.7,1
33.1,59.4,1
34.2,64.1,1
33.6,60.2,1
32.6,64.2,1
33.6,61.6,1
32.6,64.4,1
27.4,83.3,0
27.8,79.0,1
27.6,78.3,1
27.6,82.1,1
27.8,77.8,0
27.9,77.3,1
28.9,78.1,1
27.7,77.3,1
28.7,78.9,1
27.7,77.1,1
28.7,81.8,1
28.7,80.0,1
27.7,79.1,1
27.7,79.3,1
27.5,79.2,1
27.6,80.0,1
27.7,79.5,1
27.7,78.3,0
27.8,77.1,0
28.1,79.3,0
27.5,78.3,0
28.1,79.7,1
28.0,81.8,1
28.1,79.4,1
28.6,76.9,1
28.8,78.6,1
28.6,76.5,1
28.5,76.3,1
28.9,77.7,1
28.7,76.8,1
28.6,76.6,1
29.1,78.9,1
29.0,76.0,0
27.3,77.3,1
28.4,75.4,1
28.4,76.9,1
28.1,76.7,0
28.2,75.4,0
28.4,75.3,0
28.1,75.6,0
28.2,75.5,0
27.7,75.6,0
28.8,80.0,1
29.1,82.6,1
29.4,82.0,1
29.1,75.4,1
28.7,74.5,1
29.3,73.8,1
29.2,72.4,1
30.1,69.4,1
29.7,71.9,1
29.3,71.0,1
30.0,69.5,1
29.6,71.2,1
29.4,70.9,1
29.8,70.7,1
29.4,72.9,1
28.2,77.2,0
27.8,76.9,0
27.7,79.2,0
27.9,80.1,1
27.6,77.5,0
27.2,77.6,0
28.3,75.8,1
27.5,81.8,1
28.8,83.3,1
29.4,78.2,1
28.6,78.3,1
29.0,74.9,1
28.6,73.6,1
28.8,74.5,0
29.1,74.7,1
28.3,75.1,0
28.8,76.5,1
28.6,77.2,1
28.0,78.8,1
28.5,76.6,1
28.3,78.8,1
28.5,76.9,1
28.2,78.7,1
28.7,80.2,1
28.3,77.8,1
28.1,81.3,1
29.0,80.2,1
28.3,78.3,1
28.3,80.3,1
27.5,81.7,1
27.4,79.2,1
27.0,80.7,1
27.7,74.3,1
27.6,76.9,0
27.0,79.6,0
28.0,77.5,0
27.8,74.7,0
27.1,79.2,1
27.6,81.1,1
27.7,81.4,1
27.5,82.2,1
28.3,73.3,0
28.1,78.3,1
28.4,79.0,1
27.4,86.9,1
27.6,84.4,1
27.8,87.0,1
28.4,81.5,1
27.9,81.5,1
28.3,83.0,1
28.0,81.5,1
28.3,83.1,1
28.0,81.6,1
27.5,77.8,1
27.5,76.2,1
27.1,79.3,1
28.0,83.0,0
27.2,83.0,0
27.6,78.9,1
27.1,80.3,1
27.5,78.7,1
27.4,76.5,1
27.1,79.9,1
28.2,74.6,0
28.5,73.2,0
28.7,79.3,1
28.3,73.9,0
28.7,72.6,0
28.8,78.7,1
27.4,78.1,1
27.6,76.7,1
27.0,81.8,1
27.5,76.9,1
27.7,76.2,1
27.1,81.8,1
27.5,79.4,1
27.8,77.0,1
27.1,82.2,1
27.7,78.9,1
27.7,77.2,1
27.4,82.0,1
26.7,52.4,1
28.9,47.3,1
26.7,58.9,1
27.9,46.7,0
28.9,47.3,0
26.5,45.3,1
27.1,46.1,0
27.8,48.7,1
26.8,47.9,0
27.0,52.1,0
28.4,51.3,0
26.1,55.2,0
27.0,61.9,0
26.9,59.5,0
26.9,50.7,0
28.3,47.4,0
28.7,52.1,0
25.9,55.3,0
28.4,48.7,0
26.3,51.2,0
28.2,44.3,0
29.1,47.1,0
26.4,47.7,0
28.4,42.8,0
29.2,48.9,0
26.1,47.9,0
28.0,48.2,1
28.3,46.8,1
25.9,49.5,1
28.0,43.7,0
29.0,45.3,0
27.9,39.4,0
28.2,51.1,1
26.0,52.0,0
28.3,41.0,0
28.6,51.7,1
26.4,26.6,0
27.2,44.3,1
29.2,53.1,0
26.6,48.6,0
27.7,43.6,1
30.6,45.4,0
27.3,49.3,0
28.1,50.9,0
27.8,51.9,0
25.8,61.1,0
28.3,39.9,0
28.7,49.4,0
25.7,51.0,0
27.4,51.1,0
29.8,54.1,1
27.3,49.0,0
27.5,47.1,0
30.3,44.9,0
25.9,55.4,0
29.1,51.2,1
26.0,51.9,0
28.6,52.9,0
29.0,53.0,1
28.9,52.4,0
29.1,48.9,0
30.2,48.4,0
28.0,53.9,0
28.7,51.1,0
30.5,49.6,1
28.6,46.0,0
29.1,45.1,1
30.4,50.6,0
28.2,49.6,1
28.5,62.3,0
30.2,50.3,1
28.9,42.0,0
26.8,48.2,0
27.8,42.4,1
28.0,44.7,1
26.6,51.4,1
28.3,39.3,0
29.0,43.1,0
27.7,44.7,0
28.9,41.8,1
29.7,47.3,0
27.9,47.9,0
30.0,41.5,1
28.3,46.3,1
29.3,44.7,0
30.2,41.3,1
28.5,45.9,1
28.3,48.4,0
27.9,49.9,1
28.2,51.2,0
28.0,48.9,1
27.9,47.5,0
30.2,44.4,0
26.3,51.3,0
28.1,41.7,0
29.2,45.0,0
26.2,48.3,0
25.1,50.3,1
26.1,48.6,1
25.0,54.4,0
25.5,46.5,1
25.6,44.9,0
25.2,49.5,1
25.4,52.3,1
25.4,53.0,1
25.2,58.6,0
26.1,59.0,0
26.8,47.2,0
25.5,48.2,0
26.3,51.7,0
26.8,46.4,0
25.7,47.7,0
26.2,54.1,0
26.6,48.7,0
25.6,49.0,0
26.4,56.1,0
26.8,43.2,1
26.0,48.6,0
26.4,53.1,0
26.5,45.0,0
26.5,53.0,0
26.8,42.9,0
25.9,48.4,0
25.6,48.9,0
25.9,46.7,0
25.0,53.7,0
26.0,45.0,1
25.5,53.6,0
26.0,47.8,1
26.0,57.1,0
25.3,49.1,0
26.1,45.7,1
27.0,45.1,0
25.3,50.3,0
25.2,48.7,0
26.1,52.4,0
25.3,55.7,0
25.3,49.3,0
31.1,62.8,1
31.8,61.9,1
32.3,64.8,1
30.8,61.7,1
31.4,57.5,1
30.9,60.5,1
31.1,62.1,1
30.6,60.8,0
31.1,62.3,1
31.2,61.4,0
31.2,58.1,1
30.4,59.8,1
31.3,57.5,1
30.3,60.3,1
30.7,63.7,1
30.8,60.4,0
30.7,63.8,1
30.9,59.9,0
31.4,58.1,1
31.8,56.8,1
31.5,58.7,1
31.8,57.0,1
31.4,58.1,1
31.7,57.1,1
30.8,60.4,1
30.4,60.9,1
30.5,61.2,1
30.3,60.7,1
31.0,58.7,0
30.0,61.8,1
31.0,58.6,0
30.1,61.6,1
30.7,60.1,0
31.0,57.5,1
30.3,61.0,1
31.7,61.6,1
31.6,62.4,1
31.5,59.5,1
32.2,64.8,1
32.3,64.8,1
32.7,58.4,1
32.1,57.8,1
31.6,58.7,1
32.5,56.1,1
32.7,56.2,0
32.7,56.3,1
32.1,56.1,1
31.5,58.6,1
31.3,59.4,1
31.5,58.5,1
31.3,59.5,1
31.6,59.8,1
31.7,58.4,1
30.4,54.2,1
30.7,61.1,1
30.7,61.0,1
31.8,57.3,1
31.3,58.5,1
30.8,64.4,1
29.8,71.5,0
31.0,67.1,0
29.7,75.1,0
31.2,79.0,1
30.5,71.5,1
31.1,64.5,1
30.5,71.8,1
31.0,64.6,1
30.4,72.6,1
30.6,63.9,1
30.5,71.2,1
30.6,65.4,1
30.2,70.2,0
31.3,64.1,1
29.8,71.6,1
31.3,64.0,1
29.9,71.7,1
28.183333333333334,53.0,0
25.47,58.7,0
28.183333333333334,53.0,0
25.46,59.9,0
26.89,61.6,0
25.656666666666663,58.0,0
25.656666666666663,58.0,0
25.34,66.5,0
24.82,51.2,0
25.22,58.8,0
25.94333333333333,59.2,0
25.22,58.8,0
24.72,50.4,0
25.88,47.3,0
27.173333333333336,42.7,0
25.89333333333333,47.4,0
24.876666666666665,51.8,1
22.55666666666667,49.7,0
22.55666666666667,49.7,0
22.686666666666667,49.6,0
22.686666666666667,49.6,0
22.8,27.3,1
22.8,27.3,0
24.6,24.0,0
22.8,27.3,0
24.6,24.0,0
23.24333333333333,28.1,0
22.76333333333333,20.1,0
24.6,24.0,0
24.016666666666666,21.6,0
24.6,24.0,0
24.37,24.5,0
22.836666666666662,24.3,1
22.836666666666662,24.3,1
23.28333333333333,18.6,1
23.28333333333333,18.6,0
23.386666666666667,20.0,0
23.28333333333333,18.6,1
22.47,27.1,0
21.08333333333333,25.4,0
21.08333333333333,25.4,0
22.506666666666668,24.7,0
22.63,24.6,0
22.47,27.1,0
22.506666666666668,24.7,0
22.42,27.6,1
23.65333333333333,27.6,1
22.666666666666668,28.1,0
25.266666666666666,28.2,0
22.42,27.6,1
23.65333333333333,27.6,0
22.666666666666668,28.1,0
21.57333333333333,22.0,0
21.866666666666667,22.8,0
21.46333333333333,21.7,0
22.236666666666668,22.4,0
26.42333333333333,22.0,0
22.57333333333333,24.7,1
22.57333333333333,24.7,0
22.57333333333333,24.7,1
23.55,28.9,1
23.55,28.9,0
23.55666666666667,28.9,1
22.686666666666667,29.6,1
22.686666666666667,29.6,0
22.686666666666667,29.6,1
22.686666666666667,29.6,1
22.64,29.9,0
22.686666666666667,29.6,1
22.686666666666667,29.6,0
22.686666666666667,29.6,0
22.686666666666667,29.6,0
22.686666666666667,29.6,0
22.686666666666667,29.6,1
22.686666666666667,29.6,0
22.686666666666667,29.6,1
22.686666666666667,29.6,0
22.686666666666667,29.6,0
22.686666666666667,29.6,0
23.346666666666668,39.0,0
23.043333333333333,41.3,0
23.043333333333333,41.3,0
23.043333333333333,41.3,0
23.186666666666667,40.8,0
23.186666666666667,40.8,0
23.186666666666667,40.8,0
23.19,39.7,0
23.19,39.7,0
23.19,39.7,1
23.346666666666668,39.0,0
24.04,34.8,0
24.14333333333333,33.0,0
23.36,21.1,0
23.36,21.1,0
23.36,21.1,0
28.49,21.8,0
25.04,27.7,0
25.04,27.7,0
25.03,27.7,0
24.23,29.5,0
24.57333333333333,28.7,0
24.906666666666663,28.3,0
25.03,27.7,0
24.276666666666667,33.5,1
24.276666666666667,33.8,1
24.276666666666667,33.5,1
24.276666666666667,33.8,0
24.37,31.6,0
24.28,32.3,0
24.28,32.3,0
24.28,32.3,0
24.28,32.3,0
24.28,32.3,1
24.40333333333333,33.4,0
24.66333333333333,30.9,0
26.066666666666663,8.9,0
27.29,9.0,0
27.29,9.0,0
22.58,17.2,0
23.23333333333333,14.0,0
23.2,14.0,1
22.58,17.2,0
20.683333333333334,21.6,0
23.48333333333333,16.2,0
23.48333333333333,16.2,0
23.48333333333333,16.2,0
24.19333333333333,16.7,0
23.746666666666663,16.2,0
24.44666666666667,20.7,0
24.19333333333333,16.7,0
23.746666666666663,16.2,0
24.38,19.5,0
23.546666666666667,16.2,0
23.26333333333333,17.6,0
23.636666666666667,17.8,0
24.476666666666667,17.1,0
23.426666666666662,18.1,0
23.426666666666662,18.1,0
23.426666666666662,18.1,0
23.426666666666662,18.1,0
23.426666666666662,18.1,0
23.96,17.5,0
23.96,17.5,0
23.96,17.5,0
24.476666666666667,17.1,0
24.476666666666667,17.1,0
24.476666666666667,17.1,0
24.476666666666667,17.1,0
24.476666666666667,17.1,0
24.476666666666667,17.1,0
23.546666666666667,16.2,0
23.27,17.7,0
26.723333333333333,50.55,0
26.526666666666667,45.84,0
26.28666666666667,47.94,0
26.633333333333333,47.27,0
26.26,45.75,0
26.26,45.75,0
22.69,52.36,1
25.796666666666667,48.1,0
22.69,52.36,1
22.57333333333333,52.6,1
26.08,23.67,0
26.08,23.67,0
26.98333333333333,27.08,0
26.08,23.67,0
25.77,43.37,0
25.82,40.46,0
26.036666666666665,49.4,0
25.16333333333333,57.37,0
23.84,63.22,0
23.84,63.22,0
24.64,40.16,0
24.64,40.16,0
25.39333333333333,47.4,0
25.39333333333333,47.4,0
25.39333333333333,47.4,0
25.816666666666663,52.63,0
25.35,44.95,0
25.796666666666667,46.06,0
26.47,51.56,0
26.67333333333333,51.22,0
26.18,54.87,0
26.65333333333333,54.57,0
26.65333333333333,54.57,0
24.683333333333334,58.14,0
24.683333333333334,58.14,0
25.296666666666667,53.67,0
22.53,47.72,0
27.576666666666664,51.4,0
27.17,46.6,0
27.15333333333333,44.5,1
25.73,48.4,1
27.626666666666665,45.4,1
26.85,40.7,0
27.08333333333333,43.0,0
26.80666666666667,39.5,1
26.69333333333333,43.9,0
27.09,41.6,0
27.346666666666668,40.2,0
28.02,35.4,0
28.966666666666665,35.8,0
28.3,37.1,0
27.95,53.5,0
25.69,52.3,0
25.69,52.4,0
25.69,52.3,0
25.69,52.3,0
25.69,52.3,0
26.90333333333333,55.1,0
27.386666666666667,57.2,0
26.35333333333333,51.6,0
27.39666666666667,46.0,0
27.39666666666667,46.0,0
27.35,40.3,0
27.19,35.3,0
27.18,33.9,0
27.18,33.9,0
24.53333333333333,22.1,0
24.636666666666667,30.4,1
24.636666666666667,30.4,0
24.133333333333333,32.0,0
23.576666666666668,28.4,0
24.06,24.8,0
25.01333333333333,28.8,0
25.01333333333333,28.8,1
25.01333333333333,28.8,0
25.21666666666667,28.4,0
24.836666666666662,28.1,0
25.43,29.1,1
25.43,29.1,0
23.98333333333333,22.4,0
25.126666666666665,22.8,0
25.416666666666668,22.6,0
25.126666666666665,22.8,1
25.416666666666668,22.6,0
24.516666666666666,22.6,1
24.59,23.4,1
24.383333333333333,23.4,1
24.75333333333333,23.0,0
24.14333333333333,37.4,1
24.183333333333334,37.3,0
24.183333333333334,37.3,1
24.183333333333334,37.3,0
24.86,30.5,1
24.456666666666667,31.9,1
24.82333333333333,30.7,0
24.82333333333333,30.7,0
24.82333333333333,30.7,0
31.0,84.8,1
22.3,75.5,0
27.4,81.8,0
30.2,84.7,1
30.9,83.2,1
31.7,84.9,1
31.7,86.2,1
31.7,81.9,1
31.7,82.4,1
31.7,87.1,1
31.6,86.9,1
31.7,82.4,1
31.6,83.8,1
32.4,82.6,1
27.5,83.6,0
26.7,83.1,0
30.3,86.7,1
30.9,84.6,1
30.9,86.1,1
31.8,84.0,1
31.5,83.4,1
31.5,83.4,1
33.4,90.1,1
32.5,88.6,1
25.6,77.0,0
27.5,84.1,0
31.3,81.5,1
31.8,84.7,1
32.9,71.7,1
32.9,70.2,1
32.4,84.3,1
32.3,83.6,1
33.1,85.1,1
32.6,87.9,0
32.9,88.8,1
33.4,86.9,1
26.3,82.8,0
25.7,82.2,0
27.0,84.0,0
26.9,80.7,0
27.1,79.8,0
30.8,84.4,1
31.2,87.0,1
31.1,82.5,1
31.6,83.3,1
30.9,85.8,1
30.8,85.6,1
33.5,88.7,1
33.6,87.3,1
33.7,90.1,1
32.2,87.6,1
32.1,87.3,1
30.7,81.3,0
31.5,88.6,0
33.4,88.1,1
33.3,88.6,1
28.3,59.6,0
27.5,60.0,0
25.9,62.8,0
25.3,65.6,0
24.9,63.3,0
27.2,90.6,0
27.2,91.4,0
28.4,86.0,0
27.0,92.8,0
25.2,75.9,0
28.3,84.7,0
28.5,81.5,1
28.7,82.6,0
27.7,81.0,0
28.7,64.6,0
28.1,67.6,1
26.3,55.4,0
28.5,63.4,1
28.6,69.3,1
28.0,64.0,1
30.9,72.5,0
30.2,75.0,1
30.9,73.1,1
21.8,64.3,0
21.6,63.2,0
20.7,67.5,0
28.5,87.2,0
28.1,88.2,1
28.5,86.7,0
28.3,88.1,1
28.4,86.2,1
30.0,84.9,1
27.0,76.9,1
28.0,83.1,1
27.7,83.7,1
27.5,79.4,1
29.1,79.2,1
28.4,83.0,1
28.4,82.0,0
29.1,82.9,1
23.5,76.9,0
22.6,77.8,0
24.6,81.9,0
22.4,79.8,0
21.9,79.0,0
25.4,79.6,0
25.4,81.6,1
25.1,76.8,0
25.0,80.0,0
25.5,75.8,1
27.4,78.4,0
27.9,82.5,1
27.8,81.3,1
27.7,83.8,1
27.7,79.8,1
31.4,81.6,0
31.8,83.4,1
32.0,81.9,0
31.9,86.6,1
28.8,79.0,1
28.8,79.0,1
28.8,84.9,1
27.6,82.8,0
28.8,84.9,1
30.7,76.1,1
31.7,77.6,1
31.9,76.9,1
31.9,72.5,1
31.3,74.0,1
27.7,88.4,1
27.5,89.5,1
33.0,82.9,1
33.0,86.2,1
22.2,75.8,0
23.6,77.0,0
26.8,82.9,0
27.1,77.6,0
32.4,36.2,1
32.3,83.3,1
32.1,72.8,1
32.1,73.3,1
28.6,81.5,1
28.3,82.2,1
30.8,86.0,1
30.8,87.4,1
32.7,85.6,1
32.7,85.9,1
33.2,89.1,1
24.2,80.5,0
31.8,75.2,1
31.8,75.0,1
31.8,75.6,1
28.3,81.3,1
28.6,82.3,1
28.4,82.4,1
30.4,83.9,1
30.4,81.0,1
30.5,83.0,1
32.6,88.5,1
23.6,80.4,0
23.6,76.0,0
23.4,80.6,0
26.6,82.6,0
26.2,80.4,0
32.3,72.2,1
32.4,71.8,1
32.2,72.6,1
28.4,80.8,1
31.3,83.3,1
31.0,80.9,1
32.8,83.2,1
32.7,89.2,1
28.1,80.1,1
28.0,84.9,1
28.1,85.4,1
33.7,69.0,1
33.7,69.9,1
33.9,69.0,1
29.2,84.7,1
29.2,83.1,1
29.1,82.9,1
32.6,84.6,1
32.1,85.6,1
32.1,85.4,1
33.0,84.8,1
33.0,88.1,1
26.7,82.9,1
28.9,49.1,1
29.0,48.5,1
28.7,51.7,1
29.4,47.7,1
28.6,49.5,1
28.2,48.6,0
30.5,83.0,1
31.5,81.3,1
31.7,84.5,1
29.9,79.8,1
28.7,79.8,1
30.4,82.4,1
30.5,85.7,1
30.5,85.5,1
30.4,82.4,1
23.1,80.4,0
23.1,79.5,0
23.3,80.7,0
33.0,58.0,1
32.9,61.6,1
33.6,60.4,1
35.5,55.8,1
30.7,59.9,1
30.2,61.6,1
30.0,31.0,0
29.7,28.0,1
29.8,28.6,1
34.3,61.8,1
34.2,62.6,1
29.6,82.6,1
29.5,82.5,0
29.6,82.4,1
31.0,23.0,1
29.8,88.9,1
28.0,90.2,1
28.2,89.8,1
32.3,77.2,1
32.1,89.4,1
31.9,92.9,1
32.1,77.4,1
31.1,75.6,1
30.8,76.7,1
29.3,87.1,1
29.3,87.3,1
29.3,87.0,1
32.2,78.1,1
32.3,91.1,1
32.0,77.4,1
31.8,77.4,1
31.8,88.2,1
25.2,75.4,0
25.7,78.3,0
27.1,81.7,0
27.2,84.7,0
30.0,83.1,1
29.7,84.1,1
32.8,87.8,1
32.7,81.2,1
32.8,82.9,1
32.6,88.5,1
32.4,86.4,1
32.5,87.5,1
25.3,82.5,0
24.6,78.5,0
26.7,76.8,0
27.1,81.1,0
30.7,78.5,1
31.2,76.5,1
30.8,76.7,1
29.2,86.2,1
29.0,87.2,1
29.0,87.6,1
28.9,88.7,1
31.9,86.6,1
32.3,86.3,1
32.3,86.3,1
24.1,76.8,0
24.1,76.8,0
23.8,80.1,0
23.8,80.1,0
27.7,80.9,0
27.8,83.5,1
27.3,78.2,0
31.6,42.5,0
30.5,42.4,1
26.3,76.3,0
32.2,87.5,1
26.6,82.8,0
32.5,84.3,0
31.7,38.6,0
31.7,34.7,1
27.0,83.3,0
32.3,87.7,1
32.3,82.8,1
30.0,44.2,0
30.6,38.7,1
26.7,76.8,0
32.4,82.2,1
25.6,32.9,1
28.8,79.4,1
30.5,86.1,1
25.7,28.2,1
25.9,27.7,1
28.5,84.1,1
31.3,86.8,1
26.0,29.4,0
25.9,27.8,0
28.6,83.0,1
26.5,33.1,0
26.8,31.9,0
31.5,84.4,0
31.6,83.8,0
31.4,83.5,0
28.5,24.9,0
28.6,24.4,0
30.9,35.8,1
30.8,35.9,1
31.8,83.7,1
32.1,86.5,1
24.7,77.9,0
27.2,83.8,0
31.1,83.6,1
31.8,87.2,1
32.8,85.2,1
31.1,81.2,1
31.9,81.0,1
23.6,74.9,0
27.1,84.6,1
31.3,84.8,1
31.5,84.5,1
32.1,89.4,1
32.7,87.9,1
31.9,91.5,1
22.5,80.3,0
31.7,84.2,1
31.5,80.4,1
32.7,77.5,1
25.7,79.2,0
23.9,77.5,0
23.3,86.5,0
28.9,80.1,0
28.5,82.3,0
27.7,82.2,1
23.5,74.6,0
32.2,84.0,1
31.9,87.2,1
32.5,87.9,1
32.9,86.5,1
33.3,85.0,1
32.6,82.3,0
31.9,85.0,1
22.4,74.8,0
31.5,84.0,1
22.2,74.7,0
22.2,79.9,0
29.1,81.2,1
29.4,78.9,1
32.1,81.2,0
31.9,83.1,0
32.4,84.0,1
30.1,82.8,0
34.3,89.3,1
34.3,88.3,1
34.9,89.9,1
27.5,79.4,0
28.9,86.9,0
27.9,79.3,0
32.3,81.2,1
32.3,81.2,1
32.3,84.0,1
23.4,76.8,0
23.4,76.6,0
23.4,75.1,0
30.5,84.0,1
30.5,84.0,1
30.5,83.2,1
25.5,76.3,0
25.7,78.8,0
26.1,76.9,0
25.8,82.3,0
28.2,80.2,1
26.7,83.0,0
27.5,77.8,1
28.8,79.8,1
28.9,82.0,1
29.4,80.4,1
29.3,84.9,1
29.6,80.8,1
29.2,85.5,1
27.5,81.7,1
27.4,77.9,1
30.6,85.6,1
30.5,81.0,1
30.9,80.0,1
28.2,77.9,0
28.5,80.9,0
32.5,82.6,1
29.2,78.4,1
29.2,78.4,1
27.5,83.7,1
27.5,79.9,1
30.5,86.1,1
30.7,86.2,1
29.7,81.3,1
27.7,83.3,0
30.2,81.3,1
31.1,86.6,0
32.4,88.1,1
32.1,86.9,1
28.2,81.2,1
28.2,83.2,1
28.6,80.7,1
30.8,86.3,0
31.0,85.8,1
31.5,77.0,0
31.7,88.9,1
31.5,93.0,1
32.0,84.1,1
32.0,89.1,1
31.3,88.8,1
31.9,84.8,1
31.9,84.8,1
31.3,85.5,1
31.3,86.2,1
31.1,88.4,1
32.2,85.2,1
32.1,87.5,1
29.0,79.4,1
28.9,73.9,1
31.1,80.0,1
31.0,81.9,1
32.2,87.9,1
32.2,87.9,1
30.0,86.0,1
29.6,85.0,1
31.3,84.7,1
35.2,91.6,1
35.4,92.0,1
35.5,92.3,1
35.2,92.3,1
25.5,81.7,0
25.2,81.6,0
30.0,85.2,1
30.0,86.3,1
31.4,87.9,1
32.0,84.4,1
32.2,87.4,1
32.0,86.7,1
31.9,88.1,1
31.9,87.6,1
31.7,87.3,1
31.9,82.0,1
32.1,87.0,1
32.0,83.4,1
31.8,75.5,1
31.5,83.6,1
26.3,73.5,1
26.6,73.2,1
26.6,73.2,1
23.4,69.2,0
24.2,64.0,0
23.8,66.1,0
22.2,83.3,0
26.1,69.8,0
26.4,73.2,0
26.1,70.2,0
24.7,62.1,0
25.5,59.8,0
24.7,62.2,0
25.1,73.9,0
25.2,75.4,0
25.2,74.4,0
25.2,74.4,0
23.5,81.4,0
23.5,81.4,0
24.5,75.1,0
24.0,76.5,0
26.4,70.7,1
26.4,69.4,0
26.3,69.8,0
23.0,82.4,0
23.0,82.4,0
23.9,83.0,0
23.9,83.0,0
24.0,82.4,0
23.9,83.0,0
24.2,60.6,0
23.7,60.8,0
23.8,60.0,0
24.4,56.7,0
24.0,73.9,0
25.1,66.3,0
25.1,66.3,0
25.1,66.3,0
24.3,66.0,0
24.3,66.0,0
26.5,39.6,0
22.8,44.9,0
23.9,55.0,0
23.9,55.0,0
25.3,56.3,0
25.2,52.7,1
25.2,52.7,1
27.9,27.5,1
27.9,27.5,1
26.3,59.8,1
26.7,53.9,0
29.6,27.4,1
28.2,27.6,1
28.3,33.3,0
26.3,52.4,0
27.9,35.1,0
27.9,35.1,0
26.0,52.1,0
28.2,29.0,1
25.2,51.9,0
26.7,49.5,0
29.4,31.3,0
23.8,56.5,1
25.7,36.8,0
24.9,51.2,0
26.1,32.2,0
23.2,62.6,0
23.2,62.6,0
23.2,62.6,0
23.2,62.6,0
24.3,59.9,0
24.3,59.9,0
23.9,47.5,1
24.0,51.0,0
23.4,57.1,0
23.8,55.5,0
25.0,50.1,0
31.5,67.0,1
31.4,66.0,1
31.3,67.0,1
31.1,68.6,1
30.5,70.2,0
30.5,70.9,1
30.5,71.2,1
30.6,70.6,1
28.7,77.6,0
28.7,79.1,1
28.9,77.5,1
29.6,75.0,1
28.7,78.5,0
28.7,78.2,1
28.9,77.3,1
26.7,88.2,0
26.8,87.6,1
26.8,87.5,1
28.1,80.2,1
28.0,79.6,1
28.1,79.5,1
28.4,70.0,1
28.4,70.9,1
30.9,61.2,1
30.9,61.7,1
30.9,68.2,0
29.9,71.3,1
30.0,70.6,1
31.5,65.0,1
32.0,65.0,1
32.1,66.0,1
28.9,77.0,1
28.7,72.5,1
28.9,76.8,1
32.2,61.1,1
32.2,62.1,1
32.2,61.1,1
28.9,84.0,0
28.7,83.3,1
29.2,83.2,1
27.1,84.1,0
26.9,85.2,1
26.8,84.6,0
27.5,86.1,0
27.3,86.4,0
28.9,61.2,1
28.8,58.7,1
31.1,66.1,1
31.2,65.5,1
31.2,65.5,1
32.2,60.3,1
32.2,60.8,1
31.7,61.3,1
31.7,62.8,1
32.0,71.6,1
32.3,70.3,1
33.1,73.0,1
33.3,70.4,1
27.1,69.7,1
26.5,54.1,1
26.6,88.2,1
26.5,88.4,1
26.6,85.1,1
26.2,86.2,1
28.6,60.9,1
28.7,60.6,1
31.2,62.9,1
31.0,63.7,1
32.4,65.7,1
32.4,64.7,1
29.8,76.0,1
29.4,77.9,1
28.5,76.1,1
28.3,77.0,1
27.9,85.6,1
27.9,85.0,1
27.9,84.6,0
27.9,69.8,0
27.6,69.1,1
26.8,72.3,0
29.3,58.4,1
31.6,76.2,0
32.0,71.3,1
32.0,71.7,1
30.0,77.5,1
30.3,76.7,1
28.9,73.4,1
28.8,73.0,1
29.0,73.6,1
27.3,85.9,1
27.1,86.9,1
28.1,73.2,1
28.4,72.3,1
28.7,67.0,1
28.7,67.5,1
24.5,50.6,0
32.8,73.4,1
31.8,69.6,1
31.8,69.3,1
31.8,69.6,1
30.0,76.4,1
30.5,75.5,0
28.8,74.2,0
28.6,74.1,1
28.6,74.0,1
27.2,86.7,1
27.4,85.7,1
23.9,56.8,0
22.1,58.9,0
22.1,58.0,0
28.4,67.8,1
28.2,68.4,1
28.3,68.9,0
30.4,52.7,1
22.9,70.1,0
27.8,66.5,1
29.6,79.4,1
29.8,78.8,1
29.9,78.4,1
28.4,76.7,1
28.5,78.1,1
28.5,77.0,1
27.6,86.8,1
27.7,86.4,1
28.8,67.0,1
28.5,67.5,1
23.6,51.2,0
23.8,55.9,0
32.8,74.2,1
32.9,73.5,1
32.9,74.4,1
31.3,74.6,1
31.8,72.0,1
31.4,77.6,1
31.4,78.3,1
30.5,74.9,0
30.2,75.2,1
28.9,75.0,0
28.0,77.0,1
26.8,87.4,0
28.3,84.6,0
27.6,70.1,1
26.7,71.2,1
29.8,64.1,1
29.7,64.1,1
31.0,54.5,1
31.0,48.7,1
32.8,72.2,1
33.2,71.7,1
31.9,71.5,1
32.1,71.2,1
31.4,70.2,1
31.2,71.7,0
31.0,72.0,1
30.4,74.6,0
31.0,72.3,1
30.4,74.4,1
28.9,79.6,1
29.9,77.1,1
29.0,79.3,1
27.4,81.5,1
27.4,82.0,1
27.4,82.0,1
27.6,74.2,1
27.8,73.1,1
28.4,71.4,0
28.5,71.1,1
29.9,47.7,1
31.6,75.0,1
31.5,75.1,1
31.6,67.4,1
31.5,72.3,1
31.5,71.4,1
31.3,71.0,1
27.6,84.2,1
28.0,82.5,1
27.9,72.2,1
27.8,72.8,1
30.1,67.2,1
30.2,66.9,1
25.5,49.7,1
27.1,54.0,1
31.5,75.5,0
31.6,66.8,1
31.3,73.1,1
31.6,71.8,1
29.3,79.0,1
29.3,79.4,1
27.5,81.7,1
27.6,81.5,1
28.0,68.9,1
28.1,68.0,0
28.9,71.0,1
24.6,52.6,0
23.1,69.8,1
30.0,68.9,1
30.0,68.9,1
30.1,68.4,1
30.3,76.0,1
29.8,77.0,1
31.3,73.0,1
31.2,73.4,1
31.3,73.2,1
27.8,72.2,0
28.7,69.5,1
28.8,68.8,1
28.7,69.3,1
28.7,85.8,1
28.5,86.7,1
28.8,76.9,1
28.6,76.8,1
28.6,76.9,1
29.7,67.4,1
29.6,66.7,1
31.5,67.1,1
31.4,67.7,1
29.9,72.4,1
29.6,73.1,1
29.5,73.2,1
31.2,66.1,1
31.1,65.6,1
31.3,65.7,1
31.0,66.2,1
28.5,77.2,1
27.1,70.2,1
29.0,77.2,1
29.0,76.3,1
29.5,78.6,1
29.7,72.5,1
27.3,83.0,1
28.5,78.5,1
27.3,82.3,1
28.5,78.2,0
27.2,66.6,1
27.2,66.9,1
27.2,67.6,1
27.6,85.5,1
27.8,85.1,1
27.4,85.2,1
27.3,85.9,1
27.5,85.8,1
25.9,59.7,0
24.4,61.4,0
31.1,65.3,1
31.4,65.3,1
24.2,61.3,0
32.0,62.2,1
31.7,66.4,1
31.7,64.9,1
31.9,65.7,1
30.0,76.9,0
29.6,77.9,1
29.6,77.7,1
29.1,79.0,1
28.5,86.2,1
28.8,83.8,1
28.5,85.8,1
28.6,86.2,1
26.9,68.9,0
26.8,69.6,0
26.7,69.4,1
26.7,68.8,1
27.5,75.6,1
27.6,75.8,1
27.6,76.0,1
28.4,74.9,1
28.4,74.6,1
28.6,74.2,1
30.3,70.8,0
30.2,71.0,1
30.2,71.1,1
30.2,71.3,1
30.6,77.7,1
30.6,77.7,1
30.6,77.8,1
31.1,65.6,1
31.4,64.3,1
31.5,67.9,0
31.7,70.8,1
32.2,67.7,0
30.9,72.6,1
25.2,46.3,1
30.0,74.9,1
25.9,47.2,1
28.2,83.9,0
27.9,85.2,1
28.0,84.6,1
27.7,71.7,1
27.6,71.6,1
27.8,72.0,1
29.4,62.0,1
29.3,62.2,1
29.5,61.7,1
23.4,53.6,1
25.3,59.4,1
31.0,72.0,1
30.8,72.4,1
26.7,41.6,1
27.6,43.7,1
31.7,68.6,1
31.4,74.6,1
31.0,70.8,1
31.7,70.4,1
31.8,68.5,1
30.7,71.2,1
30.0,74.2,1
28.9,76.2,0
28.9,76.1,1
28.8,75.8,1
29.1,74.6,1
27.5,84.9,1
28.2,82.5,1
27.4,86.3,0
27.4,86.4,1
27.3,85.7,1
27.9,84.6,0
27.5,73.6,0
27.5,75.9,1
26.7,75.7,1
27.9,67.2,1
28.1,67.1,1
28.0,67.2,1
30.1,73.0,1
30.2,71.8,1
30.0,72.1,1
30.7,69.3,1
30.9,71.4,1
30.6,69.7,1
30.6,71.0,1
32.2,59.1,1
31.7,60.5,1
32.5,58.9,1
31.7,77.4,1
31.0,78.7,1
31.7,76.9,1
31.1,78.4,1
27.7,81.9,1
27.6,83.7,0
27.6,82.3,1
26.6,81.6,0
26.9,82.7,0
28.4,71.4,1
29.7,64.6,1
30.0,50.3,1
32.1,60.9,1
33.2,57.5,1
32.2,59.6,1
30.9,79.5,1
31.7,75.4,1
30.9,79.2,1
27.1,80.4,0
27.0,81.2,0
27.6,86.2,1
27.5,87.2,1
27.7,85.6,1
25.7,82.9,1
26.2,81.7,1
26.6,79.7,1
26.5,75.9,1
26.5,76.6,1
28.9,69.8,1
29.3,67.8,0
31.0,68.9,0
31.3,63.2,0
31.9,61.0,1
31.3,62.1,1
28.8,84.2,1
29.2,82.8,1
26.9,81.5,1
27.0,81.4,1
26.7,82.0,1
28.3,83.8,1
28.0,84.8,1
28.1,85.0,1
29.7,66.3,1
29.6,66.7,1
30.7,45.7,1
30.5,44.8,1
31.4,58.2,1
31.2,56.5,1
30.3,72.0,1
31.2,68.0,1
31.3,68.0,1
30.8,73.0,1
30.1,77.8,0
29.6,78.7,1
29.6,79.5,1
29.6,78.9,1
29.7,79.1,1
30.3,77.8,1
30.6,78.6,1
30.1,79.2,1
29.7,80.2,0
27.2,79.0,1
26.9,80.4,1
27.1,80.9,0
27.2,80.4,0
26.9,81.4,1
26.8,81.2,1
28.6,84.5,0
28.8,84.1,1
28.9,83.5,1
28.8,84.0,1
25.5,83.7,0
25.7,82.3,0
24.9,86.3,0
25.6,83.2,0
28.8,68.8,1
28.7,68.8,1
32.2,54.0,1
31.8,56.8,1
31.8,57.9,1
31.8,58.2,1
21.9,52.7,0
32.3,65.5,1
32.1,66.1,1
30.2,72.9,1
30.0,73.6,1
30.0,73.4,1
30.0,73.4,1
30.0,73.0,1
32.1,74.5,1
31.6,76.0,1
26.5,81.8,1
26.0,83.7,1
29.2,80.5,1
27.9,84.7,1
27.8,85.3,1
28.1,84.3,0
27.9,85.2,1
26.1,82.3,0
25.5,83.0,0
27.9,70.9,0
27.8,71.6,0
26.6,48.0,1
27.0,48.1,1
30.4,69.7,1
30.4,70.1,1
30.1,71.8,1
33.2,65.2,1
33.0,65.6,1
33.1,65.8,1
30.3,75.5,0
30.3,75.1,1
29.2,74.4,0
29.1,74.7,1
29.1,74.8,0
29.3,71.2,1
29.1,70.8,1
26.5,83.3,1
26.5,83.7,1
28.7,72.1,1
28.9,71.5,1
29.2,68.1,1
32.6,68.1,1
32.6,68.0,1
32.7,72.0,0
32.1,72.1,1
30.9,72.7,1
30.8,71.7,1
32.1,72.3,1
30.8,72.4,1
29.4,73.6,0
29.2,73.6,1
24.6,67.1,0
29.4,74.1,1
27.2,87.8,0
27.2,85.1,1
27.5,85.5,0
27.3,87.6,0
27.9,80.3,1
27.9,80.0,1
28.1,79.4,1
29.2,82.5,1
28.5,83.9,1
28.9,71.1,1
28.9,71.1,1
28.9,71.3,1
28.8,59.0,0
23.1,55.1,0
31.7,75.1,1
31.8,74.6,1
31.7,75.1,1
31.9,74.0,1
28.9,70.8,1
28.8,71.7,1
28.9,71.8,1
27.5,71.9,1
27.4,72.4,1
28.8,70.3,1
28.9,69.7,1
28.3,67.0,1
28.4,67.0,1
28.3,67.4,1
31.6,64.0,1
31.9,63.5,1
32.7,69.6,1
32.8,70.5,1
33.0,70.0,1
31.3,63.8,1
31.2,64.2,1
31.4,63.4,1
32.6,68.6,1
33.3,67.4,1
33.3,67.4,1
32.9,68.5,1
30.1,74.7,1
30.0,74.3,1
30.3,74.6,1
30.2,74.8,1
27.9,75.1,1
27.8,75.5,1
27.9,74.8,1
30.0,64.2,1
30.2,65.4,1
30.2,64.6,1
29.4,69.6,1
29.6,70.4,1
29.5,69.6,1
32.8,69.9,1
32.8,69.8,1
29.4,74.6,1
29.8,74.0,1
29.5,73.8,1
29.5,74.1,1
29.8,73.8,1
29.1,75.0,0
27.9,58.2,0
25.1,51.6,0
27.9,74.8,1
28.3,74.4,1
28.2,75.2,1
30.6,55.8,0
28.9,45.2,1
31.8,62.9,1
31.5,63.5,1
29.8,70.7,1
30.6,73.6,1
26.5,49.4,0
30.4,71.0,1
30.6,70.8,1
30.7,71.1,1
22.7,45.7,0
26.5,45.7,1
21.2,47.3,0
27.4,88.9,1
27.5,88.8,1
24.9,69.5,1
29.1,65.1,1
29.1,64.3,1
24.5,49.4,0
25.1,52.0,0
21.9,51.4,0
28.9,72.6,1
29.2,72.5,1
31.3,69.0,1
30.9,71.0,1
30.5,72.0,1
30.7,71.0,1
29.2,79.0,1
29.4,78.0,1
29.0,78.0,1
29.3,80.5,0
29.5,80.3,0
27.9,81.9,0
28.5,78.4,0
29.2,76.0,0
28.8,75.9,1
28.8,76.2,1
27.9,60.8,1
28.0,61.0,1
27.8,82.0,1
27.8,81.7,1
27.7,82.6,1
30.2,61.8,1
30.1,62.3,1
30.2,61.6,1
30.4,68.3,1
29.8,69.5,1
29.9,69.4,1
27.1,50.9,1
29.6,71.0,1
30.0,71.3,1
30.4,71.0,1
30.1,62.0,1
27.1,85.3,1
26.6,88.2,1
26.7,87.3,1
27.4,77.1,0
27.6,76.8,0
27.3,78.8,1
26.8,79.8,1
29.8,74.1,1
29.6,73.6,1
21.7,65.8,0
22.8,63.5,0
34.2,61.2,1
33.6,59.2,1
34.0,62.0,1
33.5,70.6,1
33.7,70.0,1
29.4,77.0,1
29.7,77.7,1
29.5,77.2,1
17.4,59.9,0
18.9,54.7,0
17.6,58.6,0
23.2,68.1,0
22.1,67.5,0
22.1,68.7,0
34.1,57.7,1
34.7,56.3,1
30.1,74.1,1
30.2,75.2,1
30.0,70.5,1
30.0,70.5,1
20.5,50.8,0
20.4,51.2,0
16.7,59.8,0
16.2,59.4,0
14.8,78.6,0
13.0,82.7,0
15.6,72.9,0
22.2,74.1,0
24.1,70.7,0
24.7,62.0,0
24.0,64.6,0
23.3,66.7,0
32.7,61.3,1
32.9,61.3,1
32.6,61.7,1
31.8,74.1,1
31.7,75.6,1
31.7,73.6,1
27.5,62.5,1
27.3,59.2,1
27.9,57.7,1
26.8,63.9,1
23.4,61.7,0
25.5,54.3,0
23.1,60.8,0
27.1,65.2,1
24.0,60.0,1
21.9,65.8,0
21.7,66.6,0
22.6,64.8,0
29.7,63.0,1
29.2,62.7,1
29.2,63.0,1
29.9,59.8,1
29.7,61.3,1
29.6,58.3,1
29.9,61.5,0
25.1,51.2,0
25.0,51.1,0
25.5,50.7,0
26.5,48.6,0
20.4,67.8,0
20.3,67.9,0
20.2,68.2,0
19.8,67.6,0
23.6,61.4,0
23.4,65.7,0
23.7,71.4,0
24.6,69.9,0
23.3,73.1,0
23.1,73.0,0
27.2,50.7,0
25.9,51.8,0
26.7,65.3,1
29.7,74.7,0
29.0,42.2,0
28.6,73.0,0
25.0,47.1,0
25.6,55.4,0
25.6,42.6,0
19.1,66.1,0
20.4,66.2,0
20.2,66.9,0
23.4,63.5,0
24.8,58.6,0
22.0,68.4,0
29.3,75.1,1
28.1,57.9,1
29.4,75.8,1
22.5,59.6,0
23.3,59.6,0
22.7,58.5,0
22.1,53.4,0
21.7,51.6,0
22.9,55.6,0
22.2,63.0,0
23.5,58.9,0
22.3,62.8,0
28.9,77.0,1
29.0,76.3,1
29.0,76.7,1
20.2,36.8,0
23.0,38.6,0
19.5,39.1,0
15.1,58.2,0
15.3,57.4,0
18.5,50.4,0
24.0,56.7,0
23.0,58.7,0
22.8,57.5,0
22.8,61.3,0
22.8,55.2,0
30.5,70.8,1
25.3,57.1,0
24.4,56.2,0
24.1,59.6,0
24.5,57.5,0
28.7,52.0,1
28.9,53.8,1
29.3,55.9,1
29.6,59.5,1
33.2,63.6,1
33.1,63.0,1
31.1,69.8,1
32.6,64.8,1
26.3,42.4,0
24.8,44.6,0
25.5,43.6,0
26.3,41.1,0
19.2,49.7,0
19.6,60.5,0
19.2,60.0,0
22.6,61.2,0
22.8,61.0,0
21.8,61.9,0
21.8,63.9,0
28.8,83.3,1
29.7,80.7,0
27.1,66.8,1
24.6,44.7,1
24.7,44.2,1
21.3,66.1,0
21.0,66.2,0
29.3,61.1,1
29.4,61.8,1
18.8,57.3,0
19.0,57.0,0
18.6,58.1,0
19.6,68.5,0
18.9,67.6,0
17.1,75.0,0
31.0,71.0,1
31.4,69.2,1
31.7,64.3,1
19.4,62.1,0
20.1,60.3,0
18.3,66.2,0
33.0,56.3,1
32.9,57.1,1
33.1,56.7,1
33.0,57.1,1
19.5,53.7,0
32.3,62.2,1
32.4,61.6,1
32.1,63.2,1
24.3,59.2,1
26.2,57.1,1
29.9,64.3,1
29.7,63.0,1
28.8,59.6,1
20.8,69.1,0
20.0,73.7,0
20.5,69.4,0
20.6,70.0,0
18.6,71.6,0
30.7,68.1,1
30.5,67.3,1
29.5,70.3,1
30.5,68.3,1
28.6,58.7,1
27.1,52.9,1
29.9,62.8,1
32.4,67.4,1
32.8,66.6,1
32.6,66.0,1
32.1,71.6,1
19.8,50.1,0
20.8,48.8,0
20.8,48.6,0
21.7,47.7,0
15.7,67.9,0
13.7,70.0,0
15.7,67.6,0
14.4,72.1,0
30.0,56.8,1
32.8,53.0,1
32.1,58.0,1
28.5,55.1,1
28.5,57.7,1
29.0,51.1,1
28.8,67.0,0
29.0,67.6,0
24.5,43.9,0
24.6,43.3,0
30.9,44.4,0
31.1,44.3,0
26.8,77.7,1
25.9,81.7,0
26.1,83.6,0
25.6,86.3,0
25.0,45.5,0
25.9,53.8,0
25.6,50.1,0
24.9,46.9,1
24.8,86.4,0
25.0,85.2,0
25.0,85.9,0
28.4,61.3,1
28.9,58.0,1
29.2,58.1,1
24.1,48.8,0
24.1,49.5,0
23.6,50.8,0
25.5,58.6,0
27.4,69.5,0
27.6,68.8,1
28.6,67.6,1
28.8,66.8,1
25.6,62.9,0
25.9,61.3,0
29.0,45.8,1
25.0,56.9,0
29.8,42.6,1
29.9,42.3,1
26.0,51.6,0
25.9,51.8,0
28.2,74.6,0
28.7,73.7,0
27.9,81.5,1
28.0,79.2,1
27.6,44.2,0
25.2,46.7,0
25.6,44.6,0
29.5,44.8,1
30.0,42.9,1
29.5,45.8,1
26.4,77.3,1
25.4,81.2,0
26.9,44.8,0
26.9,45.8,0
26.6,46.3,0
24.9,51.3,0
24.9,51.3,0
26.3,78.8,0
26.5,78.4,0
27.1,46.9,1
26.7,47.6,1
25.2,52.6,1
25.1,53.1,1
29.6,55.1,1
29.6,53.7,1
26.6,75.7,1
26.6,75.9,1
26.6,76.0,1
24.5,76.5,0
23.6,79.8,0
23.2,40.3,0
23.3,40.1,0
28.3,54.2,1
29.5,50.3,1
24.3,74.0,0
25.1,48.8,0
25.1,49.8,0
28.6,52.9,1
28.5,53.3,1
28.3,55.2,1
28.3,55.1,1
24.6,71.1,0
24.3,71.8,0
26.4,44.2,1
26.4,45.0,1
26.0,45.4,1
26.6,63.6,1
26.2,58.5,1
26.8,84.8,1
26.7,86.4,1
25.6,83.9,0
26.0,82.9,0
25.7,42.5,1
24.8,43.4,1
23.6,58.2,0
27.3,57.4,0
26.3,61.7,0
26.8,86.0,0
27.7,81.7,0
27.0,80.9,0
23.9,54.4,0
28.2,59.0,1
28.3,59.3,1
28.2,59.8,1
28.4,59.7,1
27.2,81.3,1
28.5,78.2,1
27.8,81.0,1
27.0,82.4,1
28.4,52.9,1
28.9,50.6,1
25.5,56.5,0
25.7,55.1,0
26.8,52.9,1
25.2,54.5,1
27.6,50.3,1
25.5,53.0,1
25.6,73.6,1
25.4,77.4,1
25.2,78.7,1
24.9,82.0,1
27.3,80.3,1
27.4,79.2,1
27.9,56.0,1
28.0,54.5,1
27.9,55.7,1
25.4,52.7,0
25.9,50.4,0
27.6,58.7,1
27.6,58.7,1
28.5,72.9,1
26.7,81.9,0
27.0,80.0,1
26.2,48.2,1
28.8,83.2,0
28.8,82.0,1
28.7,75.7,1
29.0,75.1,1
28.9,75.4,1
25.6,62.9,0
27.3,56.3,0
27.3,56.4,0
27.8,44.4,0
26.3,48.5,0
28.6,83.6,0
28.4,77.3,1
30.4,68.3,1
29.3,49.7,0
30.8,48.2,0
27.1,48.0,1
28.6,81.7,0
29.0,79.2,1
28.2,73.2,1
29.0,69.0,1
28.6,81.8,1
29.0,80.5,1
28.7,73.4,1
27.8,52.7,0
27.6,42.5,0
27.6,43.2,0
27.2,43.5,0
27.2,81.5,1
27.7,79.4,1
27.1,86.5,1
26.7,87.7,1
26.7,52.8,1
27.7,47.1,1
24.9,58.6,0
25.0,53.3,0
26.0,74.5,0
25.6,74.7,1
26.5,54.4,1
26.5,53.8,1
23.4,55.4,0
23.8,54.3,0
27.4,52.7,1
28.3,48.5,1
28.4,49.6,1
25.1,51.1,0
26.6,58.4,1
24.8,52.5,0
24.3,54.4,0
27.1,56.5,1
26.1,60.6,1
24.5,56.1,1
24.3,57.1,1
27.4,44.2,1
26.8,46.0,1
26.1,51.1,0
25.2,53.4,0
28.0,46.3,1
27.2,44.6,0
26.0,49.2,0
26.0,50.4,0
27.2,59.4,1
27.9,57.1,1
27.0,59.0,0
24.3,55.7,0
23.9,57.0,0
27.6,70.4,0
26.9,71.7,0
27.7,69.4,0
31.6,75.4,1
31.6,75.3,1
27.6,50.3,0
27.7,51.0,0
31.4,76.4,1
31.5,76.0,1
31.5,75.9,1
31.6,76.3,1
27.9,64.7,0
31.4,76.2,1
31.5,76.0,1
23.9,58.8,0
23.8,59.0,0
22.7,57.4,0
31.5,76.1,1
31.5,78.0,1
31.3,77.1,1
31.3,77.1,1
32.7,71.6,1
32.8,71.1,1
32.6,71.3,1
31.5,78.8,1
31.5,78.7,1
32.5,72.7,1
32.6,72.2,1
30.7,74.9,1
30.9,73.9,1
30.7,75.6,1
32.7,69.9,1
32.6,70.0,1
32.5,70.5,1
31.4,77.9,1
29.1,57.7,1
31.2,78.9,1
31.2,78.9,1
31.2,78.9,1
27.2,57.6,1
32.2,77.4,1
32.2,77.9,1
31.3,79.6,1
31.4,79.3,1
28.1,55.6,0
27.9,58.0,0
26.6,67.0,1
26.6,66.8,1
30.7,82.6,1
30.8,81.8,1
30.5,83.5,1
30.5,83.5,1
26.4,53.2,0
27.7,48.3,0
26.8,50.2,0
27.2,50.4,0
30.7,82.0,1
30.7,81.4,1
30.6,82.3,1
30.9,80.1,1
32.8,75.4,1
32.9,75.2,1
32.8,75.3,1
32.4,77.4,1
30.9,75.4,1
30.9,75.1,1
30.9,75.5,1
31.1,82.6,1
32.5,72.4,1
32.4,72.2,1
32.5,73.2,1
30.5,82.4,1
30.7,81.3,1
30.4,83.2,1
30.5,82.9,1
32.3,77.4,1
32.4,76.6,1
32.3,77.6,1
32.1,78.4,1
30.6,82.0,1
30.5,83.0,1
32.3,73.2,1
32.3,73.2,1
30.5,83.1,1
30.3,83.7,1
29.9,85.2,1
33.0,75.9,1
33.0,76.1,1
33.0,76.4,1
30.9,74.8,1
30.9,74.9,1
30.9,74.9,1
30.9,75.0,1
32.4,72.8,1
32.6,71.8,1
32.4,72.8,1
32.4,72.3,1
30.0,85.3,1
30.4,82.9,1
32.5,71.4,1
32.4,71.8,1
29.6,87.2,1
29.7,86.5,1
29.6,87.2,1
31.6,72.9,1
32.2,72.2,1
33.1,68.7,1
32.4,70.9,1
29.9,86.2,1
28.9,85.9,1
32.2,71.4,1
32.2,71.7,1
29.5,87.2,1
29.7,86.5,1
29.5,87.5,1
31.7,72.5,1
31.5,73.4,1
31.6,74.0,1
31.4,74.7,1
31.6,74.0,1
31.3,75.2,1
31.5,73.4,1
31.7,72.4,1
31.6,72.9,1
31.9,71.7,1
31.8,73.9,0
32.2,70.6,0
32.4,77.1,0
32.6,75.9,0
31.9,73.4,1
31.8,73.4,1
31.8,74.2,1
32.9,76.3,1
32.9,76.4,1
32.9,76.6,1
32.4,68.7,0
32.4,68.7,0
32.9,76.8,0
32.9,76.6,0
30.6,75.3,0
30.6,75.2,0
29.5,88.0,1
29.5,86.4,1
29.4,87.5,1
29.6,86.3,1
30.0,74.4,1
31.0,75.6,1
31.2,75.3,1
30.8,76.7,1
31.3,74.7,1
30.9,76.0,1
30.7,53.8,1
29.9,50.4,1
30.7,53.8,1
30.6,54.7,1
29.8,52.8,1
28.8,59.4,1
28.5,55.8,1
27.9,56.0,1
28.0,56.0,1
28.6,60.0,1
29.0,57.0,0
29.1,59.6,1
29.0,58.4,0
28.5,60.4,1
29.0,58.6,0
28.5,60.4,1
28.7,59.7,1
28.7,61.5,0
28.5,62.6,1
28.9,54.8,1
29.0,53.4,1
29.0,53.4,0
27.8,52.4,1
27.9,52.2,1
31.2,40.6,1
30.8,41.4,1
28.6,43.9,1
28.4,44.7,1
28.5,54.5,1
28.4,58.9,1
30.7,43.8,1
30.8,44.9,1
30.7,43.1,1
31.4,54.1,1
30.8,54.4,1
29.5,33.3,1
28.7,53.3,1
28.7,53.8,1
28.6,53.6,1
30.5,23.0,1
30.2,26.8,1
28.8,54.4,1
28.7,55.5,1
28.8,56.8,1
30.1,34.4,1
30.2,37.7,1
30.3,33.8,1
30.8,32.8,1
30.2,35.6,1
29.6,41.3,1
29.6,41.9,1
31.1,43.7,1
18.2,59.4,0
18.2,58.9,0
24.7,80.9,0
23.9,84.2,0
25.0,79.5,0
13.5,57.5,0
12.9,57.6,0
13.9,57.5,0
23.3,83.2,0
24.7,78.6,0
22.3,86.4,0
22.4,86.7,0
19.2,35.4,0
19.2,35.0,0
22.0,88.1,0
21.9,88.4,0
24.9,75.7,0
25.0,76.3,0
11.3,72.2,0
12.5,62.7,0
20.0,53.6,0
19.6,57.5,0
28.6,69.9,0
26.4,77.1,0
22.7,83.2,0
20.1,89.5,0
22.7,79.5,0
21.6,88.4,0
20.4,92.7,0
21.6,65.4,0
22.2,64.0,0
17.1,54.6,0
18.5,50.5,0
11.5,57.6,0
13.3,51.9,0
10.4,50.4,0
20.7,65.0,0
20.0,66.8,0
20.7,65.4,0
25.3,77.2,0
23.6,85.6,0
25.4,77.1,0
21.9,87.3,0
22.5,84.8,0
22.0,87.0,0
21.9,78.4,0
21.5,79.7,0
22.0,77.1,0
19.0,42.6,0
18.4,40.1,0
19.1,41.1,0
13.2,64.9,0
13.4,65.9,0
12.8,65.5,0
12.2,59.1,0
12.3,60.1,0
12.7,58.3,0
12.7,50.0,0
12.1,49.1,0
12.1,50.6,0
14.8,55.8,0
14.3,59.3,0
14.8,56.7,0
25.1,38.1,0
24.5,38.5,0
24.1,79.8,0
24.2,78.1,0
24.2,82.2,0
23.6,85.3,0
22.1,86.7,0
22.2,86.9,0
13.8,65.4,0
13.6,65.0,0
10.6,54.5,0
11.1,50.0,0
11.2,48.3,0
11.5,48.6,0
25.6,32.4,0
25.3,32.8,0
23.9,83.3,0
23.7,84.0,0
23.7,83.5,0
24.3,81.6,0
23.8,87.3,0
22.9,84.1,0
22.5,85.0,0
18.5,39.7,0
18.6,41.9,0
11.8,44.2,0
11.9,43.3,0
13.0,54.5,0
15.3,49.7,0
20.0,51.6,0
19.0,55.4,0
13.6,70.3,0
21.9,68.5,0
21.8,68.7,0
20.9,71.2,0
23.9,80.3,0
23.3,84.3,0
24.1,79.0,0
23.5,79.1,0
24.2,77.3,0
23.6,78.5,0
21.8,88.5,0
21.2,91.8,0
21.6,90.2,0
18.5,43.2,0
18.4,43.1,0
18.5,43.7,0
12.5,54.7,0
11.4,52.1,0
12.2,49.7,0
23.7,81.7,0
23.3,80.01,0
24.1,81.8,0
23.8,81.3,0
24.0,82.0,0
23.5,86.1,0
22.0,87.0,0
22.1,86.8,0
22.1,87.1,0
22.1,87.1,0
23.7,36.0,0
23.7,34.7,0
22.8,87.4,0
23.3,86.3,0
21.1,88.9,0
21.3,88.6,0
22.4,85.0,0
21.1,84.8,0
12.6,42.4,0
22.3,51.9,0
22.3,50.5,0
22.1,86.0,0
24.3,76.2,0
22.5,85.1,0
22.6,84.7,0
20.8,92.1,0
22.7,83.0,0
22.3,85.3,0
22.4,86.8,0
22.8,86.0,0
20.5,91.5,0
23.1,81.9,0
18.0,72.0,0
18.5,71.9,0
17.3,74.3,0
18.0,73.4,0
22.4,46.9,0
21.2,48.4,0
22.1,46.4,0
16.0,46.0,0
16.4,44.9,0
15.5,47.5,0
23.8,81.6,0
22.9,85.9,0
23.8,81.6,0
23.8,81.6,0
20.1,86.9,0
20.1,90.7,0
19.8,90.2,0
19.2,93.3,0
19.6,89.4,0
20.1,88.1,0
19.6,81.8,0
20.9,78.4,0
15.0,53.3,0
14.9,54.6,0
10.9,47.5,0
12.1,78.2,0
11.7,77.3,0
19.6,92.3,0
19.1,93.1,0
19.5,90.7,0
19.4,91.6,0
14.4,55.8,0
13.8,56.5,0
14.8,54.0,0
14.0,55.0,0
13.7,58.2,0
14.2,55.8,0
14.4,55.2,0
21.2,83.2,0
21.6,81.0,0
19.6,89.0,0
22.9,83.2,0
23.7,80.1,0
24.4,84.5,0
24.8,81.7,0
23.9,36.0,0
22.7,38.8,0
14.4,35.3,0
14.6,43.3,0
15.1,43.1,0
23.2,79.9,0
24.1,76.0,0
24.1,76.0,0
23.7,72.7,0
23.6,73.1,0
21.1,43.1,0
21.2,41.1,0
14.3,57.5,0
14.7,59.2,0
14.5,58.1,0
17.5,28.2,0
19.0,34.8,0
17.5,36.9,0
24.7,81.0,0
21.5,43.2,0
22.3,41.8,0
14.1,27.2,0
14.4,29.3,0
20.7,94.1,0
21.8,88.9,0
21.4,85.6,0
21.8,83.8,0
21.7,62.4,0
23.9,34.4,0
23.2,34.8,0
12.3,63.3,0
10.7,63.2,0
13.1,52.2,0
24.3,78.6,0
23.7,81.8,0
23.6,81.4,0
18.8,52.7,0
18.4,50.2,0
19.0,53.2,0
19.2,53.2,0
13.5,74.4,0
11.4,76.6,0
13.1,72.8,0
13.9,70.9,0
11.9,59.4,0
11.5,61.2,0
10.3,56.6,0
13.7,66.1,0
13.8,65.6,0
13.9,65.2,0
14.5,67.9,0
15.1,72.0,0
13.8,66.5,0
12.2,69.7,0
22.4,86.7,0
23.3,83.5,0
23.3,82.9,0
22.4,86.7,0
17.4,48.7,0
17.8,47.8,0
17.4,47.9,0
18.3,45.8,0
10.4,50.4,0
10.6,50.2,0
10.2,51.9,0
10.8,48.5,0
22.7,83.4,0
22.8,82.2,0
22.6,84.2,0
17.5,68.1,0
17.5,66.7,0
17.7,63.0,0
14.2,64.5,0
14.0,63.7,0
20.7,84.6,0
20.3,87.2,0
18.1,64.1,0
18.5,62.0,0
15.5,38.8,0
24.7,80.2,0
24.5,81.5,0
24.7,80.2,0
24.7,80.2,0
23.4,90.5,0
21.5,94.4,0
22.1,91.2,0
23.6,89.5,0
20.1,50.1,0
20.3,47.0,0
19.9,50.6,0
20.0,50.5,0
12.6,63.9,0
12.0,70.3,0
19.2,66.2,0
18.5,68.5,0
21.9,91.0,0
23.4,84.0,0
16.2,55.4,0
17.0,51.5,0
16.0,61.8,0
16.3,60.7,0
12.0,57.3,0
11.6,56.9,0
22.1,33.9,0
21.4,36.1,0
22.2,33.1,0
18.2,62.8,0
17.9,66.9,0
17.9,63.7,0
13.6,46.9,0
13.9,48.5,0
13.8,47.4,0
13.9,50.1,0
13.7,50.4,0
13.9,50.1,0
19.2,62.0,0
19.7,62.7,0
19.0,63.0,0
16.9,74.1,0
17.0,73.8,0
13.3,47.7,0
13.7,50.0,0
15.2,48.9,0
15.3,52.7,0
21.2,36.7,0
20.8,38.2,0
21.3,38.3,0
20.7,37.8,0
21.0,37.2,0
13.6,50.9,0
15.6,47.3,0
15.9,48.3,0
14.8,54.8,0
20.8,59.1,0
18.5,56.1,0
21.3,28.0,0
21.0,31.2,0
17.0,70.4,0
17.1,68.9,0
16.0,54.3,0
16.8,50.2,0
20.1,38.5,0
22.1,26.4,0
17.5,71.0,0
17.7,69.8,0
13.6,49.2,0
13.9,49.1,0
15.2,48.1,0
14.2,49.8,0
21.3,31.0,0
20.6,28.0,0
21.9,27.0,0
17.3,72.5,0
17.2,71.5,0
13.7,49.4,0
13.6,49.2,0
14.0,50.0,0
14.0,50.1,0
21.1,57.2,0
22.5,53.6,0
21.0,27.1,0
21.3,26.1,0
17.5,67.8,0
17.7,68.8,0
19.7,49.9,0
19.1,45.4,0
17.8,69.1,0
18.6,63.7,0
14.6,49.0,0
14.4,49.6,0
19.2,39.4,0
19.2,39.5,0
13.9,48.0,0
14.4,46.5,0
18.8,38.3,0
19.0,39.7,0
19.2,46.8,0
19.3,47.0,0
19.4,45.8,0
13.1,66.1,0
13.1,66.4,0
13.5,68.0,0
13.6,67.2,0
19.3,46.3,0
13.4,73.4,0
13.5,73.6,0
13.4,72.9,0
14.4,64.0,0
16.6,71.8,0
16.8,72.6,0
14.7,68.3,0
15.1,67.8,0
15.8,56.7,0
16.0,55.9,0
14.8,69.3,0
14.3,68.2,0
19.0,37.0,0
14.5,62.2,0
13.8,63.7,0
13.3,68.8,0
13.3,70.5,0
13.0,68.4,0
13.2,72.4,0
16.3,72.5,0
16.3,70.7,0
17.7,71.4,0
18.2,65.4,0
17.5,39.4,0
13.5,66.1,0
13.7,65.3,0
17.0,72.9,0
17.6,84.3,0
17.3,64.8,0
17.8,43.1,0
14.3,49.1,0
14.4,48.2,0
15.9,42.7,0
18.3,47.6,0
18.6,48.6,0
18.4,49.2,0
13.2,63.6,0
13.7,60.4,0
13.6,60.9,0
14.5,56.8,0
14.3,56.0,0
14.7,55.9,0
11.3,40.6,0
10.8,41.7,0
18.2,45.0,0
12.3,67.5,0
14.5,52.7,0
11.8,63.1,0
12.8,59.6,0
17.7,40.8,0
17.6,41.0,0
13.9,66.7,0
14.8,68.8,0
17.8,48.6,0
18.0,47.0,0
14.0,75.1,0
14.0,72.2,0
13.6,65.5,0
13.5,65.8,0
14.4,65.6,0
15.5,63.3,0
21.3,36.4,0
22.4,25.7,0
12.7,43.1,0
13.8,39.7,0
14.5,65.8,0
12.3,57.4,0
11.4,50.2,0
19.6,53.7,0
18.9,54.9,0
13.4,71.7,0
13.9,67.9,0
14.1,67.2,0
14.1,50.6,0
13.8,50.8,0
13.4,38.7,0
13.1,38.8,0
11.3,42.4,0
15.7,55.3,0
14.8,60.9,0
14.0,63.7,0
14.3,67.8,0
15.1,65.1,0
16.5,64.6,0
16.6,56.2,0
16.5,55.2,0
26.8,64.0,0
26.8,64.0,0
26.8,64.0,0
26.8,64.0,0
26.8,64.0,0
26.8,64.0,0
26.8,64.0,0
26.8,64.0,0
26.8,64.0,0
26.8,64.0,0
26.8,64.0,0
26.8,64.0,0
26.8,64.0,0
26.8,64.0,0
26.8,64.0,1
26.8,64.0,0
26.8,64.0,0
26.8,64.0,0
26.8,64.0,0
26.8,64.0,0
26.8,64.0,0
26.8,64.0,0
26.8,64.0,0
26.8,64.0,0
26.8,64.0,0
26.8,64.0,0
26.8,64.0,0
26.8,64.0,0
26.8,64.0,0
26.8,64.0,0
26.8,64.0,0
26.8,64.0,0
26.8,64.0,0
26.8,64.0,0
26.8,64.0,0
26.8,64.0,0
26.8,64.0,0
26.8,64.0,0
26.8,64.0,0
26.8,64.0,0
26.8,64.0,0
26.8,64.0,0
26.8,64.0,0
26.8,64.0,0
26.8,64.0,0
26.8,64.0,0
28.5,72.8,0
28.5,72.8,0
28.5,72.8,0
28.5,72.8,0
28.5,72.8,0
28.5,72.8,0
28.5,72.8,0
28.5,72.8,0
28.5,72.8,0
28.5,72.8,0
28.5,72.8,0
28.5,72.8,0
28.5,72.8,0
28.5,72.8,0
28.5,72.8,0
28.5,72.8,0
28.5,72.8,0
28.5,72.8,0
28.5,72.8,0
28.5,72.8,0
28.5,72.8,0
28.5,72.8,0
28.5,72.8,0
28.5,72.8,0
28.5,72.8,0
28.5,72.8,0
28.5,72.8,0
28.5,72.8,0
28.5,72.8,0
28.5,72.8,0
28.5,72.8,0
28.5,72.8,0
28.5,72.8,0
28.5,72.8,0
28.5,72.8,0
28.5,72.8,0
25.7,68.7,0
25.7,68.7,0
25.7,68.7,0
25.7,68.7,0
25.7,68.7,0
25.7,68.7,0
25.7,68.7,0
25.7,68.7,0
25.7,68.7,0
25.7,68.7,1
25.7,68.7,0
25.7,68.7,0
25.7,68.7,0
25.7,68.7,0
25.7,68.7,0
25.7,68.7,0
25.7,68.7,0
25.7,68.7,0
25.7,68.7,0
25.7,68.7,0
25.7,68.7,0
25.7,68.7,0
25.7,68.7,0
25.7,68.7,0
25.7,68.7,0
25.7,68.7,0
25.7,68.7,0
25.7,68.7,0
25.7,68.7,0
25.7,68.7,0
25.7,68.7,0
25.7,68.7,0
25.7,68.7,0
25.7,68.7,0
25.7,68.7,0
25.7,68.7,0
25.7,68.7,0
34.0,68.0,1
31.0,59.5,1
36.0,51.7,0
34.0,71.0,1
34.0,51.4,0
33.0,75.0,0
30.0,60.0,0
34.0,50.4,1
34.0,66.7,0
32.0,55.0,0
34.0,44.0,1
33.0,49.5,1
34.0,64.9,0
32.0,58.8,0
30.0,64.6,1
32.0,51.7,1
30.0,66.0,1
29.0,71.3,1
34.0,57.8,1
34.0,67.7,0
29.0,31.1,0
31.0,60.4,0
31.0,66.2,0
34.0,46.7,0
35.0,39.2,0
32.0,66.0,1
33.0,51.2,1
33.0,35.3,1
30.0,68.4,1
32.0,61.3,0
29.0,67.6,0
36.0,62.0,0
29.0,59.9,1
31.0,61.3,0
34.0,50.0,0
29.0,65.0,0
33.0,62.5,1
32.0,49.2,1
34.0,56.1,1
31.0,63.3,0
35.0,38.6,1
30.3,57.0,1
30.3,56.8,1
30.3,56.9,1
30.4,56.9,1
30.4,56.9,1
30.3,56.7,1
30.3,57.0,1
30.4,56.3,1
30.4,56.3,1
30.4,56.3,1
30.3,56.7,1
30.5,56.9,1
30.3,56.8,1
30.4,56.8,1
30.4,56.9,1
29.1,61.5,0
29.2,62.7,0
29.6,63.5,0
29.7,63.1,0
29.2,63.5,0
30.4,56.2,1
30.9,56.9,1
30.5,56.7,1
30.6,56.9,1
30.7,57.1,1
30.3,56.8,1
30.4,56.8,1
30.8,56.8,1
30.8,56.8,1
30.8,56.8,1
30.3,56.8,1
30.4,56.8,1
30.5,56.8,1
30.5,56.8,1
30.7,56.8,1
30.3,56.8,1
30.3,56.8,1
30.3,56.8,1
30.3,56.8,1
30.3,56.8,1
30.4,56.8,1
30.6,56.8,1
30.6,56.8,1
30.6,56.8,1
30.6,67.9,1
30.4,56.8,1
30.8,56.8,1
30.8,56.8,1
30.8,56.8,1
30.8,56.8,1
30.4,56.3,1
30.4,56.4,1
30.4,56.8,1
30.4,56.8,1
30.4,56.8,1
30.4,56.7,1
30.4,56.7,1
30.4,56.8,1
30.4,56.8,1
30.4,56.8,1
30.4,56.3,1
30.4,56.3,1
30.4,56.4,1
30.4,56.4,1
30.4,56.5,1
30.4,56.3,1
30.4,56.8,1
30.6,56.8,1
30.6,56.8,1
30.6,56.8,1
30.4,56.8,1
30.6,56.8,1
30.6,56.8,1
30.6,56.8,1
30.6,56.8,1
30.9,60.8,0
30.3,60.8,0
30.5,60.9,0
30.5,61.2,0
30.5,61.8,0
30.1,60.8,0
30.1,62.0,0
30.1,62.4,0
30.5,63.7,0
30.5,63.7,0
30.1,64.2,0
30.2,64.7,0
30.2,64.7,0
30.2,65.3,0
30.2,65.8,0
30.7,58.9,0
30.7,58.9,0
31.1,59.2,0
31.1,59.3,0
31.2,59.6,0
30.0,59.0,0
29.9,60.8,0
31.0,60.3,0
30.0,60.2,0
30.1,60.9,0
29.9,54.0,0
29.9,53.4,0
29.5,52.7,0
29.9,53.4,0
29.9,53.4,0
29.5,54.3,0
29.5,53.1,0
29.7,53.2,0
29.7,52.4,0
29.9,52.9,0
29.5,53.4,0
29.5,54.2,0
29.6,54.0,0
29.8,53.5,0
29.7,53.4,0
29.1,53.4,0
29.1,53.1,0
29.1,52.4,0
29.5,52.6,0
29.5,52.1,0
30.3,54.4,0
30.3,54.6,0
30.3,56.4,0
30.3,56.3,0
30.4,57.1,0
30.7,56.7,0
30.7,59.2,0
30.3,58.1,0
30.7,59.3,0
30.7,59.2,0
30.3,54.6,0
30.7,54.6,0
30.5,54.6,0
30.4,54.3,0
30.3,54.7,0
30.7,54.4,0
30.7,55.2,0
31.1,54.7,0
31.2,55.7,0
31.0,56.2,0
30.7,54.6,0
30.7,57.3,0
31.1,56.3,0
31.1,56.3,0
31.1,54.2,0
31.1,54.6,0
31.5,54.2,0
31.7,56.4,0
31.3,58.3,0
31.3,59.7,0
30.3,56.8,0
30.8,54.3,0
30.3,56.3,0
30.7,57.1,0
30.8,57.8,0
31.1,54.7,0
31.2,54.6,0
31.6,56.7,0
31.1,59.2,0
31.0,56.2,0
31.6,56.3,0
31.5,57.5,0
31.5,58.4,0
31.6,57.6,0
31.5,54.3,0
31.1,56.7,0
31.1,58.2,0
31.2,59.2,0
31.2,58.2,0
31.2,57.9,0
31.1,56.1,0
31.8,57.2,0
31.5,57.2,0
31.3,59.0,0
31.5,58.2,0
31.5,56.7,0
31.6,57.5,0
32.3,56.7,0
32.9,57.0,0
31.7,56.9,0
31.2,57.8,0
31.3,58.7,0
32.4,58.2,0
32.3,58.3,0
32.0,59.1,0
31.3,58.8,0
31.8,58.9,0
31.9,59.2,0
32.4,59.8,0
32.2,58.3,0
32.0,56.3,0
31.7,57.8,0
32.1,56.0,0
30.5,56.9,0
32.4,57.7,0
31.3,57.8,0
31.9,58.7,0
32.1,58.7,0
32.7,59.0,0
32.1,59.9,0
31.3,56.8,0
31.9,56.3,0
31.7,57.0,0
31.3,58.2,0
31.6,58.5,0
31.1,57.9,0
31.3,57.9,0
31.6,57.3,0
31.7,57.6,0
31.7,57.3,0
31.5,57.8,0
31.7,58.0,0
31.7,58.1,0
31.6,58.1,0
31.8,58.2,0
31.2,56.4,0
31.4,57.1,0
31.2,57.0,0
31.3,58.2,0
31.3,58.4,0
31.3,56.1,0
31.6,56.3,0
31.7,56.8,0
31.8,56.8,0
31.8,57.7,0
29.1,60.5,0
29.2,60.5,0
29.3,60.7,0
29.3,60.8,0
29.6,60.8,0
30.0,59.8,0
29.8,59.7,0
29.9,59.9,0
29.9,59.2,0
29.9,59.8,0
30.0,58.1,0
29.9,59.0,0
29.9,59.0,0
29.9,59.7,0
29.9,60.1,0
29.8,60.0,0
29.9,62.0,0
29.3,61.0,0
29.9,60.2,0
29.9,60.8,0
29.9,61.0,0
30.0,61.1,0
29.7,62.1,0
29.8,61.2,0
30.0,61.2,0
29.3,61.1,0
29.8,62.1,0
29.8,62.0,0
29.8,61.7,0
29.9,62.1,0
29.4,60.5,0
29.5,61.1,0
29.9,60.7,0
29.8,60.2,0
29.8,60.8,0
28.7,62.0,0
28.9,62.0,0
28.9,62.3,0
29.0,62.9,0
29.2,62.7,0
29.1,62.3,0
29.3,62.0,0
29.0,61.4,0
28.7,61.4,0
28.9,61.9,0
29.1,62.0,0
29.5,62.3,0
29.9,62.4,0
29.9,61.3,0
29.0,62.4,0
29.8,62.8,0
29.5,62.8,0
29.8,63.4,0
29.9,63.3,0
29.7,60.1,0
29.2,61.0,0
29.9,60.6,0
30.1,60.5,0
30.3,60.9,0
29.2,60.4,0
29.6,61.3,0
29.9,62.4,0
29.2,61.2,0
29.2,62.3,0
27.9,62.0,0
28.0,62.8,0
27.8,62.3,0
27.7,62.2,0
27.8,62.7,0
29.7,67.3,0
29.7,67.8,0
29.7,67.9,0
29.8,67.9,0
29.6,67.9,0
28.3,63.2,0
28.7,63.9,0
28.7,63.7,0
28.5,63.6,0
28.7,64.0,0
28.8,60.6,0
28.2,60.9,0
28.4,60.8,0
28.5,61.0,0
28.5,61.1,0
28.8,58.1,0
28.9,58.8,0
28.8,58.8,0
28.9,58.9,0
28.9,59.0,0
29.2,62.1,0
29.3,62.1,0
29.4,62.8,0
29.5,62.7,0
29.4,62.3,0
28.3,60.5,0
28.7,60.6,0
28.9,60.7,0
28.8,60.7,0
28.9,60.8,0
29.5,61.0,0
29.7,62.3,0
29.8,62.4,0
29.8,62.4,0
29.9,62.8,0
29.4,61.0,0
29.6,61.1,0
29.8,60.9,0
29.9,61.0,0
29.9,61.1,0
29.5,60.0,0
29.6,60.1,0
29.6,60.2,0
29.7,60.2,0
29.8,60.3,0
29.5,60.5,0
29.7,60.8,0
29.7,60.8,0
29.8,61.0,0
29.9,61.3,0
29.9,60.2,0
29.9,60.7,0
29.5,60.8,0
29.6,60.4,0
29.6,60.5,0
29.6,61.2,0
29.7,61.5,0
29.8,61.4,0
29.9,61.6,0
30.0,61.7,0
29.5,61.1,0
29.6,61.1,0
29.8,61.2,0
29.8,61.3,0
29.8,61.3,0
29.4,61.3,0
29.6,61.5,0
29.8,61.8,0
29.9,61.9,0
29.9,61.9,0
29.4,60.2,0
29.6,60.4,0
29.7,60.7,0
29.8,60.9,0
29.9,60.9,0
27.5,60.5,0
27.6,63.4,0
27.8,62.8,0
27.8,62.9,0
27.8,63.7,0
27.5,63.3,0
27.5,63.5,0
27.7,63.7,0
27.9,63.8,0
27.9,64.0,0
27.7,61.1,0
27.8,61.6,0
27.8,62.1,0
27.9,62.1,0
28.0,62.2,0
27.5,63.5,0
27.6,65.8,0
27.9,67.2,0
27.7,67.6,0
28.0,67.9,0
27.5,63.0,0
27.7,63.1,0
27.7,63.3,0
27.8,63.4,0
27.9,63.6,0
27.7,63.5,0
27.8,63.3,0
27.8,63.4,0
27.9,63.5,0
28.0,63.6,0
27.6,63.6,0
27.7,63.4,0
27.7,63.4,0
27.7,63.6,0
27.9,63.9,0
27.8,63.0,0
27.9,63.4,0
27.9,63.6,0
27.9,63.6,0
28.0,63.7,0
27.8,63.4,0
27.8,63.4,0
27.8,63.5,0
27.9,63.6,0
27.9,63.8,0
27.5,63.4,0
27.6,63.2,0
27.7,63.4,0
27.9,63.7,0
27.9,63.3,0
27.6,64.3,0
27.7,64.5,0
27.9,64.6,0
28.0,64.6,0
28.0,64.8,0
27.9,63.0,0
28.0,63.3,0
29.1,63.2,0
29.1,63.5,0
29.2,63.7,0
28.0,61.0,0
28.2,61.3,0
28.2,61.3,0
28.8,61.4,0
28.8,61.4,0
28.2,61.2,0
28.7,61.4,0
28.7,62.3,0
28.9,62.3,0
28.9,62.6,0
28.8,62.3,0
28.7,62.6,0
28.9,62.8,0
28.7,62.8,0
28.9,63.0,0
28.3,63.4,0
28.4,63.5,0
28.5,63.6,0
28.6,63.8,0
28.7,77.0,0
28.8,63.5,0
28.9,63.5,0
28.9,63.8,0
29.1,63.8,0
29.2,63.9,0
28.3,63.6,0
28.5,65.6,0
28.8,65.7,0
28.8,65.9,0
29.0,65.8,0
28.4,63.4,0
28.5,63.4,0
28.7,63.7,0
28.7,63.6,0
28.8,63.8,0
27.9,63.4,0
28.0,63.4,0
28.1,63.7,0
28.1,63.8,0
28.2,63.9,0
27.9,62.3,0
27.9,63.4,0
27.6,63.5,0
27.7,64.5,0
27.9,64.2,0
27.9,63.2,0
27.9,62.1,0
28.0,62.3,0
28.1,62.2,0
28.1,62.3,0
27.9,63.4,0
28.0,63.5,0
28.1,63.8,0
28.1,63.8,0
28.3,63.9,0
27.9,63.4,0
27.9,63.4,0
28.1,63.5,0
28.3,63.5,0
28.3,63.7,0
27.9,65.0,0
27.9,65.2,0
28.0,65.1,0
28.2,65.3,0
28.2,65.5,0
27.1,61.1,0
27.2,61.2,0
27.5,61.4,0
27.6,61.7,0
27.8,61.9,0
27.2,61.3,0
27.6,61.6,0
27.6,61.8,0
27.8,61.8,0
28.0,62.0,0
27.2,61.4,0
27.2,61.6,0
27.6,61.8,0
27.6,61.9,0
27.8,61.9,0
27.1,62.3,0
27.3,62.3,0
27.4,62.4,0
27.8,62.6,0
27.9,63.5,0
27.2,61.8,0
27.2,61.8,0
27.3,62.0,0
27.6,62.1,0
27.8,62.2,0
29.2,64.8,1
29.2,64.9,1
29.1,62.9,1
29.2,64.6,1
29.4,64.7,1
29.2,64.6,1
29.2,64.8,1
29.2,64.8,1
29.3,64.6,1
29.3,64.9,1
29.1,63.8,1
29.2,63.9,1
29.3,63.7,1
29.6,63.9,1
29.6,63.9,1
29.1,63.9,1
29.2,63.6,1
29.2,63.7,1
29.4,63.6,1
29.5,63.6,1
29.2,63.9,1
29.2,63.9,1
29.5,64.0,1
29.4,64.1,1
29.7,64.2,1
29.2,63.3,1
29.5,63.5,1
29.4,63.5,1
29.6,63.5,1
29.7,63.9,1
29.2,63.5,1
29.3,63.4,1
29.4,63.5,1
29.5,63.6,1
29.8,63.6,1
29.2,63.5,1
29.2,63.5,1
29.7,63.8,1
29.9,63.8,1
30.0,63.9,1
29.2,63.4,1
29.2,63.5,1
29.2,63.8,1
29.2,63.5,1
29.3,63.9,1
30.3,62.6,0
30.4,62.4,0
30.4,62.4,0
30.5,62.5,0
30.6,62.6,0
30.3,65.6,0
30.4,65.7,0
30.5,65.7,0
30.7,65.4,0
30.8,65.4,0
30.3,63.6,0
30.4,63.5,0
30.6,63.4,0
30.7,63.6,0
30.7,63.7,0
30.3,63.4,0
30.3,63.5,0
30.6,63.5,0
30.6,63.7,0
30.9,63.7,0
30.4,63.6,0
30.5,64.4,0
30.6,64.4,0
30.7,64.6,0
30.7,64.7,0
30.4,63.6,0
30.6,64.6,0
30.7,64.7,0
30.7,64.8,0
30.9,64.8,0
30.3,65.4,0
30.4,65.5,0
30.5,65.7,0
30.6,65.2,0
30.8,65.6,0
30.2,65.3,0
30.4,65.0,0
30.5,65.7,0
30.6,65.8,0
30.3,65.9,0
30.3,66.0,0
30.3,65.7,0
30.6,67.6,0
30.7,65.4,0
30.8,67.5,0
30.5,63.4,0
30.8,63.5,0
30.8,63.5,0
30.9,63.4,0
30.9,63.6,0
30.4,63.6,0
30.8,63.8,0
30.8,63.8,0
30.9,63.9,0
31.0,64.0,0
30.3,63.6,0
30.5,63.6,0
30.7,63.6,0
30.8,64.1,0
30.8,64.2,0
30.4,63.4,0
30.7,63.5,0
30.7,63.8,0
30.8,63.9,0
30.9,63.8,0
30.3,63.5,0
30.4,63.5,0
30.6,63.6,0
30.6,63.9,0
30.8,63.8,0
30.7,63.4,0
30.9,63.5,0
30.9,63.6,0
30.8,63.8,0
30.9,63.8,0
30.3,65.4,0
30.6,65.7,0
30.6,65.7,0
30.7,65.7,0
30.7,65.8,0
30.3,63.6,0
30.5,63.8,0
30.7,63.8,0
30.7,64.0,0
30.7,63.9,0
30.3,63.6,0
30.5,63.7,0
30.8,63.9,0
30.8,63.8,0
30.8,64.0,0
30.3,63.6,0
30.6,63.6,0
30.7,63.9,0
30.7,63.8,0
30.9,63.9,0
30.4,63.6,0
30.4,64.5,0
30.7,64.7,0
30.7,64.8,0
30.7,64.9,0
29.6,63.4,1
29.6,63.6,1
29.7,63.7,1
29.8,63.8,1
29.8,63.8,1
29.7,63.4,1
29.7,63.6,1
29.9,63.8,1
29.9,63.8,1
29.9,63.8,1
29.6,63.6,1
29.7,63.5,1
29.8,63.8,1
29.8,63.8,1
29.9,63.9,1
29.6,63.6,1
29.6,63.6,1
29.8,63.6,1
29.8,63.8,1
29.9,63.8,1
29.6,63.4,1
29.6,63.7,1
29.7,63.7,1
29.8,63.8,1
29.8,63.8,1
29.5,63.5,1
29.8,63.6,1
29.9,63.5,1
29.9,63.9,1
29.9,63.8,1
29.5,63.5,1
29.8,63.6,1
29.8,63.8,1
29.8,63.8,1
29.8,63.8,1
29.6,63.6,1
29.5,63.7,1
29.6,63.9,1
29.7,64.0,1
29.8,63.7,1
29.8,63.4,1
29.9,63.5,1
29.9,63.6,1
30.0,63.6,1
30.0,63.6,1
29.1,63.6,1
29.2,63.6,1
29.2,63.6,1
29.2,63.8,1
29.2,63.8,1
29.6,63.4,1
29.6,63.5,1
29.7,63.5,1
29.8,63.7,1
29.8,63.8,1
29.6,63.6,1
29.7,63.6,1
29.8,63.8,1
29.8,63.8,1
29.9,63.8,1
29.6,63.6,1
29.6,63.6,1
29.6,63.7,1
29.8,63.7,1
29.8,63.6,1
29.6,63.5,1
29.6,63.6,1
29.7,63.8,1
29.8,63.8,1
29.8,63.8,1
29.5,63.6,1
29.6,63.6,1
29.6,63.5,1
29.7,63.6,1
29.8,63.6,1
29.6,63.8,1
29.6,64.1,1
29.7,64.4,1
29.8,64.4,1
29.8,64.5,1
29.5,63.5,1
29.6,64.0,1
29.7,64.6,1
29.7,64.6,1
29.8,64.8,1
29.6,64.6,1
29.6,64.6,1
29.7,64.7,1
29.8,64.6,1
29.8,66.0,1
29.6,64.6,1
29.6,64.6,1
29.7,64.8,1
29.8,64.7,1
29.8,63.8,1
30.7,62.4,0
30.8,62.3,0
30.8,62.4,0
30.9,62.5,0
30.9,62.5,0
30.7,61.2,0
30.8,62.5,0
30.8,62.6,0
30.8,62.5,0
30.8,62.4,0
30.7,65.7,0
30.8,65.7,0
30.8,65.7,0
30.8,65.7,0
30.8,65.7,0
30.8,65.7,0
30.8,65.7,0
30.8,65.7,0
30.9,65.7,0
30.9,65.8,0
30.7,65.8,0
30.8,65.8,0
30.8,65.8,0
30.8,65.8,0
30.9,66.7,0
30.7,65.8,0
30.8,65.8,0
30.7,65.8,0
30.8,65.9,0
30.8,65.9,0
30.8,65.4,0
30.8,65.5,0
30.8,65.8,0
30.8,65.7,0
30.8,65.7,0
30.7,65.4,0
30.7,65.7,0
30.8,65.7,0
30.9,65.8,0
30.9,65.7,0
30.7,65.8,0
30.8,67.6,0
30.8,67.6,0
30.8,68.0,0
30.8,68.2,0
30.7,65.8,0
30.8,65.7,0
30.8,65.7,0
30.8,65.7,0
30.8,65.7,0
30.8,65.8,0
30.8,65.8,0
30.8,65.7,0
30.8,65.7,0
30.8,65.7,0
30.8,65.9,0
30.8,65.9,0
30.8,65.0,0
30.9,65.9,0
30.9,65.9,0
28.3,67.9,1
28.4,67.8,1
28.4,67.9,1
28.5,67.8,1
28.5,67.8,1
28.7,65.6,1
28.8,65.7,1
28.8,65.7,1
28.9,65.7,1
28.8,65.7,1
28.3,65.0,1
28.4,65.1,1
28.8,65.1,1
28.8,65.1,1
28.8,65.1,1
28.3,67.9,1
28.5,67.8,1
28.6,67.9,1
28.5,67.8,1
29.6,67.9,1
28.4,68.8,1
28.5,68.7,1
28.8,68.7,1
28.8,68.8,1
28.9,68.7,1
28.7,65.8,1
28.7,67.2,1
29.9,67.0,1
28.8,65.6,1
28.8,67.8,1
28.7,65.8,1
28.8,65.8,1
28.8,65.8,1
28.8,65.8,1
28.8,65.8,1
28.8,65.8,1
28.8,65.8,1
28.8,67.7,1
28.8,67.8,1
28.9,67.9,1
28.3,66.7,1
28.6,67.3,1
28.7,68.0,1
28.8,68.8,1
28.9,68.8,1
27.6,65.8,1
28.7,67.9,1
28.8,67.6,1
28.8,67.6,1
28.8,67.9,1
27.3,67.6,1
27.6,66.8,1
27.6,67.8,1
27.6,67.9,1
27.7,67.9,1
27.5,68.8,0
27.6,68.9,0
27.7,68.9,0
27.8,68.9,0
27.8,68.9,0
27.7,68.8,0
27.8,68.9,0
27.7,68.9,0
27.8,69.0,0
27.8,68.7,0
27.6,68.8,0
27.6,67.8,0
27.7,67.8,0
27.8,67.9,0
27.8,67.9,0
27.6,68.9,0
27.6,68.9,0
27.6,68.8,0
27.7,68.8,0
27.7,68.8,0
27.6,68.9,0
27.8,68.8,0
27.8,68.7,0
27.9,68.7,0
27.8,68.9,0
27.7,68.8,0
27.7,68.7,0
27.7,68.8,0
27.8,69.0,0
27.8,69.0,0
27.8,67.8,0
27.8,67.8,0
27.8,67.8,0
27.8,67.8,0
27.8,67.8,0
27.8,68.8,0
27.8,68.8,0
27.8,68.8,0
27.8,68.9,0
27.8,68.8,0
24.1,69.7,0
24.1,69.7,0
24.1,69.7,0
24.1,69.7,0
24.1,69.7,0
24.1,69.7,0
24.1,69.7,0
24.1,69.7,0
24.1,69.7,0
24.1,69.7,0
24.1,69.7,0
24.1,69.7,0
24.1,69.7,0
24.1,69.7,0
24.1,69.7,0
24.1,69.7,0
24.1,69.7,0
24.1,69.7,0
24.1,69.7,0
24.1,69.7,0
24.1,69.7,0
24.1,69.7,0
24.1,69.7,0
24.1,69.7,0
24.1,69.7,0
24.1,69.7,0
24.1,69.7,0
24.1,69.7,0
24.1,69.7,0
24.1,69.7,0
24.1,69.7,0
24.1,69.7,0
24.1,69.7,0
24.1,69.7,0
24.1,69.7,0
24.1,69.7,0
24.1,69.7,0
24.1,69.7,0
24.1,69.7,0
24.1,69.7,0
24.1,69.7,0
24.1,69.7,0
24.1,69.7,0
24.1,69.7,0
24.1,69.7,0
24.1,69.7,0
24.1,69.7,0
24.1,69.7,0
24.1,69.7,0
24.1,69.7,0
24.1,69.7,0
24.1,69.7,0
24.1,69.7,0
24.1,69.7,0
24.1,69.7,0
24.1,69.7,0
24.1,69.7,0
24.1,69.7,0
24.1,69.7,0
24.1,69.7,0
24.1,69.7,0
24.1,69.7,0
24.1,69.7,0
24.1,69.7,0
24.1,69.7,0
24.1,69.7,0
24.1,69.7,0
24.1,69.7,0
24.1,69.7,0
24.1,69.7,0
24.8,73.2,0
24.8,73.2,0
24.8,73.2,0
24.8,73.2,0
24.8,73.2,0
24.8,73.2,0
24.8,73.2,0
24.8,73.2,0
24.8,73.2,0
24.8,73.2,0
24.8,73.2,0
24.8,73.2,0
24.8,73.2,0
24.8,73.2,0
24.8,73.2,0
24.8,73.2,0
24.8,73.2,0
24.8,73.2,0
24.8,73.2,0
24.8,73.2,0
25.9,66.7,0
25.9,66.7,0
25.9,66.7,0
25.9,66.7,0
25.9,66.7,0
25.9,66.7,0
25.9,66.7,0
25.9,66.7,0
25.9,66.7,0
25.9,66.7,0
25.9,66.7,0
25.9,66.7,0
25.9,66.7,0
25.9,66.7,0
25.9,66.7,0
25.9,66.7,0
25.9,66.7,0
25.9,66.7,0
25.9,66.7,0
25.9,66.7,0
25.9,66.7,0
25.9,66.7,0
25.9,66.7,0
25.9,66.7,0
25.9,66.7,0
25.9,66.7,0
25.9,66.7,0
25.9,66.7,0
25.9,66.7,0
25.9,66.7,0
25.9,66.7,0
25.9,66.7,0
25.9,66.7,0
25.9,66.7,0
25.9,66.7,0
25.9,66.7,0
25.9,66.7,0
25.9,66.7,0
25.9,66.7,0
25.9,66.7,0
25.9,66.7,0
25.9,66.7,0
25.9,66.7,0
25.9,66.7,0
25.9,66.7,0
27.5,67.6,1
27.5,67.6,1
27.5,67.6,1
27.5,67.6,1
27.5,67.6,1
27.5,67.6,1
27.5,67.6,1
27.5,67.6,1
27.5,67.6,1
27.5,67.6,1
27.5,67.6,1
27.5,67.6,1
27.5,67.6,1
27.5,67.6,1
27.5,67.6,1
27.5,67.6,1
27.5,67.6,1
27.5,67.6,1
27.5,67.6,1
27.5,67.6,1
27.5,67.6,1
27.5,67.6,1
27.5,67.6,1
27.5,67.6,1
27.5,67.6,1
27.5,67.6,1
27.5,67.6,1
27.5,67.6,1
27.5,67.6,1
27.5,67.6,1
27.5,67.6,1
27.5,67.6,1
27.5,67.6,1
27.5,67.6,1
27.5,67.6,1
27.5,67.6,1
27.5,67.6,1
27.5,67.6,1
27.5,67.6,1
27.5,67.6,1
27.5,67.6,1
27.5,67.6,1
27.5,67.6,1
27.5,67.6,1
27.5,67.6,1
27.5,67.6,1
27.5,67.6,1
27.5,67.6,1
27.5,67.6,1
27.5,67.6,1
27.5,67.6,1
27.5,67.6,1
27.5,67.6,1
27.5,67.6,1
27.5,67.6,1
27.5,67.6,1
27.5,67.6,1
27.5,67.6,1
27.5,67.6,1
27.5,67.6,1
27.5,67.6,1
27.5,67.6,1
27.5,67.6,1
27.5,67.6,1
27.5,67.6,1
27.5,67.6,1
27.5,67.6,1
27.5,67.6,1
27.5,67.6,1
27.5,67.6,1
27.5,67.6,1
27.5,67.6,1
27.5,67.6,1
27.5,67.6,1
27.5,67.6,1
27.5,67.6,1
27.5,67.6,1
27.5,67.6,1
27.5,67.6,1
27.5,67.6,1
27.5,67.6,1
27.5,67.6,1
27.5,67.6,1
27.5,67.6,1
27.5,67.6,1
27.5,67.6,1
27.5,67.6,1
27.5,67.6,1
27.5,67.6,1
27.5,67.6,1
27.5,67.6,1
27.5,67.6,1
27.5,67.6,1
27.5,67.6,1
27.5,67.6,1
27.5,67.6,1
27.5,67.6,1
27.5,67.6,1
27.5,67.6,1
27.5,67.6,1
27.5,67.6,1
27.5,67.6,1
27.5,67.6,1
27.5,67.6,1
27.5,67.6,1
27.5,67.6,1
27.5,67.6,1
27.5,67.6,1
27.5,67.6,1
27.5,67.6,1
27.5,67.6,0
27.5,67.6,0
27.5,67.6,0
27.5,67.6,0
27.5,67.6,0
25.8,66.2,0
25.8,66.2,0
25.8,66.2,0
25.8,66.2,0
25.8,66.2,0
25.8,66.2,0
25.8,66.2,0
25.8,66.2,0
25.8,66.2,0
25.8,66.2,0
25.8,66.2,0
25.8,66.2,0
25.8,66.2,0
25.8,66.2,0
25.8,66.2,0
25.8,66.2,0
25.8,66.2,0
25.8,66.2,0
25.8,66.2,0
25.8,66.2,0
25.8,66.2,0
25.8,66.2,0
25.8,66.2,0
25.8,66.2,0
25.8,66.2,0
25.8,66.2,0
25.8,66.2,0
25.8,66.2,0
25.8,66.2,0
25.8,66.2,0
25.8,66.2,0
25.8,66.2,0
25.8,66.2,0
25.8,66.2,0
25.8,66.2,0
25.8,66.2,0
25.8,66.2,0
25.8,66.2,0
25.8,66.2,0
25.8,66.2,0
25.8,66.2,0
25.8,66.2,0
25.8,66.2,0
25.8,66.2,0
25.8,66.2,0
25.8,66.2,0
25.8,66.2,0
25.8,66.2,0
25.8,66.2,0
25.8,66.2,0
25.8,66.2,0
25.8,66.2,0
25.8,66.2,0
25.8,66.2,0
25.8,66.2,0
25.8,66.2,0
25.8,66.2,0
25.8,66.2,0
25.8,66.2,0
25.8,66.2,0
25.8,66.2,0
25.8,66.2,0
25.8,66.2,0
25.8,66.2,0
25.8,66.2,0
25.8,66.2,0
25.8,66.2,0
25.8,66.2,0
25.8,66.2,0
25.8,66.2,0
25.8,66.2,0
25.8,66.2,0
25.8,66.2,0
25.8,66.2,0
25.8,66.2,0
25.8,66.2,0
25.8,66.2,0
25.8,66.2,0
25.8,66.2,0
25.8,66.2,0
25.8,66.2,0
25.8,66.2,0
25.8,66.2,0
25.8,66.2,0
25.8,66.2,0
25.8,66.2,0
25.8,66.2,0
25.8,66.2,0
25.8,66.2,0
25.8,66.2,0
24.7,70.8,0
24.7,70.8,0
24.7,70.8,0
24.7,70.8,0
24.7,70.8,0
24.7,70.8,0
24.7,70.8,0
24.7,70.8,0
24.7,70.8,0
24.7,70.8,0
24.7,70.8,0
24.7,70.8,0
24.7,70.8,0
24.7,70.8,0
24.7,70.8,0
24.7,70.8,0
24.7,70.8,0
24.7,70.8,0
24.7,70.8,0
24.7,70.8,0
24.7,70.8,0
24.7,70.8,0
24.7,70.8,0
24.7,70.8,0
24.7,70.8,0
26.4,66.4,0
26.4,66.4,0
26.4,66.4,0
26.4,66.4,0
26.4,66.4,0
26.4,66.4,0
26.4,66.4,0
26.4,66.4,0
26.4,66.4,0
26.4,66.4,0
26.4,66.4,0
26.4,66.4,0
26.4,66.4,0
26.4,66.4,0
26.4,66.4,0
26.4,66.4,0
26.4,66.4,0
26.4,66.4,0
26.4,66.4,0
26.4,66.4,0
26.4,66.4,0
26.4,66.4,0
26.4,66.4,0
26.4,66.4,0
26.4,66.4,0
26.4,66.4,0
26.4,66.4,0
26.4,66.4,0
26.4,66.4,0
26.4,66.4,0
26.4,66.4,0
26.4,66.4,0
26.4,66.4,0
26.4,66.4,0
26.4,66.4,0
26.4,66.4,0
26.4,66.4,0
26.4,66.4,0
26.4,66.4,0
26.4,66.4,0
26.4,66.4,0
26.4,66.4,0
26.4,66.4,0
26.4,66.4,0
26.4,66.4,0
26.4,66.4,0
26.4,66.4,0
26.4,66.4,0
26.4,66.4,0
26.4,66.4,0
26.4,66.4,0
26.4,66.4,0
26.4,66.4,0
26.4,66.4,0
26.4,66.4,0
26.4,66.4,0
26.4,66.4,0
26.4,66.4,0
26.4,66.4,0
26.4,66.4,0
26.4,66.4,0
26.4,66.4,0
26.4,66.4,0
26.4,66.4,0
26.4,66.4,0
26.4,66.4,0
26.4,66.4,0
26.4,66.4,0
26.4,66.4,0
26.4,66.4,0
26.4,66.4,0
26.4,66.4,0
26.4,66.4,0
26.4,66.4,0
26.4,66.4,0
26.4,66.4,0
26.4,66.4,0
26.4,66.4,0
26.4,66.4,0
26.4,66.4,0
26.4,66.4,0
26.4,66.4,0
26.4,66.4,0
26.4,66.4,0
26.4,66.4,0
25.7,59.5,0
25.7,59.5,0
25.7,59.5,0
25.7,59.5,0
25.7,59.5,0
25.7,59.5,0
25.7,59.5,0
25.7,59.5,0
25.7,59.5,0
25.7,59.5,0
25.7,59.5,0
25.7,59.5,0
25.7,59.5,0
25.7,59.5,0
25.7,59.5,0
25.7,59.5,0
25.7,59.5,0
25.7,59.5,0
25.7,59.5,0
25.7,59.5,0
25.7,59.5,0
25.7,59.5,0
25.7,59.5,0
25.7,59.5,0
25.7,59.5,0
25.7,59.5,0
25.7,59.5,0
25.7,59.5,0
25.7,59.5,0
25.7,59.5,0
25.7,59.5,0
25.7,59.5,0
25.7,59.5,0
25.7,59.5,0
25.7,59.5,0
25.7,59.5,0
25.7,59.5,0
25.7,59.5,0
25.7,59.5,0
25.7,59.5,0
25.7,59.5,0
25.7,59.5,0
25.7,59.5,0
25.7,59.5,0
25.7,59.5,0
25.7,59.5,0
25.7,59.5,0
25.7,59.5,0
25.7,59.5,0
25.7,59.5,0
25.7,59.5,0
25.7,59.5,0
25.7,59.5,0
25.7,59.5,0
25.7,59.5,0
25.7,59.5,0
25.7,59.5,0
25.7,59.5,0
25.7,59.5,0
25.7,59.5,0
25.7,59.5,0
25.7,59.5,0
25.7,59.5,0
25.7,59.5,0
25.7,59.5,0
25.7,59.5,0
25.7,59.5,0
25.7,59.5,0
25.7,59.5,0
25.7,59.5,0
25.7,59.5,0
25.7,59.5,0
25.7,59.5,0
25.7,59.5,0
25.7,59.5,0
25.7,59.5,0
25.7,59.5,0
25.7,59.5,0
25.7,59.5,0
25.7,59.5,0
25.7,59.5,0
25.7,59.5,0
25.7,59.5,0
25.7,59.5,0
25.7,59.5,0
25.7,59.5,0
25.7,59.5,0
25.7,59.5,0
25.7,59.5,0
25.7,59.5,0
25.7,57.2,0
25.7,57.2,0
25.7,57.2,0
25.7,57.2,0
25.7,57.2,0
25.7,57.2,0
25.7,57.2,0
25.7,57.2,0
25.7,57.2,0
25.7,57.2,0
25.7,57.2,0
25.7,57.2,0
25.7,57.2,0
25.7,57.2,0
25.7,57.2,0
25.7,57.2,0
25.7,57.2,0
25.7,57.2,0
25.7,57.2,0
25.7,57.2,0
25.7,57.2,0
25.7,57.2,0
25.7,57.2,0
25.7,57.2,0
25.7,57.2,0
25.7,57.2,0
25.7,57.2,0
25.7,57.2,0
25.7,57.2,0
25.7,57.2,0
25.7,57.2,0
25.7,57.2,0
25.7,57.2,0
25.7,57.2,0
25.7,57.2,0
25.7,57.2,0
25.7,57.2,0
25.7,57.2,0
25.7,57.2,0
25.7,57.2,0
25.7,57.2,0
25.7,57.2,0
25.7,57.2,0
25.7,57.2,0
25.7,57.2,0
25.7,57.2,0
25.7,57.2,0
25.7,57.2,0
25.7,57.2,0
25.7,57.2,0
25.7,57.2,0
25.7,57.2,0
25.7,57.2,0
25.7,57.2,0
25.7,57.2,0
25.7,57.2,0
25.7,57.2,0
25.7,57.2,0
25.7,57.2,0
25.7,57.2,0
25.7,57.2,0
25.7,57.2,0
25.7,57.2,0
25.7,57.2,0
25.7,57.2,0
25.7,57.2,0
25.7,57.2,0
25.7,57.2,0
25.7,57.2,0
25.7,57.2,0
25.7,57.2,0
25.7,57.2,0
25.7,57.2,0
25.7,57.2,0
25.7,57.2,0
25.7,57.2,0
25.7,57.2,0
25.7,57.2,0
25.7,57.2,0
25.7,57.2,0
25.7,57.2,0
25.7,57.2,0
25.7,57.2,0
25.7,57.2,0
25.7,57.2,0
25.7,57.2,0
25.7,57.2,0
25.7,57.2,0
25.7,57.2,0
25.7,57.2,0
25.7,57.2,0
25.7,57.2,0
25.7,57.2,0
25.7,57.2,0
25.7,57.2,0
25.7,57.2,0
25.7,57.2,0
25.7,57.2,0
25.7,57.2,0
25.7,57.2,0
25.7,57.2,0
25.7,57.2,0
25.7,57.2,0
25.7,57.2,0
25.7,57.2,0
25.7,57.2,0
25.7,57.2,0
25.7,57.2,0
25.7,57.2,0
25.7,57.2,0
25.7,57.2,0
25.7,57.2,0
25.7,57.2,0
25.7,57.2,0
25.7,57.2,0
25.7,57.2,0
25.7,57.2,0
25.7,57.2,0
25.7,57.2,0
25.7,57.2,0
25.7,57.2,0
25.7,57.2,0
25.7,57.2,0
25.7,57.2,0
25.7,57.2,0
25.7,57.2,0
25.7,57.2,0
25.7,57.2,0
25.7,57.2,0
25.7,57.2,0
25.7,57.2,0
25.7,57.2,0
25.7,57.2,0
25.7,57.2,0
25.7,57.2,0
24.1,62.7,0
24.1,62.7,0
24.1,62.7,0
24.1,62.7,0
24.1,62.7,0
24.1,62.7,0
24.1,62.7,0
24.1,62.7,0
24.1,62.7,0
24.1,62.7,0
24.1,62.7,0
24.1,62.7,0
24.1,62.7,0
24.1,62.7,0
24.1,62.7,0
24.1,62.7,0
24.1,62.7,0
24.1,62.7,0
24.1,62.7,0
24.1,62.7,0
24.1,62.7,0
24.1,62.7,0
24.1,62.7,0
24.1,62.7,0
24.1,62.7,0
24.1,62.7,0
24.1,62.7,0
24.1,62.7,0
24.1,62.7,0
24.1,62.7,0
24.1,62.7,0
24.1,62.7,0
24.1,62.7,0
24.1,62.7,0
24.1,62.7,0
24.1,62.7,0
24.1,62.7,0
24.1,62.7,0
24.1,62.7,0
24.1,62.7,0
24.1,62.7,0
24.1,62.7,0
24.1,62.7,0
24.1,62.7,0
24.1,62.7,0
24.1,62.7,0
24.1,62.7,0
24.1,62.7,0
24.1,62.7,0
24.1,62.7,0
24.1,62.7,0
24.1,62.7,0
24.1,62.7,0
24.1,62.7,0
24.1,62.7,0
24.7,56.2,0
24.7,56.2,0
24.7,56.2,0
24.7,56.2,0
24.7,56.2,0
24.7,56.2,0
24.7,56.2,0
24.7,56.2,0
24.7,56.2,0
24.7,56.2,0
24.7,56.2,0
24.7,56.2,0
24.7,56.2,0
24.7,56.2,0
24.7,56.2,0
24.7,56.2,0
24.7,56.2,0
24.7,56.2,0
24.7,56.2,0
24.7,56.2,0
24.7,56.2,0
24.7,56.2,0
24.7,56.2,0
24.7,56.2,0
24.7,56.2,0
24.7,56.2,0
24.7,56.2,0
24.7,56.2,0
24.7,56.2,0
24.7,56.2,0
24.7,56.2,0
24.7,56.2,0
24.7,56.2,0
24.7,56.2,0
24.7,56.2,0
24.7,56.2,0
24.7,56.2,0
24.7,56.2,0
24.7,56.2,0
24.7,56.2,0
26.0,57.7,0
26.0,57.7,0
26.0,57.7,0
26.0,57.7,0
26.0,57.7,0
26.0,57.7,0
26.0,57.7,0
26.0,57.7,0
26.0,57.7,0
26.0,57.7,0
26.0,57.7,0
26.0,57.7,0
26.0,57.7,0
26.0,57.7,0
26.0,57.7,0
26.0,57.7,0
26.0,57.7,0
26.0,57.7,0
26.0,57.7,0
26.0,57.7,0
26.0,57.7,0
26.0,57.7,0
26.0,57.7,0
26.0,57.7,0
26.0,57.7,0
26.0,57.7,0
26.0,57.7,0
26.0,57.7,0
26.0,57.7,0
26.0,57.7,0
26.0,57.7,0
26.0,57.7,0
26.0,57.7,0
26.0,57.7,0
26.0,57.7,0
26.0,57.7,0
26.0,57.7,0
26.0,57.7,0
26.0,57.7,0
26.0,57.7,0
26.0,57.7,0
26.0,57.7,0
26.0,57.7,0
26.0,57.7,0
26.0,57.7,0
26.0,57.7,0
26.0,57.7,0
26.0,57.7,0
26.0,57.7,0
26.0,57.7,0
26.0,57.7,0
26.0,57.7,0
26.0,57.7,0
26.0,57.7,0
26.0,57.7,0
26.0,57.7,0
26.0,57.7,0
26.0,57.7,0
26.0,57.7,0
26.0,57.7,0
26.0,57.7,0
26.0,57.7,0
26.0,57.7,0
26.0,57.7,0
26.0,57.7,0
26.0,57.7,0
26.0,57.7,0
26.0,57.7,0
26.0,57.7,0
26.0,57.7,0
26.0,57.7,0
26.0,57.7,0
26.0,57.7,0
26.0,57.7,0
26.0,57.7,0
26.0,57.7,0
26.0,57.7,0
26.0,57.7,0
26.0,57.7,0
26.0,57.7,0
26.0,57.7,0
26.0,57.7,0
26.0,57.7,0
26.0,57.7,0
26.0,57.7,0
26.0,57.7,0
26.0,57.7,0
26.0,57.7,0
26.0,57.7,0
26.0,57.7,0
26.0,57.7,0
26.0,57.7,0
26.0,57.7,0
26.0,57.7,0
26.0,57.7,0
26.0,57.7,0
26.0,57.7,0
26.0,57.7,0
26.0,57.7,0
26.0,57.7,0
26.0,57.7,0
26.0,57.7,0
26.0,57.7,0
26.0,57.7,0
26.0,57.7,0
25.8,57.7,1
25.8,57.7,1
25.8,57.7,1
25.8,57.7,1
25.8,57.7,1
25.8,57.7,1
25.8,57.7,1
25.8,57.7,1
25.8,57.7,1
25.8,57.7,1
25.8,57.7,1
25.8,57.7,1
25.8,57.7,1
25.8,57.7,1
25.8,57.7,1
25.8,57.7,1
25.8,57.7,1
25.8,57.7,1
25.8,57.7,1
25.8,57.7,1
25.8,57.7,1
25.8,57.7,1
25.8,57.7,1
25.8,57.7,1
25.8,57.7,1
25.8,57.7,1
25.8,57.7,1
25.8,57.7,1
25.8,57.7,1
25.8,57.7,1
25.8,57.7,1
25.8,57.7,1
25.8,57.7,1
25.8,57.7,1
25.8,57.7,1
25.8,57.7,1
25.8,57.7,1
25.8,57.7,1
25.8,57.7,1
25.8,57.7,1
25.8,57.7,1
25.8,57.7,1
25.8,57.7,1
25.8,57.7,1
25.8,57.7,1
25.8,57.7,1
25.8,57.7,1
25.8,57.7,1
25.8,57.7,1
25.8,57.7,1
25.8,57.7,1
25.8,57.7,1
25.8,57.7,1
25.8,57.7,1
25.8,57.7,1
25.8,57.7,1
25.8,57.7,1
25.8,57.7,1
25.8,57.7,1
25.8,57.7,1
25.8,66.7,0
25.8,66.7,0
25.8,66.7,0
25.8,66.7,0
25.8,66.7,0
25.8,66.7,0
25.8,66.7,0
25.8,66.7,0
25.8,66.7,0
25.8,66.7,0
25.8,66.7,0
25.8,66.7,0
25.8,66.7,0
25.8,66.7,0
25.8,66.7,0
25.8,66.7,0
25.8,66.7,0
25.8,66.7,0
25.8,66.7,0
25.8,66.7,0
25.8,66.7,0
25.8,66.7,0
25.8,66.7,0
25.8,66.7,0
25.8,66.7,0
25.8,66.7,0
25.8,66.7,0
25.8,66.7,0
25.8,66.7,0
25.8,66.7,0
25.8,66.7,0
25.8,66.7,0
25.8,66.7,0
25.8,66.7,0
25.8,66.7,0
25.8,66.7,0
25.8,66.7,0
25.8,66.7,0
25.8,66.7,0
25.8,66.7,0
25.8,66.7,0
25.8,66.7,0
25.8,66.7,0
25.8,66.7,0
25.8,66.7,0
25.8,66.7,0
25.8,66.7,0
25.8,66.7,0
25.8,66.7,0
25.8,66.7,0
25.8,66.7,0
25.8,66.7,0
25.8,66.7,0
25.8,66.7,0
25.8,66.7,0
25.8,66.7,0
25.8,66.7,0
25.8,66.7,0
25.8,66.7,0
25.8,66.7,0
25.8,66.7,0
25.8,66.7,0
25.8,66.7,0
25.8,66.7,0
25.8,66.7,0
25.8,66.7,0
25.8,66.7,0
25.8,66.7,0
25.8,66.7,0
25.8,66.7,0
25.8,66.7,0
25.8,66.7,0
25.8,66.7,0
25.8,66.7,0
25.8,66.7,0
25.8,66.7,0
25.8,66.7,0
25.8,66.7,0
25.8,66.7,0
25.8,66.7,0
24.6,72.6,0
24.6,72.6,0
24.6,72.6,0
24.6,72.6,0
24.6,72.6,0
24.6,72.6,0
24.6,72.6,0
24.6,72.6,0
24.6,72.6,0
24.6,72.6,0
24.6,72.6,0
24.6,72.6,0
24.6,72.6,0
24.6,72.6,0
24.6,72.6,0
24.6,72.6,0
24.6,72.6,0
24.6,72.6,0
24.6,72.6,0
24.6,72.6,0
24.6,72.6,0
24.6,72.6,0
24.6,72.6,0
24.6,72.6,0
24.6,72.6,0
24.6,72.6,0
24.6,72.6,0
24.6,72.6,0
24.6,72.6,0
24.6,72.6,0
24.6,72.6,0
24.6,72.6,0
24.6,72.6,0
24.6,72.6,0
24.6,72.6,0
24.6,72.6,0
24.6,72.6,0
24.6,72.6,0
24.6,72.6,0
24.6,72.6,0
24.6,72.6,0
24.6,72.6,0
24.6,72.6,0
24.6,72.6,0
24.6,72.6,0
24.6,72.6,0
24.6,72.6,0
24.6,72.6,0
24.6,72.6,0
24.6,72.6,0
24.6,72.6,0
24.6,72.6,0
24.6,72.6,0
24.6,72.6,0
24.6,72.6,0
24.6,72.6,0
24.6,72.6,0
24.6,72.6,0
24.6,72.6,0
24.6,72.6,0
24.6,72.6,0
24.6,72.6,0
24.6,72.6,0
24.6,72.6,0
24.6,72.6,0
24.6,72.6,0
24.6,72.6,0
24.6,72.6,0
24.6,72.6,0
24.6,72.6,0
24.2,71.6,0
24.2,71.6,0
24.2,71.6,0
24.2,71.6,0
24.2,71.6,0
24.2,71.6,0
24.2,71.6,0
24.2,71.6,0
24.2,71.6,0
24.2,71.6,0
24.2,71.6,0
24.2,71.6,0
24.2,71.6,0
24.2,71.6,0
24.2,71.6,0
24.2,71.6,0
24.2,71.6,0
24.2,71.6,0
24.2,71.6,0
24.2,71.6,0
24.2,71.6,0
24.2,71.6,0
24.2,71.6,0
24.2,71.6,0
24.2,71.6,0
24.2,71.6,0
24.2,71.6,0
24.2,71.6,0
24.2,71.6,0
24.2,71.6,0
24.2,71.6,0
24.2,71.6,0
24.2,71.6,0
24.2,71.6,0
24.2,71.6,0
24.2,71.6,0
24.2,71.6,0
24.2,71.6,0
24.2,71.6,0
24.2,71.6,0
24.2,71.6,0
24.2,71.6,0
24.2,71.6,0
24.2,71.6,0
24.2,71.6,0
24.2,71.6,0
24.2,71.6,0
24.2,71.6,0
24.2,71.6,0
24.2,71.6,0
24.2,71.6,0
24.2,71.6,0
24.2,71.6,0
24.2,71.6,0
24.2,71.6,0
24.2,71.6,0
24.2,71.6,0
24.2,71.6,0
24.2,71.6,0
24.2,71.6,0
24.2,71.6,0
24.2,71.6,0
24.2,71.6,0
24.2,71.6,0
24.2,71.6,0
24.2,71.6,0
24.2,71.6,0
24.2,71.6,0
24.2,71.6,0
24.2,71.6,0
24.2,71.6,0
24.2,71.6,0
24.2,71.6,0
24.2,71.6,0
24.2,71.6,0
29.8,74.4,1
29.8,74.4,1
30.5,75.1,1
30.9,73.7,1
31.1,71.7,1
30.4,76.0,1
30.4,76.0,1
30.5,73.8,0
31.5,71.0,0
33.0,66.4,1
32.0,71.8,1
32.0,71.8,1
31.7,70.9,1
32.9,68.5,1
31.6,73.5,1
32.4,72.5,1
31.9,76.1,1
31.3,70.3,1
31.3,70.3,1
30.8,82.3,1
30.8,73.8,1
31.7,75.1,1
31.3,76.6,1
31.3,76.6,1
31.3,75.1,1
31.1,75.6,1
31.6,74.0,1
30.6,74.5,0
30.6,75.8,1
30.1,80.0,1
30.9,68.8,0
30.5,75.4,1
29.3,77.0,1
29.1,76.0,1
28.4,76.9,1
28.4,76.9,1
28.4,77.0,0
28.5,74.6,1
30.4,74.0,1
29.5,76.0,1
29.3,75.3,1
29.3,75.3,1
29.4,74.3,0
30.4,72.0,1
30.1,74.3,1
30.5,70.0,1
29.8,75.4,1
30.1,75.8,1
30.3,71.7,1
31.9,64.0,1
32.1,64.9,1
31.6,69.0,1
30.6,72.1,1
30.3,74.0,1
29.3,82.2,1
28.1,81.4,1
29.0,73.9,1
29.0,73.9,1
29.3,74.0,1
28.8,71.5,1
28.7,73.5,0
29.4,70.9,1
29.2,74.2,1
29.4,71.9,1
29.4,71.9,1
30.1,70.5,1
29.8,72.7,1
29.8,72.7,1
29.1,71.3,1
29.2,72.0,1
32.7,72.5,1
33.0,71.8,1
31.4,75.5,1
31.2,73.3,0
30.9,75.4,1
30.4,75.9,1
30.8,76.1,0
30.9,75.9,0
30.2,76.2,1
30.2,76.2,1
31.1,73.3,1
31.9,71.8,1
32.6,69.2,1
31.8,72.0,1
31.8,72.6,1
31.5,75.0,1
31.6,70.8,1
31.8,73.5,1
31.8,69.0,1
31.7,70.5,1
31.7,70.5,1
33.3,63.1,0
33.5,63.7,0
34.1,58.9,1
31.1,69.0,1
32.9,65.0,1
33.3,64.8,1
32.5,67.5,1
34.1,60.5,1
32.8,67.4,0
33.3,62.9,1
30.8,70.4,1
30.5,71.4,1
29.5,73.2,0
29.9,73.4,0
30.5,70.6,1
30.8,69.9,1
31.2,69.0,1
30.6,72.0,1
30.6,71.6,1
30.6,74.0,1
30.3,73.0,1
30.8,74.5,1
30.8,75.0,0
31.0,75.0,0
31.1,74.0,0
30.8,73.4,1
31.4,70.8,1
31.1,72.2,1
31.2,74.0,1
29.5,75.7,1
29.1,76.3,1
29.9,76.5,1
28.2,78.3,1
29.2,75.3,1
29.3,77.0,1
29.1,75.0,1
27.9,83.0,0
31.9,67.0,1
33.3,68.3,0
32.9,66.0,0
33.0,65.0,1
33.0,62.8,1
32.3,66.0,0
32.6,64.0,1
33.1,65.1,1
32.2,69.3,1
32.9,65.6,1
32.7,62.7,1
31.4,67.7,0
30.4,69.0,0
31.6,68.9,1
33.1,62.5,1
32.0,66.5,0
31.1,68.0,1
30.2,70.7,1
29.0,74.0,1
29.1,76.4,1
29.6,70.7,1
29.6,70.0,1
30.9,69.0,1
32.2,64.3,1
32.2,64.0,1
31.9,68.0,1
31.7,68.0,1
31.8,67.5,1
31.5,68.5,1
31.3,67.7,1
31.6,69.6,1
30.8,73.1,1
30.2,75.8,1
30.3,72.0,1
29.6,79.0,1
29.4,80.4,1
30.1,72.4,1
29.3,72.8,1
29.5,75.2,1
29.9,72.7,1
30.4,70.3,1
30.3,71.0,1
30.3,71.0,1
30.9,69.0,1
30.4,71.2,1
31.2,71.0,1
31.3,71.5,1
31.2,72.0,1
31.1,70.8,1
31.1,71.1,1
30.7,73.0,1
30.7,72.2,1
30.7,72.0,1
29.6,67.7,1
30.2,75.2,0
30.5,72.2,1
31.0,72.5,1
30.5,71.5,1
31.9,69.6,1
31.7,70.3,1
32.5,67.0,1
32.5,66.9,0
32.3,66.7,1
31.7,72.9,1
31.4,74.0,1
30.8,74.8,1
29.9,76.4,1
30.1,74.4,1
27.0,80.8,0
27.9,81.1,1
27.7,78.3,1
28.0,80.0,1
28.1,78.0,0
30.1,68.1,1
30.1,67.6,1
30.7,63.7,1
31.0,65.3,0
31.1,61.0,1
32.0,59.1,1
31.7,61.2,1
30.9,66.7,1
30.9,67.0,1
30.8,67.0,1
31.2,69.3,1
31.3,69.0,1
31.3,68.0,1
30.6,70.5,1
30.7,73.0,1
30.7,72.5,1
30.7,69.3,1
30.6,71.6,1
29.5,70.0,1
29.7,68.0,1
30.3,65.2,0
30.1,61.8,0
30.1,60.7,0
30.2,63.7,1
30.6,59.3,1
30.3,61.5,1
30.5,64.6,0
30.4,69.8,1
29.6,66.0,1
29.4,68.7,1
29.6,68.5,1
30.3,69.7,1
30.8,71.0,1
30.1,71.3,1
30.7,71.2,1
30.4,72.0,1
31.0,65.9,1
32.1,71.0,1
31.9,69.4,1
32.7,66.0,0
31.8,64.3,1
31.7,67.1,1
31.2,64.9,1
30.6,68.5,1
30.5,66.7,1
29.7,65.6,1
30.9,62.5,1
30.3,61.7,1
30.6,67.3,1
30.3,65.8,1
30.8,66.4,1
30.1,69.5,1
29.9,70.1,1
28.1,83.2,1
28.1,83.2,1
28.3,81.0,1
29.1,77.8,1
30.1,77.8,0
30.8,72.8,1
31.0,73.0,1
30.1,75.6,0
30.2,77.3,0
30.1,79.6,1
28.8,78.1,1
29.6,76.0,1
29.2,78.2,1
29.6,72.7,1
30.4,80.9,1
30.3,80.9,1
30.3,80.9,1
29.2,83.8,1
29.5,84.2,1
28.9,75.2,1
29.6,75.0,0
29.6,75.6,1
30.1,75.2,1
29.2,75.5,1
29.9,73.9,1
29.8,73.4,1
29.2,75.2,1
30.2,71.6,1
30.5,77.4,1
29.9,77.7,1
30.3,76.4,1
29.8,77.3,1
29.5,76.6,1
29.2,80.8,1
29.4,80.2,1
29.6,80.7,1
28.1,81.0,1
28.2,82.4,0
29.0,75.0,1
29.4,74.1,1
30.1,67.0,1
29.9,67.7,1
30.2,72.2,0
30.1,70.3,1
30.3,70.0,1
30.4,67.6,1
30.6,68.0,1
30.9,69.1,1
31.2,67.9,1
30.9,67.5,1
31.1,65.5,1
32.1,67.5,1
31.9,67.3,1
32.1,68.4,1
32.0,67.0,1
32.2,69.3,1
31.8,73.0,1
30.6,74.5,1
31.0,73.3,1
31.0,73.7,1
30.7,74.5,1
30.6,75.8,1
29.8,75.2,1
31.0,75.6,1
30.8,75.1,1
31.3,71.2,1
31.3,71.2,1
31.0,68.5,1
30.3,63.6,0
30.1,62.2,1
30.1,62.2,1
31.3,61.2,0
31.9,67.5,1
31.4,66.2,1
31.3,65.3,1
32.9,64.1,1
32.9,64.1,1
32.1,69.3,1
32.1,69.5,1
32.2,70.4,1
32.2,70.4,1
32.2,70.3,1
32.2,70.3,1
32.2,70.5,1
32.1,70.3,1
32.1,73.2,1
31.4,75.6,1
30.2,74.0,1
30.2,74.0,1
29.0,75.3,1
29.0,75.3,1
28.8,74.3,1
28.8,74.3,1
28.9,76.6,1
29.6,74.6,1
29.7,73.1,1
29.7,73.1,1
29.4,72.7,1
29.4,72.7,1
28.5,74.5,1
28.5,74.5,1
29.1,77.8,1
29.1,77.8,1
29.7,73.5,1
29.5,76.6,1
29.2,75.6,1
29.2,76.7,1
28.5,84.3,0
28.5,84.3,0
28.9,80.7,1
28.9,80.7,1
28.6,83.3,0
28.9,84.6,1
28.8,83.6,1
29.2,80.1,1
29.7,80.3,1
29.3,80.2,1
29.3,80.2,1
30.5,76.4,1
30.2,78.7,1
30.7,78.0,1
30.5,78.2,1
30.2,78.1,1
29.8,78.1,1
32.5,69.7,1
30.9,72.6,1
30.9,72.6,1
28.4,78.0,1
28.3,78.9,1
28.8,78.7,1
28.8,78.0,1
28.3,77.6,1
28.5,78.9,1
28.8,78.0,1
29.0,75.1,1
29.0,75.1,1
29.1,75.0,1
28.9,74.3,1
29.0,78.4,0
28.6,77.5,1
29.9,78.6,1
29.9,78.6,1
28.3,81.9,1
28.5,80.1,1
28.0,84.3,1
28.0,84.3,1
27.7,85.9,1
27.7,85.9,1
29.0,76.5,1
29.0,76.5,1
28.5,75.5,0
29.2,75.1,1
30.2,72.8,1
30.3,71.2,1
29.5,79.8,1
30.2,70.1,1
30.2,70.1,1
29.3,73.0,1
29.3,73.0,1
30.1,71.5,1
30.1,71.5,1
29.7,68.4,1
29.7,68.4,1
29.9,74.3,1
29.9,72.3,1
29.9,72.3,1
29.6,76.3,0
29.8,71.7,1
29.8,71.7,1
29.9,70.0,1
29.9,70.0,1
30.1,76.0,1
29.7,75.1,1
29.7,75.1,1
29.4,72.0,0
29.3,74.5,1
29.3,74.5,1
29.4,75.0,0
28.8,76.2,0
29.2,77.7,0
29.2,77.7,0
30.1,78.6,1
28.5,77.4,1
28.8,77.9,1
28.7,84.0,1
29.6,77.5,1
30.2,74.4,1
30.2,74.4,1
30.2,69.5,0
30.2,69.5,0
29.4,73.3,1
30.2,69.3,1
30.2,69.3,1
29.7,77.3,1
29.8,71.6,0
30.2,69.6,1
30.2,69.6,1
29.9,72.9,1
30.5,74.3,0
29.6,77.2,1
29.0,76.5,1
28.9,77.2,1
29.3,78.6,1
29.3,78.6,1
29.1,77.4,1
29.4,78.4,1
29.4,78.4,1
29.9,74.5,1
29.9,74.5,1
30.5,76.0,1
30.2,76.1,1
30.5,76.2,0
29.3,82.0,1
29.3,82.0,1
29.6,83.1,1
29.2,83.9,1
29.2,83.9,1
28.8,80.0,1
29.9,79.6,1
29.3,79.4,1
29.1,84.1,1
28.2,86.4,1
28.2,85.7,1
28.2,85.7,1
31.4,69.0,0
31.1,72.0,0
30.6,67.0,1
30.2,69.0,1
29.8,70.0,1
30.3,69.0,1
31.2,63.0,1
31.2,64.0,1
31.3,64.0,1
31.1,67.7,1
31.1,68.0,1
31.1,68.0,1
31.5,68.0,1
31.5,68.0,1
31.0,74.0,1
31.2,73.0,1
30.8,74.0,1
30.8,73.4,1
30.5,75.0,1
30.3,75.0,1
30.5,73.4,1
33.5,56.4,1
33.1,60.0,1
33.5,58.0,1
33.1,57.0,1
32.4,60.0,1
31.9,57.0,1
31.2,65.6,1
29.9,77.6,1
28.5,77.7,0
29.1,72.0,0
28.3,76.0,1
28.5,76.5,1
28.2,77.6,1
28.2,77.6,1
28.7,75.0,1
31.4,68.9,1
30.5,68.6,1
29.9,75.0,1
30.3,69.0,0
30.3,67.8,1
31.4,69.0,1
31.0,68.0,1
30.7,71.8,1
30.3,69.3,1
29.3,71.0,1
32.7,65.2,0
33.4,68.1,1
32.6,68.0,1
32.5,70.0,1
33.7,68.2,1
33.1,65.4,1
33.8,66.6,1
31.9,74.0,1
30.8,74.5,1
32.2,70.0,0
30.6,73.0,1
30.3,71.7,1
29.5,73.0,1
29.0,72.5,0
28.2,77.0,0
28.3,79.0,0
28.7,78.0,0
28.1,77.0,1
28.1,77.0,1
33.2,59.0,1
33.2,59.6,1
32.2,63.3,1
32.1,63.5,1
32.2,57.0,1
32.2,57.0,1
31.9,59.5,1
32.0,57.0,1
32.0,57.0,1
31.5,61.4,1
31.5,61.4,1
31.7,61.3,1
31.7,63.1,1
31.5,70.0,1
31.4,67.0,1
31.7,68.0,1
31.5,69.0,1
31.7,69.5,1
32.6,65.0,0
31.3,60.0,0
33.0,65.0,1
32.4,64.0,1
32.4,64.0,1
33.5,66.5,0
33.2,63.0,1
33.2,67.0,1
33.2,67.0,1
30.0,71.0,1
30.6,71.0,1
30.4,66.0,1
30.4,70.0,1
29.4,75.0,0
31.2,68.2,1
30.6,68.0,1
30.5,69.0,1
31.0,62.0,1
30.2,73.0,1
29.6,74.0,1
30.2,67.8,1
31.1,76.5,1
31.6,72.5,1
32.1,67.4,1
32.0,69.0,0
33.3,71.1,1
32.5,70.6,1
33.1,68.7,1
33.1,68.7,1
32.9,73.6,1
32.5,74.5,1
34.7,64.2,1
32.2,73.6,0
34.1,67.0,1
33.4,64.7,1
32.8,69.0,1
33.2,70.6,1
32.6,70.8,1
34.9,61.5,1
32.5,72.3,0
32.2,76.0,1
31.4,76.6,1
30.3,74.2,1
30.7,74.1,1
30.2,74.2,1
30.2,74.2,1
30.5,71.5,1
30.5,73.8,1
30.5,73.8,1
30.8,73.0,1
30.8,73.0,1
30.3,74.2,0
30.5,73.5,1
30.5,72.9,1
30.3,76.4,1
30.4,75.6,0
30.4,75.6,0
30.7,75.5,1
30.7,75.5,1
29.3,70.8,1
29.3,72.1,1
29.4,69.5,1
29.4,69.5,1
29.7,61.7,1
29.7,61.7,1
29.5,64.5,1
30.2,64.5,1
29.7,64.5,1
29.7,64.5,1
30.1,61.8,1
30.1,61.8,1
30.0,66.7,1
30.0,66.7,1
30.6,61.6,1
30.6,61.6,1
30.9,68.8,1
31.6,63.8,1
31.6,63.8,1
31.6,65.1,1
31.5,63.7,1
31.5,67.5,1
31.8,65.6,1
31.6,66.0,1
31.6,66.0,1
31.1,71.6,1
31.2,72.2,1
31.5,69.1,1
31.5,69.1,1
31.8,69.4,1
32.0,66.7,1
32.5,65.2,1
32.2,64.5,1
32.8,66.0,1
31.2,69.7,1
31.4,70.6,1
31.4,69.8,1
31.0,66.2,1
29.7,71.0,1
31.2,68.6,1
31.2,68.6,1
34.6,59.4,1
34.6,59.4,1
32.0,66.6,1
32.0,66.6,1
35.3,56.2,1
35.3,56.2,1
32.3,66.3,0
34.3,58.5,1
35.1,63.0,1
33.0,66.3,1
33.0,66.3,1
33.5,65.2,1
34.3,58.5,1
34.3,58.5,1
33.2,65.0,1
34.4,59.8,1
34.4,59.8,1
33.7,61.2,1
32.9,62.9,1
28.3,76.3,1
28.3,76.3,1
30.1,71.8,1
30.1,71.8,1
30.2,67.1,1
30.6,65.9,1
30.6,65.9,1
31.1,63.6,1
30.4,67.0,0
30.7,65.8,1
30.7,67.0,1
30.5,68.5,1
30.9,64.0,1
30.9,65.0,0
33.2,60.6,1
32.8,62.2,1
31.5,59.0,1
31.5,59.0,1
32.4,61.1,1
32.6,61.6,1
32.6,61.6,1
32.9,64.3,0
32.9,64.3,0
33.5,64.6,1
33.1,64.3,1
33.1,64.3,1
33.5,63.5,1
32.8,65.3,1
32.8,65.3,1
33.6,61.1,1
33.6,61.1,1
34.0,62.4,1
34.0,62.4,1
32.7,71.3,1
32.7,71.3,1
34.2,63.6,1
32.1,70.9,1
32.1,70.9,1
32.5,67.6,0
32.1,71.1,0
32.0,70.1,0
31.5,73.2,0
31.9,72.6,0
32.4,70.6,0
32.4,70.6,0
32.5,63.5,0
32.4,68.8,0
29.5,72.6,1
29.5,72.6,1
30.1,74.1,1
29.9,70.0,0
31.3,65.6,1
31.1,63.3,1
31.1,65.2,1
31.0,64.7,1
31.0,64.7,1
30.5,67.8,1
30.5,67.8,1
30.8,68.4,1
31.3,69.4,1
31.3,69.4,1
30.1,72.1,1
32.3,63.2,1
31.3,66.1,1
31.3,66.1,1
30.3,70.2,1
30.3,70.2,1
31.3,69.0,1
31.3,69.0,1
30.9,70.6,1
30.9,72.8,1
30.8,74.3,1
33.2,67.5,1
33.2,67.5,1
32.6,66.9,1
31.7,70.4,1
31.7,70.4,1
32.3,71.5,0
33.3,69.7,1
33.2,70.9,1
32.4,69.1,1
32.4,69.1,1
32.1,70.7,1
32.1,70.7,1
32.3,73.1,1
31.5,73.4,1
31.5,74.0,1
32.1,72.4,1
31.9,73.3,1
31.8,71.4,1
31.4,74.4,0
31.2,73.0,1
31.1,71.9,1
31.1,71.9,1
31.2,63.1,1
31.2,63.1,1
31.0,59.1,1
31.3,54.8,1
31.6,59.0,1
31.6,59.0,1
31.4,60.2,1
31.8,63.8,1
32.0,62.5,0
31.5,66.2,1
31.5,70.2,0
31.7,69.2,1
31.8,64.9,0
32.3,61.7,0
32.1,66.1,1
32.5,64.8,1
31.0,53.2,0
31.5,56.7,1
32.2,55.7,1
31.2,54.6,1
32.0,55.1,1
30.9,61.2,0
31.3,60.6,1
32.2,60.3,1
31.5,59.0,1
31.8,59.9,0
32.3,58.4,1
32.3,59.1,1
32.0,58.6,1
31.7,59.9,1
33.3,54.6,1
32.3,58.9,1
32.1,59.3,1
32.4,59.2,1
31.9,68.8,0
32.2,66.9,1
30.4,69.8,1
30.1,70.5,1
33.1,55.4,1
33.4,59.3,1
31.4,64.0,1
32.2,62.0,1
32.2,63.5,1
32.2,66.2,1
32.2,66.5,1
31.9,69.3,0
31.5,71.6,0
31.7,71.1,0
32.1,71.4,0
31.3,72.3,0
31.3,72.3,0
30.9,72.9,1
30.9,74.2,1
30.9,74.2,1
28.9,77.2,0
28.1,77.5,0
28.3,76.5,1
29.2,71.2,1
29.7,71.0,1
29.4,72.6,1
29.9,74.5,1
30.5,71.5,1
30.5,71.5,1
29.5,74.2,1
29.5,70.0,0
29.1,71.0,1
29.1,77.3,1
29.9,73.2,1
29.2,76.4,1
29.6,77.8,1
29.0,76.8,1
29.4,74.0,1
29.0,78.6,1
29.3,79.3,1
28.1,82.8,1
28.6,82.6,1
28.1,79.9,1
28.4,78.0,1
27.4,85.4,0
26.5,84.6,0
27.4,83.5,0
27.3,81.5,1
28.5,79.8,1
28.4,75.3,1
28.9,73.6,1
29.1,73.6,1
29.0,76.5,1
29.0,76.5,1
28.3,82.0,1
28.9,73.6,1
29.6,71.0,1
29.1,73.3,1
29.1,73.0,1
28.4,76.7,1
28.6,76.6,1
28.7,75.8,0
28.5,77.7,0
29.0,77.7,1
29.2,78.9,1
28.5,80.7,1
28.5,82.6,0
31.3,56.0,1
32.1,53.0,1
31.5,55.0,1
31.9,57.0,1
31.9,57.0,1
31.0,52.0,1
31.0,52.0,1
31.8,56.0,1
31.8,56.0,1
31.8,56.0,1
32.1,54.0,1
31.7,58.0,1
31.7,58.0,1
21.2,52.9,0
21.7,55.6,0
22.2,52.6,0
22.0,53.5,0
21.9,54.3,0
22.3,53.1,0
22.3,53.1,0
22.3,53.1,0
22.3,53.1,0
21.6,47.1,0
21.8,47.4,0
21.7,46.1,0
22.1,46.2,0
22.1,46.1,0
21.8,51.1,0
21.5,50.3,0
21.9,50.4,0
21.9,52.1,0
21.2,46.6,0
21.4,50.2,0
22.1,48.5,0
21.7,47.0,0
20.8,45.7,0
22.3,50.9,0
21.1,48.2,0
21.7,48.7,0
21.8,47.0,0
21.9,47.7,0
22.6,45.3,0
20.4,56.3,0
20.5,56.0,0
21.3,54.3,0
20.1,49.1,0
21.4,53.9,0
21.0,50.2,0
22.1,55.5,0
22.5,53.6,0
22.9,52.4,0
22.7,52.1,0
21.5,54.1,0
21.8,50.9,0
21.9,52.1,0
22.4,53.4,0
23.2,51.0,0
23.6,51.0,0
23.2,53.1,0
23.9,50.8,0
23.4,50.7,0
21.7,54.5,0
21.0,29.4,0
16.3,25.2,0
22.2,26.7,0
22.2,25.8,0
21.4,25.3,0
22.9,25.5,0
21.7,24.7,0
20.5,27.0,0
20.9,25.7,0
20.9,26.6,0
21.4,27.2,0
21.2,30.7,0
21.3,28.3,0
21.5,27.4,0
20.4,29.5,0
20.3,29.5,0
21.0,32.5,0
21.9,28.6,0
21.8,28.6,0
20.0,28.8,0
19.0,30.9,0
19.0,30.9,0
19.0,31.3,0
21.1,30.7,0
21.5,30.9,0
21.5,31.1,0
20.7,26.7,0
21.9,27.1,0
21.0,28.3,0
20.7,28.5,0
21.1,32.9,0
20.2,31.4,0
21.2,33.7,0
22.7,33.1,0
19.5,32.2,0
19.3,32.4,0
19.3,32.6,0
21.3,34.7,0
21.3,34.6,0
24.6,30.3,0
22.5,29.8,0
20.3,31.3,0
22.4,31.5,0
22.4,31.8,0
19.8,34.0,0
22.9,33.9,0
21.8,30.9,0
22.2,29.9,0
22.6,29.0,0
22.7,28.5,0
17.1,39.6,0
20.3,37.9,0
20.4,36.9,0
21.3,33.5,0
21.4,36.4,0
21.4,33.2,0
21.3,35.8,0
21.3,35.7,0
21.4,36.4,0
21.6,31.9,0
20.4,34.3,0
20.7,36.2,0
20.4,36.1,0
20.2,33.9,0
21.0,37.1,0
21.3,35.1,0
21.7,31.6,0
20.3,31.0,0
19.2,33.9,0
20.5,36.7,0
20.5,36.8,0
20.6,36.2,0
20.6,36.5,0
20.0,31.0,0
20.8,32.4,0
21.0,32.3,0
21.4,33.1,0
21.0,44.0,0
21.4,35.3,0
22.2,34.9,1
18.2,38.7,0
21.1,41.8,0
21.4,40.9,0
21.7,38.7,0
22.1,39.0,0
22.3,38.9,0
21.5,41.6,0
21.4,41.2,0
21.4,41.6,0
21.8,39.0,0
21.9,38.7,0
21.2,38.1,0
22.2,38.9,0
22.2,39.1,0
23.8,55.5,0
24.5,54.1,0
27.0,50.9,1
27.2,49.6,1
27.2,49.4,0
26.0,54.4,0
25.5,55.1,0
27.1,62.9,0
23.4,58.1,0
27.6,64.6,1
27.2,63.2,1
25.0,63.3,0
24.9,62.7,0
25.1,62.9,0
25.0,62.7,0
27.0,60.0,0
27.0,60.0,0
27.4,59.0,1
26.3,60.7,0
26.8,60.5,0
26.9,56.3,0
23.6,43.6,0
23.6,43.6,0
23.6,43.6,0
23.7,43.8,0
24.5,40.1,1
21.7,48.0,0
20.3,52.4,0
20.4,56.4,0
20.6,57.2,0
25.6,39.0,0
25.7,38.1,0
25.8,38.0,0
25.2,37.1,0
26.7,32.8,0
28.8,26.9,1
27.4,37.4,1
27.9,35.9,1
26.9,36.9,0
27.0,37.7,0
27.1,39.1,0
27.8,37.1,1
27.1,35.9,1
28.1,31.1,1
26.7,37.2,0
27.8,59.3,1
27.3,60.3,1
27.3,62.5,0
27.2,62.6,0
27.3,63.8,0
27.3,62.3,1
27.4,58.7,1
27.7,60.6,1
27.7,59.0,0
27.3,57.4,1
26.8,59.2,1
26.6,62.7,0
27.4,41.1,1
27.7,41.3,0
29.7,40.5,1
29.7,40.5,0
29.7,40.5,0
25.6,43.5,0
25.7,40.5,0
26.1,39.2,0
30.0,40.3,1
30.2,36.0,1
28.5,33.3,0
34.2,25.8,1
30.2,32.0,1
26.5,40.1,0
31.0,41.3,1
26.8,44.1,0
26.2,46.3,0
26.4,46.8,1
26.1,49.5,0
26.2,48.6,0
26.2,47.8,0
26.3,48.0,0
25.4,52.8,0
23.8,47.9,0
25.2,53.9,0
27.6,63.3,1
22.9,64.6,0
24.7,63.3,0
23.5,59.7,0
23.4,59.4,0
24.6,60.9,1
23.2,57.8,0
24.6,57.8,1
24.6,57.8,0
24.6,57.8,0
25.2,58.1,1
22.6,51.2,0
22.6,51.5,0
22.7,51.8,0
22.7,52.0,0
22.8,51.9,0
26.4,56.5,1
22.5,49.3,0
22.6,49.4,0
22.6,49.4,0
23.5,65.3,0
25.8,67.7,1
24.9,61.8,0
22.2,51.7,0
25.5,66.3,0
24.5,61.6,0
25.6,64.7,0
26.5,65.0,0
26.5,64.9,0
27.1,65.0,1
26.0,57.3,1
22.7,68.8,0
21.1,65.1,0
21.2,63.9,0
22.9,68.9,0
23.1,62.8,0
23.1,62.3,0
23.1,60.6,0
23.1,60.0,0
23.1,59.6,0
23.9,67.8,0
24.0,67.1,0
23.9,66.4,0
23.8,65.4,0
23.8,65.3,0
23.2,63.6,0
23.9,65.1,0
24.6,61.9,0
24.8,58.7,0
24.8,58.5,0
22.8,57.6,0
24.8,61.8,0
24.6,56.4,0
24.6,56.0,0
24.6,56.0,0
24.9,56.4,0
25.0,56.8,0
25.0,56.8,0
21.8,46.1,0
21.8,46.1,0
21.6,53.7,0
22.3,55.3,0
22.4,55.3,0
22.4,55.2,0
22.2,54.3,0
22.1,54.2,0
21.8,54.8,0
22.3,53.3,0
22.2,52.6,0
22.2,52.9,0
22.4,55.1,0
22.4,54.7,0
21.7,53.4,0
22.3,56.5,0
21.9,55.8,0
22.2,56.7,0
23.0,53.2,0
22.3,45.5,0
22.4,45.8,0
22.6,46.2,0
22.2,48.9,0
24.0,52.1,1
25.0,51.5,0
24.5,48.2,0
22.2,44.5,0
21.9,55.3,0
21.8,55.4,0
22.2,54.9,0
21.0,54.3,0
22.0,56.8,0
24.9,56.5,1
21.6,46.9,0
27.0,58.0,1
24.3,48.9,0
24.4,60.5,0
24.7,61.4,0
24.9,57.5,0
25.6,58.0,0
22.6,55.8,0
27.9,61.6,0
28.2,58.5,0
29.2,57.1,0
23.2,41.6,0
28.7,64.1,0
29.0,59.0,1
28.9,59.1,1
28.0,59.9,1
29.0,55.6,1
27.8,66.5,1
28.8,55.8,0
29.4,52.8,0
30.2,54.7,1
27.4,49.7,1
26.8,55.0,1
27.3,51.3,1
21.8,52.5,0
21.8,52.7,0
27.5,64.7,0
27.6,64.1,0
27.8,65.0,0
20.1,42.9,0
20.8,39.9,0
21.3,36.8,0
21.4,36.9,0
21.0,37.1,0
21.0,37.2,0
20.4,38.5,0
20.8,38.9,0
21.8,40.3,0
18.8,51.5,0
19.4,48.3,0
19.2,50.2,0
20.1,49.3,0
20.6,41.9,0
20.1,43.1,0
20.4,42.7,0
20.5,42.6,0
21.7,43.7,0
20.6,42.1,0
21.3,42.8,0
21.8,42.3,0
22.0,43.9,0
21.5,43.5,0
21.9,48.5,0
22.3,45.9,0
24.1,40.9,0
21.3,45.3,0
21.3,43.0,0
21.3,43.0,0
21.0,42.2,0
21.1,45.0,0
21.8,46.4,0
21.9,46.3,0
22.1,45.9,0
22.2,44.6,0
22.9,43.3,0
16.4,63.2,0
16.8,58.9,0
19.5,46.4,0
16.4,46.0,0
18.7,49.5,0
20.5,43.6,0
19.7,43.4,0
19.8,43.1,0
20.4,41.7,0
20.3,39.0,0
20.2,38.5,0
19.7,40.5,0
18.2,39.7,0
19.3,46.4,0
20.4,41.7,0
24.3,30.7,0
20.9,38.9,0
22.8,36.9,0
19.8,52.0,0
21.8,49.2,0
21.9,39.7,0
22.1,41.0,0
20.4,43.7,0
20.7,52.0,0
20.3,55.4,0
20.8,43.8,0
21.4,42.9,0
21.3,47.0,0
18.8,42.2,0
19.7,42.7,0
19.7,43.0,0
19.6,49.0,0
20.6,41.5,0
21.3,37.9,0
20.7,37.1,0
16.9,44.8,0
21.3,46.3,0
21.5,40.0,0
22.1,39.6,0
20.7,40.9,0
22.0,40.5,0
21.3,41.3,0
22.5,39.4,0
22.3,40.8,0
21.0,43.6,0
22.3,40.5,0
22.6,39.7,0
21.5,40.5,0
21.3,41.3,0
24.1,37.2,0
24.1,37.0,0
22.1,37.4,0
22.7,38.2,0
21.8,38.7,0
22.4,40.7,0
22.4,40.7,0
22.4,40.8,0
21.0,39.6,0
21.0,40.5,0
21.6,42.7,0
21.5,42.7,0
20.5,41.4,0
21.5,54.6,0
21.7,53.9,0
21.9,54.7,0
21.1,55.6,0
20.2,56.6,0
20.0,61.3,0
22.8,58.6,0
21.6,56.4,0
20.0,59.5,0
20.8,60.0,0
22.1,58.9,0
21.7,58.5,0
23.0,57.1,0
21.5,57.8,0
22.0,54.7,0
22.7,58.8,0
22.7,58.9,0
22.6,59.0,0
21.3,58.4,0
21.0,61.0,0
21.0,61.0,0
21.3,61.2,0
21.3,61.2,0
21.8,59.4,0
21.8,59.1,0
21.5,59.2,0
21.8,57.3,0
20.1,55.2,0
21.3,59.7,0
21.8,59.0,0
21.8,58.0,0
22.3,55.8,0
22.3,55.8,0
22.2,57.2,0
22.2,57.3,0
22.9,54.7,0
21.2,55.5,0
20.2,52.4,0
21.3,55.6,0
21.4,55.5,0
21.6,55.2,0
21.5,55.2,0
21.8,55.0,0
21.5,53.6,0
21.6,54.2,0
21.7,54.2,0
19.8,59.2,0
19.7,59.3,0
19.7,59.7,0
20.9,59.6,0
21.3,59.3,0
21.3,58.8,0
21.9,52.9,0
21.7,55.1,0
21.8,56.2,0
21.8,56.3,0
21.9,55.1,0
22.0,55.0,0
22.0,55.4,0
22.0,55.3,0
21.5,55.2,0
22.4,52.5,0
22.1,54.1,0
22.0,54.0,0
20.7,58.0,0
20.8,57.4,0
25.4,40.0,0
24.7,46.0,0
24.6,45.9,0
24.3,45.4,0
24.3,45.7,0
24.5,43.5,0
24.5,44.2,0
25.8,42.4,0
23.9,49.8,0
23.5,50.2,0
23.8,49.8,0
25.9,47.2,0
25.9,46.9,0
24.1,54.1,0
26.1,49.2,0
25.0,51.1,0
24.1,53.9,0
22.9,52.2,0
24.2,51.2,0
23.4,54.7,0
23.9,49.2,0
25.2,48.4,0
25.2,48.4,0
22.8,54.9,0
22.7,54.8,0
23.4,54.6,0
22.8,52.1,0
23.8,49.9,0
22.9,52.9,0
23.8,50.3,0
22.9,52.8,0
23.2,51.5,0
25.4,44.4,0
25.4,44.1,0
23.4,46.6,0
25.8,47.2,0
25.8,47.3,0
23.8,50.3,0
23.8,50.2,0
23.0,58.0,0
24.1,54.7,0
24.1,54.7,0
24.2,55.4,0
23.8,57.5,0
25.2,49.7,0
23.9,59.2,0
24.2,55.5,0
25.3,51.0,0
24.3,55.7,0
24.4,55.1,0
24.0,58.8,0
24.7,52.0,0
24.7,52.0,0
25.1,49.0,0
23.8,55.5,0
23.2,56.9,0
23.8,55.6,0
24.8,74.6,0
24.8,74.0,0
26.2,68.5,0
26.3,68.5,0
24.6,72.1,0
24.6,72.0,0
25.0,69.4,0
25.0,69.4,0
25.6,73.2,1
25.7,73.0,1
25.3,70.7,0
24.8,68.6,0
25.6,67.3,0
26.2,67.6,0
26.3,64.8,1
24.6,62.9,0
25.3,61.3,0
25.4,61.3,0
24.7,64.0,0
24.7,64.1,0
25.8,63.3,1
26.1,59.6,0
24.5,65.2,0
25.5,63.3,0
22.1,54.5,0
22.4,54.3,0
22.4,54.4,0
22.7,48.7,0
22.7,48.9,0
22.6,48.7,0
24.5,46.5,0
24.5,46.9,0
23.9,47.5,0
23.9,53.0,0
23.9,53.1,0
24.3,48.2,0
23.6,40.5,0
22.9,40.3,0
24.7,36.6,0
24.8,37.4,0
25.4,39.5,0
25.4,39.6,0
23.5,43.6,0
25.4,39.9,0
23.5,43.8,0
24.3,38.5,0
25.4,39.5,0
26.6,35.3,0
24.8,38.6,0
26.2,37.7,0
26.1,37.8,0
23.5,45.7,0
26.6,35.4,0
22.9,46.6,0
22.7,46.5,0
25.3,39.7,0
26.8,33.5,0
26.2,37.3,0
26.2,33.7,0
26.8,34.5,1
26.3,34.7,0
27.1,36.0,0
26.4,35.5,0
26.4,38.5,0
26.8,33.5,0
24.0,39.7,0
27.4,35.6,0
27.4,35.7,0
27.4,35.8,1
26.0,36.7,0
26.7,30.8,0
27.4,30.7,0
26.9,32.4,0
27.5,29.9,0
26.7,35.5,0
24.8,33.6,0
25.3,33.3,0
24.2,39.7,0
27.9,31.1,0
26.5,39.2,0
27.1,35.2,0
27.5,37.6,0
27.4,36.6,0
26.7,39.8,0
23.7,43.1,0
24.8,45.0,0
26.5,38.7,0
26.0,39.3,0
26.5,38.6,0
23.7,43.1,0
24.9,41.2,0
24.9,39.1,0
25.5,42.1,0
25.0,39.5,0
23.2,47.2,0
24.3,45.2,0
24.8,48.2,0
24.7,44.1,0
24.7,44.2,0
23.2,47.1,0
24.7,44.0,0
23.7,47.4,0
25.5,46.6,0
25.1,53.6,0
26.1,52.2,0
25.0,53.5,0
25.1,53.6,0
27.0,52.6,0
25.8,53.6,0
25.6,54.4,0
25.1,56.5,0
25.5,59.0,0
25.2,40.4,0
24.1,39.6,0
23.0,29.0,0
23.7,32.1,0
23.9,26.6,0
19.7,34.7,0
23.6,28.7,0
24.1,31.3,0
24.7,28.0,0
24.8,30.4,0
22.8,32.1,0
23.5,27.3,0
21.4,29.7,0
23.3,32.3,0
23.0,29.3,0
23.5,33.7,0
23.0,32.0,0
24.2,29.6,0
25.8,31.0,0
22.7,33.5,0
21.9,32.2,0
23.6,29.3,0
24.4,38.6,0
24.4,38.6,0
25.3,32.8,0
26.4,30.4,0
26.6,30.3,0
26.6,29.8,0
26.6,29.4,0
25.7,31.4,0
25.7,31.2,0
25.9,30.8,0
25.7,31.5,0
25.2,39.0,0
26.3,30.3,0
26.3,30.3,0
26.7,25.9,0
26.7,26.5,0
26.7,26.3,0
26.7,25.9,0
26.1,29.7,0
26.0,28.2,0
26.0,30.1,0
25.9,30.1,0
24.6,33.4,0
24.8,34.5,0
24.6,29.8,0
24.6,29.8,0
24.6,29.9,0
23.9,34.7,0
25.1,33.4,0
26.3,33.3,0
29.4,47.0,0
25.6,47.0,0
26.1,41.7,0
26.7,53.7,0
25.6,49.0,0
23.7,50.0,0
23.8,48.7,0
24.2,47.0,0
24.1,47.0,0
24.9,47.0,0
28.8,49.4,0
24.9,49.5,0
24.6,52.5,0
25.6,52.5,0
24.4,53.0,0
25.9,48.0,0
25.7,48.4,0
23.7,47.7,0
29.1,47.0,0
24.3,47.0,0
26.4,42.6,0
23.6,42.4,0
23.5,42.9,0
22.8,43.5,0
23.8,47.0,0
28.8,46.4,0
23.8,49.3,0
26.4,49.9,0
27.8,49.1,0
29.0,47.1,0
29.7,47.0,0
24.5,46.4,1
27.9,48.1,0
27.7,49.2,0
27.4,48.9,0
28.1,42.9,1
27.9,43.0,1
23.7,52.5,1
25.7,52.6,1
24.0,50.6,0
27.1,44.1,0
28.5,40.2,1
23.7,53.1,1
23.8,42.4,1
23.8,50.9,0
27.4,49.7,1
27.8,48.5,1
26.6,50.0,0
24.4,49.2,0
23.7,49.6,0
28.0,50.6,0
25.5,50.9,1
28.1,51.0,1
26.6,50.5,0
26.8,53.2,0
27.4,53.2,0
26.6,53.2,0
23.8,52.2,0
29.0,52.2,0
23.9,52.3,0
26.3,49.1,0
26.3,49.2,0
26.4,49.0,0
30.0,48.9,0
27.7,47.0,1
27.8,38.8,1
26.3,42.3,0
26.5,42.9,0
26.3,40.8,0
28.3,39.9,0
28.1,43.8,0
26.3,43.9,0
27.6,41.1,0
27.7,41.8,0
23.6,41.6,0
25.2,43.2,0
28.0,47.0,0
26.1,46.7,0
26.5,47.0,0
24.8,47.0,0
28.0,47.0,0
28.5,49.2,0
23.4,50.0,0
26.2,52.6,0
28.5,52.2,0
26.3,53.4,0
24.1,55.9,0
26.3,51.0,0
24.1,53.0,0
23.6,56.7,0
25.5,55.2,0
28.2,49.3,0
25.2,47.0,0
27.5,43.3,0
24.7,47.0,0
24.8,43.4,1
30.1,50.0,0
24.5,49.7,0
25.6,49.8,0
24.6,47.6,1
26.1,47.4,1
28.4,49.8,0
26.4,51.8,0
27.3,48.9,0
27.9,43.2,0
24.1,46.4,0
24.7,46.4,0
26.8,50.0,0
25.4,47.4,0
29.6,48.3,0
25.0,47.0,0
25.4,45.0,0
28.5,48.6,0
28.3,47.7,0
28.1,48.6,0
23.6,52.3,0
25.4,52.4,0
27.3,43.6,1
27.1,40.8,1
27.1,46.3,1
26.5,50.4,0
26.6,46.4,1
26.8,50.3,0
27.0,50.1,0
27.3,46.3,1
24.9,50.8,0
25.3,48.5,1
24.5,51.2,0
24.8,48.5,1
24.8,48.5,1
24.7,48.5,1
23.8,48.5,1
24.4,51.2,0
24.8,51.3,0
24.5,52.8,0
24.5,52.2,0
23.6,49.1,1
26.1,47.7,1
25.3,48.8,1
24.8,52.3,0
24.8,52.3,0
25.3,48.8,1
24.4,48.4,1
24.9,48.8,1
24.6,51.4,0
25.8,46.3,1
26.7,46.3,1
25.9,46.3,1
25.0,50.6,0
26.2,46.5,1
25.9,46.5,1
24.8,46.5,1
23.7,47.2,0
25.2,44.1,1
24.0,47.5,0
23.9,47.9,0
24.2,47.9,0
24.0,47.8,0
24.9,43.5,1
25.1,43.7,1
24.5,44.3,1
24.6,48.3,0
24.4,48.5,0
24.2,48.5,0
25.2,43.3,1
26.3,43.3,1
24.4,48.5,0
23.1,43.4,1
24.0,43.4,1
25.5,44.6,1
24.5,47.2,1
23.1,50.2,0
23.2,50.0,0
24.0,47.3,1
24.4,47.2,1
23.9,47.2,1
23.1,50.3,0
23.4,51.4,0
25.0,47.5,1
23.5,51.0,0
23.5,50.8,0
23.7,50.7,0
25.1,47.3,1
24.0,47.5,1
23.5,47.5,1
23.7,50.8,0
24.0,47.3,1
23.4,47.5,1
23.7,50.9,0
23.7,50.7,0
24.0,50.7,0
24.1,47.0,1
24.6,46.9,1
25.3,47.0,1
24.4,50.6,0
22.7,50.0,1
23.2,49.7,1
23.3,50.0,1
22.7,49.0,1
22.2,52.8,0
23.2,50.0,1
23.4,49.6,1
23.1,54.0,0
23.1,54.0,0
24.4,49.6,1
23.4,53.9,0
24.4,49.9,1
25.0,48.5,1
23.8,52.9,0
25.2,47.2,1
24.0,52.0,0
24.1,51.8,0
25.6,47.2,1
24.4,47.2,1
23.7,52.0,0
25.8,47.2,1
24.8,53.9,0
25.1,53.8,0
25.8,49.5,1
25.2,53.8,0
25.5,49.5,1
26.3,49.5,1
26.5,49.5,1
25.0,53.9,0
25.3,44.7,0
25.1,48.5,0
25.6,44.7,1
25.3,48.5,0
26.4,44.7,1
25.3,48.5,0
25.3,44.7,0
25.5,44.8,1
25.3,48.6,0
25.0,44.4,1
25.4,45.4,1
25.6,48.2,0
25.1,44.5,1
25.3,45.5,1
26.7,44.6,1
25.6,48.2,0
25.0,48.0,0
25.1,44.9,1
26.6,44.9,1
25.6,48.3,0
24.3,44.9,1
21.8,46.1,1
22.2,48.2,0
23.5,45.8,1
23.2,45.9,1
23.4,46.1,1
22.7,46.1,1
23.5,45.0,1
22.8,48.7,0
23.7,44.9,1
23.8,44.9,1
22.7,48.3,0
23.0,48.1,0
22.6,45.1,1
22.5,44.9,1
23.4,48.0,0
21.3,45.1,1
20.9,48.0,0
22.0,45.1,1
21.8,45.2,1
20.9,47.9,0
20.6,44.3,0
20.6,47.9,0
22.5,42.7,1
21.9,44.3,1
21.3,47.9,0
22.6,42.1,0
24.2,30.9,1
22.7,40.0,0
22.8,40.9,0
22.4,39.3,0
22.3,40.0,0
24.6,33.9,1
24.4,34.4,1
23.1,41.6,0
23.2,40.5,0
24.9,33.4,1
20.7,41.1,0
23.0,39.0,1
20.9,43.7,0
20.2,44.3,0
22.2,39.3,1
20.8,43.2,0
20.5,43.3,0
22.3,37.6,1
22.5,37.6,1
22.7,37.5,1
21.6,37.3,1
23.9,33.8,1
21.1,42.2,0
23.1,35.2,1
23.2,35.1,1
21.2,41.1,0
23.0,34.8,1
22.2,37.8,0
22.2,38.2,0
23.9,32.5,1
22.0,37.7,0
23.6,32.3,1
24.8,31.9,1
22.6,39.1,1
21.6,42.6,0
22.0,42.8,0
21.1,39.4,1
22.8,41.9,0
23.1,39.1,0
24.2,33.2,1
23.4,34.9,1
23.3,39.4,0
22.9,39.6,0
24.1,35.3,1
25.5,35.3,1
24.6,35.4,1
23.5,38.8,0
25.0,33.8,1
23.8,38.9,0
23.8,34.0,1
25.1,33.9,1
21.5,39.8,1
22.5,39.6,1
23.0,41.5,0
22.4,39.9,1
23.2,39.7,1
22.4,39.9,1
24.7,41.5,0
22.0,41.5,0
21.7,39.2,1
23.4,41.4,0
23.5,37.1,1
23.5,37.1,1
22.3,41.4,0
21.7,37.1,1
26.0,41.4,0
21.3,36.8,1
24.5,37.0,1
23.8,37.0,1
25.1,40.3,0
24.0,34.6,1
24.4,34.5,1
22.9,40.4,0
23.9,33.1,1
23.1,40.6,0
24.9,40.6,0
23.4,40.6,0
24.4,33.1,1
25.1,33.7,1
23.0,32.8,1
24.7,40.1,0
22.7,33.8,1
23.4,38.1,1
22.6,38.3,1
22.7,40.0,0
21.6,40.1,0
22.8,38.3,1
23.9,37.9,1
23.9,38.1,1
23.5,40.2,0
24.3,39.1,1
24.3,39.4,1
24.8,41.2,0
24.3,39.3,1
24.5,39.8,1
25.5,39.5,1
24.7,39.5,1
22.8,41.3,0
24.9,41.2,0
23.0,41.5,0
24.6,39.5,1
24.0,40.0,1
25.3,41.5,0
23.9,39.9,1
25.8,39.9,1
24.8,40.9,1
24.0,35.7,1
22.8,41.2,0
22.4,41.1,0
24.4,41.1,0
24.0,35.7,1
24.1,35.8,1
23.8,35.3,1
25.2,35.2,1
24.6,35.0,1
25.1,41.3,0
23.5,41.4,0
26.0,41.2,0
26.1,36.2,1
24.4,41.0,0
26.1,36.2,1
24.5,41.0,0
26.5,41.0,0
27.2,36.1,1
26.4,36.2,1
26.4,40.9,0
26.6,36.2,1
26.6,36.2,1
27.1,36.2,1
25.1,41.1,0
26.8,41.1,0
27.5,36.2,1
27.2,36.2,1
27.9,36.2,1
25.6,37.6,1
24.6,39.0,0
26.3,37.0,1
27.1,39.1,0
26.9,36.7,1
25.4,39.1,0
27.4,39.1,0
26.6,32.5,1
26.5,32.5,1
25.1,38.6,0
27.5,32.8,1
26.7,32.3,1
27.7,38.2,0
27.2,32.5,1
26.5,32.9,1
26.0,38.4,0
28.5,26.5,1
26.2,39.4,0
24.8,39.2,0
25.6,37.6,1
25.6,40.0,0
25.5,36.9,1
25.6,37.3,1
25.2,38.9,1
27.1,38.9,1
26.6,38.4,1
27.5,39.4,0
25.6,38.9,1
25.8,38.9,1
24.4,39.3,0
26.0,35.4,1
27.2,39.3,0
26.9,35.5,1
26.5,35.5,1
26.9,34.6,1
26.1,39.2,0
28.5,35.1,1
28.4,38.9,0
27.1,33.1,1
27.6,33.4,1
28.1,33.4,1
26.7,38.8,0
29.0,33.1,1
28.4,38.9,0
27.7,32.4,1
25.6,39.2,0
25.3,39.3,0
23.2,39.1,0
23.4,35.4,1
27.3,35.2,1
21.4,35.1,1
22.3,35.2,1
24.5,35.0,1
22.8,35.5,1
25.2,34.3,1
23.6,39.4,0
26.5,39.4,0
25.2,34.5,1
22.5,34.5,1
22.6,34.3,1
28.0,34.1,1
24.9,39.3,0
23.3,37.9,1
23.8,37.9,1
25.4,37.9,1
24.2,37.9,1
23.7,38.9,0
23.4,37.4,1
24.8,38.1,0
22.4,37.8,0
25.3,38.4,0
23.1,38.4,0
26.4,30.9,1
25.6,31.2,1
24.0,38.4,0
25.7,31.2,1
26.3,31.1,1
26.3,31.1,1
26.5,29.6,1
26.9,29.6,1
25.9,38.0,0
26.8,29.7,1
24.2,38.0,0
25.9,38.0,0
26.5,37.0,0
28.3,27.0,1
27.3,27.5,1
27.4,27.5,1
26.5,37.0,0
24.9,36.9,0
27.5,26.6,1
25.2,38.2,1
25.2,38.2,1
25.4,38.2,1
25.7,38.0,1
24.1,39.0,0
25.4,38.9,0
25.5,38.1,1
26.2,36.1,1
25.3,36.1,1
26.2,36.1,1
26.4,36.1,1
26.1,36.1,1
24.7,39.0,0
24.5,40.2,0
26.3,37.7,1
24.5,40.5,0
25.3,37.7,1
26.2,37.1,1
26.7,36.8,1
24.1,39.5,0
25.1,38.3,1
24.4,40.5,0
25.9,38.5,1
26.2,37.9,1
24.5,40.0,0
26.5,38.1,1
26.4,38.0,1
26.2,37.9,1
26.2,37.9,1
26.2,37.9,1
26.9,37.9,1
27.0,37.7,1
25.1,37.4,1
25.3,39.8,0
23.5,40.2,0
25.3,39.8,1
24.6,39.2,1
23.9,38.4,1
24.6,41.1,0
23.4,41.0,0
22.4,40.6,1
25.7,38.1,1
25.5,40.3,0
24.8,38.3,1
25.1,39.3,1
25.6,40.3,0
25.2,39.2,1
24.8,39.6,1
26.4,37.3,1
24.9,38.5,0
25.6,38.6,0
26.1,38.5,0
26.0,36.4,1
25.4,36.0,1
24.7,38.5,0
22.6,35.8,1
25.4,35.7,1
25.7,35.7,1
25.4,35.6,1
26.2,38.5,0
25.5,37.8,1
24.8,38.0,1
24.5,38.5,0
25.4,37.7,1
25.1,37.9,1
24.1,38.9,0
27.1,37.6,1
24.9,37.5,1
25.6,37.5,1
25.0,39.6,0
25.4,37.6,1
23.8,39.6,0
26.1,39.4,0
23.9,38.2,1
24.3,39.6,0
24.3,39.6,0
26.8,38.2,1
26.1,39.6,0
24.9,39.9,1
25.8,39.9,1
24.8,40.1,1
25.8,40.0,1
25.0,39.9,0
25.7,39.9,0
24.7,38.6,1
25.8,39.7,0
25.3,38.6,1
26.6,42.4,1
27.3,40.7,0
27.2,42.0,1
25.7,40.7,0
27.7,39.1,1
26.9,38.7,1
27.8,39.9,1
27.5,39.8,1
27.3,38.7,1
26.1,40.7,0
27.6,40.7,0
27.9,38.7,1
24.3,40.1,1
21.8,40.3,1
24.2,40.0,1
24.3,40.3,1
24.3,40.3,0
21.6,40.0,1
23.8,40.3,1
24.8,39.5,0
24.2,39.5,0
24.5,39.6,1
25.9,39.5,0
25.0,39.2,1
22.3,39.6,1
23.1,39.1,1
24.3,39.5,0
25.0,39.2,1
23.2,38.9,1
25.2,39.1,1
25.4,38.4,1
25.9,39.5,0
23.2,39.1,1
24.6,39.6,0
26.1,39.7,0
25.4,38.3,1
26.0,39.5,0
23.4,38.3,1
25.2,37.3,1
24.0,39.1,0
24.1,37.3,1
23.1,39.1,0
24.1,37.3,1
24.3,38.3,1
22.7,39.1,0
24.4,37.6,1
25.6,39.5,0
23.4,37.7,1
25.2,39.4,0
23.3,39.5,0
24.9,37.7,1
26.5,37.7,1
25.2,39.6,0
23.6,39.6,0
23.7,38.0,1
23.8,39.3,1
25.2,40.0,0
24.5,39.3,1
24.4,40.2,0
25.5,40.2,0
26.9,37.6,1
24.5,37.4,1
24.4,37.4,1
24.7,40.2,0
24.8,37.4,1
25.2,37.6,1
25.4,37.5,1
25.5,40.2,0
25.8,37.4,1
25.8,39.8,0
26.5,33.8,1
24.3,39.8,0
25.9,33.8,1
26.0,39.9,0
26.4,33.8,1
25.8,33.8,1
26.3,33.8,1
27.9,33.8,1
27.1,34.1,1
22.4,39.5,1
25.1,40.8,0
25.4,40.7,0
22.1,39.3,1
26.2,39.3,1
25.2,40.8,0
22.3,39.3,1
25.3,39.4,1
22.4,39.5,1
25.1,40.8,0
25.1,40.8,0
26.6,39.7,1
22.0,39.7,1
25.7,39.7,1
22.4,39.9,1
24.5,39.8,1
22.3,39.8,1
22.3,39.8,1
25.1,41.9,1
23.2,41.9,1
23.2,41.9,1
24.1,41.9,1
26.1,42.1,1
23.3,42.1,1
23.5,42.2,1
24.5,40.8,0
24.8,40.9,0
27.2,41.7,0
26.0,39.4,1
26.0,39.4,1
26.0,39.4,1
26.8,41.6,0
26.5,39.2,1
25.6,41.7,0
26.6,41.6,0
26.2,39.4,1
27.2,38.3,1
28.6,38.5,1
26.8,38.4,1
27.2,38.3,1
27.6,41.9,0
27.2,38.5,1
25.9,41.9,0
26.3,41.9,0
27.2,39.8,1
26.5,42.1,0
26.8,39.5,1
25.2,41.7,1
25.7,41.8,1
24.9,41.3,0
26.5,41.7,1
24.9,42.8,1
25.1,42.0,1
25.2,41.3,0
24.5,42.8,1
25.1,42.0,1
27.4,41.6,0
25.1,41.3,1
26.2,41.3,1
27.3,41.2,1
26.5,42.2,0
27.9,40.3,1
27.9,40.2,1
26.6,42.2,0
28.0,39.9,1
28.3,39.9,1
28.1,39.9,1
27.8,40.3,1
28.0,42.1,0
28.7,42.3,0
28.7,42.4,0
26.3,38.7,1
25.5,39.6,1
25.3,39.9,1
26.2,38.7,1
26.2,38.7,1
27.2,41.0,0
25.2,40.6,1
25.7,41.0,0
27.2,38.7,0
27.4,38.7,1
25.7,41.3,0
23.6,41.7,1
26.5,41.7,1
23.6,41.7,1
25.9,41.8,1
23.3,41.7,1
25.1,41.6,1
24.9,41.7,1
26.7,41.6,1
27.5,41.4,0
24.9,41.7,1
26.5,41.7,1
27.5,41.7,0
27.7,41.4,0
26.2,41.4,0
26.3,40.5,1
27.9,41.5,0
26.8,40.6,1
27.3,40.9,1
26.3,40.5,1
26.3,40.6,1
26.5,41.5,0
27.9,41.5,0
27.2,40.4,1
26.3,40.4,1
26.3,40.1,1
25.1,40.4,1
24.7,40.3,0
24.6,40.3,0
24.3,41.1,1
25.1,40.4,1
25.0,41.1,1
23.3,40.5,1
25.1,41.9,0
24.8,42.4,1
23.8,41.8,1
25.6,41.8,1
23.8,42.2,1
24.8,40.6,0
25.9,40.6,0
24.8,40.6,0
25.6,41.8,1
25.6,41.8,1
26.0,40.7,0
22.9,41.0,1
27.1,39.4,1
26.3,41.6,0
27.0,39.3,1
27.0,39.3,1
27.0,39.3,1
26.1,39.1,1
27.0,42.2,0
27.3,39.1,1
26.8,42.0,0
25.5,42.0,0
28.1,38.9,1
26.7,38.9,1
25.1,43.5,0
23.4,42.8,1
26.3,43.1,1
24.2,43.2,1
25.4,43.6,0
23.6,39.3,1
24.8,41.1,1
25.5,43.7,0
24.8,41.4,1
24.3,41.4,1
25.7,41.4,1
22.4,43.7,1
23.3,43.7,1
24.0,44.3,0
23.9,44.3,0
23.9,43.7,0
24.0,43.7,0
25.1,43.7,1
24.1,43.7,1
23.9,43.9,1
23.9,44.1,1
23.9,44.1,1
23.9,43.6,1
25.4,43.6,1
24.6,45.3,0
26.3,43.5,1
24.6,45.3,0
25.4,43.6,1
26.1,41.8,1
25.3,41.9,1
25.1,45.0,0
24.7,41.8,1
25.1,44.9,0
24.5,42.0,1
27.4,41.9,1
24.6,41.9,1
23.3,45.3,0
23.6,44.4,1
24.0,45.1,1
23.4,44.9,0
24.9,44.7,1
23.3,45.1,0
24.4,46.2,1
24.1,46.7,1
23.8,46.0,0
23.5,45.8,0
23.9,45.8,0
23.9,45.9,0
25.3,46.6,1
23.8,43.7,0
25.4,43.8,1
24.0,43.5,1
24.2,46.0,0
24.4,43.6,1
25.2,43.6,1
25.3,43.8,1
26.7,43.7,1
23.8,45.8,0
24.2,45.8,0
25.3,43.7,1
24.3,46.2,0
25.525,45.11,1
19.1,42.4,0
19.2,42.6,0
19.9,40.4,1
19.9,40.6,1
20.8,40.9,1
20.8,40.9,1
19.5,43.7,0
21.5,41.0,1
21.8,40.7,1
21.8,40.9,1
20.7,44.8,0
20.8,45.0,0
20.7,44.9,0
21.7,40.3,1
20.5,39.9,1
20.3,39.9,1
19.8,39.5,1
19.8,42.0,0
19.6,41.9,0
21.8,41.0,1
21.2,41.0,1
21.1,44.9,0
22.3,41.2,1
21.5,41.2,1
22.3,41.2,1
22.4,41.3,1
20.6,44.7,0
22.9,36.6,1
21.2,42.2,0
21.1,42.0,0
22.4,38.0,1
23.2,38.0,1
23.5,38.5,1
23.5,38.4,1
19.5,41.0,0
20.8,39.0,1
19.9,38.9,1
20.0,39.3,1
19.7,38.9,1
21.0,40.2,1
20.2,43.3,0
22.4,40.6,1
22.3,37.6,1
21.6,44.2,0
23.0,37.7,1
22.9,37.4,1
22.0,44.3,0
19.4,40.4,0
20.6,39.0,1
19.7,40.6,0
20.7,38.9,1
20.5,39.0,1
21.7,39.4,1
20.1,42.3,0
21.2,39.9,1
20.7,44.4,0
21.9,40.0,1
21.8,40.4,1
21.1,44.3,0
22.4,40.5,1
22.3,40.5,1
22.2,40.4,1
20.9,44.3,0
22.2,43.8,0
22.6,44.1,0
22.6,43.7,0
22.7,43.9,0
20.7,37.9,1
21.8,41.6,1
21.7,41.6,1
20.6,43.7,0
21.9,41.2,1
20.4,43.7,0
21.8,41.3,1
21.7,40.8,1
20.5,43.7,0
21.4,40.9,1
20.8,45.6,0
20.6,45.7,0
21.0,45.8,0
21.6,43.5,1
20.9,43.4,1
21.5,43.4,1
21.4,43.5,1
22.5,44.0,1
22.0,47.6,0
21.9,47.6,0
22.9,44.3,1
23.8,44.3,1
23.8,44.3,1
22.4,47.5,0
23.2,40.0,1
23.8,40.6,1
22.4,46.1,0
22.4,46.2,0
24.1,40.6,1
24.1,40.3,1
22.2,46.5,0
22.4,46.5,0
19.6,44.8,0
20.2,48.9,0
19.0,50.2,0
19.3,40.0,0
19.6,40.0,0
18.9,40.0,0
20.9,34.2,1
19.6,34.2,1
21.5,34.2,1
21.5,34.4,1
20.9,34.2,1
21.4,34.2,1
22.1,34.3,1
19.7,39.9,0
20.5,34.3,1
20.6,40.1,0
22.0,34.3,1
21.3,34.2,1
20.0,40.1,0
20.1,39.9,0
22.2,32.8,1
21.0,30.4,1
21.5,32.2,1
20.7,31.5,1
21.9,32.9,1
20.3,38.4,0
21.8,32.6,1
21.5,39.5,0
20.7,39.3,0
22.7,34.3,1
22.6,34.3,1
22.5,39.9,0
24.7,36.6,1
22.1,41.9,0
25.2,36.7,1
23.0,41.8,0
22.6,41.8,0
24.1,36.5,1
24.8,36.4,1
22.6,42.3,0
24.8,36.5,1
23.6,41.7,0
24.1,35.9,1
23.2,28.9,1
22.1,29.1,1
23.1,29.3,1
21.1,34.7,0
22.2,29.5,1
21.1,34.9,0
17.6,33.6,1
16.3,37.8,0
16.4,38.3,0
16.9,33.7,1
17.0,37.8,0
17.6,33.2,1
17.7,33.8,1
19.3,34.7,1
17.7,39.5,0
19.2,32.7,1
19.3,39.2,0
18.3,39.4,0
18.2,34.8,1
17.4,34.6,1
17.6,34.3,1
16.1,37.3,0
17.3,34.3,1
17.7,34.8,1
17.2,38.7,0
18.3,35.2,1
16.3,39.1,0
19.0,41.0,0
20.1,41.0,0
25.4,38.4,1
20.0,41.0,0
23.3,38.4,1
21.0,41.0,0
21.2,41.2,0
20.3,40.8,0
21.4,37.9,1
20.5,41.3,0
22.3,37.9,1
22.0,37.6,1
21.4,41.4,0
21.7,37.6,1
17.6,38.6,0
18.2,35.5,1
19.4,36.0,1
18.5,36.0,1
18.9,40.3,0
20.7,36.3,1
20.2,37.3,1
21.1,36.5,1
25.9,36.6,1
20.7,36.6,1
25.9,36.6,1
18.8,39.8,0
21.2,37.4,1
20.0,40.6,0
21.8,37.2,1
20.2,40.4,0
20.8,40.5,0
20.4,40.3,0
20.4,37.7,0
26.9,36.8,1
20.4,40.3,0
20.9,40.4,0
22.4,36.7,1
27.2,36.8,1
21.7,37.1,1
22.2,37.2,1
18.2,34.4,1
16.9,37.6,0
18.7,34.0,1
17.4,37.6,0
17.5,38.8,0
23.3,36.5,1
23.9,36.5,1
26.0,36.4,1
19.4,43.3,0
19.4,43.3,0
19.5,43.2,0
26.1,37.7,1
24.3,37.7,1
27.3,37.7,1
21.7,37.7,1
21.5,37.9,1
20.7,42.7,0
22.8,37.7,1
20.6,43.0,0
21.0,37.5,1
20.7,43.1,0
22.6,36.6,1
21.0,43.1,0
19.0,35.4,1
16.9,38.7,0
19.4,35.4,1
19.8,35.3,1
20.0,36.4,1
18.3,39.9,0
21.5,36.7,1
19.4,36.7,1
19.0,41.4,0
21.9,38.3,1
22.4,38.3,1
19.4,42.1,0
22.2,38.2,1
21.1,38.1,1
21.3,39.4,1
22.7,39.4,1
20.9,44.7,0
21.0,44.7,0
22.8,39.3,1
22.8,39.2,1
19.9,35.3,1
17.7,38.5,0
18.4,42.4,0
20.0,38.6,1
20.2,38.6,1
19.8,38.8,1
19.7,38.7,1
18.7,42.5,0
18.8,42.6,0
17.5,43.0,0
18.5,39.6,1
18.1,40.2,1
17.2,43.0,0
19.6,40.2,1
18.3,40.2,1
24.1,40.2,1
18.9,40.2,1
18.2,43.2,0
21.7,40.1,1
18.1,40.2,1
24.5,40.1,1
17.9,42.9,0
18.7,42.9,0
19.8,40.6,1
17.5,42.7,0
17.7,38.0,1
19.0,37.8,0
16.8,39.1,0
17.8,38.2,1
17.9,38.7,1
20.4,39.3,1
25.4,40.4,1
18.8,40.2,1
18.4,39.9,0
21.0,40.1,0
19.3,39.8,0
26.2,40.2,1
26.2,40.2,1
20.8,40.2,1
20.4,40.2,1
21.5,39.8,1
22.7,39.8,0
21.3,39.8,1
22.4,39.7,1
27.7,39.8,1
20.5,39.8,0
27.9,39.8,1
22.7,39.7,0
18.5,37.3,1
17.5,38.1,0
18.7,38.7,1
18.6,38.5,1
20.2,39.1,1
18.7,39.7,0
26.3,39.9,1
20.9,40.2,1
19.2,39.7,0
19.8,39.7,0
22.1,40.2,1
21.7,39.9,1
23.3,39.4,1
25.0,39.5,1
23.5,42.2,0
26.6,42.5,0
20.9,42.6,0
20.9,42.6,0
23.6,39.6,1
27.0,42.7,0
23.6,40.0,1
23.4,39.3,1
27.2,42.7,0
21.0,42.7,0
22.4,39.3,1
21.1,39.3,1
22.1,39.3,1
17.4,45.4,0
20.2,43.0,1
18.8,45.4,0
17.9,45.4,0
20.2,45.7,0
20.5,44.9,1
20.0,44.3,1
20.2,44.3,1
21.8,46.5,0
19.7,46.5,0
21.9,46.5,0
19.5,42.3,1
19.9,42.3,1
18.8,45.8,0
17.9,45.8,0
19.3,42.2,1
19.7,46.0,0
20.1,45.7,0
21.6,42.9,1
21.8,44.0,1
20.7,43.5,1
21.0,47.0,0
24.3,43.7,1
21.2,47.3,0
21.5,47.3,0
22.3,43.7,0
22.3,47.3,0
23.5,43.8,1
22.3,47.4,0
22.5,42.3,1
23.8,40.9,1
18.4,46.0,0
20.4,41.1,1
20.4,45.6,0
19.6,45.8,0
21.3,46.5,0
21.0,46.4,0
21.1,46.5,0
21.1,46.5,0
32.0,46.4,0
21.9,42.9,1
23.8,42.9,1
21.5,46.7,0
21.4,46.7,0
23.0,39.8,1
22.8,39.6,1
21.5,46.7,0
21.8,39.5,1
24.0,40.9,1
18.4,46.1,0
19.2,41.3,1
19.7,41.3,1
19.1,46.1,0
19.6,38.8,1
19.3,44.8,0
18.7,44.8,0
18.2,44.8,0
19.2,44.7,0
19.4,38.5,1
20.4,38.3,1
19.2,44.8,0
17.1,38.7,1
17.0,38.5,1
17.8,39.3,1
18.0,43.3,0
18.9,39.4,1
19.2,39.6,1
19.5,39.0,1
17.0,43.2,0
18.0,43.5,0
19.2,39.6,1
19.8,39.5,1
19.8,39.5,1
23.4,43.5,0
19.5,44.0,0
22.1,40.6,1
16.6,43.4,0
18.0,39.2,1
18.7,39.2,1
18.4,39.2,1
18.0,43.4,0
22.9,39.9,1
21.6,44.6,0
19.3,44.7,0
21.4,39.0,1
21.3,39.5,1
23.3,39.2,1
21.6,44.5,0
22.5,37.8,1
23.1,37.8,1
21.5,38.0,1
23.0,45.5,0
18.2,39.2,1
18.5,39.2,1
19.1,39.8,1
19.4,42.5,0
17.2,42.9,0
17.8,39.6,1
17.5,39.0,1
18.5,38.6,1
18.7,40.1,1
21.7,44.8,0
18.8,43.9,0
18.8,43.9,0
20.9,41.4,1
18.8,40.6,0
21.1,43.9,0
21.1,40.6,0
20.3,40.6,1
19.8,40.6,1
21.7,41.5,1
21.7,41.1,1
24.1,39.7,1
23.2,39.8,1
23.2,39.7,1
23.2,39.7,1
22.6,46.1,0
21.2,46.2,0
23.2,39.7,1
18.6,42.3,0
17.1,42.1,0
19.0,38.1,1
17.5,36.3,1
18.2,36.7,1
17.7,36.4,1
19.0,37.8,1
20.0,35.9,1
18.0,43.1,0
21.7,43.2,0
19.7,34.2,1
18.0,43.1,0
19.1,35.9,1
20.0,35.9,1
20.2,36.3,1
22.3,45.0,0
21.1,46.0,0
22.5,39.1,1
22.9,39.7,1
23.6,39.9,1
22.9,39.8,1
23.5,46.0,0
22.6,39.2,1
23.0,39.2,1
23.0,39.7,1
18.9,42.0,0
17.7,36.0,1
17.3,41.7,0
18.4,36.2,1
17.7,36.0,1
18.8,36.0,1
20.7,42.9,0
19.9,37.6,1
20.2,37.6,1
20.2,37.6,1
19.9,37.6,1
18.1,42.8,0
20.6,42.8,0
19.7,38.1,1
18.5,43.4,0
22.7,38.9,1
22.4,38.9,1
20.7,45.6,0
23.1,45.7,0
24.1,38.4,1
22.6,38.2,1
23.1,45.6,0
22.8,38.7,1
22.2,38.6,1
20.1,35.9,1
19.5,42.8,0
16.3,37.0,1
32.1,42.2,0
15.9,37.9,1
18.8,38.1,1
17.3,38.2,1
19.6,38.1,1
18.9,38.2,1
14.6,42.6,0
19.1,37.7,1
35.5,43.1,0
17.1,36.4,1
17.2,36.9,1
16.5,36.6,1
16.1,36.6,1
18.3,37.3,1
15.0,40.7,0
19.6,37.8,1
35.0,41.4,0
16.9,37.5,1
20.8,37.6,1
18.2,37.6,1
18.2,42.6,0
18.1,42.5,0
39.5,42.4,0
21.4,37.6,1
38.4,43.0,0
25.7,37.1,1
19.6,43.4,0
23.0,36.7,1
20.6,36.7,1
24.9,43.6,0
24.6,43.6,0
20.2,43.5,0
27.2,36.6,1
19.2,37.6,1
19.2,38.6,1
23.7,38.4,1
23.0,40.1,1
21.1,40.0,1
20.8,39.9,1
19.8,43.1,0
26.9,40.1,1
22.3,39.8,1
26.3,43.1,0
22.6,40.0,1
25.3,43.1,0
26.9,40.1,1
22.1,39.5,1
24.6,42.7,1
21.4,43.6,1
27.4,43.7,1
21.2,41.1,1
21.1,41.0,1
23.2,41.7,1
18.7,38.0,1
16.6,42.4,0
17.9,38.0,1
19.2,38.0,1
17.9,42.5,0
17.5,38.2,1
18.8,38.2,1
18.8,44.3,0
21.7,38.1,1
22.4,38.1,1
22.5,38.3,1
19.5,38.5,1
19.0,44.3,0
19.2,43.1,0
21.8,38.8,1
19.4,43.9,0
20.8,38.9,1
21.8,39.0,1
19.9,44.4,0
22.1,39.0,1
21.9,39.0,1
23.4,40.3,1
21.1,46.1,0
23.3,45.8,0
24.7,38.7,1
22.9,37.8,1
23.8,38.7,1
21.8,46.2,0
24.8,46.0,0
24.5,37.1,1
24.5,36.5,1
24.7,36.5,1
20.6,37.4,1
19.2,43.0,0
19.2,43.0,0
20.6,37.3,1
20.7,38.0,1
20.6,38.0,1
20.2,37.2,1
21.1,43.8,0
21.0,43.6,0
22.3,38.7,1
22.1,38.1,1
23.3,39.0,1
23.7,39.2,1
22.2,45.3,0
23.3,39.3,1
21.9,45.3,0
22.1,45.3,0
22.3,45.6,0
22.9,39.5,1
23.0,45.9,0
24.6,40.0,1
23.9,39.9,1
22.8,45.9,0
24.2,40.0,1
23.8,45.9,0
25.3,46.0,0
21.0,43.5,0
22.5,38.8,1
22.2,38.8,1
23.4,38.3,1
23.5,38.3,1
23.2,38.3,1
24.6,37.9,1
22.8,44.4,0
25.5,37.4,1
22.7,44.4,0
22.4,44.1,0
23.4,38.7,1
24.2,38.6,1
21.1,34.5,1
20.0,34.5,1
20.0,34.5,1
20.0,34.6,1
18.2,40.7,0
19.9,33.9,1
18.0,40.9,0
21.4,36.6,1
21.3,36.2,1
21.0,36.2,1
21.5,36.6,1
19.3,43.1,0
19.2,42.7,0
21.6,37.2,1
19.9,43.8,0
23.7,36.8,1
21.1,36.8,1
21.0,36.6,1
20.4,36.6,1
21.0,36.6,1
21.0,36.6,1
21.0,36.6,1
21.4,36.6,1
20.9,36.6,1
17.9,42.4,0
19.5,37.8,1
19.4,37.9,1
19.4,38.0,1
20.0,37.4,1
19.8,37.1,1
18.2,42.6,0
20.9,38.6,1
19.9,38.6,1
21.0,38.7,1
22.1,38.7,1
19.0,43.6,0
20.0,38.7,1
20.9,38.6,1
21.7,39.2,1
36.1,18.9,1
36.5,19.5,1
36.2,19.4,1
36.3,18.9,1
36.2,16.4,1
38.7,16.6,1
38.6,18.1,1
38.2,20.2,1
38.9,16.8,1
38.7,16.7,1
38.5,16.1,1
37.8,18.4,1
38.2,19.4,1
39.3,18.6,1
38.1,19.5,1
38.0,19.1,1
38.9,17.8,1
37.8,20.1,1
37.7,19.5,1
36.3,27.5,1
37.9,19.7,1
37.5,20.3,1
37.5,27.2,1
37.6,20.1,1
37.7,19.5,1
38.0,21.2,1
36.9,27.2,1
36.1,27.6,1
36.6,19.8,1
37.7,19.7,1
36.7,27.3,1
37.9,19.8,1
37.9,19.7,1
36.4,23.5,1
36.1,21.9,1
36.1,22.7,1
35.6,18.4,1
35.6,38.4,1
30.5,41.8,1
36.0,23.5,1
36.5,21.9,1
36.0,22.9,1
36.1,15.7,1
36.7,23.7,1
36.5,23.8,1
36.2,27.3,1
35.8,28.1,1
36.0,26.4,1
35.9,22.0,1
36.0,23.2,1
32.2,62.1,0
34.8,51.0,1
34.6,50.7,1
34.6,50.0,1
34.6,52.3,1
34.0,51.9,1
34.1,52.0,1
33.6,53.2,1
33.7,53.9,1
31.7,61.3,1
33.9,52.0,1
33.4,53.5,1
33.5,53.4,1
32.3,69.7,1
32.2,69.2,1
31.6,70.5,1
32.2,64.9,1
31.6,68.8,1
31.5,70.2,1
30.1,74.7,1
31.1,72.1,1
32.0,68.7,1
32.5,65.0,1
31.9,66.5,1
32.1,65.8,1
32.0,67.7,1
29.9,78.7,0
32.7,65.5,1
32.3,65.9,1
32.4,65.0,1
32.3,66.2,1
32.6,65.8,1
32.6,65.8,1
32.6,65.8,1
33.6,64.9,1
32.9,61.0,1
32.8,62.6,1
32.6,53.5,1
30.2,70.5,1
33.2,63.2,1
33.8,58.1,1
32.6,63.3,1
33.6,62.1,1
34.1,61.4,1
31.7,66.0,1
34.1,61.7,1
31.8,66.6,1
31.9,66.5,1
31.9,66.8,1
32.3,65.9,1
32.7,63.4,1
32.7,63.1,1
29.1,83.5,1
29.2,83.5,1
29.1,83.5,1
28.7,78.6,1
28.7,82.2,1
28.5,86.4,1
27.9,90.1,1
26.9,88.3,1
27.8,88.4,1
28.1,87.4,1
28.0,87.6,1
28.4,82.7,1
28.4,83.4,1
28.4,83.4,1
28.4,83.1,1
28.9,78.0,1
28.6,76.0,1
29.0,79.0,1
28.8,77.8,1
29.3,76.9,1
29.4,77.6,1
28.8,77.6,1
29.0,77.6,1
29.2,76.5,1
29.2,75.9,1
26.9,67.0,1
29.8,87.3,1
29.5,81.2,1
29.5,81.1,1
29.6,77.7,1
29.2,79.5,1
29.3,79.1,1
30.7,68.9,1
28.6,78.6,1
28.5,82.0,1
28.8,78.2,1
28.8,78.0,1
29.2,77.5,1
28.9,78.4,1
28.7,79.0,1
28.7,75.5,1
29.2,73.8,1
29.0,72.8,1
29.4,74.6,1
30.5,72.0,1
29.4,77.8,1
31.7,67.8,1
31.8,67.5,1
30.9,69.8,1
30.9,70.7,1
31.1,74.3,1
30.9,74.3,1
32.0,67.7,1
32.0,68.7,1
31.7,62.2,1
31.5,63.9,1
31.7,67.2,1
32.1,63.2,1
29.8,67.6,1
31.2,69.1,1
30.3,67.2,1
28.8,77.1,1
30.0,70.1,1
30.1,71.5,1
30.1,71.3,1
30.1,67.2,1
29.9,67.8,1
30.0,68.9,1
30.9,66.9,1
29.3,76.9,1
29.9,67.8,1
29.9,66.7,1
29.6,71.5,1
30.1,70.6,1
29.4,72.7,1
30.3,68.1,1
30.9,67.2,1
29.3,70.9,1
30.0,72.1,1
29.4,70.5,1
30.0,72.2,1
29.7,71.5,1
30.3,72.2,1
29.8,72.7,1
29.9,73.5,1
30.5,71.5,1
29.8,74.8,1
29.7,74.7,1
29.8,75.0,1
29.7,74.8,1
31.7,63.6,1
30.1,73.1,1
29.9,74.5,1
29.9,74.8,1
30.3,70.6,1
32.2,71.2,1
30.2,81.0,1
30.1,80.7,1
30.2,79.8,1
30.3,79.3,1
30.3,78.9,1
30.2,80.3,1
30.0,79.9,1
30.9,72.3,1
30.8,69.8,1
30.8,70.5,1
30.7,69.5,1
34.3,72.9,1
29.7,73.2,1
30.2,73.5,1
30.6,67.9,1
31.1,65.9,1
31.3,66.5,1
31.5,63.8,1
31.7,64.7,1
31.7,63.7,1
31.7,64.9,1
30.7,67.2,1
30.8,67.4,1
31.1,60.8,1
31.2,61.4,1
31.4,60.8,1
31.4,60.7,1
31.2,60.1,1
31.8,61.8,1
31.2,58.1,1
31.8,60.7,1
31.8,59.4,1
31.7,58.6,1
31.5,58.2,1
31.7,57.1,1
32.9,52.5,1
32.7,52.7,1
32.8,52.7,1
32.9,52.3,1
33.9,49.3,1
33.4,49.6,1
32.1,52.6,1
34.1,47.9,1
32.4,54.2,1
32.4,54.2,1
28.5,76.9,1
29.0,73.8,1
30.4,76.5,1
29.3,75.5,1
28.2,75.7,1
30.3,75.6,1
27.5,81.2,1
27.8,80.6,1
28.1,80.7,1
28.4,78.9,1
27.8,89.3,1
27.6,89.6,1
27.4,92.4,1
27.7,94.2,1
27.9,91.7,1
27.9,90.0,1
27.6,89.0,1
27.1,95.3,1
27.5,93.7,1
27.5,92.6,1
29.7,75.1,1
27.9,82.9,1
28.1,84.1,1
26.6,89.2,1
27.4,88.5,1
28.0,87.1,1
28.3,81.6,1
27.7,87.9,1
28.1,86.6,1
28.2,84.6,1
29.0,83.4,1
29.2,83.1,1
28.0,84.8,1
28.0,84.2,1
27.9,84.0,1
27.6,85.0,1
28.3,83.2,1
28.4,83.9,1
28.4,83.5,1
29.9,72.1,1
29.4,73.2,1
29.1,73.8,1
29.2,75.5,1
28.7,77.5,1
28.7,78.2,1
29.1,74.3,1
29.5,80.1,1
28.8,79.2,1
28.9,71.5,1
29.1,71.5,1
29.4,70.0,1
28.6,80.4,1
29.1,81.5,1
29.3,81.7,1
29.3,82.7,1
30.3,73.7,1
29.6,76.7,1
28.6,79.3,1
28.5,79.5,1
30.6,74.6,1
29.0,78.2,1
28.6,75.5,1
29.2,77.5,1
29.2,77.5,1
29.2,78.3,1
29.0,78.4,1
30.0,60.1,1
30.4,61.1,1
29.8,64.4,1
29.7,65.5,1
29.7,68.8,1
29.8,66.1,1
30.4,66.6,1
29.9,67.6,1
29.8,68.1,1
31.5,67.4,1
31.8,66.0,1
31.2,68.5,1
31.0,69.8,1
30.7,73.4,1
30.5,71.3,1
30.7,66.9,1
29.9,69.0,1
29.7,76.4,1
30.4,76.4,1
30.0,76.6,1
31.2,69.9,1
31.1,69.4,1
31.6,57.5,1
31.1,64.6,1
30.8,63.6,1
31.4,63.6,1
30.8,63.3,1
30.2,65.3,1
30.3,66.3,1
30.4,42.7,1
30.1,43.6,1
30.3,43.6,1
29.9,42.6,1
31.8,31.2,1
30.3,38.6,1
30.1,39.0,1
28.2,45.4,1
28.2,46.2,1
31.2,37.2,1
31.9,36.5,1
30.7,34.6,1
30.4,34.4,1
30.8,33.1,1
31.4,37.7,1
31.5,31.7,1
30.9,32.2,1
31.7,31.5,1
30.2,36.0,1
30.4,38.2,1
32.4,29.2,1
31.5,31.0,1
33.4,28.1,1
33.5,28.4,1
34.0,27.6,1
33.3,28.7,1
33.9,27.6,1
33.7,27.6,1
33.7,27.6,1
33.7,27.6,1
32.2,31.3,1
32.4,35.7,1
31.9,30.7,1
30.8,36.7,1
31.2,36.4,1
31.7,31.8,1
31.8,43.4,1
31.8,44.0,1
31.9,43.3,1
30.1,40.9,1
30.7,41.5,1
31.2,39.5,1
31.9,40.3,1
31.9,40.2,1
31.8,41.1,1
32.0,39.8,1
31.6,37.6,1
31.7,35.8,1
32.1,34.2,1
31.6,34.3,1
31.8,39.0,1
32.0,32.7,1
32.1,33.1,1
31.9,35.5,1
32.1,36.1,1
32.1,35.7,1
31.5,37.1,1
32.1,36.7,1
31.7,35.4,1
31.7,36.0,1
31.6,36.2,1
31.4,36.2,1
31.6,31.8,1
31.0,37.4,1
31.1,37.3,1
30.7,32.3,1
30.8,33.1,1
30.9,36.1,1
31.8,31.5,1
32.4,30.0,1
32.1,31.1,1
32.1,30.6,1
32.8,27.9,1
32.8,27.7,1
33.0,28.3,1
31.5,29.8,1
31.7,29.5,1
31.8,28.1,1
32.1,25.6,1
32.0,26.6,1
31.1,25.4,1
30.1,25.4,1
31.6,24.9,1
31.8,25.3,1
31.1,25.4,1
32.0,26.1,1
33.4,29.8,1
31.7,23.8,1
32.3,23.6,1
32.2,23.2,1
32.3,23.4,1
30.6,25.9,1
30.9,26.6,1
29.8,32.0,1
29.6,33.4,1
30.0,31.4,1
30.8,31.1,1
31.7,28.4,1
31.7,29.8,1
30.5,30.3,1
31.3,28.2,1
30.8,26.9,1
31.6,27.7,1
31.8,29.6,1
32.5,26.2,1
29.9,33.0,1
31.6,26.4,1
30.9,21.7,1
31.4,22.7,1
32.6,18.2,1
31.5,20.8,1
31.8,20.2,1
31.6,21.2,1
31.8,19.4,1
31.8,20.8,1
31.8,21.1,1
32.8,22.5,1
32.5,21.5,1
32.6,21.2,1
32.0,20.8,1
30.7,22.0,1
31.3,20.2,1
30.4,18.5,1
30.1,19.3,1
30.1,18.0,1
29.7,17.2,1
29.5,17.5,1
30.9,20.0,1
29.0,19.4,1
28.9,19.8,1
27.9,19.2,1
26.1,17.9,1
32.2,54.1,1
32.7,56.4,1
31.9,36.5,1
28.8,33.6,1
30.6,36.1,1
27.6,38.0,1
29.3,39.1,1
28.6,38.8,1
28.9,30.0,1
32.5,31.9,1
31.8,32.0,1
28.1,32.8,1
28.8,33.2,1
28.1,33.5,1
27.7,34.1,1
28.0,33.7,1
29.2,33.2,1
28.7,33.3,1
25.8,36.3,1
26.0,36.1,1
25.6,36.4,1
28.0,34.2,1
27.2,34.8,1
27.2,34.3,1
26.9,35.1,1
26.9,34.0,1
24.4,33.9,1
27.4,32.5,1
27.3,32.6,1
27.6,33.2,1
27.3,32.9,1
26.4,34.7,0
27.2,30.4,1
26.2,30.7,1
27.3,31.6,1
26.8,31.2,1
27.0,30.3,1
27.6,32.9,1
28.2,34.4,1
36.6,34.0,1
35.6,31.4,1
32.9,38.5,1
30.5,28.2,1
36.8,27.4,1
29.2,24.3,1
30.8,30.1,1
29.5,32.9,1
29.9,23.4,1
37.6,18.8,1
37.3,17.7,1
35.1,31.1,1
32.6,29.5,1
34.5,31.9,1
30.4,27.3,1
30.6,27.6,1
30.7,27.5,1
30.7,28.2,1
28.8,36.6,1
25.9,54.3,0
26.6,50.6,0
24.8,50.8,0
24.5,51.7,0
38.9,24.9,1
39.6,24.1,1
30.6,47.7,1
30.4,46.0,1
28.6,47.8,1
31.8,43.7,1
31.4,45.0,1
31.3,45.3,1
31.5,44.4,1
30.9,45.0,1
31.5,44.9,1
31.1,44.0,1
31.6,42.4,1
30.3,46.0,1
29.2,46.8,0
29.5,46.1,1
29.0,46.4,1
26.7,49.3,1
29.3,46.6,1
29.0,45.9,1
30.4,42.8,1
30.6,42.5,1
31.1,41.9,1
29.8,45.2,0
29.4,46.9,1
29.4,46.1,1
29.3,44.9,1
25.5,36.8,1
26.5,37.2,1
26.5,37.8,1
24.5,40.2,1
23.2,44.8,0
22.5,46.1,0
23.5,45.4,0
24.6,43.2,0
26.5,43.3,0
24.1,43.1,0
26.0,42.8,0
25.1,42.3,0
24.6,42.6,0
23.8,41.9,0
22.7,46.2,0
22.1,45.1,0
22.5,35.7,0
22.8,36.7,0
23.4,36.7,0
21.4,37.9,0
22.4,37.7,0
21.3,36.9,0
22.2,41.3,0
23.0,38.2,0
22.0,45.5,0
31.5,41.5,1
31.5,41.0,1
31.3,41.5,1
33.3,34.8,1
29.9,38.9,1
29.8,38.9,1
29.4,41.3,1
32.8,46.4,1
32.5,45.9,1
32.4,44.4,1
32.2,41.5,1
24.5,42.7,1
25.2,42.5,1
25.3,43.4,1
30.9,33.9,1
28.5,35.7,1
29.8,34.8,0
29.8,35.7,0
28.8,35.7,0
30.4,35.1,1
26.2,44.2,1
27.7,43.1,1
20.8,32.8,0
20.7,33.1,0
24.6,41.8,0
23.5,39.2,0
21.5,39.3,0
21.0,41.8,0
21.0,41.8,0
25.2,33.7,0
22.2,36.5,0
22.8,41.1,1
26.6,43.1,0
24.8,42.9,0
25.0,42.4,0
26.4,41.2,0
24.9,42.0,0
26.0,41.7,0
26.9,45.3,0
20.9,49.3,0
22.6,59.8,0
21.6,55.8,0
26.8,48.6,0
27.0,45.8,0
27.1,46.4,0
28.2,45.6,0
27.1,44.5,0
27.7,45.4,0
28.5,44.6,0
28.2,44.5,0
27.5,45.6,0
26.4,46.7,0
27.3,46.1,0
27.7,45.6,0
27.4,45.4,0
27.2,45.5,0
26.1,46.4,0
27.2,45.0,0
24.3,47.8,0
24.9,47.6,0
26.6,46.4,0
26.9,43.9,0
26.0,44.3,0
25.6,46.1,0
22.0,31.4,0
24.7,37.4,0
24.1,39.0,0
24.1,39.0,0
23.1,39.7,0
24.4,42.7,0
23.4,40.5,0
22.7,41.4,0
22.5,41.4,0
22.8,39.8,0
23.8,39.7,0
22.8,41.3,0
22.1,42.4,0
23.1,40.8,0
24.4,38.2,0
24.0,38.7,0
24.4,37.6,0
23.4,38.7,0
24.3,34.3,0
24.0,35.8,0
23.8,36.6,0
24.4,35.8,0
27.6,27.1,0
27.3,28.5,0
27.3,28.5,0
26.0,28.7,0
27.2,28.5,0
27.6,27.7,0
28.6,30.0,0
22.5,26.9,0
25.9,26.6,0
23.0,27.7,0
23.9,27.5,0
24.6,27.1,0
23.6,27.0,0
21.4,32.7,0
23.4,39.5,0
26.9,42.2,0
27.2,41.5,0
27.4,41.8,0
26.1,42.0,0
26.7,41.6,0
26.7,41.8,0
25.1,42.9,0
25.9,40.6,0
25.3,42.1,0
25.4,41.1,0
25.5,40.5,0
25.2,41.4,0
23.0,44.0,0
26.9,31.5,1
26.6,31.3,1
25.8,33.0,1
24.4,32.8,1
26.2,31.5,1
26.2,31.3,1
21.5,41.1,0
26.1,29.3,0
24.7,30.6,0
26.0,37.2,0
28.0,35.2,0
26.4,36.4,0
27.3,34.6,0
26.8,36.0,0
27.1,35.0,0
27.5,34.8,1
28.3,34.3,1
27.1,35.2,1
27.1,35.2,1
25.8,31.9,0
25.9,33.3,0
25.9,32.7,0
23.4,36.3,0
24.6,26.6,0
24.8,27.5,1
24.5,27.5,1
23.1,28.6,1
23.0,30.6,1
22.8,30.8,1
22.2,31.0,1
21.1,32.7,1
25.7,35.0,1
25.0,36.2,1
25.2,37.7,1
21.1,38.9,1
25.3,35.3,1
35.4,45.0,1
36.7,41.5,1
36.7,41.5,1
37.3,41.2,1
35.8,36.7,1
37.1,36.3,1
23.5,41.9,0
23.4,38.4,0
36.3,24.9,1
36.4,26.1,1
35.4,27.5,1
36.3,27.1,1
38.4,34.2,1
22.5,57.1,0
24.5,49.1,0
22.8,52.7,0
36.4,40.4,1
23.1,53.0,0
24.7,49.7,0
37.9,46.8,1
36.3,46.9,1
32.9,57.7,1
34.6,44.5,1
26.4,49.5,0
25.7,56.2,0
23.9,54.0,0
23.8,57.2,1
24.7,64.6,0
28.2,61.2,0
37.2,53.8,1
35.4,55.4,1
34.8,58.6,1
34.8,57.7,1
33.7,60.6,1
34.6,57.9,1
34.0,60.2,1
25.4,66.2,0
27.3,64.9,0
31.3,73.9,1
31.5,67.4,1
31.1,72.6,1
32.4,57.6,1
33.8,48.5,1
32.2,58.6,1
31.2,58.4,1
34.5,50.5,1
35.0,55.3,1
35.0,54.4,1
34.6,51.0,1
36.6,43.1,1
36.3,42.7,1
36.4,44.2,1
35.7,45.6,1
37.7,36.5,1
38.0,35.4,1
36.5,44.7,1
36.8,44.2,1
37.1,43.3,1
34.5,54.6,1
33.1,57.4,1
33.0,58.1,1
35.5,51.5,1
34.2,54.3,1
34.4,54.4,1
31.9,68.1,1
31.2,70.5,1
31.8,68.9,1
34.0,61.2,1
33.9,60.4,1
33.7,60.8,1
32.7,63.9,1
36.5,52.3,1
33.5,60.3,1
33.4,61.0,1
33.3,61.2,1
37.3,53.9,1
35.6,55.3,1
35.9,55.3,1
35.6,53.6,1
36.0,58.4,1
34.9,58.9,1
34.7,58.7,1
34.6,59.1,1
35.1,55.8,1
35.2,55.3,1
34.6,56.3,1
34.8,55.2,1
34.5,56.3,1
34.7,55.4,1
34.9,53.6,1
27.5,49.8,1
27.7,46.3,1
35.8,56.0,1
35.2,55.9,1
34.7,55.5,1
34.7,55.4,1
34.9,54.9,1
33.6,65.2,1
33.4,64.6,1
31.6,65.5,1
31.8,65.5,1
32.8,64.7,1
30.0,69.5,1
32.5,63.8,1
32.7,64.7,1
32.8,64.4,1
32.7,65.5,1
32.7,65.5,1
31.8,63.9,1
32.0,64.2,1
31.8,67.6,1
31.9,66.9,1
32.1,67.5,1
32.0,67.4,1
32.0,67.2,1
32.7,63.7,1
31.9,67.0,1
32.2,67.3,1
32.1,66.1,1
32.0,66.1,1
32.2,65.8,1
31.9,63.0,1
32.1,63.0,1
32.9,64.7,1
32.2,64.9,1
35.5,28.2,1
36.2,28.3,1
32.2,26.8,1
33.0,27.0,1
33.6,26.6,1
32.3,26.2,1
29.9,73.8,1
30.3,75.7,1
30.1,74.8,1
30.4,73.3,1
30.5,73.3,1
30.6,73.3,1
31.3,74.2,1
31.0,74.4,1
31.7,77.0,1
30.3,75.4,1
31.0,75.3,1
30.1,82.4,1
30.3,76.0,1
32.8,68.7,1
32.6,65.9,1
31.8,68.4,1
29.2,71.2,1
32.1,66.1,1
32.3,65.6,1
29.9,72.4,1
30.9,72.4,1
31.2,71.6,1
30.4,71.4,1
30.4,70.4,1
29.4,26.8,1
26.3,25.9,1
25.8,26.1,1
26.6,25.0,1
23.1,38.5,0
23.7,33.1,0
23.8,36.6,0
23.1,38.5,0
24.8,35.0,0
24.4,37.2,0
24.1,36.2,0
24.0,35.8,0
23.4,36.1,0
24.3,35.6,0
24.4,36.6,0
23.7,39.3,0
23.9,34.7,0
24.2,33.4,0
23.9,34.7,0
32.4,14.4,1
32.3,14.8,1
31.7,15.1,1
31.9,16.9,1
31.4,15.7,1
32.1,23.6,1
32.1,40.6,1
32.4,40.6,1
32.5,40.7,1
32.4,40.9,1
33.4,36.0,1
32.0,32.5,1
33.5,32.9,1
36.2,23.3,1
37.3,13.9,1
32.9,28.0,1
34.0,25.1,1
31.5,25.7,1
31.5,25.7,1
31.4,25.7,1
31.3,25.7,1
31.4,25.7,1
35.5,19.6,1
34.9,20.5,1
35.0,20.9,1
34.7,22.2,1
35.5,20.0,1
35.2,21.7,1
30.4,20.8,1
37.3,17.3,1
37.0,16.8,1
36.1,20.0,1
36.3,19.8,1
32.7,23.4,1
32.8,23.5,1
32.7,23.4,1
32.7,23.2,1
33.0,23.5,1
32.8,23.5,1
33.7,37.3,1
39.3,26.9,1
35.6,40.2,1
34.1,47.8,1
29.6,30.6,1
32.1,29.1,1
35.9,31.5,1
36.9,36.6,1
30.2,33.6,1
30.2,32.4,1
36.4,38.0,1
27.5,42.4,1
29.9,60.9,1
30.3,66.6,1
29.0,68.6,1
29.4,69.3,1
29.5,71.7,1
29.9,68.5,1
25.4,45.9,1
29.0,79.6,1
33.6,57.1,1
25.8,48.4,1
33.0,59.3,1
32.0,68.3,1
37.1,47.4,1
32.8,56.6,1
25.4,33.2,1
30.2,65.7,1
31.6,61.8,1
31.6,62.8,1
32.4,59.7,1
29.4,69.7,1
30.4,63.7,1
30.4,69.9,1
28.9,44.2,1
27.3,43.4,1
26.8,64.0,1
30.2,74.8,1
30.0,71.9,1
30.2,72.0,1
31.2,54.7,1
31.4,55.3,1
31.2,55.6,1
30.7,55.5,1
30.7,55.8,1
30.8,81.0,1
28.4,52.8,1
28.3,52.5,1
24.5,56.0,1
28.2,55.0,1
28.7,50.0,1
28.4,53.9,1
28.7,53.9,1
28.6,57.0,1
29.6,71.9,1
28.6,60.4,1
29.4,63.0,1
29.4,78.1,1
29.6,77.3,1
26.9,44.3,1
29.3,86.6,1
30.0,78.1,1
29.8,61.0,1
30.5,61.7,1
30.4,62.1,1
30.7,62.9,1
30.5,63.1,1
30.3,63.1,1
30.8,60.2,1
31.2,59.7,1
30.8,57.8,1
31.7,52.9,1
31.7,56.1,1
30.4,66.8,1
30.3,64.2,1
30.5,66.3,1
30.9,67.2,1
31.2,66.0,1
32.4,63.3,1
29.9,74.2,1
21.6,36.6,0
22.9,36.3,0
23.7,36.5,0
24.9,36.1,0
25.6,36.9,0
25.6,36.2,0
25.6,32.2,0
25.6,31.4,0
25.2,32.0,0
25.1,32.8,0
25.2,33.0,0
25.2,33.7,0
25.0,34.1,0
25.2,34.6,0
25.7,41.4,0
25.7,41.4,0
26.0,42.0,0
26.0,42.0,0
26.6,43.0,0
26.8,44.7,0
26.7,45.5,0
26.6,46.5,0
26.7,47.2,0
26.7,51.2,0
26.8,51.7,0
27.0,49.1,0
27.1,48.1,0
27.1,47.3,0
27.3,51.5,0
27.4,52.9,0
27.5,49.0,0
27.4,47.7,0
27.5,46.6,0
27.7,50.3,0
27.6,52.0,0
27.7,47.1,0
27.9,45.7,0
27.9,51.0,0
27.8,51.8,0
27.9,47.9,0
27.9,45.8,0
28.0,43.7,0
28.1,47.1,0
26.4,47.4,0
25.4,42.6,0
25.3,42.5,0
26.1,15.2,0
23.0,39.3,0
24.7,41.5,0
25.1,38.7,0
25.6,39.3,0
26.1,39.0,0
25.6,45.2,0
25.3,45.8,0
25.2,43.0,0
25.3,40.5,0
25.3,50.0,0
25.2,48.8,0
25.3,44.9,0
25.5,46.2,0
25.7,47.1,0
26.1,49.0,0
26.5,48.6,0
26.5,44.3,0
26.9,46.4,0
26.5,47.9,0
26.8,48.0,0
26.9,47.2,0
26.9,44.2,0
27.0,44.1,0
27.2,45.2,0
27.3,48.7,0
27.3,46.4,0
27.4,41.5,0
27.6,40.8,0
27.6,40.9,0
27.6,45.9,0
27.6,45.9,0
27.4,49.0,0
27.7,49.6,0
27.7,44.9,0
27.6,45.5,0
27.7,45.9,0
27.7,49.1,0
27.8,48.9,0
27.9,45.2,0
27.9,46.4,0
28.0,46.9,0
25.9,48.8,0
25.4,45.8,0
21.1,43.0,0
23.0,40.5,0
23.9,39.8,0
24.8,44.6,0
36.0,21.4,1
36.3,24.7,1
35.5,25.1,1
15.6,65.9,0
17.2,61.0,0
16.4,60.2,0
16.8,57.9,0
16.4,58.5,0
16.8,57.9,0
17.4,58.0,0
17.1,58.4,0
16.8,71.4,0
17.2,69.5,0
17.1,70.5,0
18.6,64.2,0
18.6,62.5,0
19.6,62.8,0
17.5,66.4,0
14.7,40.6,0
15.2,40.1,0
15.5,35.2,0
16.5,40.9,0
16.8,34.4,0
17.4,32.9,0
17.1,33.0,0
17.0,32.7,0
16.8,37.8,0
17.7,33.1,0
19.1,53.5,0
21.7,47.7,0
20.9,54.2,0
19.2,56.6,0
19.0,55.1,0
18.1,58.5,0
18.1,58.5,0
19.0,52.9,0
21.0,47.0,0
18.7,54.8,0
20.0,53.0,0
19.3,51.4,0
20.0,50.2,0
18.4,53.5,0
19.8,51.5,0
19.0,58.2,0
18.3,49.4,0
18.9,52.0,0
18.1,66.2,0
18.3,63.2,0
19.0,61.4,0
18.3,61.9,0
17.9,64.0,0
18.0,60.5,0
17.4,66.8,0
14.5,72.0,0
17.5,61.3,0
18.2,57.4,0
18.1,58.3,0
16.4,65.4,0
17.3,61.7,0
15.9,61.9,0
17.4,28.0,0
15.6,22.4,0
18.0,20.5,0
20.2,22.3,0
18.4,24.2,0
18.8,25.1,0
18.7,21.6,0
18.6,23.5,0
19.8,20.4,0
19.5,23.8,0
18.4,22.5,0
19.6,18.1,0
20.7,17.3,0
18.3,37.3,0
17.9,37.3,0
18.1,33.5,0
18.0,34.0,0
17.7,32.6,0
18.1,36.1,0
17.1,42.4,0
17.8,38.0,0
17.8,38.6,0
17.6,40.6,0
16.1,35.8,0
16.4,36.1,0
18.5,33.7,0
18.5,33.4,0
17.9,31.2,0
16.1,38.4,0
21.5,31.3,0
17.6,43.5,0
20.0,33.7,0
19.7,35.4,0
18.1,39.7,0
17.5,36.2,0
15.1,37.2,0
15.2,33.9,0
17.6,34.7,0
17.6,34.0,0
19.9,32.6,0
19.4,34.2,0
18.7,32.7,0
18.7,32.7,0
21.6,24.1,0
21.3,25.3,0
21.4,28.7,0
21.2,29.6,0
21.8,24.7,0
23.3,25.6,0
22.5,24.1,0
21.8,32.2,0
22.2,26.5,0
18.3,66.5,1
19.7,53.1,1
24.7,29.7,1
23.9,28.4,1
26.2,19.2,0
25.1,16.5,0
24.6,16.8,0
24.9,19.3,0
25.2,17.5,0
25.2,22.8,0
23.5,30.0,1
26.7,20.3,1
27.4,18.6,1
26.8,19.5,1
25.4,21.1,1
25.2,38.9,1
25.5,28.3,1
26.0,31.0,1
27.9,24.9,1
27.1,26.9,0
27.0,22.9,1
28.4,22.1,1
26.9,29.3,0
29.1,20.9,1
27.6,19.7,1
29.1,27.7,1
27.8,21.9,1
28.1,27.6,1
25.5,26.4,1
27.8,24.4,0
30.1,20.6,0
29.8,23.0,0
31.9,21.2,1
32.2,21.0,1
31.6,21.1,1
26.5,26.2,1
24.8,29.4,1
24.1,38.2,1
22.6,25.2,1
22.7,25.1,1
23.7,21.1,1
22.0,26.4,1
22.3,22.2,1
22.2,24.1,1
21.7,21.5,1
20.8,27.2,1
21.2,26.2,1
27.3,24.0,0
25.7,27.5,1
25.6,27.7,1
28.0,28.8,1
26.6,26.8,0
27.7,27.3,1
27.8,24.2,0
26.5,29.2,1
28.1,25.7,1
29.1,27.3,1
26.9,32.1,0
28.4,18.0,0
28.4,22.6,1
29.6,22.5,1
28.6,22.8,0
28.8,20.0,1
27.3,28.3,0
28.6,24.8,1
26.5,31.7,0
26.4,31.1,0
27.2,30.3,0
27.9,28.8,1
25.9,31.2,1
26.2,30.8,1
26.6,31.1,0
26.9,31.0,1
27.3,30.8,1
27.8,29.2,1
29.0,26.3,1
32.4,23.7,1
33.3,21.6,1
33.2,19.5,1
33.1,18.6,0
31.2,23.4,1
30.4,23.8,1
32.5,23.4,0
33.7,22.6,1
33.4,20.7,1
30.8,23.5,1
31.3,24.2,1
31.7,23.0,1
31.3,25.3,1
32.1,24.9,1
29.2,38.0,1
31.0,34.6,1
28.7,36.0,1
32.2,34.3,1
27.9,36.5,1
30.8,35.6,1
30.7,35.8,1
30.6,36.0,1
30.8,36.2,1
28.6,40.1,1
31.1,28.2,1
30.9,28.1,1
33.7,18.6,1
33.6,18.6,1
28.9,36.4,1
27.5,31.3,1
30.4,42.4,1
28.8,27.5,1
29.7,26.0,0
29.7,24.2,1
29.2,24.9,0
28.4,26.4,1
28.7,28.8,0
30.4,25.8,1
30.4,23.2,1
29.3,21.2,1
29.7,21.7,1
30.5,20.3,0
31.3,24.6,1
30.1,18.3,1
30.1,18.7,1
29.9,19.8,1
30.1,20.3,1
30.1,28.9,1
30.0,20.9,1
30.1,21.0,1
30.1,21.0,1
31.6,20.8,1
27.6,21.0,1
28.0,21.7,1
30.1,17.2,1
28.2,40.3,1
31.2,17.0,1
29.3,17.0,1
30.9,21.2,1
30.5,20.8,1
31.3,15.3,1
32.0,19.3,1
32.2,20.2,1
31.2,16.1,1
31.9,16.4,1
31.0,18.7,1
30.4,20.0,1
30.6,18.4,1
32.5,14.6,1
31.3,17.3,1
31.5,16.9,1
32.9,13.7,1
30.5,17.2,1
32.9,15.6,1
32.6,14.3,1
34.0,17.1,1
31.0,21.8,1
31.3,23.7,1
31.5,21.7,1
31.8,20.7,1
30.6,20.8,1
32.0,20.6,1
30.9,23.2,1
31.2,22.0,1
31.6,21.2,1
31.3,21.1,1
31.8,19.9,1
31.9,20.1,1
31.9,22.1,1
31.1,20.9,1
31.2,19.6,1
30.6,20.7,1
29.0,22.1,1
32.5,17.9,1
31.6,19.8,1
32.8,17.9,1
30.3,23.9,1
33.3,16.7,1
35.1,15.9,1
33.3,15.9,1
32.3,17.1,1
32.5,17.1,1
32.1,20.3,1
31.7,17.5,1
31.8,18.7,1
33.6,16.6,1
32.1,19.0,1
33.0,17.0,1
34.3,15.3,1
33.9,17.6,0
32.4,17.2,0
32.7,19.5,1
32.7,19.0,1
31.1,17.8,1
31.5,17.5,1
31.8,20.7,1
32.4,17.9,1
31.7,19.0,1
34.0,18.3,1
33.6,18.4,1
32.6,20.8,1
31.7,19.7,1
33.2,16.7,1
31.4,20.0,1
33.9,16.5,1
33.0,18.4,1
35.9,11.8,1
34.8,10.4,1
34.6,10.6,1
35.0,11.9,1
33.0,13.3,1
27.7,36.0,1
35.2,16.4,1
32.0,27.5,1
29.9,29.9,1
35.2,14.9,1
34.3,12.0,1
34.8,14.1,1
28.4,26.1,1
35.4,14.4,1
28.4,34.6,1
34.4,16.5,1
33.6,13.0,1
32.8,16.8,1
25.5,26.3,1
26.4,35.7,1
26.4,36.9,1
26.9,31.2,1
27.0,28.4,1
27.0,29.5,1
28.3,25.0,1
27.1,22.7,1
27.2,25.9,1
27.3,24.6,1
27.8,23.5,1
27.9,23.0,1
27.5,23.4,1
27.6,24.1,1
27.6,29.8,1
27.6,24.2,1
28.3,20.4,1
28.5,20.2,1
28.0,23.6,1
27.5,19.0,1
28.4,20.5,1
28.3,20.4,1
29.2,20.3,1
29.5,19.0,1
29.4,19.3,1
30.4,17.3,1
29.9,17.3,1
31.2,16.6,1
30.8,15.9,1
28.5,19.1,1
29.9,19.2,1
28.9,19.0,1
28.7,18.4,1
29.5,25.5,1
29.3,25.8,1
28.7,21.4,1
29.1,21.1,1
29.0,20.9,1
28.8,22.2,1
28.9,22.3,1
28.8,22.0,1
28.5,21.9,1
28.7,24.4,1
27.6,21.2,1
28.4,24.8,1
27.1,24.0,1
28.2,23.0,1
28.2,22.9,1
27.9,23.3,1
27.8,21.8,1
31.9,22.3,1
30.7,22.5,1
29.7,23.4,1
29.1,26.5,1
28.8,25.6,1
27.7,24.5,1
27.8,24.6,1
28.4,26.5,1
28.4,35.7,0
28.7,35.2,0
28.4,36.1,0
28.3,37.8,0
28.2,37.9,0
28.6,40.3,0
28.5,37.2,0
28.9,36.5,0
28.8,37.5,0
28.1,35.4,0
28.5,37.0,0
28.3,36.6,0
29.0,37.4,0
28.9,38.4,0
29.6,36.3,0
19.7,30.8,0
19.9,29.6,0
20.1,28.9,0
20.0,30.5,0
20.7,29.6,0
20.5,32.3,0
20.5,29.0,0
20.5,28.2,0
17.4,42.7,0
19.1,42.2,0
18.8,39.5,0
19.4,45.6,0
18.9,40.2,0
19.2,36.4,0
20.0,36.6,0
19.3,39.4,0
18.4,45.7,0
19.1,45.7,0
19.1,45.1,0
19.1,46.2,0
19.3,44.4,0
19.5,45.4,0
19.2,43.6,0
20.5,44.4,0
20.4,43.8,0
28.2,45.6,1
25.5,51.8,1
25.1,50.0,1
27.3,35.8,1
26.0,37.4,1
25.6,38.1,1
26.7,31.1,1
28.6,33.5,1
28.0,32.4,1
27.9,29.5,1
31.4,32.3,1
27.1,24.9,1
24.7,24.9,1
24.9,27.6,1
30.5,14.5,1
27.6,26.1,1
26.6,25.1,1
29.5,16.6,1
22.2,21.0,1
26.7,21.9,1
28.0,22.2,1
32.0,17.0,1
29.3,20.2,1
28.1,21.1,1
27.0,21.7,1
27.1,21.8,1
21.3,36.4,1
18.5,33.0,0
19.1,34.1,0
18.8,34.3,0
18.4,33.2,0
18.6,35.6,0
16.8,48.5,0
17.1,42.8,0
18.5,33.1,0
18.8,33.8,0
18.4,32.7,0
19.2,31.8,0
17.9,38.0,0
18.0,38.3,0
18.1,36.8,0
14.1,36.2,0
14.1,36.5,0
14.9,34.4,0
14.9,33.8,0
19.1,27.7,0
18.6,26.0,0
19.2,27.2,0
19.2,27.2,0
18.6,25.7,0
17.0,34.2,0
16.9,34.5,0
17.0,34.2,0
17.0,34.8,0
16.5,34.6,0
20.2,27.5,0
20.3,28.6,0
20.2,27.8,0
22.0,41.8,0
22.2,43.4,0
21.8,41.3,0
19.9,51.4,0
19.3,51.7,0
19.4,51.6,0
19.6,52.0,0
28.4,21.5,1
28.2,46.2,1
32.9,33.2,1
32.7,33.8,1
28.9,38.3,1
28.9,38.2,1
29.2,38.7,1
29.2,39.0,1
29.2,39.7,1
29.2,39.2,1
28.4,39.6,1
28.1,39.6,1
27.7,40.3,1
27.5,39.4,1
28.2,39.4,1
27.6,40.5,1
27.1,39.7,1
26.7,40.6,1
28.1,39.8,1
28.5,38.7,1
28.0,39.5,1
28.2,38.3,1
28.1,39.1,1
29.0,38.6,1
32.9,27.5,1
27.9,27.9,1
26.3,23.3,1
36.1,20.4,1
32.8,22.4,1
29.2,25.4,1
28.7,24.5,1
24.7,28.6,1
27.1,25.7,1
25.9,29.5,1
33.0,36.2,1
32.5,38.4,1
32.7,37.9,1
32.7,37.6,1
33.0,37.1,1
33.8,36.9,1
34.5,34.1,0
33.4,36.5,1
33.1,36.8,1
32.5,38.6,1
31.4,38.4,1
31.7,38.9,1
31.1,39.4,1
30.1,39.9,0
28.4,42.6,1
26.9,44.9,0
28.9,42.5,0
29.1,42.5,0
28.6,42.2,1
29.6,41.9,1
28.5,40.8,1
28.5,41.0,1
28.9,41.1,1
27.3,44.2,1
27.5,44.1,1
27.5,43.8,1
27.1,44.3,1
25.8,45.4,1
29.0,41.4,1
28.6,40.6,1
16.8,45.4,0
18.2,42.7,0
19.3,41.2,0
20.7,32.2,0
20.7,31.5,0
20.8,33.5,0
32.1,43.6,1
32.6,30.0,1
32.7,24.3,1
30.7,17.9,1
31.2,17.5,1
31.9,15.5,1
31.2,16.4,1
29.0,16.3,1
31.9,10.3,1
20.7,34.0,0
20.7,34.0,0
20.7,34.0,0
20.7,34.0,0
20.7,34.0,0
20.7,34.0,0
20.7,34.0,0
20.7,34.0,0
20.7,34.0,0
20.7,34.7,0
20.9,34.5,0
20.0,34.5,0
20.5,34.6,0
20.5,34.1,0
20.5,34.1,0
20.5,34.3,0
20.5,34.3,0
20.5,34.3,0
20.3,34.3,0
20.6,34.2,0
20.6,33.6,0
20.6,33.4,0
22.4,32.0,0
22.4,32.0,0
21.7,34.5,0
22.4,32.0,0
22.3,31.1,0
22.5,33.7,0
22.2,33.0,0
22.1,34.5,0
22.4,32.0,0
22.3,33.8,0
22.3,33.8,0
22.5,33.7,0
23.9,38.7,0
23.9,38.7,0
23.6,35.1,0
24.0,35.7,0
24.2,28.3,0
24.2,28.3,0
24.4,33.0,0
23.9,38.7,0
23.7,35.1,0
23.7,35.1,0
23.3,33.2,0
23.6,29.5,0
24.5,33.3,0
24.5,33.7,0
25.0,35.9,0
26.7,34.3,0
27.0,34.5,0
25.5,35.6,0
27.0,34.5,0
27.0,34.5,0
27.0,34.5,0
27.0,34.5,0
26.7,34.3,0
26.1,33.5,0
26.4,32.7,0
26.8,34.0,0
26.6,33.8,0
26.8,34.0,0
26.1,33.5,0
26.8,34.0,0
27.2,33.3,0
25.7,34.2,0
26.1,33.8,0
25.6,34.0,0
27.0,33.5,0
25.6,34.3,0
25.6,34.0,0
25.5,34.0,0
26.5,32.7,0
27.1,33.6,0
27.0,33.7,0
28.5,32.2,0
28.0,32.0,0
27.0,33.3,0
28.2,32.8,0
28.0,32.0,0
28.0,32.0,0
27.1,33.6,0
28.6,32.0,0
25.9,33.5,0
28.2,32.1,0
28.0,31.8,0
28.2,32.1,0
28.2,32.1,0
28.3,31.6,0
28.2,31.5,0
22.5,36.2,0
24.7,32.8,0
22.5,36.2,0
22.5,36.2,0
25.1,36.8,0
22.5,36.2,0
25.1,36.8,0
25.0,35.4,0
24.6,30.5,0
22.8,36.6,0
21.2,34.9,0
22.8,36.6,0
24.1,34.2,0
25.0,33.4,0
22.5,36.2,0
23.3,40.7,0
24.0,43.9,0
24.1,42.6,0
24.4,41.7,0
24.6,45.3,0
24.7,45.0,0
23.9,42.9,0
23.7,41.4,0
24.7,45.0,0
24.5,41.7,0
24.1,42.6,0
24.1,44.3,0
24.0,43.1,0
24.4,46.3,0
24.7,45.0,0
24.7,45.0,0
23.9,42.1,0
24.2,45.4,0
24.0,43.9,0
23.9,42.9,0
24.6,45.3,0
23.7,41.4,0
23.9,42.6,0
23.9,42.9,0
24.0,38.8,0
24.2,44.2,0
23.9,42.9,0
23.9,42.9,0
28.2,30.7,0
28.0,29.7,0
27.9,29.9,0
27.9,29.9,0
27.9,29.9,0
27.9,29.9,0
27.9,29.5,0
27.9,29.9,0
28.2,29.7,0
27.8,28.9,0
27.8,29.3,0
27.9,29.2,0
27.8,29.3,0
27.9,29.9,0
24.0,34.0,0
25.1,36.5,0
25.1,36.5,0
28.0,28.5,0
28.1,29.7,0
27.5,28.6,0
28.3,30.3,0
26.9,32.7,0
27.7,33.1,0
27.7,31.0,0
27.8,32.8,0
27.9,28.5,0
25.1,35.4,0
27.9,33.2,0
27.8,32.8,0
25.1,35.4,0
25.1,35.4,0
26.5,34.6,0
25.6,36.4,0
25.5,36.4,0
23.5,36.5,0
20.6,33.4,0
23.1,31.5,0
20.3,34.3,0
21.9,35.9,0
24.0,34.2,0
20.3,34.3,0
20.5,34.4,0
20.2,33.9,0
20.0,34.5,0
20.5,34.4,0
20.0,34.5,0
20.9,34.5,0
20.9,34.9,0
20.9,34.9,0
20.7,34.0,0
20.5,36.6,0
20.7,35.8,0
20.7,35.5,0
20.6,35.5,0
20.8,37.5,0
20.2,36.5,0
26.0,37.0,0
26.0,37.0,0
21.3,36.6,0
27.7,38.8,0
26.9,42.2,0
27.3,37.8,0
27.3,38.2,0
27.5,38.2,0
27.8,39.0,0
21.3,33.3,0
21.2,32.7,0
21.5,32.7,0
20.7,33.4,0
21.0,33.0,0
21.4,32.8,0
21.3,32.9,0
21.1,33.1,0
21.6,34.6,0
20.7,33.4,0
21.6,33.6,0
21.4,35.0,0
21.4,34.5,0
22.6,35.3,0
21.9,40.3,0
21.6,40.4,0
22.6,35.3,0
23.0,35.5,0
22.9,35.4,0
23.0,37.0,0
22.3,34.5,0
22.3,34.5,0
22.3,34.7,0
21.9,34.7,0
22.0,34.2,0
22.0,34.4,0
21.6,35.0,0
22.1,34.3,0
21.6,35.0,0
22.2,34.3,0
22.3,34.7,0
22.0,34.3,0
21.7,34.2,0
22.1,33.9,0
21.9,34.0,0
21.8,34.6,0
22.3,34.7,0
22.1,34.3,0
22.0,34.0,0
22.6,33.5,0
22.7,33.1,0
22.1,33.9,0
21.9,34.0,0
22.2,33.9,0
22.7,33.4,0
22.8,32.8,0
24.8,34.5,0
25.1,34.6,0
25.1,34.1,0
24.8,34.5,0
25.1,34.6,0
24.8,34.5,0
25.2,34.8,0
25.1,34.6,0
25.1,34.1,0
25.2,36.2,0
25.1,34.1,0
25.0,35.0,0
25.0,35.0,0
25.3,35.6,0
24.9,33.9,0
25.0,33.6,0
25.0,33.6,0
24.8,34.5,0
24.7,34.7,0
24.9,33.9,0
24.9,33.9,0
25.3,36.0,0
25.2,34.5,0
24.9,34.2,0
25.2,33.3,0
25.1,33.2,0
25.1,34.1,0
25.2,33.3,0
25.2,33.3,0
25.1,34.1,0
25.2,33.3,0
25.3,32.9,0
24.9,34.2,0
25.4,36.2,0
25.3,34.9,0
25.3,33.1,0
25.4,33.2,0
25.3,33.1,0
27.6,32.9,0
27.7,32.8,0
26.8,32.7,0
27.6,33.0,0
27.7,32.7,0
27.6,32.9,0
26.9,32.6,0
26.1,33.8,0
26.2,33.6,0
26.2,33.6,0
27.3,32.8,0
26.1,33.6,0
25.4,37.8,0
28.0,34.6,0
27.8,34.7,0
27.9,34.5,0
28.0,34.8,0
28.0,34.8,0
28.6,34.1,0
28.6,34.1,0
28.8,34.5,0
28.7,34.4,0
27.6,36.1,0
27.1,36.1,0
27.1,36.1,0
27.9,34.5,0
25.7,37.7,0
23.3,30.4,0
23.3,30.4,0
23.3,30.5,0
23.3,30.5,0
23.3,30.5,0
23.0,30.9,0
23.0,31.1,0
23.0,31.1,0
23.1,30.6,0
23.1,30.6,0
23.1,30.6,0
23.5,30.4,0
23.4,30.3,0
23.5,30.2,0
23.7,30.3,0
23.9,32.8,0
23.7,33.1,0
23.6,32.3,0
23.6,31.8,0
23.4,31.4,0
23.3,31.7,0
23.3,31.7,0
23.3,31.7,0
23.3,31.7,0
23.3,31.7,0
23.3,31.7,0
28.3,36.2,0
28.2,35.8,0
28.7,36.2,0
26.8,40.4,0
26.3,39.5,0
26.1,39.1,0
24.7,39.9,0
23.8,41.0,0
23.3,41.8,0
23.8,42.1,0
21.5,43.8,0
21.5,43.8,0
25.4,27.5,0
25.6,27.6,0
25.3,27.5,0
25.0,27.5,0
25.0,27.5,0
25.4,27.5,0
25.1,27.3,0
25.1,27.3,0
24.6,27.4,0
24.6,27.4,0
24.6,28.1,0
25.2,27.6,0
25.2,27.6,0
25.2,27.6,0
25.2,27.5,0
25.1,27.5,0
25.3,28.0,0
25.5,27.4,0
25.5,27.4,0
25.5,27.4,0
25.0,28.1,0
25.0,28.1,0
25.9,31.4,0
25.9,31.1,0
26.5,30.7,0
20.4,37.1,0
20.4,37.1,0
21.0,36.9,0
20.8,37.3,0
20.8,37.3,0
20.9,37.4,0
20.9,37.4,0
20.9,37.4,0
20.9,37.4,0
20.9,37.4,0
21.0,37.4,0
21.0,37.4,0
21.0,37.5,0
21.0,37.5,0
21.0,37.5,0
20.5,37.9,0
20.5,37.9,0
20.5,37.9,0
20.5,37.9,0
20.5,38.2,0
25.3,33.5,0
24.9,33.6,0
24.9,33.6,0
24.9,33.6,0
24.9,33.6,0
24.8,32.9,0
24.8,32.4,0
25.0,32.5,0
25.2,32.3,0
25.2,32.3,0
25.2,32.3,0
25.0,33.0,0
25.9,32.5,0
25.9,32.5,0
25.7,31.9,0
25.5,32.1,0
25.2,32.2,0
25.2,31.8,0
25.3,32.1,0
25.2,31.6,0
25.2,31.9,0
25.3,31.7,0
25.3,31.7,0
25.5,31.6,0
25.5,31.8,0
25.4,31.3,0
25.0,31.4,0
24.9,32.4,0
24.8,31.9,0
24.5,32.6,0
22.4,35.7,0
22.4,35.7,0
22.4,35.8,0
22.2,35.3,0
22.5,36.1,0
22.8,35.5,0
22.8,35.5,0
22.5,35.4,0
22.6,35.5,0
22.6,35.5,0
22.6,35.5,0
22.6,35.5,0
22.4,35.3,0
22.1,35.6,0
22.1,35.7,0
22.1,35.7,0
22.1,35.4,0
22.9,35.1,0
22.9,35.1,0
21.7,35.3,0
21.7,35.7,0
21.7,35.7,0
21.7,35.7,0
22.1,35.6,0
22.6,35.4,0
23.1,35.0,0
20.5,39.9,0
20.1,39.9,0
20.2,39.2,0
20.2,39.2,0
20.2,39.2,0
20.2,38.6,0
20.5,38.1,0
19.8,38.3,0
19.8,38.3,0
20.0,38.0,0
20.0,38.0,0
20.1,38.0,0
19.9,38.0,0
19.9,38.0,0
19.7,38.8,0
19.7,38.8,0
19.7,38.8,0
19.7,38.8,0
19.6,38.8,0
19.9,38.6,0
19.5,38.9,0
19.4,38.9,0
19.7,38.6,0
19.4,38.8,0
19.5,39.3,0
19.5,39.3,0
26.8,24.0,1
27.4,24.0,1
30.1,21.9,1
29.3,21.1,1
28.4,22.9,1
29.8,22.5,1
28.3,23.7,1
28.0,24.1,1
27.4,24.1,1
27.3,24.4,1
28.2,23.8,1
27.8,23.7,1
28.1,23.7,1
28.2,23.6,1
28.5,23.4,1
31.3,24.9,1
30.7,25.2,1
29.2,24.8,1
29.4,25.4,1
29.3,26.0,1
29.7,25.9,1
27.1,25.8,1
27.4,26.2,1
28.7,25.5,1
28.6,25.6,1
29.5,24.9,1
29.7,24.6,1
29.5,25.3,1
29.6,25.3,1
29.7,25.4,1
28.5,26.7,1
28.9,26.6,1
28.1,26.2,1
28.2,26.3,1
28.0,26.5,1
28.3,26.2,1
27.5,26.5,1
28.7,26.0,1
28.4,25.9,1
28.7,26.6,1
28.0,27.3,1
27.6,26.9,1
28.3,27.1,1
27.8,26.2,1
28.1,26.2,1
29.4,24.8,1
29.7,24.2,1
29.3,22.6,1
28.8,23.3,1
30.8,20.5,1
31.2,20.1,1
30.9,22.1,1
31.0,21.9,1
29.8,22.3,1
29.8,22.0,1
29.0,22.9,1
30.0,28.5,1
29.8,28.5,1
30.2,28.5,1
29.3,28.6,1
29.5,28.2,1
29.5,28.2,1
30.0,27.8,1
30.1,27.7,1
33.7,28.2,1
33.5,25.4,1
34.1,24.0,1
37.0,25.4,1
34.6,28.4,1
34.7,28.7,1
34.5,28.7,1
30.9,24.5,1
30.5,25.5,1
31.1,25.1,1
31.1,25.3,1
30.8,24.8,1
30.8,24.9,1
30.9,26.0,1
31.1,25.2,1
31.2,25.8,1
31.2,25.1,1
31.8,24.3,1
32.5,25.0,1
32.5,25.0,1
32.1,24.1,1
31.6,25.0,1
31.4,25.1,1
30.8,24.8,1
31.2,25.3,1
29.7,23.4,1
30.0,23.1,1
31.1,22.9,1
31.0,23.0,1
28.9,21.5,1
28.5,22.0,1
35.6,25.6,1
35.2,26.4,1
35.1,29.4,1
28.6,30.8,1
34.3,20.7,1
34.0,25.4,1
34.5,22.6,1
31.5,22.6,1
31.8,24.2,1
27.5,26.5,1
31.5,22.6,1
33.4,22.2,1
34.9,21.6,1
34.5,21.9,1
34.7,22.9,1
33.7,28.0,1
31.9,27.8,1
31.1,19.2,1
31.1,20.8,1
31.2,22.1,1
31.2,21.7,1
31.3,21.7,1
31.7,21.6,1
31.1,20.4,1
31.2,20.9,1
31.2,20.0,1
31.7,20.1,1
32.0,20.3,1
31.6,20.7,1
31.7,20.3,1
33.7,26.2,1
22.0,43.7,1
31.3,22.5,1
34.7,15.2,1
31.3,24.3,1
31.4,25.3,1
31.3,25.4,1
31.2,25.8,1
31.5,26.8,1
31.6,27.3,1
31.6,27.9,1
31.5,28.1,1
31.6,27.8,1
31.4,27.8,1
31.4,27.7,1
31.6,29.5,1
31.5,29.7,1
27.7,28.2,1
24.8,36.9,0
24.3,42.6,1
24.1,43.6,1
24.0,44.1,1
24.6,34.5,0
23.4,43.9,1
23.9,43.2,1
24.7,39.5,0
24.3,35.3,1
24.5,35.0,1
24.3,35.0,1
24.5,34.4,1
24.4,34.1,0
24.5,34.1,0
24.1,34.8,1
24.1,37.9,1
23.8,39.4,1
23.6,39.4,1
23.8,41.4,1
23.6,41.8,1
24.3,36.8,0
25.7,33.1,0
24.6,34.9,0
26.4,31.7,0
25.0,33.3,0
26.2,30.8,0
25.1,34.2,0
24.2,38.7,0
23.8,40.0,0
24.3,38.3,0
23.5,41.2,0
23.9,39.4,0
24.4,37.9,0
23.8,43.8,1
23.7,43.7,1
23.9,40.4,1
23.8,43.6,1
23.8,35.8,1
23.8,42.3,1
23.8,42.1,1
23.8,42.8,1
23.9,35.9,1
23.8,44.3,1
24.9,34.3,1
25.5,34.7,1
25.0,36.0,0
24.7,42.2,1
25.0,40.9,1
24.6,38.4,0
24.7,39.4,0
24.2,40.2,1
24.1,37.5,1
26.9,33.0,0
24.2,37.5,0
26.0,53.4,0
25.6,34.7,0
24.2,42.1,0
25.8,34.5,0
23.6,45.9,0
26.3,34.0,0
22.6,37.6,0
23.3,40.8,1
23.4,39.1,1
23.2,45.2,1
24.1,37.6,1
22.9,48.9,1
23.2,42.2,1
24.0,41.0,1
24.4,37.4,1
24.3,37.6,0
24.17222222,49.95,1
24.4,43.5,1
24.1,38.1,0
23.9,39.2,0
23.8,39.2,0
24.3,38.0,0
23.7,38.3,0
24.1,38.0,0
24.3,38.5,0
24.0,38.4,0
24.1,39.5,0
24.0,34.8,1
23.9,35.6,1
24.0,35.3,1
33.6,47.9,1
33.5,62.2,1
33.8,61.6,1
34.7,32.4,1
32.5,47.3,1
34.8,29.7,1
34.9,30.3,1
34.9,30.3,1
33.3,38.2,1
33.2,51.7,1
32.1,59.6,1
30.8,64.9,1
31.4,64.0,1
31.7,63.9,1
31.6,37.9,1
31.6,37.9,1
32.6,63.3,1
34.1,59.0,1
30.8,76.1,1
32.1,70.2,1
31.0,65.7,1
31.8,64.8,1
32.8,61.6,1
35.6,52.4,1
36.2,51.3,1
33.5,59.3,1
32.0,57.5,1
33.5,50.6,1
32.7,53.8,1
34.2,52.1,1
34.2,51.6,1
31.6,61.1,1
30.0,72.2,1
31.2,63.5,1
32.2,66.9,1
31.1,37.2,1
31.1,37.2,1
32.3,58.1,0
31.3,61.9,1
32.2,60.0,1
33.8,52.3,1
33.0,68.9,1
33.0,68.9,1
30.6,71.5,1
29.8,76.5,1
30.6,71.1,1
30.6,76.2,1
30.6,76.3,1
27.9,84.8,1
27.1,88.6,1
27.6,86.3,1
28.5,76.7,1
29.6,80.5,0
29.6,80.5,0
29.0,77.1,1
29.3,75.2,1
29.6,73.8,1
32.6,68.6,1
29.2,73.3,0
30.7,72.8,1
30.8,67.6,1
30.6,68.1,0
33.3,62.4,1
34.1,63.8,1
32.0,62.4,1
32.5,69.0,1
29.2,78.2,1
29.8,76.8,1
29.8,76.8,1
29.5,80.4,0
29.4,80.5,1
29.2,79.1,1
31.1,71.2,1
31.9,75.2,1
30.6,79.2,1
29.9,73.3,1
30.5,71.8,1
30.5,71.8,1
29.6,73.6,1
30.3,69.0,1
29.0,77.4,0
33.8,58.8,1
32.4,64.2,1
30.8,76.2,1
29.8,76.9,1
30.0,73.9,1
30.3,68.4,1
30.8,74.5,1
31.9,59.3,1
32.6,59.9,1
32.7,65.4,1
32.7,65.4,1
31.2,68.7,1
31.8,73.6,1
32.5,70.3,1
30.3,68.4,1
30.8,65.1,1
30.4,66.7,1
32.4,64.3,1
30.8,70.1,1
35.2,51.4,0
30.7,56.3,1
30.7,56.3,1
30.7,56.3,0
30.5,56.2,1
30.9,56.0,1
30.7,59.0,1
31.6,60.1,1
33.4,59.0,1
31.2,60.0,1
30.7,63.6,1
30.7,63.5,1
33.7,55.0,1
32.7,53.2,1
32.7,53.2,1
31.3,67.7,1
31.7,68.3,1
31.3,65.6,1
31.3,65.0,1
33.2,62.5,1
33.1,59.8,1
31.0,69.7,0
26.9,87.1,1
27.2,88.2,1
27.3,86.2,1
27.9,83.0,1
27.6,84.2,1
28.7,72.9,1
29.2,69.3,1
29.7,66.5,1
31.3,59.6,1
30.6,55.1,1
30.8,56.3,1
30.9,54.4,1
32.3,47.9,1
32.0,53.2,1
30.7,55.7,1
31.2,54.3,1
31.1,54.5,1
32.3,51.5,1
32.5,51.9,1
33.2,47.9,1
32.4,52.1,1
33.8,48.4,1
33.2,48.1,1
29.9,33.0,1
31.4,41.8,1
31.8,48.5,1
31.6,49.2,1
31.6,52.9,0
30.9,48.9,1
33.1,45.6,1
34.2,43.1,1
32.9,42.3,1
32.8,45.1,1
30.3,36.2,1
31.9,46.0,1
31.9,46.0,1
29.8,37.1,1
30.0,46.0,1
30.3,46.3,1
31.5,34.3,1
31.3,39.5,1
33.1,32.7,1
31.8,32.3,1
31.2,30.8,1
27.3,52.2,1
28.0,52.7,1
28.1,50.9,0
28.6,50.9,1
30.0,42.1,0
30.0,41.8,0
27.3,39.0,0
28.2,41.9,0
29.2,49.4,0
29.2,49.4,0
28.2,50.0,0
32.3,41.6,1
27.9,45.8,0
28.9,45.9,0
28.4,37.7,1
27.5,39.6,1
28.7,36.3,1
27.6,42.0,0
28.1,43.6,0
29.7,40.2,0
27.1,40.8,0
27.8,40.7,0
28.2,45.7,1
29.6,48.9,1
29.7,41.2,1
27.9,35.4,1
24.8,38.9,0
25.9,40.5,0
25.9,39.2,0
26.8,37.3,1
27.7,37.0,0
27.1,46.5,0
26.6,39.9,0
25.3,37.4,0
25.2,37.2,0
25.5,50.7,0
26.2,47.5,0
24.9,41.3,0
26.0,41.0,0
26.4,40.2,0
24.5,45.5,0
27.9,34.7,0
26.4,42.1,0
24.6,40.5,0
24.4,34.2,0
25.4,33.2,0
21.9,34.7,0
23.3,34.5,0
23.0,34.1,0
24.7,41.1,0
24.7,31.2,0
25.0,35.5,0
21.4,31.9,0
22.6,33.8,0
22.3,34.4,0
21.7,43.0,0
23.2,34.7,0
23.7,34.5,0
22.1,40.8,0
23.9,35.4,0
21.4,36.1,0
22.3,39.1,0
24.7,36.6,0
24.0,38.0,0
22.4,40.8,0
23.5,56.9,0
26.6,44.2,0
26.8,47.9,0
25.5,52.1,0
26.5,38.1,0
23.2,45.4,0
27.6,41.1,0
26.0,52.8,0
23.9,50.8,0
24.9,47.1,0
24.3,49.5,0
24.0,51.5,0
22.8,38.7,0
21.1,39.7,0
23.4,37.5,0
21.7,55.6,0
24.2,39.7,1
24.2,39.7,0
25.1,46.0,0
24.8,45.2,0
25.9,55.2,1
26.0,50.1,0
26.7,60.9,0
26.7,60.9,0
28.4,57.7,0
27.7,61.9,0
33.1,57.6,1
33.3,56.2,1
33.4,56.1,1
33.6,54.2,1
33.6,55.4,1
33.6,55.2,1
33.7,54.3,1
33.6,54.9,1
33.5,53.9,1
33.5,54.6,1
33.6,54.9,1
33.6,54.2,1
33.5,54.6,1
33.5,54.1,1
33.4,53.6,1
33.6,51.6,1
33.6,51.3,1
33.6,51.5,1
33.6,50.5,1
33.5,51.7,1
33.7,47.7,1
33.8,48.0,1
34.1,46.5,1
34.2,47.2,1
34.0,47.6,1
34.6,47.2,1
34.4,48.3,1
34.0,47.3,1
34.0,47.4,1
34.4,45.4,1
34.8,42.2,1
34.1,44.7,1
34.1,42.2,1
34.4,40.7,1
34.4,40.9,1
34.8,36.1,1
34.9,36.3,1
34.7,37.2,1
34.4,39.3,1
34.8,35.7,1
34.6,38.6,1
34.6,39.6,1
34.4,41.2,1
34.4,42.1,1
34.4,43.0,1
34.1,40.7,1
33.8,42.0,1
33.7,42.5,1
33.8,41.0,1
34.1,38.3,1
33.3,52.9,1
33.1,53.4,1
33.4,55.8,1
33.5,54.7,1
33.3,52.7,1
33.2,52.5,1
33.4,52.2,1
33.5,55.1,1
33.8,54.0,1
34.1,54.0,1
34.2,53.6,1
34.0,51.4,1
33.9,52.8,1
33.8,52.4,1
33.7,52.7,1
33.5,52.3,1
34.1,52.3,1
34.1,52.7,1
34.0,50.9,1
34.0,51.2,1
34.3,49.6,1
34.2,49.7,1
34.3,49.1,1
34.3,48.2,1
34.5,48.9,1
34.3,46.6,1
34.3,45.9,1
34.5,45.1,1
34.4,44.5,1
34.5,44.4,1
34.5,46.6,1
34.7,45.9,1
34.7,46.2,1
34.5,45.9,1
34.7,46.2,1
34.8,45.7,1
34.7,45.1,1
34.6,44.8,1
34.5,45.1,1
34.8,40.2,1
34.6,40.5,1
35.2,38.7,1
33.8,41.2,1
33.6,41.2,1
33.7,41.5,1
33.8,41.5,1
34.1,40.2,1
33.9,39.9,1
33.6,39.7,1
33.8,58.4,1
33.1,56.7,1
33.0,57.1,1
32.9,56.0,1
33.0,56.7,1
33.0,55.5,1
33.0,54.8,1
33.0,55.7,1
33.0,55.6,1
33.4,54.9,1
33.2,54.8,1
33.4,54.8,1
33.4,54.3,1
33.2,54.5,1
33.2,55.3,1
33.3,55.6,1
33.2,54.8,1
33.3,54.5,1
33.4,54.8,1
33.5,54.2,1
33.6,52.9,1
33.7,53.0,1
33.3,51.3,1
31.0,34.2,1
31.2,56.6,1
32.4,56.1,1
33.3,50.3,1
33.7,47.2,1
33.7,48.2,1
34.0,47.9,1
34.2,39.6,1
33.4,43.4,1
33.5,40.9,1
33.6,40.8,1
33.8,39.1,1
33.9,37.9,1
33.9,39.5,1
33.5,40.6,1
33.3,41.3,1
33.3,42.0,1
33.3,42.9,1
33.2,43.5,1
33.6,39.5,1
33.5,39.2,1
33.4,39.2,1
33.4,40.0,1
32.9,41.3,1
32.9,42.0,1
33.2,40.5,1
33.3,40.6,1
32.7,57.5,1
32.9,56.5,1
32.9,56.5,1
33.0,56.5,1
32.9,56.7,1
32.9,56.2,1
32.9,56.1,1
33.1,52.7,1
32.9,55.6,1
33.3,54.5,1
32.9,55.7,1
33.0,55.5,1
33.1,54.2,1
33.1,53.5,1
33.0,53.0,1
33.2,52.9,1
33.4,51.0,1
33.4,50.7,1
33.5,46.3,1
33.8,46.1,1
33.8,46.1,1
33.8,46.3,1
36.5,30.5,1
36.2,30.2,1
36.6,28.3,1
37.0,26.9,1
35.3,31.8,1
36.6,28.2,1
36.9,28.1,1
37.2,25.4,1
29.6,59.5,1
28.6,67.3,1
29.3,65.9,1
29.3,66.3,1
28.9,69.6,1
28.8,67.8,1
28.6,67.8,1
28.6,67.9,1
29.9,61.3,1
28.0,36.3,1
29.5,63.5,1
25.5,46.9,0
26.0,48.2,0
26.0,47.5,0
28.7,41.8,1
24.2,47.7,0
26.5,54.0,1
29.2,76.3,1
29.5,75.8,1
29.4,76.4,1
29.4,76.9,1
29.4,77.0,1
29.4,77.0,1
29.4,76.1,1
29.4,76.3,1
29.5,75.8,1
29.5,75.8,1
29.4,76.1,1
29.4,75.5,1
29.6,74.5,1
29.6,74.8,1
29.6,74.8,1
29.7,74.8,1
29.8,74.1,1
29.7,74.4,1
29.8,74.1,1
29.8,74.4,1
30.2,74.9,1
30.2,74.2,1
30.1,74.5,1
30.2,74.3,1
30.2,74.3,1
30.2,73.6,1
30.3,73.7,1
30.1,75.2,1
30.3,72.1,1
30.3,72.0,1
30.4,69.9,1
30.4,69.9,1
30.5,78.3,1
30.5,78.0,1
30.3,70.8,1
30.4,69.7,1
30.4,68.7,1
30.3,69.5,1
30.4,70.5,1
30.5,69.5,1
30.4,69.7,1
30.4,69.7,1
30.3,71.2,1
30.1,72.1,1
29.1,75.0,1
28.9,76.8,1
28.7,77.7,1
28.8,78.5,1
29.0,77.2,1
28.9,77.7,1
28.8,77.7,1
29.0,77.1,1
29.0,77.3,1
29.0,76.8,1
29.0,76.8,1
29.0,76.3,1
29.0,76.2,1
29.0,76.4,1
29.0,76.7,1
29.2,75.7,1
29.2,76.2,1
29.4,75.9,1
29.5,75.2,1
29.4,75.7,1
29.4,75.5,1
29.7,75.4,1
29.6,74.9,1
29.7,74.1,1
29.7,75.5,1
29.8,73.2,1
29.9,73.4,1
29.6,75.0,1
28.9,77.5,1
29.8,73.2,1
30.1,70.5,1
30.8,67.5,1
30.4,68.6,1
30.4,68.4,1
30.7,67.0,1
30.6,67.6,1
30.3,68.3,1
30.3,69.8,1
30.3,69.0,1
30.4,68.8,1
30.4,68.7,1
30.6,68.8,1
30.4,69.7,1
30.4,69.8,1
30.3,68.8,1
30.3,70.0,1
29.9,73.9,1
29.6,74.8,1
25.6,50.1,1
28.8,77.4,1
27.8,80.0,1
30.2,72.6,1
30.1,72.0,1
30.4,72.2,1
30.4,72.5,1
30.4,72.7,1
30.4,72.9,1
30.3,71.8,1
30.5,70.9,1
30.6,71.3,1
30.7,71.0,1
30.8,70.4,1
30.8,69.9,1
30.9,69.7,1
30.9,69.7,1
30.9,68.8,1
30.8,69.4,1
30.9,68.8,1
31.0,69.0,1
30.9,69.0,1
30.9,69.0,1
30.8,69.5,1
30.8,69.6,1
30.7,69.6,1
30.9,69.7,1
30.8,70.3,1
30.9,70.0,1
31.0,70.0,1
30.3,69.3,1
30.8,68.6,1
30.9,68.0,1
29.3,79.4,1
28.9,81.0,1
28.9,81.0,1
28.9,80.9,1
28.5,83.3,1
28.6,83.0,1
28.6,83.3,1
28.6,83.4,1
29.7,75.6,1
29.2,77.5,1
29.1,77.9,1
29.1,77.5,1
29.2,76.8,1
29.2,77.4,1
29.2,77.8,1
29.2,78.3,1
29.3,77.9,1
29.4,76.8,1
29.4,77.3,1
29.0,78.8,1
29.2,77.6,1
29.3,77.7,1
29.2,76.0,1
29.2,77.6,1
29.2,77.5,1
29.4,77.1,1
29.6,76.5,1
29.5,76.5,1
29.5,77.0,1
29.6,76.9,1
29.5,76.8,1
29.6,76.8,1
29.7,76.6,1
29.7,74.5,1
29.7,76.3,1
29.7,76.8,1
29.9,77.3,1
29.9,77.4,1
29.0,76.5,1
30.0,76.2,1
29.7,76.3,1
29.8,75.9,1
34.8,48.0,1
35.6,46.2,1
35.4,46.4,1
35.5,46.8,1
35.5,47.0,1
35.3,48.4,1
35.1,48.0,1
35.6,47.9,1
35.9,45.6,1
36.0,48.2,1
35.7,47.3,1
35.7,46.7,1
35.3,47.5,1
34.8,49.2,1
35.3,47.0,1
35.6,45.4,1
35.5,46.7,1
35.3,47.3,1
35.8,43.8,1
36.0,42.3,1
36.4,41.4,1
36.0,43.5,1
35.8,44.3,1
36.1,38.9,1
36.8,35.0,1
37.2,34.4,1
38.8,26.3,1
37.2,29.2,1
37.9,26.8,1
38.0,26.3,1
37.0,30.3,1
37.0,34.9,1
37.0,35.9,1
38.5,33.2,1
34.3,51.2,1
34.5,50.1,1
35.0,48.4,1
35.3,45.7,1
35.4,49.9,1
35.3,48.1,1
35.2,49.0,1
35.2,49.9,1
35.4,49.7,1
35.4,49.7,1
37.4,40.2,1
35.5,55.8,1
35.5,55.8,1
36.4,40.6,1
36.4,40.6,1
36.9,39.9,1
37.1,42.4,1
35.8,48.8,1
34.8,53.9,1
37.0,38.8,1
34.5,31.7,1
36.0,32.0,1
36.2,30.0,1
37.2,36.5,1
36.6,27.8,1
39.4,20.9,1
39.8,22.3,1
39.8,21.4,1
39.8,21.4,1
39.7,24.0,1
39.8,24.8,1
34.4,50.2,1
36.2,46.5,1
36.2,45.6,1
36.1,46.3,1
36.2,45.8,1
36.2,45.2,1
35.7,46.4,1
35.3,50.0,1
35.3,50.3,1
35.4,49.9,1
35.6,45.8,1
35.6,45.3,1
35.8,45.1,1
35.8,44.8,1
36.0,45.0,1
34.3,50.0,1
34.0,49.4,1
35.0,48.0,1
36.2,43.4,1
36.2,43.7,1
36.6,41.7,1
37.0,40.4,1
37.5,38.0,1
37.5,35.6,1
37.5,31.5,1
37.3,32.6,1
37.7,30.2,1
37.4,25.8,1
37.5,25.6,1
37.5,25.0,1
37.7,25.0,1
37.7,25.0,1
37.2,25.7,1
37.4,25.3,1
36.6,30.8,1
35.6,32.5,1
36.2,31.4,1
37.6,28.3,1
36.9,30.8,1
36.9,30.2,1
34.5,49.1,1
35.2,47.0,1
35.0,46.7,1
34.9,46.8,1
35.0,46.8,1
34.9,46.6,1
34.9,46.4,1
35.2,47.6,1
35.5,45.6,1
36.2,43.8,1
36.3,41.5,1
36.2,41.5,1
36.9,41.5,1
37.1,41.6,1
37.2,41.2,1
36.7,43.7,1
36.8,42.4,1
36.6,42.3,1
37.3,40.9,1
37.1,41.4,1
36.3,39.7,1
35.1,37.5,1
37.9,31.0,1
38.1,31.7,1
37.7,25.6,1
36.9,28.6,1
38.0,25.1,1
38.7,24.0,1
39.4,21.3,1
39.4,22.3,1
38.3,24.1,1
37.9,24.6,1
29.7,74.6,1
30.1,73.8,1
30.2,74.2,1
30.8,72.9,1
30.3,76.6,1
30.1,78.3,1
30.3,77.0,1
29.9,78.5,1
30.1,78.2,1
27.6,83.4,1
29.2,77.0,1
29.9,75.7,1
30.2,74.9,1
30.4,74.3,1
30.6,73.2,1
30.5,70.9,1
29.3,78.0,1
29.3,78.8,1
29.0,83.4,1
29.2,82.0,1
29.4,81.2,1
29.5,81.0,1
29.1,79.2,1
29.6,79.6,1
30.1,77.2,1
29.3,80.6,1
29.4,80.4,1
29.4,79.9,1
29.4,79.4,1
29.6,78.8,1
29.6,79.1,1
29.4,78.8,1
29.2,80.4,1
29.3,79.8,1
30.1,76.8,1
30.1,77.8,1
29.8,78.2,1
29.8,75.4,1
29.8,76.0,1
29.5,77.1,1
29.4,78.0,1
29.0,78.9,0
29.1,77.8,1
29.4,76.5,1
30.0,75.5,1
28.3,82.9,1
29.7,75.6,1
30.0,74.4,1
29.7,77.9,1
30.0,76.2,1
29.7,68.6,1
30.2,67.5,0
30.3,65.7,1
30.0,66.9,1
30.0,67.0,1
30.0,68.1,1
29.7,69.1,1
30.0,67.9,1
29.9,68.7,1
29.8,67.6,1
29.8,67.5,1
29.9,67.8,1
30.0,64.5,1
30.2,66.4,1
29.1,79.1,1
29.0,77.6,1
29.3,77.2,1
29.5,76.0,1
29.6,76.5,1
29.6,76.8,1
28.6,76.4,1
29.2,80.7,1
29.6,77.1,1
29.7,76.5,1
29.1,77.2,1
29.0,79.8,1
29.2,78.2,1
28.7,75.0,1
29.9,76.0,1
30.2,74.8,1
30.4,74.8,1
30.4,74.5,1
30.6,74.2,1
30.7,74.9,1
30.7,74.8,1
31.0,70.9,1
30.7,73.9,1
30.6,73.4,1
30.5,73.5,1
30.5,73.3,1
29.6,76.8,1
28.4,81.4,1
29.8,76.6,1
30.8,73.5,1
31.2,72.7,1
31.4,72.6,1
31.2,73.4,1
29.3,75.5,1
29.2,78.3,1
29.1,79.0,1
29.4,77.3,1
28.3,81.8,0
28.5,81.8,1
27.7,55.3,1
28.6,79.9,1
28.7,80.5,1
29.8,76.9,1
28.1,84.8,1
28.2,83.1,1
28.0,86.8,1
28.5,84.4,1
28.5,84.4,1
28.8,83.3,1
28.8,82.0,1
29.0,81.5,1
29.5,79.6,1
29.5,78.0,1
28.8,82.3,1
28.7,82.4,1
28.8,82.1,1
26.6,55.1,1
23.6,37.0,0
23.7,34.8,0
23.7,32.5,0
23.7,32.5,0
23.6,32.1,0
23.5,32.4,0
24.1,30.3,0
24.2,31.1,0
24.0,32.7,0
23.6,32.6,0
23.6,31.2,0
24.0,32.8,0
24.4,32.6,0
24.3,33.0,0
24.4,31.1,0
24.3,31.7,0
24.5,30.9,0
24.4,28.2,0
24.7,33.5,0
24.7,26.1,0
24.4,27.0,0
24.4,26.1,0
24.7,26.2,0
24.7,26.2,0
24.8,26.5,0
24.4,23.4,0
24.6,26.7,0
24.7,27.4,0
24.8,25.7,0
25.1,25.3,0
24.6,26.7,0
24.4,26.5,0
24.8,26.9,0
24.8,27.1,0
24.7,33.0,0
23.8,37.0,0
25.2,35.6,0
25.2,35.6,0
24.0,39.6,0
24.2,39.4,0
24.2,39.4,0
24.4,31.1,0
24.2,29.8,0
24.1,31.1,0
24.3,31.1,0
24.3,32.0,0
24.1,32.9,0
24.5,32.6,0
24.5,32.7,0
25.8,29.1,0
24.7,31.2,0
25.0,30.7,0
24.7,31.5,0
24.7,29.8,0
24.5,29.1,0
24.3,30.3,0
24.5,29.1,0
24.5,29.0,0
24.3,26.4,0
24.0,28.0,0
24.2,27.3,0
24.6,27.5,0
24.4,28.5,0
25.1,28.0,0
25.2,27.5,0
24.2,29.5,0
24.0,27.9,0
24.0,27.5,0
24.3,26.3,0
24.2,27.4,0
24.1,26.6,0
24.2,25.4,0
24.1,26.4,0
23.8,25.9,0
24.1,26.0,0
23.9,36.4,0
24.0,36.9,0
24.2,35.1,0
24.3,33.8,0
24.2,34.2,0
24.2,31.4,0
24.3,32.0,0
24.2,31.9,0
24.3,32.7,0
24.5,34.0,0
24.3,29.3,0
24.1,30.3,0
24.2,30.9,0
24.3,29.8,0
24.2,33.4,0
24.6,29.2,0
25.1,29.0,0
25.0,29.3,0
25.1,28.9,0
25.0,28.3,0
25.0,29.6,0
24.8,29.6,0
24.6,29.7,0
25.0,30.1,0
25.1,30.3,0
25.3,30.1,0
24.9,31.2,0
25.1,30.1,0
25.0,32.1,0
25.2,29.9,0
25.5,31.1,0
24.9,31.2,0
24.2,33.0,0
24.1,32.1,0
24.3,28.0,0
24.3,26.8,0
24.3,27.6,0
24.2,26.6,0
25.4,27.7,0
24.8,29.8,0
30.0,30.4,0
30.0,29.6,0
23.4,42.3,0
23.4,38.9,0
23.4,40.4,0
23.4,39.5,0
23.3,40.2,0
23.6,38.2,0
23.6,37.3,0
23.5,36.7,0
23.7,38.0,0
23.5,34.3,0
23.7,35.1,0
23.8,33.5,0
23.8,33.8,0
23.8,34.1,0
23.9,34.5,0
23.6,33.1,0
23.5,31.7,0
23.6,32.5,0
23.7,32.4,0
23.8,31.5,0
24.0,32.5,0
24.8,30.1,0
24.5,30.6,0
24.3,31.3,0
24.4,31.5,0
24.5,31.4,0
25.2,28.9,0
26.2,29.5,0
25.9,29.7,0
25.9,29.7,0
25.3,28.8,0
25.0,28.3,0
24.4,29.2,0
24.8,29.2,0
24.3,28.6,0
24.2,27.8,0
24.2,28.2,0
24.1,28.3,0
24.2,28.2,0
24.3,28.7,0
24.2,28.7,0
24.3,27.9,0
24.3,29.3,0
24.4,30.1,0
23.9,26.7,0
23.9,25.9,0
23.9,25.9,0
23.9,25.5,0
24.0,27.4,0
24.6,25.8,0
24.4,25.7,0
24.1,28.6,0
23.8,27.2,0
23.9,29.8,0
23.8,29.3,0
23.7,27.9,0
23.7,32.8,0
22.0,31.7,0
22.5,29.7,0
22.1,26.8,0
22.6,25.7,0
23.2,31.5,0
23.2,31.5,0
23.3,33.0,0
23.8,30.8,0
23.7,32.8,0
24.7,30.8,0
24.7,30.8,0
23.9,30.3,0
23.8,31.7,0
23.9,33.0,0
24.1,31.3,0
24.1,28.9,0
25.0,28.0,0
24.3,27.2,0
24.4,26.6,0
24.6,28.0,0
24.2,23.2,0
23.9,23.6,0
25.6,22.0,0
25.1,22.9,0
24.4,25.0,0
24.7,24.5,0
24.7,23.8,0
23.9,24.0,0
24.0,26.0,0
23.6,26.4,0
21.0,24.6,0
22.3,26.5,0
22.3,25.6,0
23.0,24.5,0
23.8,24.6,0
23.9,24.7,0
23.6,24.5,0
23.6,24.5,0
23.6,24.5,0
23.3,23.4,0
24.8,22.3,0
24.6,23.0,0
23.9,23.4,0
24.5,22.2,1
24.2,22.7,1
24.3,22.4,1
23.7,24.2,0
24.0,25.3,0
25.0,25.9,0
24.8,22.0,0
24.4,25.3,0
25.0,23.8,0
23.8,23.6,0
23.6,23.9,0
21.8,33.3,0
22.4,32.0,0
22.7,31.5,0
23.2,29.4,0
23.8,28.1,0
22.4,28.0,0
23.8,27.6,0
22.5,31.9,1
22.9,27.7,0
22.7,32.8,0
23.6,26.5,0
22.8,31.1,0
23.5,26.5,0
23.2,27.2,0
23.3,30.1,0
23.4,29.4,0
23.6,25.1,0
24.1,24.0,0
24.4,22.4,0
24.2,23.1,0
23.8,23.9,0
23.8,24.1,0
23.9,24.6,0
22.6,33.0,0
22.9,32.8,0
22.9,31.7,0
23.4,29.1,0
23.5,28.9,0
23.6,24.8,0
22.8,27.6,0
22.8,28.4,0
23.0,29.7,0
22.8,32.0,0
24.4,27.0,0
25.5,26.4,0
25.6,30.1,0
23.1,26.6,0
23.7,37.6,0
22.5,28.7,0
22.3,27.1,0
23.5,25.6,0
22.9,29.1,0
24.9,27.3,0
25.1,27.3,0
26.0,25.8,0
25.3,24.7,0
24.3,26.0,0
25.4,23.3,0
24.4,25.6,0
25.0,23.0,0
23.8,24.2,0
23.6,27.3,0
23.9,24.8,0
22.9,32.2,0
22.8,29.8,0
22.7,29.9,0
22.8,29.8,0
24.1,24.4,0
21.8,24.2,0
23.2,24.0,0
23.1,23.9,0
22.8,23.7,0
23.7,26.3,0
24.4,28.2,0
24.8,28.8,0
24.7,28.5,0
25.5,22.7,1
24.7,28.6,0
24.0,30.7,0
25.9,25.9,0
25.6,23.1,0
24.3,23.6,1
23.7,26.3,0
24.0,25.4,0
24.3,26.1,0
24.5,26.5,0
23.8,26.0,0
23.7,29.6,0
23.7,26.0,0
23.7,27.8,0
25.0,33.1,0
23.7,27.6,0
23.7,27.4,0
23.4,26.4,1
23.2,27.7,0
23.3,27.6,0
22.9,28.2,0
23.2,27.9,0
25.0,31.7,0
24.9,31.6,0
24.9,31.5,0
24.1,29.2,0
22.9,27.2,0
23.1,26.9,0
23.5,29.8,0
23.0,26.4,0
23.8,25.6,0
23.3,24.9,0
24.0,25.6,0
24.0,25.6,0
24.0,25.6,0
23.6,26.4,0
23.7,24.7,0
24.7,30.8,0
24.0,27.9,0
24.2,24.9,0
23.3,26.2,0
23.9,24.3,0
23.1,26.9,0
24.9,45.5,0
23.4,47.8,0
23.2,48.0,0
23.2,49.2,0
23.7,46.7,0
23.3,46.6,0
23.0,47.6,0
23.5,46.8,0
23.7,46.2,0
23.6,46.4,1
23.6,46.7,1
23.2,46.9,0
23.1,47.9,0
23.0,47.3,0
22.6,48.2,0
23.0,48.4,0
23.1,47.6,0
23.1,48.1,0
23.2,47.8,0
23.2,48.1,0
22.9,47.5,0
22.8,48.3,0
23.0,48.5,0
23.0,47.5,0
23.1,47.8,0
22.8,47.3,0
22.9,47.3,0
22.9,47.4,0
25.4,41.5,0
23.8,44.8,0
23.4,45.1,0
22.9,44.8,0
22.6,46.0,0
23.1,46.7,0
23.9,47.8,0
24.7,48.1,0
24.0,46.1,0
23.6,45.8,0
23.6,43.4,0
23.4,44.2,0
26.2,39.6,0
24.0,42.2,0
23.6,44.1,0
23.8,41.7,0
23.2,42.3,0
22.5,44.4,0
25.0,40.6,0
29.8,41.7,0
23.4,43.0,0
23.3,43.2,0
23.0,43.4,0
23.2,44.9,1
23.0,44.8,0
23.2,44.3,0
23.2,44.0,0
23.1,43.6,0
22.8,44.6,1
22.9,44.9,0
23.0,44.3,0
23.1,43.8,0
23.3,43.6,0
23.4,43.2,0
23.2,44.3,0
23.1,44.1,0
23.4,44.7,0
23.7,43.4,0
23.6,42.4,0
23.5,42.7,0
23.7,42.0,0
23.1,44.1,0
23.3,43.7,0
22.8,44.1,0
22.1,45.0,0
23.2,44.7,0
22.6,45.3,0
23.0,44.5,0
23.3,44.7,0
23.5,43.1,0
23.3,43.0,0
23.4,43.6,0
26.9,38.2,0
25.3,42.5,0
24.5,43.7,0
24.4,43.9,0
24.2,44.2,0
23.6,44.8,0
23.8,44.0,1
23.8,43.5,1
23.8,45.2,0
23.6,43.5,0
23.6,43.9,0
23.7,43.5,1
23.8,43.4,1
23.2,43.9,1
23.1,43.4,0
23.6,42.5,0
26.3,56.7,1
26.0,57.8,1
26.1,57.7,1
26.1,57.5,1
26.1,57.4,1
25.8,58.4,0
25.6,59.8,0
26.0,58.3,1
25.9,58.5,1
26.3,58.4,0
26.4,57.6,1
26.2,58.1,1
26.3,57.8,1
26.3,58.8,1
26.6,58.2,0
26.5,58.0,0
26.6,57.5,0
26.5,57.5,0
26.3,58.0,1
26.4,58.0,0
27.0,55.4,1
26.2,57.7,0
26.1,58.5,0
25.9,58.8,0
25.8,59.0,1
26.1,58.6,1
25.9,58.7,1
26.6,56.7,1
26.3,57.5,1
26.0,58.4,0
25.9,59.4,1
25.2,60.8,1
24.3,64.1,1
24.3,64.1,1
25.6,60.1,1
25.6,60.4,0
25.8,59.9,1
25.7,59.7,1
24.7,61.2,1
25.8,59.3,1
25.8,59.3,1
26.7,57.1,1
26.6,57.2,1
26.7,57.2,1
26.5,58.1,0
26.2,57.9,1
26.0,58.4,1
26.2,58.0,1
26.3,57.6,1
25.9,58.4,1
26.3,60.0,0
24.7,64.7,1
24.8,64.9,1
24.9,64.8,1
25.1,64.4,0
25.1,63.6,1
25.1,63.9,1
25.1,64.1,1
25.2,64.5,0
25.6,63.2,0
25.4,62.7,1
25.2,63.6,1
25.3,63.5,1
25.5,62.9,1
25.5,62.9,0
25.7,61.9,0
25.3,63.0,0
25.0,63.3,0
24.6,64.4,0
25.0,63.8,0
25.3,62.7,0
25.6,62.4,0
25.9,61.1,0
25.7,62.1,0
25.5,62.3,1
25.2,63.6,1
25.1,63.8,0
25.2,63.5,0
24.9,64.3,1
25.0,63.7,1
24.5,63.7,1
24.5,64.3,0
24.8,65.1,0
25.2,63.8,0
28.1,52.9,0
26.7,57.8,0
26.1,60.3,1
25.6,61.1,1
25.4,61.7,0
25.1,62.0,0
25.2,61.8,0
25.3,61.9,1
26.0,59.4,1
25.1,61.9,1
25.2,66.4,1
25.2,67.8,0
25.2,66.5,1
25.1,66.7,1
25.0,67.1,1
25.0,67.1,1
25.1,67.2,1
25.1,66.2,0
25.2,65.5,0
25.2,65.2,0
25.3,64.8,0
25.0,65.5,1
25.4,64.7,1
25.2,65.9,1
25.2,65.8,0
25.2,65.2,0
25.3,64.9,0
25.6,64.0,0
25.6,63.9,0
25.4,63.9,0
25.3,64.4,0
25.2,65.1,0
25.2,64.5,0
25.3,64.5,1
25.4,63.9,1
25.7,63.2,1
25.7,62.8,1
25.7,63.3,1
25.9,63.3,0
26.0,62.4,0
25.6,63.0,1
25.6,63.6,0
25.4,64.5,0
25.2,64.6,1
25.3,64.6,1
25.5,64.4,1
25.6,63.8,1
25.8,63.1,1
25.7,63.6,1
25.8,63.1,0
25.5,60.1,0
25.9,62.5,0
25.9,62.9,0
25.8,62.7,1
25.6,63.2,0
25.4,63.6,0
26.3,62.1,0
26.1,62.3,0
26.0,61.5,1
26.2,61.7,1
26.3,61.3,1
26.2,61.4,1
26.1,63.1,0
26.2,61.0,0
26.0,61.8,0
26.2,61.5,0
26.3,60.6,1
26.3,60.5,1
26.5,60.2,1
26.2,61.2,0
25.5,63.8,0
25.4,64.6,0
25.1,65.0,0
25.0,64.4,0
24.8,65.3,0
24.7,65.6,1
24.6,65.7,1
24.7,65.5,1
25.3,64.9,0
24.9,65.1,0
24.9,65.0,0
24.6,64.7,0
23.7,70.2,0
23.6,67.4,0
24.6,66.3,0
24.8,65.8,0
24.8,65.0,0
24.5,64.8,1
23.1,67.5,1
24.1,68.1,0
24.3,67.5,0
24.2,67.0,1
24.2,67.2,1
24.2,67.7,0
24.4,66.4,0
24.6,66.1,0
24.6,65.8,0
24.7,67.1,0
24.8,66.2,0
24.9,66.6,0
25.0,65.8,0
24.9,66.0,0
24.4,66.5,1
24.3,67.0,1
24.3,67.8,0
24.4,66.8,0
24.2,66.6,1
24.6,65.9,0
24.9,65.1,1
24.9,65.4,1
24.6,64.4,0
25.9,62.9,0
25.3,64.4,0
24.9,65.5,0
24.9,64.7,0
25.0,64.8,0
25.2,65.4,0
25.2,64.8,0
24.9,64.7,0
25.1,64.0,0
25.3,64.1,0
25.0,63.7,0
24.7,65.6,0
24.9,65.5,1
24.9,65.5,0
24.8,65.9,0
24.8,66.1,0
24.7,65.9,1
24.4,67.6,1
25.0,66.2,0
25.5,65.0,0
24.7,67.4,0
24.6,68.1,0
24.4,68.5,1
24.4,65.8,1
24.2,69.5,1
24.1,70.0,0
24.1,70.1,0
24.8,67.2,0
24.9,66.6,0
24.3,68.1,1
24.3,68.1,1
24.2,68.9,0
24.3,68.5,0
24.4,68.2,0
24.4,68.6,1
24.5,68.7,0
24.3,68.5,0
24.2,68.1,1
24.3,67.9,1
24.1,69.7,0
24.2,69.1,0
24.2,68.8,0
24.2,68.8,0
24.3,69.8,1
24.3,68.2,1
24.9,65.9,1
25.1,65.4,0
25.3,64.3,0
25.1,64.5,1
25.0,64.8,1
25.1,64.6,1
25.0,64.8,1
25.4,64.5,0
25.3,63.7,1
25.0,65.0,0
25.0,65.0,0
25.3,63.1,0
25.4,62.7,1
25.3,62.6,0
25.3,62.1,0
25.3,62.1,0
24.6,64.6,1
24.9,64.8,0
25.4,63.1,1
25.6,62.8,1
25.5,61.6,1
25.4,62.5,1
25.6,61.8,1
25.6,61.8,1
25.8,61.7,0
26.0,60.4,1
25.6,62.7,0
25.2,64.1,0
25.7,63.2,0
25.3,65.6,0
25.1,65.7,0
25.0,66.7,0
25.1,65.0,0
24.7,67.3,0
25.1,65.9,0
25.1,64.9,0
25.2,54.5,0
25.3,63.6,1
24.8,64.6,1
25.1,63.7,1
25.2,63.7,1
25.0,64.3,1
25.0,64.5,1
25.0,64.6,1
25.0,64.9,1
24.8,64.9,0
24.5,65.8,0
24.6,66.0,0
24.4,66.2,0
25.1,64.7,0
24.7,65.4,1
24.8,64.7,1
24.5,65.3,1
23.9,67.7,1
23.7,68.4,0
23.7,68.4,0
24.7,65.4,0
24.5,64.1,1
24.5,64.2,1
24.8,64.9,0
24.6,65.1,0
24.3,64.7,1
25.0,63.4,1
24.6,64.6,1
24.5,64.8,1
24.6,64.2,1
24.6,64.4,0
24.8,62.8,0
24.5,71.7,0
24.4,71.9,0
24.1,74.5,0
24.1,72.4,1
24.3,72.0,0
24.5,72.5,0
25.1,66.8,0
24.8,66.1,0
24.7,67.8,0
24.4,68.1,0
25.0,66.3,0
24.7,66.4,0
24.3,67.9,0
24.5,67.9,0
28.3,63.1,1
28.5,62.1,1
28.6,61.7,1
28.8,62.2,1
28.6,61.7,1
28.6,61.6,1
28.8,61.0,1
28.8,61.3,1
29.1,58.9,1
29.5,59.5,1
29.2,59.1,1
29.0,59.0,1
29.2,58.7,1
29.1,60.5,1
28.9,60.9,1
29.0,61.0,1
28.8,61.2,1
29.0,61.5,1
28.2,63.1,1
29.2,58.4,1
30.1,55.2,1
30.0,56.7,1
29.8,56.9,1
28.7,57.0,1
31.2,51.6,1
30.2,54.5,1
30.5,54.1,1
30.8,53.4,1
30.7,53.1,1
27.9,63.7,1
28.6,60.5,1
28.6,60.2,1
28.7,59.8,1
28.9,59.8,1
29.0,59.2,1
29.0,59.0,1
28.9,59.1,1
29.1,59.4,1
29.3,58.7,1
29.2,58.3,1
29.1,58.4,1
29.3,57.5,1
29.4,57.0,1
29.7,57.0,1
30.3,55.4,1
29.3,59.1,1
29.4,58.3,1
28.5,60.9,1
28.5,61.0,1
28.6,62.1,1
29.3,58.8,1
29.4,56.2,1
29.4,56.2,1
29.5,56.0,1
29.6,56.3,1
28.9,58.0,1
29.7,54.7,1
29.6,55.1,1
29.7,54.3,1
29.9,54.3,1
29.7,57.5,1
28.9,58.4,1
28.5,63.7,1
28.5,60.4,1
28.6,60.1,1
28.9,59.5,1
28.8,58.6,1
28.8,59.0,1
28.8,57.9,1
28.8,57.9,1
28.7,58.1,1
28.7,60.1,1
28.7,60.0,1
28.6,60.2,1
28.9,58.5,1
28.8,58.9,1
28.7,59.3,1
28.8,59.3,1
28.0,61.7,1
28.7,60.1,0
29.0,58.6,1
29.6,55.9,1
29.2,58.2,1
28.6,59.4,1
28.4,60.2,1
29.3,55.0,1
29.4,54.4,0
29.8,54.3,1
29.8,54.3,1
29.0,58.2,1
28.2,62.9,1
28.9,60.7,1
29.2,60.8,1
29.3,59.7,1
29.3,59.7,1
29.5,60.2,1
29.6,59.8,1
29.8,59.8,1
30.0,60.6,1
29.8,58.0,1
29.6,58.7,1
29.6,58.2,1
29.6,58.6,1
29.5,58.1,0
29.5,57.3,1
29.4,57.1,1
29.5,58.0,1
29.7,57.6,1
29.2,58.6,1
28.6,60.7,1
28.5,61.8,1
28.7,60.7,1
29.1,60.0,0
28.9,60.8,0
28.8,61.6,1
28.8,62.1,1
30.7,54.5,1
29.5,59.1,1
29.4,59.2,1
29.5,58.4,1
29.5,57.5,1
29.6,56.4,1
29.7,56.9,1
29.5,57.5,1
29.7,55.5,1
29.7,56.5,1
29.6,57.0,1
29.8,55.8,1
30.2,55.0,1
27.8,59.9,1
28.1,57.3,1
28.4,56.6,1
28.9,54.2,1
29.2,53.0,1
29.2,53.6,1
29.2,53.6,0
29.1,52.4,0
29.2,52.1,1
29.2,54.0,0
26.5,64.1,1
27.8,60.5,1
28.3,59.7,1
28.3,57.6,1
28.1,56.7,1
27.9,57.5,1
27.9,57.7,1
27.0,62.1,1
27.9,59.8,0
28.6,58.0,0
28.3,55.0,0
28.1,54.9,0
28.4,56.2,0
29.1,53.8,0
26.8,63.9,0
27.4,60.8,0
27.4,58.2,0
27.9,57.2,0
28.8,60.7,0
29.0,57.6,0
28.8,57.7,0
26.0,70.2,0
25.7,70.5,1
25.7,70.1,1
25.7,70.2,1
25.9,70.0,0
25.7,69.4,0
25.6,69.7,0
25.7,69.6,1
25.7,69.7,1
25.6,70.0,0
25.7,69.0,1
25.6,69.4,1
25.7,69.7,0
25.6,69.1,0
25.7,68.8,0
26.6,65.6,0
26.6,65.8,0
26.6,66.7,0
26.7,65.5,0
26.6,64.9,0
27.5,63.7,0
26.6,66.3,0
26.4,65.8,1
26.8,69.8,0
25.5,68.3,0
25.8,69.2,0
25.9,69.8,0
26.7,65.8,0
25.5,68.4,0
24.9,69.6,0
25.3,69.5,0
25.5,68.7,0
25.8,67.9,0
26.0,67.3,0
26.1,66.8,0
26.1,66.5,1
26.2,66.1,1
26.8,64.7,0
26.6,65.9,1
26.7,66.9,0
26.7,65.8,1
26.4,70.0,1
26.1,70.1,0
26.0,70.0,0
25.8,71.6,0
25.7,70.8,1
25.9,70.2,0
26.0,69.9,0
26.3,66.2,0
26.1,64.8,0
26.6,64.6,1
25.9,67.3,0
26.0,67.7,0
26.4,66.7,1
26.6,66.4,1
26.6,65.4,1
26.2,67.1,1
26.3,67.0,0
26.3,67.8,0
26.5,67.4,0
26.2,70.4,0
25.6,69.8,1
24.9,73.9,0
25.5,71.8,0
25.6,71.4,0
25.4,71.2,0
25.4,71.5,0
25.1,71.3,0
25.2,71.5,1
25.7,69.5,0
25.8,68.9,1
25.8,68.9,0
26.3,67.2,0
26.4,66.6,0
26.5,66.4,0
26.5,66.4,1
26.2,66.6,1
25.4,71.9,1
25.9,70.2,0
25.7,71.8,0
26.1,69.8,0
26.1,69.7,0
26.3,69.4,0
26.1,70.1,0
26.4,69.9,0
26.4,69.3,1
26.3,69.7,1
26.0,70.9,0
25.9,69.2,1
25.4,70.4,0
25.7,69.9,0
26.0,70.6,0
25.6,69.0,0
25.9,68.6,0
26.1,67.4,0
26.3,67.2,1
26.2,66.8,1
26.3,66.9,1
26.4,66.8,0
26.6,65.5,0
26.5,65.9,0
26.4,67.2,0
26.4,66.5,0
26.6,66.7,0
26.2,67.6,0
26.2,72.0,1
26.3,72.8,1
26.1,69.9,0
26.1,68.3,1
26.2,68.5,0
26.2,69.2,1
25.7,69.9,0
26.7,66.2,0
25.3,71.7,0
25.3,71.1,0
26.2,69.1,0
25.9,69.3,0
25.4,69.9,0
26.1,69.2,0
27.1,66.3,0
25.4,71.2,1
26.3,68.1,0
24.9,71.9,0
25.4,71.0,0
25.0,71.4,1
25.0,71.8,1
25.2,73.3,1
26.1,69.5,0
25.8,71.6,0
24.9,72.7,0
24.4,74.2,0
24.3,75.2,0
24.7,75.3,0
25.0,73.6,0
25.6,72.2,0
25.9,71.3,0
26.1,70.2,0
25.2,71.4,1
26.0,68.9,1
26.0,69.0,0
25.6,71.0,0
25.7,71.9,0
24.8,73.2,0
25.1,72.6,0
24.8,74.2,1
25.1,73.8,0
26.5,69.8,0
27.0,67.5,0
27.4,66.0,0
27.4,66.2,0
28.2,64.7,0
28.1,64.6,0
25.9,73.1,0
26.5,66.1,0
26.5,66.8,0
25.1,76.1,0
25.1,76.0,0
27.0,68.6,0
26.0,67.8,0
25.9,68.5,0
26.1,67.4,0
26.5,66.4,1
27.0,65.7,0
27.0,65.9,0
26.6,65.4,0
26.8,65.8,0
26.8,65.4,0
26.8,66.4,0
26.2,66.9,0
26.4,68.4,0
26.4,68.1,0
26.5,66.9,0
26.1,70.0,0
25.4,72.5,0
26.3,72.7,0
26.3,69.5,0
26.4,69.7,0
26.7,68.7,0
26.7,68.7,0
26.2,70.3,0
26.6,69.1,0
26.9,68.1,0
27.2,66.8,0
27.1,67.5,0
27.2,67.6,0
28.0,64.6,1
25.9,72.6,0
26.9,68.4,0
27.4,65.6,0
27.6,63.0,1
27.4,48.0,0
26.4,49.6,0
26.3,49.7,0
26.1,50.1,0
26.2,49.9,0
26.0,49.1,1
25.6,50.5,0
25.7,50.0,0
25.3,50.8,1
26.0,49.5,1
25.9,51.2,0
26.0,50.0,0
25.8,50.7,0
25.8,50.4,1
25.9,50.5,0
26.0,49.7,1
26.0,50.0,0
26.0,49.2,0
26.1,49.7,0
27.9,45.9,1
26.3,47.8,1
26.0,49.2,0
26.1,48.1,0
26.0,48.8,0
27.3,46.6,0
26.5,47.4,1
26.0,49.2,1
26.1,47.8,1
26.1,48.7,0
26.6,47.4,0
26.7,46.2,1
25.9,47.7,1
25.7,48.8,1
25.6,48.9,1
25.3,49.6,1
25.4,49.6,1
25.7,49.3,0
26.1,49.3,0
26.1,47.9,0
26.0,48.1,0
25.4,50.1,0
25.5,49.3,0
25.6,49.2,0
26.2,46.2,0
25.7,49.5,1
25.3,48.5,0
25.2,49.4,1
25.3,50.8,0
25.8,47.5,1
26.3,49.5,1
27.8,45.8,1
27.3,47.6,1
27.3,48.1,0
26.6,49.9,0
26.2,50.6,0
26.3,49.7,0
26.6,49.3,0
26.4,49.0,1
26.1,49.5,1
25.7,50.5,1
25.7,51.3,0
25.1,52.5,0
25.2,54.5,0
25.1,51.9,0
25.2,51.9,0
26.8,50.9,1
27.1,51.4,1
27.0,50.8,1
27.2,49.7,1
27.3,49.4,1
27.3,49.7,1
27.3,50.0,0
27.4,51.2,0
27.3,50.2,0
27.5,49.9,0
27.2,49.1,1
27.0,49.6,1
26.9,49.6,1
27.0,50.2,1
27.2,48.9,1
27.2,49.4,0
27.4,49.2,0
27.6,49.4,0
27.7,48.5,0
27.7,49.6,0
27.7,48.8,0
27.7,48.8,0
27.7,48.5,1
27.6,48.6,1
27.7,49.1,1
27.7,48.6,1
27.4,49.4,1
27.9,48.4,0
28.1,47.4,0
28.3,47.2,0
28.3,47.0,0
28.1,47.5,0
28.0,46.8,1
27.8,46.3,1
27.7,46.7,1
27.7,46.5,1
27.5,47.3,0
27.7,47.6,0
27.8,47.4,0
27.7,47.8,0
27.8,48.4,0
27.9,46.6,1
28.0,46.6,1
28.1,46.0,1
28.0,47.3,1
28.1,47.0,0
28.5,45.7,1
28.3,45.8,0
28.1,46.3,1
27.9,46.6,1
28.0,46.8,1
27.9,46.8,0
27.6,45.8,1
27.5,43.5,0
27.3,45.8,0
27.3,45.3,0
27.1,47.2,1
27.1,47.1,1
27.1,46.9,1
27.0,47.5,1
27.1,47.7,1
27.3,47.5,0
27.6,47.2,0
27.7,44.5,1
27.7,45.8,1
27.9,45.9,1
26.2,51.7,0
25.4,53.3,0
25.1,52.4,0
24.5,54.0,0
24.5,54.3,0
24.6,54.0,0
24.6,54.3,0
24.4,54.7,0
24.3,54.9,0
24.2,55.1,1
24.5,54.2,1
24.3,55.1,1
24.6,54.1,1
24.5,54.3,1
24.5,54.1,1
24.5,53.7,1
24.4,53.5,0
24.8,53.2,0
24.9,52.6,1
24.5,53.6,0
24.4,53.9,0
24.3,54.2,0
24.2,54.2,0
24.2,54.2,0
24.1,54.2,0
24.6,54.3,0
24.7,53.6,0
24.9,52.9,0
25.0,50.3,0
25.0,51.6,0
25.4,51.8,0
25.5,50.0,0
25.2,51.9,0
25.4,51.1,0
25.5,50.9,1
25.5,50.7,1
25.3,50.6,0
25.1,51.5,0
25.1,50.6,0
25.3,50.8,0
25.2,51.8,0
25.1,50.9,1
24.7,51.7,1
24.7,51.8,1
24.5,53.1,0
24.7,51.5,0
24.6,52.2,0
24.7,52.7,0
24.6,52.3,0
24.5,53.1,0
24.8,52.0,0
24.8,52.0,0
24.4,52.6,0
24.4,53.3,1
24.3,52.7,1
24.4,53.7,0
24.8,52.1,0
24.1,54.0,0
24.3,52.3,1
24.5,51.4,1
24.2,52.6,1
24.6,53.9,1
24.6,54.4,0
24.8,54.2,0
25.0,53.6,1
25.1,52.3,1
25.9,51.6,1
26.7,49.6,1
26.4,47.4,0
26.1,45.6,0
26.0,46.3,0
26.0,45.2,0
25.9,45.6,1
26.0,45.5,0
26.2,44.5,0
26.0,44.9,0
26.1,44.2,0
25.9,44.4,0
26.4,42.9,0
26.5,43.1,0
26.4,43.0,0
26.4,42.3,0
26.3,43.0,0
26.4,42.1,0
26.4,42.8,0
26.3,42.2,0
27.6,42.1,0
27.2,42.2,0
27.0,41.3,0
27.1,40.7,1
27.2,40.4,1
27.1,40.6,1
27.2,40.8,1
27.5,42.4,0
27.5,40.8,0
27.5,40.1,0
27.4,39.2,0
27.6,39.0,0
27.8,40.5,0
27.6,38.7,0
27.2,39.4,0
27.3,40.0,0
27.2,40.1,0
27.3,39.5,0
27.0,39.2,0
26.9,39.7,0
27.6,39.4,0
26.8,39.4,0
27.0,41.2,0
26.5,41.8,0
26.1,41.2,0
26.0,41.1,1
26.0,41.4,1
26.7,40.1,1
26.5,41.6,0
25.7,48.1,0
26.0,47.4,0
26.1,46.4,0
26.0,46.6,0
26.0,46.4,0
25.9,46.7,0
25.9,45.9,0
26.0,47.5,0
26.1,47.2,0
26.2,45.3,0
26.8,44.2,0
26.6,44.7,0
26.6,44.7,0
26.6,45.0,0
26.5,45.3,0
26.4,45.5,0
26.4,45.5,0
26.4,45.6,0
26.2,45.4,0
26.4,45.1,0
26.6,43.8,0
26.5,47.2,0
26.7,44.0,0
26.8,44.6,0
26.6,44.0,0
26.6,44.0,1
26.7,42.4,1
25.9,46.4,1
25.3,45.7,0
25.1,45.5,0
25.7,48.3,0
25.7,44.0,0
25.7,44.4,0
26.1,43.0,0
26.1,44.3,0
26.2,43.7,0
26.3,43.3,0
26.5,42.6,0
26.6,43.4,0
26.2,45.3,0
26.8,44.3,1
26.9,43.7,1
26.8,43.8,1
27.0,43.7,0
27.0,42.6,0
27.9,41.5,1
28.6,41.2,1
25.0,50.8,0
25.3,47.5,0
25.2,47.7,0
26.7,47.1,0
26.0,44.1,0
25.9,44.3,1
28.1,44.0,1
28.2,44.9,1
29.0,42.6,1
28.7,42.7,1
28.6,42.8,1
28.4,43.2,1
28.4,44.1,1
28.2,42.5,1
28.2,42.3,1
28.2,42.2,0
28.3,42.2,1
28.0,41.6,1
28.0,42.0,1
29.0,41.9,1
29.0,39.7,0
28.7,41.2,0
28.0,41.9,0
26.3,45.5,1
25.7,45.0,0
25.3,46.3,0
25.3,46.8,0
26.0,42.9,1
26.1,43.2,0
25.3,46.1,1
26.8,47.5,1
26.7,47.0,0
27.2,38.9,0
25.1,50.6,0
25.9,48.6,0
27.5,44.6,0
27.7,42.7,0
26.4,44.7,0
26.4,49.2,0
26.8,47.3,0
27.1,46.9,1
27.8,43.9,1
28.0,45.4,0
28.2,44.9,0
27.9,46.2,1
27.5,49.4,0
27.0,50.5,1
27.0,49.9,1
26.9,50.7,1
27.2,49.9,0
27.0,48.0,0
27.9,46.3,0
27.8,49.0,0
27.5,48.1,0
27.4,47.2,0
26.9,50.8,0
26.5,52.3,0
27.2,47.8,0
27.4,47.6,1
27.5,46.6,1
27.6,43.9,0
27.7,45.6,0
27.2,50.7,0
27.5,44.2,0
27.5,46.2,0
24.8,72.3,1
24.6,73.9,0
24.5,73.6,0
24.4,75.4,1
24.5,76.2,1
24.6,75.2,1
24.6,75.9,0
24.6,76.2,0
24.7,75.6,0
24.5,75.5,1
24.4,75.6,1
24.4,75.5,0
24.2,75.6,0
24.2,75.9,0
24.3,75.0,0
24.3,75.3,0
24.0,76.3,0
24.3,75.1,0
24.5,74.6,0
24.6,74.0,1
24.9,73.4,1
25.5,71.3,1
26.0,70.0,1
26.0,69.2,1
25.5,71.2,1
24.9,73.8,1
25.6,72.5,1
26.6,70.6,0
26.6,69.7,0
25.0,73.3,1
24.7,76.0,1
24.8,76.7,1
24.7,77.7,0
24.9,76.4,0
25.0,75.5,0
25.1,74.9,0
25.3,74.3,0
25.3,73.1,1
25.1,73.1,1
24.0,76.4,0
25.2,73.2,0
25.5,71.6,0
27.0,65.8,0
24.9,74.3,0
25.2,72.4,0
25.4,71.8,0
25.4,71.9,0
26.3,70.8,0
24.4,76.5,0
23.7,79.7,0
23.9,80.9,0
23.9,80.6,0
24.0,79.9,0
24.1,80.6,0
24.2,79.7,0
24.3,79.2,0
24.2,79.7,0
24.5,78.1,0
24.6,78.4,1
24.6,77.4,1
24.9,76.8,1
24.9,76.6,1
24.9,76.5,1
25.2,76.3,0
25.6,75.2,1
25.7,74.2,1
25.0,76.6,1
25.1,75.8,0
24.8,77.0,0
24.6,77.9,0
24.7,77.8,0
24.5,78.7,0
24.6,78.2,0
24.7,77.8,0
24.2,80.5,1
24.4,79.1,1
24.4,78.7,1
24.8,77.7,0
24.6,78.1,1
24.6,77.7,1
24.7,80.3,0
24.9,78.4,0
24.9,78.3,0
24.9,78.7,0
24.8,77.9,1
24.9,78.0,1
24.9,77.1,1
24.8,77.3,1
25.3,74.5,1
24.0,76.8,1
24.3,75.8,1
24.2,75.0,1
24.1,75.5,1
25.1,73.4,0
25.3,72.3,0
25.7,70.6,0
24.5,74.1,0
25.2,64.3,0
24.7,67.2,0
25.6,63.8,1
25.1,66.1,1
25.1,64.7,1
24.8,68.1,1
24.8,68.1,1
25.4,69.3,1
25.8,68.6,1
26.0,68.4,1
26.0,68.8,1
25.6,70.2,0
25.7,70.0,0
25.9,69.5,0
25.7,70.1,0
25.9,69.1,0
25.9,69.2,0
26.0,68.7,0
25.9,68.7,0
25.9,69.2,0
26.1,68.2,0
26.2,67.8,0
26.3,67.6,0
26.1,68.5,0
26.5,67.4,0
26.4,67.3,0
26.4,67.5,1
26.6,67.1,1
27.0,66.3,1
28.2,64.2,1
27.5,63.6,1
27.3,64.8,1
26.9,66.2,1
26.9,66.4,1
26.9,66.1,1
26.6,66.9,1
26.6,67.8,1
26.6,67.8,1
26.9,66.1,1
26.9,65.3,0
26.1,68.3,0
26.1,68.3,0
26.2,68.0,0
26.3,68.3,0
26.7,68.5,0
26.7,70.0,0
26.7,69.5,0
26.2,70.7,0
26.7,68.9,1
26.7,68.3,0
25.6,73.4,1
25.3,73.7,1
25.3,74.3,1
25.2,73.8,0
25.2,74.6,0
25.5,74.0,0
25.6,74.1,0
25.8,74.1,0
25.8,71.7,0
25.7,73.1,1
25.8,71.7,1
25.7,73.0,0
25.8,72.2,0
25.9,72.6,0
25.9,72.2,0
26.0,71.7,0
25.8,72.4,0
25.8,73.0,0
25.8,72.4,0
25.9,71.9,0
26.1,71.5,0
26.1,71.2,0
25.9,73.8,0
25.6,74.8,0
27.4,69.3,1
26.4,70.9,0
26.8,70.1,1
27.7,67.8,1
27.0,67.5,1
26.8,67.4,1
26.6,67.5,0
25.9,69.1,0
25.7,70.1,0
24.8,71.7,0
27.5,63.1,0
27.8,61.9,1
27.9,61.4,1
27.5,63.0,0
28.0,63.5,1
26.7,64.4,0
26.8,64.9,0
26.7,65.5,0
26.2,66.1,0
26.2,66.0,0
25.8,68.7,0
26.0,68.9,0
26.0,66.6,0
25.7,67.6,0
25.5,68.1,0
27.5,59.8,1
24.9,67.7,1
24.7,69.0,1
24.7,69.1,1
24.7,68.8,1
26.2,64.1,1
25.0,67.9,0
24.7,69.3,1
25.2,66.8,1
25.0,67.1,0
24.9,70.1,1
25.6,67.3,0
25.8,65.3,1
25.7,65.8,1
25.6,65.9,1
26.0,64.7,1
26.2,65.4,0
25.7,64.6,0
25.1,67.5,0
25.5,65.6,0
25.7,65.3,0
26.0,65.0,0
26.1,64.3,1
26.3,63.4,1
26.7,62.3,1
24.8,67.3,1
24.9,67.6,1
25.0,67.4,1
25.3,66.6,1
25.4,66.2,1
25.2,69.0,0
25.2,70.0,0
25.4,70.3,1
25.2,70.7,1
25.1,71.0,0
25.0,71.0,1
25.0,71.3,1
25.1,70.4,1
24.9,70.7,0
25.0,70.3,0
25.9,69.1,1
25.5,68.5,0
25.5,68.1,0
26.6,63.9,0
26.0,66.0,0
25.7,67.1,0
25.4,67.0,0
25.2,67.9,0
25.0,69.0,0
25.7,67.6,0
26.8,64.7,0
27.3,61.7,1
27.4,60.9,1
26.9,62.0,1
26.0,65.0,1
26.9,63.5,1
27.0,63.1,1
27.7,61.0,0
27.6,60.7,0
26.0,64.8,1
26.0,65.4,1
26.3,69.3,1
26.3,64.0,1
25.9,64.8,1
25.8,65.5,1
26.0,65.2,1
26.1,64.6,0
26.0,64.6,0
26.1,65.3,0
26.3,64.3,0
26.1,65.0,0
25.8,65.9,0
25.5,66.2,0
25.9,66.0,1
26.0,64.1,1
26.1,64.9,0
26.9,62.5,0
26.6,62.9,0
26.7,63.0,0
26.3,62.3,0
26.3,62.5,0
26.0,64.2,1
26.1,63.4,1
25.9,64.7,1
25.6,64.6,1
25.9,64.4,0
26.1,64.0,1
26.5,63.0,1
26.6,62.9,0
27.0,61.6,0
26.9,61.4,0
27.6,59.9,0
27.5,61.8,0
27.4,61.5,0
27.3,61.2,0
27.6,61.5,1
27.7,61.6,1
27.4,63.5,1
27.5,63.4,1
27.3,63.7,1
27.4,63.3,1
27.2,64.2,1
26.9,65.4,1
27.0,65.2,1
27.0,65.0,1
27.0,64.8,1
26.6,65.4,1
26.1,66.7,1
26.0,67.0,1
26.1,67.2,1
26.6,64.8,1
26.5,65.6,1
27.0,64.1,1
27.0,63.5,1
27.2,63.2,1
27.5,62.3,1
27.6,61.5,1
27.4,61.5,1
27.3,61.7,1
27.0,62.4,1
27.0,62.9,1
27.2,62.4,1
26.6,63.6,1
27.0,62.3,1
26.9,61.9,1
25.4,66.5,1
25.0,68.4,1
25.4,67.2,1
25.7,65.9,1
25.8,65.6,1
25.7,65.6,1
25.7,66.0,1
25.3,66.8,1
25.7,65.9,1
25.7,65.5,1
25.7,65.6,1
25.7,66.1,1
25.7,65.8,1
26.0,65.4,1
25.9,65.1,0
25.8,65.5,1
25.7,65.5,1
25.6,65.8,1
25.7,65.7,0
25.8,66.8,1
25.8,65.3,1
25.4,66.1,1
25.6,66.2,1
25.9,65.7,1
26.0,64.8,1
25.6,65.7,1
25.0,67.2,1
24.8,68.8,1
25.0,67.8,0
25.2,67.4,0
25.4,66.4,0
25.2,66.8,1
25.2,67.0,1
25.3,67.1,1
25.5,67.5,0
25.6,67.6,1
26.0,67.3,1
26.1,67.4,1
26.4,66.5,1
26.5,66.1,1
27.8,67.2,1
28.4,60.9,1
28.9,59.0,1
28.6,59.0,1
27.3,63.0,1
26.7,65.0,1
26.4,66.0,1
26.1,66.5,0
25.9,66.9,0
25.6,68.5,1
26.1,67.1,1
26.3,66.6,1
26.0,66.8,0
26.2,66.6,0
25.8,67.2,0
25.6,67.7,0
25.7,67.9,0
25.8,67.3,1
25.7,67.2,0
25.6,67.4,1
25.9,67.4,0
25.5,67.9,1
25.7,68.0,0
26.0,66.7,0
26.2,67.0,0
26.0,66.5,1
26.1,66.3,0
29.2,72.0,1
29.2,76.4,1
29.2,76.6,0
29.3,75.7,1
29.3,73.2,1
29.3,74.9,1
29.3,74.9,1
29.3,75.1,1
28.2,64.3,1
28.1,64.4,1
29.0,78.4,1
29.5,77.4,1
29.4,77.7,1
29.6,75.7,1
29.4,76.1,1
29.4,76.5,1
29.4,76.1,1
29.8,75.2,1
30.1,74.7,1
29.0,75.1,1
28.9,76.5,1
29.0,76.9,1
28.7,74.2,1
28.7,73.9,1
28.6,74.9,1
29.7,74.0,1
29.7,71.2,1
28.8,76.1,1
29.7,71.2,1
29.7,70.8,1
29.7,71.5,1
29.8,71.9,1
29.4,77.6,1
29.7,75.2,1
29.4,76.0,1
29.5,76.0,1
29.7,74.5,1
29.7,76.0,1
29.3,75.7,1
29.4,77.0,1
30.0,75.3,1
30.0,75.0,1
29.9,75.0,1
29.9,74.7,1
29.9,75.0,1
29.9,74.5,1
30.1,74.7,1
30.3,73.4,1
30.2,74.9,1
30.1,74.9,1
28.7,73.4,1
28.3,75.6,1
28.8,75.5,1
29.3,78.8,1
29.6,78.4,1
29.5,79.4,1
29.3,75.1,1
29.1,77.7,1
29.2,76.5,1
28.6,74.8,1
28.6,74.7,1
28.6,74.0,1
29.5,78.2,1
29.3,77.1,1
29.2,78.4,1
29.7,77.6,1
29.6,77.1,1
29.2,77.1,1
29.0,75.1,1
29.4,77.3,1
29.6,79.3,1
29.5,78.7,1
29.6,72.3,1
29.4,75.0,1
29.6,75.0,1
29.6,73.7,1
29.7,73.8,1
29.8,74.1,1
29.3,76.4,1
27.5,80.0,1
29.1,76.1,1
28.7,76.3,1
29.2,75.7,1
29.6,74.8,1
29.5,74.7,1
27.3,70.9,1
27.6,69.3,1
27.4,70.5,1
27.2,70.8,1
27.7,67.8,1
27.4,69.7,1
27.3,71.0,1
27.3,70.2,0
27.1,70.6,1
27.3,70.1,1
27.3,69.5,0
27.3,69.4,1
27.4,68.6,1
27.9,68.2,1
27.4,69.3,1
27.5,69.1,1
27.4,66.5,1
27.5,69.5,1
28.9,64.6,1
27.8,67.2,1
28.2,68.5,1
28.7,65.5,1
28.6,63.4,0
28.1,65.8,1
27.8,66.1,1
27.8,65.2,1
27.7,65.3,1
27.9,65.7,1
27.5,70.7,1
28.7,70.3,1
27.8,69.4,1
27.7,69.8,1
27.8,70.1,1
28.0,69.7,1
27.9,69.8,1
28.0,68.5,1
27.5,70.1,1
27.4,71.3,1
27.2,71.3,1
27.3,71.5,1
27.3,72.2,1
27.2,71.1,1
27.2,71.4,1
27.2,70.5,1
27.2,68.3,1
27.2,70.3,1
27.2,70.9,1
27.3,70.6,1
27.2,70.3,1
27.3,70.2,1
27.7,69.9,1
27.6,69.9,1
27.4,70.6,1
27.9,68.8,1
28.1,68.9,1
28.0,68.7,1
28.2,68.5,1
28.6,67.3,1
28.5,67.3,1
28.6,66.4,1
28.6,66.4,0
28.6,66.0,0
28.6,66.0,0
28.6,66.2,0
28.4,64.3,1
28.4,65.6,0
28.4,66.1,1
28.4,65.5,0
28.0,70.6,1
28.0,70.7,1
28.0,70.3,1
28.0,69.9,1
27.9,71.3,1
28.1,69.7,1
28.1,70.0,1
27.9,69.7,1
27.9,70.3,1
28.2,69.8,1
28.3,69.3,1
28.3,69.1,1
28.4,69.2,1
28.3,69.0,1
28.2,68.7,1
28.2,68.7,1
28.3,67.0,1
28.2,67.5,1
27.6,70.5,1
28.3,68.5,1
28.5,68.1,1
28.3,67.7,1
28.3,68.0,1
28.1,64.3,1
28.6,69.6,1
28.7,67.1,1
28.7,67.1,1
28.7,66.8,1
28.6,66.4,1
28.9,65.6,1
28.6,66.2,1
26.8,71.3,1
28.2,67.3,1
26.8,58.3,1
26.4,60.0,1
26.1,61.0,1
25.9,62.9,1
25.9,63.2,1
26.1,62.5,1
26.1,62.9,1
26.1,62.8,1
26.2,63.2,1
26.2,63.2,1
25.7,63.4,1
25.2,66.0,1
26.0,64.2,1
25.6,65.2,1
25.4,66.3,1
25.8,65.1,1
26.0,65.0,1
25.9,65.3,1
26.0,65.0,1
26.2,64.2,1
27.2,61.9,1
27.2,60.9,1
26.8,62.8,1
26.8,62.8,1
26.6,63.8,1
26.7,63.8,1
26.7,64.0,1
26.6,64.1,1
26.8,63.6,1
26.4,63.7,1
26.0,64.5,1
25.9,64.8,0
25.7,64.2,0
25.8,63.9,0
25.6,64.3,1
26.4,61.9,1
26.9,60.2,0
26.6,60.8,0
26.3,61.1,1
26.1,61.7,1
26.2,61.1,1
26.0,61.5,1
25.7,62.4,1
26.2,61.1,1
26.1,61.0,1
26.1,61.2,1
26.4,60.1,1
25.9,61.5,1
25.9,61.5,1
26.2,60.4,1
27.9,55.3,1
27.5,57.1,1
27.6,57.4,1
27.8,57.2,1
28.1,56.7,1
27.5,58.4,1
27.3,59.4,1
27.6,58.7,1
28.2,56.9,1
27.8,58.3,1
27.4,59.2,1
27.2,60.3,1
26.8,61.3,1
26.4,63.1,1
26.7,63.4,1
28.8,56.7,1
26.8,62.9,1
26.6,63.4,1
26.6,62.9,1
26.9,62.2,1
26.8,62.4,1
27.5,59.6,1
27.9,58.2,1
26.7,61.3,1
26.0,63.5,1
26.3,62.6,1
27.4,61.5,1
27.3,60.6,1
26.7,61.5,1
26.4,61.6,1
26.4,57.7,1
26.1,59.8,1
26.8,60.3,1
26.6,59.3,1
26.1,60.8,1
25.4,63.2,1
25.2,62.5,1
25.8,62.4,1
27.1,61.3,1
26.2,57.9,1
26.6,56.8,1
26.2,59.0,1
26.3,60.2,1
26.9,58.5,1
26.6,58.4,1
26.5,58.4,1
26.8,58.3,1
27.1,57.7,1
27.2,56.9,1
27.8,57.4,1
25.2,62.2,1
24.8,63.2,1
25.1,63.0,1
25.3,62.4,1
25.4,62.4,1
25.1,63.0,0
25.1,62.9,1
25.2,63.0,1
24.7,64.3,1
24.7,64.3,1
25.0,63.6,1
25.0,64.1,1
24.8,64.5,1
24.9,64.9,1
24.8,65.1,1
24.8,65.1,1
24.7,65.7,0
24.7,66.0,0
24.9,65.5,0
25.2,64.7,0
25.2,65.3,0
25.2,64.7,1
25.1,65.3,1
25.1,65.5,1
25.7,64.2,1
25.9,63.9,0
26.2,62.9,1
26.4,62.1,1
26.4,62.1,1
26.2,62.1,1
26.1,62.0,0
26.0,62.0,0
25.8,62.4,1
26.6,62.8,1
25.5,63.2,0
25.6,62.7,0
25.8,62.0,0
25.6,62.0,0
25.7,62.0,0
25.5,62.4,1
25.0,63.3,1
25.1,62.8,0
25.3,62.6,0
25.1,63.2,1
24.7,63.7,1
24.9,63.8,0
25.1,62.3,0
25.4,62.8,0
25.3,61.5,0
25.4,61.4,0
27.3,56.9,1
26.5,59.8,1
26.6,59.5,1
25.9,61.9,1
25.8,62.2,1
26.5,60.2,1
26.2,60.6,1
26.3,60.7,1
26.4,60.2,1
25.9,61.4,1
25.7,62.2,1
25.7,62.4,1
25.8,61.9,1
26.4,60.8,0
26.7,59.4,0
27.1,58.9,0
27.3,58.2,1
26.5,60.4,0
25.9,62.5,1
25.5,63.6,1
25.5,63.1,1
24.8,64.5,0
24.0,66.9,0
24.1,66.8,0
23.7,67.5,1
23.3,68.6,1
23.7,67.3,1
23.1,66.0,0
23.7,65.1,0
24.0,64.3,0
24.0,64.2,0
23.4,66.1,0
24.1,63.5,0
23.9,63.6,1
23.6,64.8,0
23.8,64.8,0
23.2,67.1,0
23.7,65.5,0
23.9,64.3,0
23.6,64.9,0
23.4,64.7,0
23.7,64.2,0
23.7,64.2,0
23.1,67.0,0
23.3,66.5,0
23.5,65.0,0
23.6,65.1,0
23.1,65.3,0
22.3,67.2,0
22.4,67.7,0
34.7,39.5,1
35.1,38.7,1
35.3,37.9,1
35.1,38.6,1
35.1,38.9,1
34.9,39.4,1
34.8,38.4,1
35.1,38.9,1
35.3,38.8,1
35.2,38.1,1
35.1,36.1,1
35.2,35.6,1
35.4,35.9,1
35.1,35.7,1
35.0,48.4,1
35.2,48.3,1
35.3,49.0,1
35.4,48.6,1
35.4,48.4,1
35.4,47.9,1
35.2,48.5,1
35.2,48.5,1
33.1,54.3,1
33.8,51.4,1
34.0,52.5,1
34.2,52.2,1
34.1,52.4,1
34.2,54.0,1
34.2,54.0,1
33.9,55.9,1
33.5,57.6,1
35.9,38.8,1
35.8,38.4,1
35.7,36.8,1
35.4,36.8,1
35.6,36.4,1
35.8,35.9,1
35.6,35.2,1
35.5,34.9,1
35.6,35.1,1
34.9,47.8,1
35.6,48.0,1
35.7,47.9,1
35.5,47.0,1
35.3,46.7,1
35.4,46.9,1
34.8,46.6,1
34.0,50.0,1
33.9,51.1,1
34.1,51.5,1
33.9,52.4,1
33.7,55.4,1
33.5,56.5,1
34.3,47.4,1
34.3,42.4,1
33.8,46.5,1
34.0,47.0,1
34.1,49.6,1
34.1,49.1,1
34.3,49.3,1
34.3,49.8,1
34.2,50.4,1
34.2,50.4,1
34.2,50.4,1
34.0,51.3,1
34.0,56.1,1
32.6,56.4,1
32.6,56.3,1
32.0,58.3,1
32.0,58.5,1
32.3,58.6,1
31.5,44.3,1
34.5,36.6,1
34.6,49.1,1
34.4,49.0,1
34.4,49.3,1
34.4,48.9,1
34.3,48.2,1
34.2,47.8,1
34.1,48.5,1
34.3,49.4,1
34.5,47.6,1
34.1,47.1,1
34.0,48.4,1
33.8,49.0,1
34.1,47.5,1
33.7,50.0,1
33.5,51.9,1
33.8,51.4,1
33.6,54.3,1
34.4,55.0,1
34.4,54.2,1
34.1,55.8,1
34.6,54.9,1
34.6,54.9,1
34.6,55.4,1
34.1,56.8,1
35.8,50.4,1
33.9,58.1,1
36.5,45.7,1
36.5,46.1,1
36.1,51.4,1
33.6,59.0,1
33.4,59.7,1
35.0,47.0,1
35.3,45.2,1
35.1,45.4,1
35.3,44.0,1
34.8,49.0,1
34.8,48.3,1
35.0,45.6,1
34.5,51.4,1
34.4,51.0,1
33.1,41.1,1
32.9,62.3,1
35.7,46.4,1
35.8,46.1,1
35.8,46.1,1
36.4,46.3,1
36.3,42.8,1
35.0,50.4,1
35.0,50.4,1
34.3,52.9,1
34.3,52.9,1
37.1,45.0,1
37.3,44.7,1
37.3,45.6,1
37.3,45.1,1
38.5,42.0,1
36.8,47.7,1
33.5,48.4,1
35.0,49.8,1
36.7,46.8,1
37.1,45.8,1
33.1,65.1,1
36.5,44.9,1
36.4,45.0,1
36.4,45.0,1
36.4,45.0,1
35.9,42.3,1
36.0,45.4,1
36.4,41.2,1
36.3,41.2,1
36.2,43.3,1
36.2,43.3,1
36.5,44.9,1
35.1,41.8,1
34.8,43.9,1
34.8,43.9,1
34.9,42.3,1
35.4,52.5,1
36.2,50.0,1
36.7,47.2,1
37.1,47.3,1
37.0,46.3,1
37.1,47.0,1
36.9,47.9,1
37.0,46.6,1
36.5,46.3,1
35.0,49.8,1
34.3,51.4,1
35.0,50.4,1
35.4,48.2,1
35.4,49.6,1
35.6,49.0,1
38.1,39.1,1
37.1,43.7,1
35.7,47.9,1
36.1,47.9,1
35.9,45.5,1
35.7,46.3,1
37.8,42.5,0
34.2,53.1,0
34.3,53.2,1
34.6,47.9,1
34.5,49.8,1
35.3,45.2,1
35.5,43.3,1
35.8,44.8,1
34.9,45.6,1
35.4,43.3,1
35.8,42.9,1
35.6,44.3,1
36.9,43.1,1
27.7,39.7,1
34.8,52.5,1
35.2,53.5,1
34.3,49.0,1
34.1,50.0,1
34.7,44.8,1
34.3,45.6,1
38.2,46.1,1
29.9,39.0,1
28.8,42.6,1
33.7,48.5,1
36.4,44.0,1
35.8,50.7,1
35.5,51.7,1
35.4,52.7,1
35.3,53.6,1
35.1,54.2,1
35.3,52.7,1
35.9,51.4,1
36.1,45.0,1
36.5,49.4,1
34.5,54.6,1
33.7,56.5,1
33.6,55.9,1
33.8,55.4,1
33.5,57.9,1
32.7,61.8,1
32.8,60.5,1
33.0,60.0,1
33.2,60.0,1
33.3,58.5,1
32.0,44.8,1
31.8,45.0,1
32.7,45.5,1
34.9,45.7,1
34.6,47.1,1
34.9,45.7,1
34.8,46.1,1
34.8,44.2,1
34.4,44.8,1
34.9,44.1,1
31.7,34.6,1
33.9,47.2,1
36.8,40.5,1
37.0,40.1,1
37.0,40.1,1
37.0,39.6,1
37.0,39.6,1
37.1,39.6,1
37.4,41.3,1
37.2,41.6,1
36.9,42.4,1
36.9,41.8,1
36.3,41.9,1
36.5,41.8,1
36.6,41.9,1
36.6,41.9,1
36.5,41.9,1
36.4,41.5,1
36.4,42.1,1
35.5,42.1,1
35.5,44.1,1
35.5,45.7,1
35.2,46.3,1
35.1,46.9,1
35.4,44.9,1
36.3,42.0,1
36.2,45.1,1
36.1,45.1,1
35.9,44.9,1
35.4,48.4,1
35.4,48.4,1
36.3,42.9,1
36.6,40.9,1
36.7,40.8,1
35.6,42.6,1
36.4,40.0,1
36.4,40.9,1
36.4,41.3,1
36.5,40.6,1
36.5,41.1,1
36.3,40.9,1
36.4,40.8,1
36.4,40.4,1
36.7,38.1,1
37.0,39.4,1
37.1,38.4,1
35.6,39.3,1
36.3,36.6,1
34.4,52.7,1
34.1,53.2,1
34.2,52.8,1
34.8,51.5,1
35.9,46.0,1
36.4,43.6,1
36.5,43.5,1
36.4,43.7,1
36.5,43.8,1
36.4,43.8,1
36.6,43.2,1
36.5,44.6,1
36.6,42.0,1
36.7,40.4,1
36.2,43.4,1
36.1,44.1,1
36.4,42.8,1
36.3,45.0,1
36.4,45.3,1
27.6,37.4,0
27.3,39.6,1
27.7,38.5,1
26.4,41.6,1
25.9,42.1,1
25.3,43.7,1
23.9,48.6,0
23.9,48.6,0
24.4,47.1,0
24.7,46.3,1
24.8,45.8,0
25.0,46.1,0
25.0,46.1,0
23.3,49.0,0
23.7,49.5,1
23.7,49.5,1
24.9,47.2,0
24.9,47.2,0
25.4,46.1,0
25.3,42.0,1
25.5,43.9,1
26.3,41.9,1
25.3,43.6,0
24.7,45.3,0
24.6,46.1,0
24.2,45.8,1
23.5,47.6,0
24.9,44.5,0
24.1,46.3,0
25.2,46.5,1
27.6,38.5,1
26.2,41.4,1
25.3,43.7,1
25.0,44.3,1
24.3,45.4,1
24.7,45.3,1
25.8,42.2,1
27.9,38.4,1
30.6,45.0,1
30.9,44.2,1
31.1,45.3,1
29.8,31.1,1
27.7,34.1,1
27.4,34.8,1
27.5,35.0,1
27.6,34.6,1
27.3,34.8,1
27.0,35.0,1
27.1,36.5,1
24.6,41.8,1
24.4,43.3,1
26.6,42.6,1
28.8,37.1,1
29.0,36.8,1
28.7,34.9,1
30.0,62.2,1
31.1,71.3,1
31.2,71.3,1
30.7,72.7,1
31.8,68.7,1
31.8,68.6,1
31.9,68.5,1
31.8,69.5,1
31.8,69.8,1
31.8,69.5,1
31.3,71.3,1
31.3,71.4,1
31.4,71.2,1
31.5,70.9,1
31.4,72.6,1
31.4,72.2,1
30.9,74.3,1
30.9,74.8,1
30.3,76.4,1
30.6,76.2,1
29.3,80.9,1
29.7,80.8,1
30.4,73.4,1
30.9,72.7,1
30.9,72.4,0
31.1,71.6,1
31.0,71.8,1
31.6,71.7,1
31.6,71.2,1
31.7,58.9,1
31.7,60.3,1
31.7,60.4,1
29.0,44.4,1
31.3,72.1,1
31.4,74.1,1
30.6,77.3,1
28.8,66.9,1
29.4,65.5,1
29.8,64.7,1
29.8,64.7,1
31.3,68.7,1
32.4,65.5,1
31.9,68.0,1
30.1,62.2,1
31.4,71.5,1
31.1,72.5,1
31.3,71.7,1
31.3,72.4,1
31.7,69.0,1
31.6,69.1,1
32.2,72.6,1
30.0,58.3,1
28.2,51.1,1
31.4,70.3,1
32.0,67.4,1
31.0,70.4,1
30.6,71.6,1
30.3,73.5,1
28.5,48.7,1
30.3,72.1,1
30.7,71.4,1
30.8,71.2,1
30.9,70.7,1
30.8,70.8,1
30.1,73.8,1
29.8,75.9,1
29.5,75.2,1
29.9,75.5,1
29.9,74.9,1
31.0,72.2,1
31.3,71.4,1
31.0,71.5,1
30.8,73.9,1
30.8,74.3,1
30.8,74.5,1
30.7,63.5,1
30.9,64.5,1
31.8,70.8,1
31.8,70.6,1
31.6,70.5,1
30.9,65.8,1
31.1,65.3,1
31.1,65.4,1
31.2,66.7,1
31.3,66.2,1
31.2,69.7,1
31.1,70.1,1
31.1,70.2,1
30.0,62.2,1
30.2,61.4,1
30.2,60.7,1
30.3,60.5,1
31.0,67.8,1
31.3,68.5,1
31.3,68.6,1
27.5,45.0,0
26.0,42.2,1
26.8,52.2,1
30.8,71.4,1
31.0,70.8,1
31.0,71.1,1
30.6,73.3,1
30.6,73.2,1
29.1,62.9,1
30.6,73.4,1
30.8,72.9,1
30.9,72.5,1
31.0,71.1,1
31.2,74.2,1
30.7,73.6,1
31.0,75.7,1
31.3,66.6,1
30.5,69.1,1
31.1,67.4,1
31.2,67.7,1
31.3,67.3,1
31.4,67.0,1
29.4,56.3,1
29.2,59.7,1
28.6,59.4,1
26.9,59.5,1
27.5,49.1,1
28.5,73.3,1
30.4,73.9,1
30.9,69.3,1
30.9,68.9,1
29.6,60.4,1
28.9,60.4,1
30.5,73.4,1
30.4,73.2,1
30.5,78.3,1
30.6,78.1,1
30.4,79.0,1
27.2,56.2,1
28.7,83.8,1
29.7,80.0,1
29.6,81.3,1
29.9,80.8,1
29.6,79.9,1
29.5,80.9,1
30.2,65.3,1
30.2,65.8,1
30.3,64.2,1
28.9,44.0,1
30.2,68.5,1
30.4,71.1,1
30.4,71.7,1
29.3,79.1,1
29.7,77.5,1
29.7,79.9,1
29.8,81.3,1
29.8,82.9,1
30.2,78.8,1
30.0,79.4,1
30.4,78.1,1
30.2,73.7,0
29.9,74.9,1
26.9,61.1,1
25.9,65.2,1
25.8,65.7,1
25.8,64.9,1
25.6,64.8,0
26.5,62.9,0
26.9,60.0,0
27.4,59.2,0
27.3,58.2,0
27.2,58.1,0
26.9,57.6,0
26.4,60.8,0
25.9,64.5,1
26.0,64.4,1
25.6,64.0,0
25.4,66.2,1
28.2,60.3,1
28.2,59.5,1
28.3,59.1,1
28.1,59.2,1
27.5,60.6,1
27.2,61.4,1
27.1,61.6,1
27.1,61.8,0
27.2,61.0,1
26.9,61.4,0
26.9,62.1,0
26.9,62.0,0
27.2,61.5,1
27.4,60.3,1
27.4,60.4,1
27.5,60.8,1
27.4,60.4,1
27.8,59.5,1
28.3,57.3,0
28.1,66.1,1
28.0,65.0,1
27.3,65.8,1
26.6,65.7,0
26.4,67.3,0
26.3,66.6,0
26.3,66.6,0
26.2,67.4,0
26.5,66.2,0
26.2,67.2,0
27.1,64.2,1
27.1,64.4,1
27.2,63.4,1
26.3,64.3,0
26.1,64.7,0
26.3,60.9,1
25.4,56.2,0
24.9,57.5,0
25.2,57.2,0
24.9,56.9,0
24.3,57.3,0
24.3,58.8,0
24.8,58.1,0
25.2,57.5,0
25.2,56.1,0
26.0,60.2,0
25.3,62.7,0
24.7,62.5,0
23.8,63.2,0
23.7,63.4,0
24.0,62.3,0
25.0,58.7,1
24.0,60.1,0
24.2,60.4,1
24.3,60.2,1
24.8,58.2,1
25.1,60.1,1
25.4,59.3,1
25.6,58.6,1
25.2,59.5,0
25.0,58.7,0
21.6,46.8,0
27.3,58.0,0
24.5,64.2,0
24.5,64.3,0
24.0,63.3,0
24.4,62.2,0
24.1,61.3,0
24.5,58.4,0
25.8,57.7,1
25.5,58.1,1
25.4,58.5,1
25.5,57.5,1
25.1,57.5,0
24.3,62.3,0
24.3,62.3,0
24.3,60.7,0
24.7,60.3,1
20.0,51.6,1
24.0,62.6,1
27.6,63.2,1
27.3,63.4,1
27.3,64.1,1
27.3,63.8,1
27.1,62.7,0
27.3,60.2,0
27.1,60.5,0
27.1,60.5,0
26.2,63.1,0
26.1,62.1,1
22.7,39.4,0
23.7,38.4,0
22.3,46.1,0
22.0,46.4,0
23.7,40.4,0
24.0,39.3,0
24.3,40.9,0
23.3,41.3,0
24.0,41.0,0
24.7,37.9,0
24.4,37.8,0
24.7,37.2,0
24.5,24.8,0
23.8,39.1,0
24.8,38.8,0
25.3,37.0,0
25.3,38.0,0
24.7,39.8,0
24.3,39.9,0
23.7,40.9,0
23.9,41.6,0
22.1,41.2,0
23.5,38.3,0
22.8,38.9,0
24.6,37.1,0
25.8,34.0,0
25.5,35.1,0
26.4,34.1,0
26.6,33.4,0
26.2,34.8,0
26.2,34.8,0
26.4,33.9,0
26.1,34.4,0
25.4,35.6,0
25.5,35.2,0
26.0,33.4,0
26.0,33.4,0
23.2,39.4,0
24.3,39.9,0
24.3,39.9,0
25.3,37.3,0
25.3,37.3,0
23.7,40.6,0
23.8,40.4,0
23.9,38.6,0
24.1,39.1,0
21.6,41.7,0
23.3,38.2,0
23.5,38.0,0
23.4,38.5,0
18.8,42.0,0
19.6,41.8,0
24.0,39.8,0
24.2,38.2,0
24.1,37.5,0
23.2,40.8,0
19.3,51.0,0
20.2,49.1,0
19.0,52.3,0
18.5,53.0,0
18.3,54.1,0
18.5,51.9,0
20.7,50.2,0
19.2,53.4,0
18.9,54.2,0
18.2,55.4,0
19.9,52.0,0
18.7,54.0,0
18.2,55.6,0
18.0,56.0,0
17.8,56.8,0
18.1,56.9,0
18.8,55.6,0
18.1,56.9,0
17.7,58.7,0
17.5,59.2,0
17.4,58.8,0
18.9,59.1,0
18.9,56.9,0
19.8,52.8,0
20.1,52.4,0
18.2,59.7,0
19.7,55.5,0
18.5,50.0,0
19.1,52.1,0
17.7,54.4,0
18.7,52.2,0
19.6,49.3,0
19.1,51.1,0
19.4,52.1,0
19.1,52.7,0
19.5,51.2,0
19.3,51.3,0
19.3,51.5,0
19.6,50.6,0
19.7,50.9,0
18.8,53.1,0
19.0,52.5,0
18.3,54.4,0
18.6,53.7,0
17.2,59.5,0
18.1,57.4,0
16.2,60.3,0
16.3,61.2,0
19.2,53.1,0
18.2,57.0,0
18.3,56.4,0
18.5,56.4,0
18.3,58.7,0
18.5,58.8,0
17.0,58.0,0
16.8,58.0,0
16.8,58.2,0
17.0,57.5,0
16.0,59.8,0
19.1,53.5,0
19.0,53.2,0
19.1,54.8,0
19.1,54.8,0
19.5,51.1,0
17.4,58.4,0
17.3,56.0,0
16.5,59.1,0
16.0,60.7,0
19.7,52.1,0
19.0,53.4,0
18.6,54.6,0
18.5,55.1,0
18.6,55.7,0
18.7,56.4,0
18.1,58.2,0
19.2,53.0,0
18.7,53.3,0
17.7,56.8,0
17.4,57.5,0
18.4,65.7,0
18.5,55.8,0
18.6,56.1,0
18.3,56.9,0
18.9,55.8,0
19.8,56.6,0
20.7,54.3,0
18.5,53.2,0
16.4,58.3,0
16.3,59.0,0
16.3,58.6,0
16.4,59.7,0
16.5,59.5,0
16.8,58.6,0
19.6,51.4,0
19.3,50.7,0
19.1,51.6,0
18.4,53.2,0
17.6,56.0,0
17.7,56.0,0
17.6,54.8,0
16.5,56.3,0
16.9,54.0,0
16.8,54.8,0
17.2,58.5,0
17.3,58.8,0
17.4,58.8,0
17.5,60.8,0
16.4,60.9,0
16.5,60.8,0
16.7,60.3,0
19.2,54.3,0
19.5,54.2,0
17.4,55.8,0
16.3,62.5,0
16.4,62.5,0
17.0,59.9,0
18.0,57.5,0
17.6,60.0,0
17.6,59.4,0
17.6,60.5,0
17.7,60.4,0
17.7,53.6,0
16.9,54.7,0
17.0,54.4,0
16.6,55.8,0
16.9,54.8,0
17.4,53.7,0
17.7,52.5,0
17.6,52.6,0
17.5,53.0,0
17.8,52.8,0
17.5,51.3,0
17.6,55.3,0
17.5,55.4,0
17.3,55.4,0
17.3,55.8,0
17.5,57.6,0
18.5,53.2,0
18.7,51.5,0
18.2,51.2,0
17.0,56.5,0
15.4,58.4,0
16.5,54.7,0
16.6,54.4,0
16.7,54.4,0
16.8,54.2,0
17.1,53.5,0
17.3,52.5,0
17.2,53.0,0
17.2,52.8,0
17.7,52.8,0
18.1,51.3,0
18.3,52.8,0
17.8,52.8,0
18.7,49.0,0
18.4,50.9,0
18.6,49.7,0
18.6,49.9,0
18.7,49.6,0
18.8,49.8,0
18.6,50.6,0
18.8,49.2,0
18.7,49.3,0
18.6,50.0,0
18.7,50.1,0
18.6,49.7,0
19.1,49.8,0
19.6,47.8,0
19.1,48.7,0
18.9,49.9,0
19.0,49.0,0
18.9,49.3,0
19.0,49.4,0
27.3,34.0,1
27.6,33.5,1
27.3,34.7,1
27.3,36.0,1
27.6,34.3,1
27.6,34.4,1
27.5,34.1,1
27.7,33.8,0
27.5,36.6,1
27.5,35.8,1
27.5,34.9,1
27.5,34.9,1
27.8,35.7,1
28.0,31.0,1
27.7,32.2,1
27.9,32.3,1
27.9,31.9,1
27.9,31.5,0
28.1,27.4,1
28.0,27.7,1
28.5,32.0,0
28.3,31.7,1
26.1,36.9,0
25.8,52.1,1
25.5,51.5,1
25.6,52.3,1
25.6,53.1,0
25.9,53.5,0
25.9,52.7,0
25.9,53.1,0
25.8,52.8,0
25.5,53.3,1
21.6,81.3,0
21.9,80.8,0
23.1,70.0,0
23.0,69.5,0
23.1,74.0,0
23.5,69.0,0
22.2,79.0,0
22.9,75.7,0
22.8,76.6,0
22.9,75.3,0
22.9,76.1,0
23.0,75.6,0
22.9,76.2,0
23.5,74.4,0
22.7,79.8,0
23.1,78.3,0
23.1,78.3,0
23.1,78.3,0
23.1,78.5,0
16.5,23.1,0
16.3,23.0,0
16.3,22.4,0
16.7,21.9,0
16.7,21.9,0
16.7,22.2,0
16.5,23.1,0
16.5,23.1,0
16.5,24.1,0
28.4,55.0,0
28.5,53.0,0
28.9,51.0,0
29.0,59.0,1
29.5,56.0,1
29.6,63.0,0
29.6,63.0,0
28.4,55.0,0
28.5,56.0,0
28.5,53.0,0
28.8,52.0,0
28.9,51.0,0
29.1,56.0,0
29.0,59.0,0
29.3,64.0,0
29.6,51.0,0
29.5,56.0,0
29.4,58.0,0
29.3,62.0,0
28.5,53.0,0
28.9,51.0,0
29.3,64.0,0
29.5,56.0,0
29.3,62.0,0
29.3,57.0,0
29.6,63.0,0
29.6,63.0,0
28.0,62.0,0
28.4,55.0,0
28.5,53.0,0
28.9,51.0,0
29.3,64.0,0
29.5,56.0,0
29.3,62.0,0
29.3,57.0,0
29.6,63.0,0
28.5,53.0,0
28.6,52.0,0
28.9,51.0,0
29.1,66.0,0
29.3,64.0,0
29.4,61.0,0
29.5,56.0,0
29.3,64.0,0
29.3,62.0,0
29.3,64.0,0
29.3,57.0,0
28.0,62.0,0
28.4,55.0,0
28.5,53.0,0
28.9,51.0,0
29.3,64.0,0
29.5,56.0,0
29.3,62.0,0
29.8,63.0,0
30.0,72.0,1
30.2,61.0,1
30.3,58.0,1
29.4,70.0,1
29.3,73.0,0
29.3,71.0,0
29.4,60.0,1
30.0,72.0,1
30.2,61.0,0
30.3,61.0,1
30.7,66.0,1
29.4,60.0,0
30.0,56.0,1
30.2,61.0,1
30.3,61.0,0
30.7,66.0,0
29.4,70.0,0
29.3,73.0,0
29.4,60.0,1
29.8,63.0,0
30.0,56.0,1
30.0,56.0,0
30.2,61.0,0
30.3,58.0,1
30.3,61.0,0
30.7,58.0,0
29.8,69.0,0
29.4,70.0,0
31.2,69.0,0
32.1,61.0,0
32.6,53.0,0
31.9,53.0,0
31.2,69.0,1
30.3,72.0,1
28.8,48.0,0
29.3,48.0,0
31.2,69.0,1
32.1,64.0,0
31.9,64.0,1
29.3,65.0,1
31.2,69.0,1
32.1,68.0,0
31.9,56.0,0
30.9,62.0,1
32.1,58.0,0
32.6,64.0,0
30.9,69.0,0
30.3,72.0,1
30.9,69.0,0
28.8,48.0,0
29.3,57.0,0
30.2,68.0,1
30.3,72.0,1
30.7,58.0,1
31.1,59.0,1
31.4,49.0,0
31.4,57.0,1
31.1,61.0,1
31.4,65.0,1
30.4,59.0,1
30.2,68.0,1
30.3,58.0,1
30.7,58.0,0
31.1,59.0,1
30.2,68.0,1
30.3,58.0,1
31.3,54.0,1
30.3,58.0,0
31.3,55.0,1
31.4,57.0,1
31.3,54.0,0
30.2,58.0,1
30.3,58.0,1
31.4,57.0,1
31.3,54.0,1
31.4,65.0,1
30.2,58.0,1
30.3,58.0,0
31.3,55.0,0
31.4,49.0,1
31.4,57.0,1
31.3,54.0,0
31.4,65.0,1
30.2,58.0,1
31.1,59.0,1
31.3,55.0,0
31.4,65.0,1
31.4,65.0,1
31.3,54.0,1
29.2,56.0,0
30.0,65.0,1
30.6,66.0,1
31.4,65.0,0
32.4,50.0,0
32.1,53.0,0
32.1,49.0,0
32.2,54.0,0
31.7,51.0,1
29.2,56.0,0
30.6,66.0,1
31.4,58.0,0
32.4,50.0,0
32.1,53.0,0
32.1,49.0,0
32.2,62.0,0
30.6,66.0,1
31.4,61.0,0
31.9,65.0,1
32.4,50.0,0
32.2,53.0,0
31.7,51.0,1
29.7,66.0,0
29.7,65.0,0
29.7,65.0,0
29.6,64.0,0
29.5,64.0,1
29.7,66.0,0
29.7,65.0,1
29.7,65.0,1
29.7,65.0,1
29.7,65.0,0
29.6,64.0,0
29.7,66.0,0
29.7,65.0,0
29.7,65.0,0
29.6,64.0,0
29.7,66.0,0
29.7,65.0,0
29.7,65.0,0
29.7,65.0,0
29.5,64.0,1
29.5,64.0,1
32.6,54.0,0
32.6,62.0,0
32.4,56.0,0
31.8,56.0,1
31.6,53.0,1
32.7,56.0,0
32.6,53.0,0
32.1,49.0,0
31.6,64.0,1
32.1,49.0,0
31.8,57.0,0
31.6,58.0,1
32.6,58.0,0
32.1,58.0,0
31.8,49.0,0
32.1,58.0,0
31.8,56.0,0
31.6,58.0,1
31.6,58.0,1
29.2,52.0,1
28.7,55.0,1
31.6,62.0,1
30.4,59.0,0
29.2,50.0,0
29.0,55.0,0
28.7,58.0,0
29.2,50.0,1
28.7,56.0,1
32.1,58.0,0
31.6,62.0,1
29.2,50.0,0
28.7,58.0,0
28.4,65.0,0
31.7,58.0,1
28.5,64.0,0
27.2,70.0,0
31.2,56.0,1
31.7,62.0,1
28.5,64.0,0
27.2,70.0,0
31.2,56.0,1
31.7,61.0,1
28.5,64.0,0
27.2,70.0,0
31.2,56.0,1
28.5,64.0,0
27.2,70.0,0
31.2,56.0,1
28.5,64.0,0
27.2,70.0,0
28.6,57.0,0
29.0,56.0,0
28.6,57.0,0
29.0,56.0,0
30.6,66.0,1
30.2,58.0,0
30.6,66.0,1
33.3,62.0,0
31.7,65.0,1
30.6,66.0,1
31.7,53.0,1
31.7,53.0,1
28.7,60.0,0
29.3,63.0,0
29.8,62.0,0
28.7,60.0,0
29.3,63.0,0
29.8,62.0,0
30.7,62.0,1
28.7,60.0,0
29.8,62.0,0
30.7,62.0,1
31.2,60.0,1
28.7,60.0,0
29.8,62.0,0
30.7,62.0,1
28.7,60.0,0
29.8,62.0,0
30.7,62.0,1
28.7,60.0,0
29.8,62.0,1
30.7,62.0,1
28.7,60.0,0
29.8,62.0,0
30.7,62.0,1
30.4,55.0,0
30.4,56.0,1
30.8,53.0,1
30.8,55.0,1
30.1,65.0,1
30.4,55.0,1
30.4,56.0,1
30.8,69.0,1
30.8,69.0,0
30.1,65.0,0
30.4,55.0,1
30.1,65.0,1
29.9,73.0,1
29.5,58.0,0
30.1,65.0,1
29.9,68.0,1
29.5,58.0,1
30.8,69.0,0
30.1,54.0,1
29.9,59.0,1
28.9,58.0,0
27.9,64.0,0
29.9,64.0,1
28.9,58.0,0
29.9,72.0,1
28.9,58.0,0
28.9,58.0,0
28.9,58.0,0
29.9,73.0,1
28.1,58.0,0
29.0,58.0,0
29.0,58.0,0
29.0,59.0,0
29.0,58.0,0
29.2,60.0,0
28.9,57.0,0
28.8,57.0,0
28.1,58.0,0
29.0,58.0,0
29.0,58.0,0
29.0,59.0,0
29.0,58.0,0
29.2,60.0,0
28.1,58.0,0
29.0,58.0,0
29.0,58.0,0
29.0,59.0,0
29.0,58.0,0
29.2,60.0,0
28.9,57.0,0
28.1,58.0,0
29.0,58.0,0
29.0,58.0,0
29.1,60.0,0
29.2,60.0,0
32.0,64.0,1
32.1,72.0,0
32.2,56.0,0
32.0,64.0,0
32.2,53.0,0
32.2,51.0,0
32.7,54.0,0
32.0,53.0,0
32.1,65.0,0
32.7,62.0,0
32.0,62.0,1
29.0,58.0,0
32.1,57.0,0
30.1,54.0,1
30.1,54.0,1
30.1,66.0,1
30.1,66.0,1
30.1,66.0,1
31.3,53.0,1
31.3,53.0,1
28.9,54.0,1
28.9,54.0,1
28.9,54.0,1
28.9,54.0,1
28.9,54.0,1
29.9,78.0,0
29.9,72.0,0
29.9,61.0,0
29.9,61.0,1
29.9,64.0,0
31.4,50.0,1
32.4,49.0,0
32.8,64.0,1
32.4,49.0,0
29.2,58.0,0
32.3,50.0,0
32.1,56.0,0
31.2,48.0,1
29.8,48.0,0
31.7,62.0,1
31.7,54.0,1
32.7,51.0,0
34.0,53.0,0
34.0,53.0,0
34.5,62.0,0
33.4,47.0,0
33.3,62.0,0
30.5,58.0,1
30.8,69.0,1
32.4,51.0,0
32.4,51.0,0
32.7,71.0,0
33.0,50.0,0
33.3,56.0,0
33.7,53.0,0
33.9,64.0,0
33.9,50.0,0
29.2,60.0,0
29.3,60.0,0
29.3,60.0,0
29.6,57.0,1
29.6,57.0,0
31.8,62.0,1
31.8,64.0,1
32.2,52.0,0
32.5,51.0,0
32.8,55.0,0
32.8,53.0,0
33.4,51.0,0
33.7,51.0,0
33.8,51.0,0
34.7,50.0,0
29.1,53.0,0
29.5,52.0,1
29.5,52.0,1
30.2,58.0,1
30.5,58.0,0
30.5,58.0,0
30.6,66.0,1
31.1,59.0,1
31.2,49.0,1
32.5,48.0,0
32.5,61.0,0
32.4,58.0,0
29.7,57.0,1
29.7,57.0,1
29.9,72.0,1
30.2,58.0,1
30.2,58.0,0
30.5,57.0,1
31.0,55.0,0
31.2,55.0,1
31.6,62.0,1
31.9,66.0,0
32.3,56.0,0
32.4,54.0,0
32.4,54.0,0
32.8,53.0,1
33.2,54.0,0
33.5,54.0,0
31.1,59.0,1
31.1,61.0,0
27.8,69.0,0
27.8,69.0,0
27.9,69.0,0
27.9,69.0,0
27.9,69.0,0
27.9,69.0,0
27.9,69.0,0
27.9,69.0,0
27.9,69.0,0
27.9,69.0,0
27.9,69.0,0
27.9,69.0,0
27.9,69.0,0
27.9,69.0,0
28.0,69.0,0
28.0,69.0,0
28.0,69.0,0
28.0,68.0,0
28.0,68.0,0
28.0,68.0,0
28.0,68.0,0
28.1,68.0,0
28.1,68.0,0
28.1,68.0,0
28.2,68.0,0
28.2,68.0,0
28.2,68.0,0
28.2,68.0,0
28.2,68.0,0
28.2,68.0,0
28.2,68.0,0
28.3,67.0,0
28.3,67.0,0
28.3,67.0,0
28.3,67.0,0
28.3,67.0,1
28.3,67.0,0
28.3,67.0,0
28.3,67.0,0
28.3,67.0,1
28.3,67.0,0
28.3,67.0,0
28.3,67.0,0
28.3,67.0,0
28.4,67.0,0
28.4,67.0,0
28.4,67.0,0
28.4,67.0,0
28.4,67.0,0
28.4,67.0,0
28.4,67.0,0
28.4,67.0,0
28.4,67.0,0
29.3,60.0,0
29.3,60.0,0
29.3,60.0,0
29.3,60.0,0
26.8,64.0,0
28.6,65.0,0
28.6,65.0,0
28.6,65.0,0
28.6,65.0,0
28.6,65.0,0
28.3,58.0,0
28.6,54.0,0
28.6,54.0,0
29.0,53.0,0
29.0,53.0,0
29.0,53.0,0
29.0,53.0,0
29.0,53.0,0
28.8,57.0,0
28.8,57.0,0
28.8,57.0,0
26.7,62.0,0
26.7,62.0,0
26.7,62.0,0
26.7,62.0,0
26.8,60.0,0
26.8,60.0,0
26.8,60.0,0
26.8,60.0,0
26.8,60.0,0
26.8,60.0,0
26.8,60.0,0
27.5,60.0,0
27.5,60.0,0
27.5,60.0,0
27.5,60.0,0
27.5,60.0,0
29.8,62.0,0
29.8,62.0,1
29.8,62.0,0
29.8,62.0,0
29.8,62.0,0
30.1,63.0,1
30.1,63.0,1
30.1,63.0,1
30.1,63.0,1
30.3,71.0,1
30.3,71.0,0
30.3,71.0,1
30.3,71.0,1
30.3,71.0,1
30.3,71.0,1
30.7,70.0,1
30.7,70.0,0
30.7,70.0,0
30.7,70.0,1
31.3,69.0,1
31.3,69.0,1
31.3,69.0,1
31.3,69.0,1
31.3,69.0,0
31.2,69.0,1
31.2,69.0,1
31.2,69.0,1
31.2,69.0,1
31.2,69.0,1
31.2,69.0,1
31.2,69.0,1
31.1,69.0,1
31.1,69.0,1
31.1,69.0,1
31.1,69.0,1
31.1,69.0,0
31.1,69.0,1
30.9,72.0,0
30.9,72.0,1
30.9,72.0,0
30.9,72.0,1
30.9,72.0,0
30.9,72.0,0
29.8,78.0,0
29.8,78.0,0
29.4,81.0,1
28.9,85.0,0
28.9,85.0,0
28.9,85.0,0
28.9,85.0,0
28.9,85.0,0
28.9,85.0,0
28.8,85.0,0
28.8,85.0,0
28.8,85.0,0
28.8,85.0,0
28.8,85.0,0
28.8,85.0,0
28.8,85.0,0
25.4,54.0,0
25.4,66.0,0
25.4,66.0,0
25.4,54.0,0
25.4,66.0,0
25.4,54.0,0
25.4,66.0,0
25.4,54.0,0
25.4,66.0,0
22.8,66.0,0
22.8,66.0,0
22.8,66.0,0
22.8,66.0,0
22.8,66.0,0
22.7,67.0,0
22.7,67.0,0
21.0,73.0,0
21.0,73.0,0
22.3,70.0,0
22.3,70.0,0
22.3,70.0,0
22.3,70.0,0
22.3,70.0,0
18.9,59.0,0
18.9,59.0,0
18.9,59.0,0
20.6,69.0,0
20.6,69.0,0
20.6,69.0,0
20.6,69.0,0
20.4,71.0,0
20.4,71.0,0
20.4,71.0,0
20.4,71.0,0
20.4,71.0,0
19.7,62.0,0
19.7,62.0,0
19.7,62.0,0
19.7,62.0,0
19.7,62.0,0
19.7,62.0,0
20.5,69.0,0
19.6,60.0,0
19.6,60.0,0
19.6,60.0,0
20.7,58.0,0
20.7,58.0,0
20.7,58.0,0
20.7,58.0,0
20.7,58.0,0
21.8,51.0,0
21.8,51.0,0
21.8,51.0,0
21.8,51.0,0
21.8,51.0,0
21.8,51.0,0
20.9,43.0,0
20.9,43.0,0
20.9,43.0,0
20.9,43.0,0
21.9,44.0,0
21.9,44.0,0
21.9,44.0,0
21.9,44.0,0
20.0,62.0,0
20.0,62.0,0
20.0,62.0,0
20.0,62.0,0
20.0,62.0,0
20.0,61.0,0
20.0,61.0,0
20.0,61.0,0
20.0,61.0,0
20.0,61.0,0
20.3,62.0,0
20.3,62.0,0
20.3,62.0,0
17.2,58.0,0
18.7,64.0,0
18.7,64.0,0
18.7,64.0,0
18.7,64.0,0
19.7,63.0,0
19.7,63.0,0
19.7,63.0,0
20.2,63.0,0
20.7,66.0,0
20.7,66.0,0
20.7,66.0,0
21.0,67.0,0
21.0,67.0,0
21.0,67.0,0
21.0,67.0,0
20.3,68.0,0
20.3,68.0,0
20.3,68.0,0
20.9,69.0,0
20.9,69.0,0
20.9,69.0,0
21.0,68.0,0
21.0,68.0,0
21.0,68.0,0
18.7,67.0,0
18.7,67.0,0
18.7,67.0,0
18.7,67.0,0
18.7,67.0,0
21.1,66.0,0
21.1,66.0,0
21.1,66.0,0
21.1,66.0,0
21.1,66.0,0
21.2,62.0,0
21.2,62.0,0
21.2,62.0,0
21.2,62.0,0
21.2,62.0,0
20.9,65.0,0
20.9,65.0,0
20.9,65.0,0
23.0,65.0,0
23.0,65.0,0
23.0,65.0,0
23.0,65.0,0
23.0,65.0,0
21.7,57.0,0
21.7,57.0,0
21.7,57.0,0
22.1,45.0,0
20.2,58.0,0
20.2,58.0,0
20.2,58.0,0
20.2,58.0,0
20.0,61.0,0
20.0,61.0,0
20.0,61.0,0
20.2,62.0,0
20.2,62.0,0
20.2,62.0,0
20.2,62.0,0
19.6,62.0,0
19.6,62.0,0
19.6,62.0,0
19.4,57.0,0
19.4,57.0,0
19.4,57.0,0
19.4,48.0,0
19.4,48.0,0
19.4,48.0,0
19.4,48.0,0
18.3,47.0,0
18.3,47.0,0
18.3,47.0,0
18.3,47.0,0
20.6,55.0,0
20.6,55.0,0
20.6,55.0,0
20.6,55.0,0
21.0,58.0,0
21.0,58.0,0
19.6,60.0,0
20.3,62.0,0
20.3,62.0,0
20.3,62.0,0
20.3,62.0,0
21.6,62.0,0
21.6,62.0,0
21.6,62.0,0
20.8,50.0,0
20.8,50.0,0
20.8,50.0,0
20.8,50.0,0
22.5,36.0,0
22.5,36.0,0
22.5,36.0,0
16.3,55.0,0
16.3,55.0,0
16.3,55.0,0
15.4,57.0,0
15.4,57.0,0
15.4,57.0,0
15.4,57.0,0
15.4,57.0,0
15.4,57.0,0
15.4,57.0,0
15.4,57.0,0
15.4,57.0,0
15.4,57.0,0
15.4,57.0,0
15.4,57.0,0
18.6,69.0,0
18.6,69.0,0
18.6,69.0,0
18.6,69.0,0
18.6,69.0,0
21.2,71.0,0
21.2,71.0,0
21.2,71.0,0
21.2,71.0,0
21.2,71.0,0
20.4,68.0,0
20.4,68.0,0
20.4,68.0,0
20.4,68.0,0
20.4,68.0,0
20.2,62.0,0
20.2,62.0,0
20.2,62.0,0
21.8,67.0,0
21.8,67.0,0
21.8,67.0,0
21.8,67.0,0
21.8,67.0,0
21.8,67.0,0
21.8,67.0,0
21.8,67.0,0
21.9,59.0,0
21.9,59.0,0
21.2,71.0,0
21.2,71.0,0
21.2,71.0,0
18.9,62.0,0
18.9,62.0,0
18.9,62.0,0
18.9,62.0,0
18.9,62.0,0
18.9,62.0,0
21.1,59.0,0
19.1,71.0,0
19.1,71.0,0
19.1,71.0,0
17.4,50.0,0
17.4,50.0,0
17.7,60.0,0
17.8,60.0,0
16.6,58.0,0
16.6,58.0,0
16.6,58.0,0
16.6,58.0,0
16.6,58.0,0
16.6,58.0,0
22.1,52.0,0
16.3,52.0,0
16.3,52.0,0
16.3,52.0,0
19.6,73.0,0
19.6,73.0,0
19.6,73.0,0
19.6,73.0,0
20.3,69.0,0
20.3,69.0,0
20.3,69.0,0
20.3,69.0,0
20.3,69.0,0
20.3,69.0,0
20.1,65.0,0
20.1,65.0,0
20.1,65.0,0
20.3,67.0,0
20.3,67.0,0
20.2,66.0,0
20.2,66.0,0
20.2,66.0,0
21.5,67.0,0
21.5,67.0,0
22.8,66.0,0
22.8,66.0,0
22.8,66.0,0
22.8,66.0,0
22.8,66.0,0
22.7,67.0,0
22.9,68.0,0
22.3,70.0,0
22.3,70.0,0
22.3,70.0,0
22.3,70.0,0
22.3,70.0,0
22.5,69.0,0
22.5,69.0,0
22.5,69.0,0
22.5,69.0,0
18.9,59.0,0
18.9,59.0,0
18.9,59.0,0
20.6,69.0,0
20.4,71.0,0
20.4,71.0,0
19.5,64.0,0
19.5,64.0,0
19.5,64.0,0
19.5,64.0,0
19.7,62.0,0
20.5,69.0,0
20.5,69.0,0
19.6,60.0,0
19.6,60.0,0
19.6,60.0,0
21.8,51.0,0
21.8,51.0,0
21.8,51.0,0
21.8,51.0,0
20.9,43.0,0
20.9,43.0,0
20.9,43.0,0
20.0,61.0,0
20.0,61.0,0
20.0,61.0,0
20.0,61.0,0
17.2,58.0,0
17.2,58.0,0
18.7,64.0,0
18.7,64.0,0
18.7,64.0,0
18.7,64.0,0
18.7,64.0,0
19.7,63.0,0
20.7,66.0,0
20.7,66.0,0
20.7,66.0,0
20.7,66.0,0
20.3,68.0,0
20.3,68.0,0
20.3,68.0,0
20.9,69.0,0
20.9,69.0,0
20.9,69.0,0
21.0,68.0,0
19.5,64.0,0
19.5,64.0,0
19.5,64.0,0
18.7,67.0,0
18.7,67.0,0
18.7,67.0,0
18.7,67.0,0
19.1,65.0,0
19.1,65.0,0
19.1,65.0,0
21.1,66.0,0
21.1,66.0,0
21.2,62.0,0
21.2,62.0,0
21.2,62.0,0
20.9,65.0,0
20.9,65.0,0
20.9,65.0,0
23.0,65.0,0
21.7,57.0,0
21.7,57.0,0
21.7,57.0,0
22.1,45.0,0
22.1,45.0,0
22.1,45.0,0
22.1,45.0,0
20.0,61.0,0
20.0,61.0,0
20.0,61.0,0
20.0,61.0,0
19.6,62.0,0
19.6,62.0,0
19.6,62.0,0
19.4,57.0,0
19.4,57.0,0
19.4,57.0,0
19.4,48.0,0
19.4,48.0,0
19.4,48.0,0
19.4,48.0,0
18.3,47.0,0
18.3,47.0,0
18.3,47.0,0
18.3,47.0,0
21.0,58.0,0
21.0,58.0,0
21.0,58.0,0
19.6,60.0,0
19.6,60.0,0
19.6,60.0,0
19.6,60.0,0
19.6,60.0,0
19.6,60.0,0
20.3,62.0,0
20.3,62.0,0
20.3,62.0,0
20.3,62.0,0
21.6,62.0,0
20.8,50.0,0
20.8,50.0,0
20.8,50.0,0
20.8,50.0,0
22.5,36.0,0
22.5,36.0,0
22.5,36.0,0
22.5,36.0,0
22.5,36.0,0
15.4,57.0,0
15.4,57.0,0
15.4,57.0,0
15.4,57.0,0
15.4,57.0,0
15.4,57.0,0
15.4,57.0,0
15.4,57.0,0
18.6,69.0,0
18.6,69.0,0
18.6,69.0,0
18.6,69.0,0
18.6,69.0,0
18.6,69.0,0
18.6,69.0,0
18.6,69.0,0
18.6,69.0,0
18.6,69.0,0
18.6,69.0,0
21.2,71.0,0
21.2,71.0,0
21.2,71.0,0
21.2,71.0,0
21.2,71.0,0
21.8,67.0,0
21.8,67.0,0
21.8,67.0,0
21.8,67.0,0
21.8,67.0,0
21.8,67.0,0
21.8,67.0,0
21.9,59.0,0
21.9,59.0,0
21.9,59.0,0
21.9,59.0,0
19.7,52.0,0
19.7,52.0,0
19.7,52.0,0
19.7,52.0,0
21.2,71.0,0
21.2,71.0,0
21.2,71.0,0
21.2,71.0,0
21.2,71.0,0
21.2,71.0,0
18.9,62.0,0
18.9,62.0,0
18.9,62.0,0
18.9,62.0,0
18.9,62.0,0
21.1,59.0,0
21.1,59.0,0
21.1,59.0,0
21.1,59.0,0
21.1,59.0,0
21.1,59.0,0
19.1,71.0,0
19.1,71.0,0
19.1,71.0,0
19.1,71.0,0
19.1,71.0,0
19.1,71.0,0
19.1,71.0,0
19.1,71.0,0
18.5,63.0,0
18.5,63.0,0
18.5,63.0,0
18.5,63.0,0
18.5,63.0,0
18.5,63.0,0
18.0,60.0,0
18.1,60.0,0
17.0,58.0,0
17.0,58.0,0
17.1,58.0,0
17.1,58.0,0
17.1,58.0,0
17.1,58.0,0
22.1,52.0,0
22.1,52.0,0
22.1,52.0,0
22.1,52.0,0
22.1,52.0,0
20.9,64.0,0
20.9,64.0,0
20.9,64.0,0
20.9,64.0,0
20.9,64.0,0
20.9,64.0,0
20.9,64.0,0
16.3,52.0,0
19.6,73.0,0
19.6,73.0,0
19.6,73.0,0
19.6,73.0,0
19.6,73.0,0
19.6,73.0,0
19.6,73.0,0
20.3,69.0,0
20.3,69.0,0
20.3,69.0,0
20.1,65.0,0
20.1,65.0,0
20.1,65.0,0
20.1,65.0,0
20.3,67.0,0
20.3,67.0,0
20.3,67.0,0
