temperature,humidity,fan_on
26.5,98.0,0
34.3,85.1,1
33.4,82.6,1
22.0,95.0,0
24.3,62.2,0
33.1,74.0,1
22.0,79.2,0
31.5,80.6,1
31.4,62.3,0
24.2,86.7,0
22.0,90.5,0
30.9,46.8,1
26.2,67.5,0
32.7,60.7,1
24.3,82.9,0
28.8,76.4,1
24.5,61.4,0
28.2,59.2,0
38.9,70.9,1
28.0,56.1,1
31.8,63.5,0
24.2,82.0,0
22.9,77.1,0
32.7,67.9,1
34.0,71.3,1
25.1,78.1,0
28.8,86.8,1
34.7,64.6,1
22.0,82.3,0
26.3,73.9,0
22.8,73.9,0
31.3,71.0,1
23.4,92.7,0
25.7,77.9,0
36.3,77.5,1
22.6,82.3,0
33.1,66.1,1
32.7,81.6,1
31.5,67.8,1
31.2,62.6,1
29.2,70.5,0
22.0,81.9,0
34.1,73.9,1
22.0,87.4,0
22.0,73.1,0
33.2,66.4,0
30.7,72.0,1
30.9,86.7,1
29.3,79.8,1
25.6,68.9,0
29.2,64.9,0
26.4,57.8,0
33.7,75.6,1
25.3,87.1,0
22.0,74.7,0
23.3,92.4,0
22.0,89.5,0
31.1,86.5,0
32.3,71.7,1
25.1,80.3,0
31.7,74.2,1
23.3,76.0,0
32.4,70.6,0
22.9,83.2,1
23.3,81.7,0
31.7,70.6,1
27.3,71.8,0
31.0,57.2,1
24.1,83.4,0
25.7,76.0,0
28.0,66.5,0
31.3,85.8,1
25.8,87.6,0
28.6,67.7,1
22.0,79.5,0
26.6,56.3,0
30.5,81.3,0
24.2,78.6,0
29.8,88.3,1
24.4,77.5,0
26.7,93.3,0
31.3,68.6,1
29.1,73.6,0
31.0,63.5,1
33.0,77.2,1
31.5,86.3,1
31.8,74.6,1
29.0,75.0,0
28.5,78.1,1
28.7,66.6,1
30.0,87.2,1
23.2,73.4,0
28.1,75.3,1
25.1,83.7,0
35.4,48.8,1
22.6,81.2,0
22.7,74.4,0
31.2,63.2,1
32.4,68.4,1
28.5,82.9,1
23.7,68.2,0
32.2,77.4,1
23.8,71.4,1
29.0,57.1,0
32.3,87.0,1
22.0,65.9,0
29.4,76.4,1
28.8,69.4,1
29.6,67.3,1
22.0,65.4,0
22.0,75.5,0
23.5,72.0,0
23.2,73.0,0
27.4,84.7,1
26.3,74.1,0
23.5,81.6,0
24.3,92.7,0
26.2,58.3,0
31.2,68.0,1
33.1,74.9,1
27.6,65.0,1
26.9,62.7,0
32.6,59.8,0
22.0,71.3,0
23.3,56.6,0
23.4,92.1,0
22.0,68.9,0
33.7,57.8,1
33.3,64.3,1
29.2,62.0,1
29.4,69.2,1
29.2,70.7,1
26.0,70.6,0
24.6,92.6,0
31.8,64.1,1
34.4,66.9,1
27.7,87.6,1
32.4,76.6,1
27.7,86.3,1
25.4,64.0,0
24.4,69.1,0
26.5,93.0,0
24.1,80.4,0
23.3,80.7,1
26.3,75.8,0
30.9,78.6,1
26.1,84.1,0
27.5,92.2,1
32.4,68.8,1
29.0,73.1,1
24.6,69.2,0
30.0,73.4,1
29.4,75.0,0
24.3,78.4,0
28.5,94.2,1
26.2,84.4,0
27.6,65.1,0
27.8,86.4,1
26.0,69.1,0
32.1,78.3,1
29.0,66.4,0
26.8,59.0,0
23.9,98.0,0
29.2,76.9,1
31.9,72.8,1
24.0,72.9,0
30.5,76.5,1
25.2,82.0,0
28.7,61.7,0
25.5,98.0,0
33.1,64.2,1
22.8,73.5,0
31.0,80.6,1
28.0,58.4,0
31.2,82.8,1
26.2,89.7,0
25.5,64.2,0
23.1,63.4,0
22.0,78.5,0
29.1,72.7,1
30.0,77.9,1
22.5,75.1,0
25.6,64.3,0
30.4,62.5,1
30.1,90.7,1
22.0,74.8,0
28.1,80.8,1
28.5,65.6,1
25.0,72.0,0
29.4,71.4,0
32.3,55.0,1
22.2,71.3,0
34.5,63.3,1
27.5,66.9,1
30.9,90.1,1
34.7,76.6,1
22.1,92.0,0
25.4,81.7,0
32.7,64.0,1
30.5,66.1,1
31.7,88.1,1
24.0,83.1,0
28.0,69.9,0
34.9,85.5,1
27.8,69.5,0
27.5,76.3,1
26.9,65.9,0
29.8,66.7,0
29.7,83.6,1
29.5,74.4,1
27.5,73.3,0
25.1,73.3,0
32.3,67.8,1
30.9,69.6,1
25.7,69.2,0
31.9,70.5,1
28.4,77.9,1
22.0,82.5,0
29.5,65.9,1
22.0,59.0,1
37.7,58.6,1
24.0,87.9,0
29.3,73.7,1
25.4,83.9,0
25.3,76.3,0
28.7,58.9,1
25.6,70.7,0
33.5,69.8,1
30.4,63.8,1
29.0,71.5,1
32.2,62.6,1
26.2,89.7,0
28.8,74.0,0
25.6,71.7,0
33.1,58.7,0
22.8,87.1,0
22.0,75.1,0
26.7,67.8,0
29.2,71.1,1
33.0,72.0,1
29.3,64.6,0
31.5,73.1,1
24.8,55.7,1
27.0,76.4,0
32.9,62.3,1
22.0,72.2,0
30.8,69.6,1
22.0,86.2,0
28.0,65.3,0
22.0,83.2,0
25.6,65.4,0
35.7,76.7,1
25.1,81.8,0
30.8,74.9,1
22.0,74.5,0
30.6,70.9,1
37.1,70.4,1
22.0,95.0,0
25.4,68.6,0
23.4,66.1,0
31.4,73.3,1
30.7,83.1,0
33.3,75.3,1
30.0,78.2,1
26.2,56.7,0
29.4,73.8,1
30.8,79.3,1
25.8,88.9,0
24.4,55.8,0
24.2,79.6,1
34.9,60.9,1
25.2,90.8,0
26.7,84.9,0
28.9,54.9,1
29.3,77.0,1
25.3,95.3,0
25.8,77.3,0
33.1,79.6,1
29.1,75.5,1
27.4,76.1,1
32.6,69.2,1
27.3,64.3,0
31.6,79.7,0
37.8,71.1,1
33.6,70.5,1
27.7,87.1,1
30.7,75.5,1
29.9,78.5,1
25.2,77.5,0
28.0,71.1,1
22.0,70.6,0
29.7,64.7,0
27.7,66.9,0
29.1,75.6,1
26.2,54.9,0
27.7,68.0,0
32.5,94.1,1
30.8,76.4,1
32.0,65.8,0
35.9,60.2,1
28.8,61.7,1
29.2,77.2,1
22.0,77.8,0
25.4,54.7,0
30.7,73.7,1
32.4,67.8,1
28.1,66.6,1
27.3,92.0,1
27.4,76.7,1
27.8,77.5,1
29.3,77.2,1
25.2,70.1,0
25.5,80.1,0
22.8,83.5,0
25.6,72.7,0
33.3,85.8,1
28.8,75.9,1
29.5,82.3,1
23.9,85.1,0
29.2,81.6,1
30.8,66.5,1
29.4,70.2,1
37.4,63.4,1
27.6,66.4,0
28.7,77.2,0
23.9,60.0,0
29.3,79.4,1
26.4,81.6,0
29.7,74.6,0
22.3,87.0,1
31.9,49.2,1
37.7,72.4,1
30.6,62.9,1
26.4,91.6,0
29.0,76.8,1
22.0,59.5,0
29.1,82.2,1
36.3,81.7,0
26.9,65.2,0
29.7,80.3,1
31.6,76.8,1
29.9,77.6,0
24.5,76.1,0
23.9,85.9,0
35.4,45.9,1
27.5,70.4,0
23.7,76.5,0
22.0,68.8,0
23.8,57.1,0
33.5,74.3,1
31.7,90.0,1
24.6,73.8,0
37.1,83.9,1
28.4,69.8,1
25.7,73.4,0
33.1,66.1,1
33.6,81.9,1
35.2,64.2,1
34.6,62.5,1
29.2,70.2,1
35.2,74.5,1
26.4,69.9,0
29.5,69.0,0
24.8,63.8,0
22.0,71.4,0
29.4,94.6,1
29.3,84.5,1
33.5,70.2,1
25.4,85.2,0
26.3,64.7,0
26.9,84.6,0
27.1,69.3,0
22.0,89.5,0
27.1,74.8,0
27.2,81.0,1
22.0,76.1,0
31.1,77.2,1
23.8,86.2,0
25.7,76.9,0
34.6,62.1,0
27.2,79.0,1
24.5,84.3,0
24.7,93.9,0
26.5,83.6,0
30.8,60.7,1
31.6,78.7,1
29.1,62.1,1
28.7,83.5,1
22.0,82.4,0
29.0,67.6,1
24.1,95.5,0
32.9,68.3,1
28.2,70.9,1
24.5,74.0,0
26.3,70.0,0
30.7,73.9,1
26.7,85.7,0
26.1,98.0,0
31.3,71.3,1
32.0,65.0,1
29.8,87.6,1
31.7,60.5,1
27.3,61.5,0
26.6,66.9,0
27.8,64.4,0
32.7,60.7,1
30.5,62.7,1
31.6,72.8,1
27.8,85.2,1
27.3,83.1,0
29.7,92.1,1
27.1,65.2,0
32.5,77.7,1
26.7,62.3,0
28.1,82.4,1
25.5,65.0,0
29.1,63.6,1
22.5,70.6,0
31.9,76.3,1
26.4,77.1,0
24.1,76.7,0
24.6,74.2,0
29.2,80.8,0
24.2,66.1,1
22.0,79.4,0
25.9,91.4,0
28.6,87.6,0
29.6,89.5,1
27.4,80.0,1
36.5,66.8,1
25.3,88.8,0
33.4,83.8,1
31.8,80.9,0
22.0,79.5,0
29.7,73.5,0
25.9,85.4,0
35.8,65.8,1
31.4,76.4,1
30.8,74.9,1
34.6,80.3,1
35.7,47.5,1
28.5,59.3,1
37.5,87.3,1
33.0,75.8,1
24.5,75.3,0
24.1,72.8,0
35.5,60.0,1
23.7,69.1,0
30.7,80.8,1
23.0,98.0,0
33.7,52.7,1
31.1,65.6,1
27.4,75.2,1
25.4,78.7,0
27.8,74.4,1
33.6,65.6,1
26.4,58.1,0
29.9,86.3,1
25.9,70.9,0
27.6,67.0,0
32.2,72.0,1
30.4,79.5,1
29.3,83.3,1
22.0,88.3,0
25.9,81.4,0
29.3,85.5,1
22.6,79.3,0
27.9,75.0,0
24.7,72.0,0
30.7,79.7,1
29.0,86.5,1
30.5,72.9,1
26.4,79.3,0
30.5,77.1,1
30.9,49.9,1
30.8,83.7,1
23.3,76.8,0
30.9,76.0,1
34.1,66.3,1
26.7,63.2,0
26.6,76.3,0
28.4,48.0,1
25.6,71.4,0
29.6,59.6,1
22.8,97.9,0
33.7,68.1,0
22.0,53.0,0
30.1,72.3,1
33.3,56.6,1
34.5,80.3,1
22.4,87.0,0
32.2,86.8,1
27.3,66.5,0
33.1,71.9,1
26.4,70.3,0
29.2,80.3,1
26.5,76.5,1
36.4,72.2,1
29.6,65.1,1
33.6,77.5,1
33.7,73.1,1
31.8,57.8,1
27.3,76.7,1
27.9,72.8,0
28.8,77.2,1
22.0,80.4,0
29.1,74.4,0
30.8,55.6,1
35.0,57.1,1
32.9,68.3,1
34.0,75.3,1
22.0,84.0,0
30.6,83.9,1
22.0,71.3,0
30.3,84.9,1
26.8,74.4,0
27.1,62.4,0
22.0,80.7,0
26.5,76.6,1
23.0,86.2,0
25.5,98.0,0
24.1,79.8,1
27.0,82.8,1
33.3,78.6,1
28.6,60.6,1
37.5,71.8,1
32.8,68.8,1
31.7,64.2,1
33.8,66.8,1
27.1,76.8,1
25.1,59.2,1
24.7,80.8,1
32.6,65.0,1
27.8,90.2,1
32.7,80.2,1
26.9,82.5,0
27.3,64.5,0
29.8,80.4,0
28.1,70.0,0
22.8,89.0,0
28.2,90.4,1
27.3,70.9,0
24.8,85.2,0
31.6,65.3,1
29.1,79.2,1
24.1,91.3,0
23.8,70.4,0
28.4,94.7,0
34.1,64.2,1
22.7,66.5,0
28.9,80.0,1
27.3,56.2,1
33.5,88.2,1
30.8,72.8,1
34.6,76.8,1
24.4,94.1,0
28.0,71.5,0
32.2,51.5,1
35.6,81.6,1
26.7,78.1,0
32.5,89.7,1
32.7,77.3,1
35.0,69.1,1
23.5,74.9,0
27.3,64.5,0
27.7,59.1,0
22.0,82.1,0
32.2,87.4,1
25.0,71.6,0
28.3,78.2,1
28.4,83.7,1
30.7,73.4,1
23.4,83.1,0
29.8,80.6,0
26.5,74.4,1
30.0,54.5,1
30.4,73.0,1
27.3,76.0,1
25.4,62.1,0
22.0,97.1,0
23.7,79.3,0
26.7,82.4,0
26.8,91.0,0
28.0,72.5,0
34.0,98.0,1
30.0,98.0,1
26.1,93.2,0
31.8,62.8,1
25.2,81.5,0
29.1,52.4,1
24.9,95.8,0
28.0,52.0,0
37.0,67.4,1
31.0,77.6,0
30.8,73.1,1
29.9,54.5,1
27.4,83.4,1
22.0,78.1,0
28.3,86.6,1
32.9,66.7,1
25.3,88.9,0
23.0,84.2,0
23.0,83.4,0
22.0,82.2,0
27.0,65.1,0
33.4,62.4,1
28.0,94.5,1
22.0,94.2,1
29.7,72.6,0
26.7,77.5,0
26.1,98.0,0
25.0,79.2,0
22.0,82.1,0
23.7,82.6,0
31.5,90.6,1
27.3,89.6,1
23.4,75.6,0
32.0,98.0,1
28.1,80.6,1
25.9,75.3,0
23.7,87.5,0
23.2,73.5,0
31.0,82.9,0
30.2,61.2,1
33.3,57.6,1
26.7,56.1,1
25.7,69.8,0
33.6,78.3,1
25.7,66.7,0
27.6,83.5,1
25.5,86.5,0
28.5,63.7,1
28.4,60.5,0
30.7,74.3,1
26.6,78.9,1
27.2,82.9,1
23.5,74.7,0
27.6,68.8,0
27.8,57.8,0
24.5,70.5,0
34.1,66.2,1
24.1,77.3,0
32.3,67.9,1
24.3,70.5,0
22.0,93.8,0
31.9,84.4,1
22.8,81.4,0
26.4,72.6,0
24.6,86.0,0
22.0,95.4,0
34.5,75.2,1
35.5,89.4,1
27.8,70.1,0
22.0,71.0,0
23.5,63.8,0
28.4,55.2,1
32.7,53.3,0
23.9,86.7,0
26.5,86.8,0
31.0,65.6,1
32.0,53.9,1
22.0,68.7,0
36.1,76.7,1
26.3,69.7,0
23.3,78.3,0
26.7,72.9,0
22.0,81.6,0
32.0,78.0,1
35.3,69.3,1
30.8,85.9,1
29.0,65.7,0
35.9,71.5,1
25.4,87.4,0
27.9,60.2,1
27.4,83.0,1
25.8,60.4,1
28.6,79.1,0
26.4,63.3,1
29.2,78.5,1
27.4,84.8,1
22.0,93.3,0
26.3,78.1,0
22.9,95.1,0
26.2,86.0,0
36.4,79.8,1
31.7,55.8,1
30.3,71.8,1
34.9,46.5,1
34.1,65.9,1
26.5,90.2,0
30.6,77.9,1
23.5,89.6,0
28.0,82.3,1
25.5,86.4,0
33.6,98.0,1
22.0,78.2,0
22.0,80.1,0
22.0,81.2,0
35.2,73.9,1
29.5,77.2,1
25.5,72.7,0
25.8,74.1,0
23.4,84.2,0
34.5,83.5,1
24.8,69.7,0
24.1,89.8,0
23.8,60.4,0
32.5,68.0,0
25.0,80.9,0
22.0,89.4,0
27.6,57.3,0
33.8,71.9,1
30.8,68.5,1
26.0,85.9,0
29.6,85.2,1
22.8,74.8,0
24.9,94.8,0
30.1,69.8,1
25.1,65.5,0
26.0,74.9,0
31.6,87.0,1
28.6,73.3,1
24.6,75.9,0
33.7,59.1,1
22.0,87.1,0
28.6,71.3,1
29.7,80.5,1
29.8,82.7,1
28.4,76.5,1
32.9,63.8,1
33.0,58.5,1
27.8,77.7,1
34.2,71.8,1
36.6,58.7,1
29.0,78.7,1
26.2,83.9,0
29.0,77.2,1
22.0,85.5,0
33.1,62.6,1
32.1,74.9,1
30.7,80.0,0
22.0,72.1,0
29.4,63.2,1
28.0,60.4,1
31.2,56.1,1
31.7,65.1,1
25.3,73.3,0
27.5,69.1,0
30.8,87.7,1
31.3,66.4,1
22.9,68.8,0
32.2,74.1,1
28.9,59.7,1
30.8,77.4,1
29.2,78.3,1
22.6,64.1,0
31.4,53.8,1
32.6,70.1,1
29.3,62.8,1
32.2,71.2,1
23.5,57.7,0
22.7,82.8,1
27.2,81.0,1
28.0,55.7,0
27.6,92.9,1
31.7,67.4,1
28.3,82.6,1
22.0,84.3,0
28.4,84.3,1
31.1,67.9,1
31.8,65.8,0
32.1,83.9,1
26.2,69.7,0
27.2,66.0,0
33.0,76.6,1
34.7,68.0,1
22.0,74.8,0
29.4,48.3,1
27.3,77.7,1
30.7,78.7,1
31.5,68.4,1
32.9,63.1,1
27.0,50.8,0
30.8,56.4,1
30.1,87.6,1
24.4,91.7,0
28.3,64.3,1
33.7,69.2,1
22.0,76.4,0
27.1,80.3,1
31.5,74.2,1
31.9,85.6,1
30.8,73.0,1
31.6,64.9,1
30.6,93.6,1
29.3,62.4,1
30.7,76.0,1
27.4,76.0,1
27.9,58.1,0
25.6,83.6,1
32.3,82.8,1
26.5,72.6,0
27.7,77.4,1
33.4,74.5,0
24.0,66.2,1
32.9,65.4,1
27.9,62.5,0
29.5,87.8,1
23.3,77.2,0
29.6,83.1,0
30.2,63.2,1
33.4,86.5,1
25.7,90.4,0
32.3,73.3,1
29.8,52.2,1
30.0,64.4,0
37.6,66.8,1
22.0,89.3,0
28.4,79.0,1
28.3,74.2,0
25.3,58.1,0
31.2,75.4,1
26.6,96.9,1
35.9,60.0,1
27.8,86.6,1
26.8,98.0,0
32.4,78.5,1
34.3,71.1,1
26.8,69.8,0
26.5,67.7,0
31.2,76.1,1
24.5,69.2,0
36.4,69.8,1
31.5,53.8,1
23.8,83.1,0
23.3,75.6,0
26.0,86.4,1
26.8,68.8,0
29.8,91.5,1
27.0,68.0,0
25.9,97.9,0
28.3,77.3,1
35.0,70.6,1
31.1,69.8,1
25.3,78.6,0
33.7,60.8,0
29.7,75.9,1
22.6,90.2,0
31.3,66.7,1
24.6,72.3,0
25.0,61.9,0
28.6,61.1,1
27.3,70.6,0
25.7,53.3,0
30.3,78.4,1
32.4,78.4,1
30.6,61.1,1
33.4,58.7,1
22.0,69.6,0
25.8,89.1,0
23.1,91.7,0
34.4,63.1,1
32.1,81.3,1
22.0,69.9,0
28.1,62.4,1
28.2,70.8,1
24.0,86.7,0
25.2,79.8,0
30.0,81.5,0
28.1,55.4,0
34.2,82.8,1
26.0,92.1,0
22.0,93.0,0
22.0,69.1,1
30.6,80.6,1
32.7,77.9,1
25.4,85.5,0
26.0,65.6,0
29.1,83.7,1
32.2,86.4,1
32.7,82.3,1
23.4,63.3,1
31.8,72.0,1
22.0,68.0,0
28.7,90.6,1
24.6,59.2,0
35.1,76.8,1
26.0,82.3,0
32.8,79.8,1
28.7,76.2,1
29.6,73.9,1
23.6,84.2,0
32.3,80.3,1
28.2,92.5,1
28.8,58.9,0
30.6,47.3,1
22.4,85.9,1
28.0,95.7,1
36.1,70.2,1
30.8,87.6,1
27.2,70.2,0
29.5,65.4,1
30.2,82.9,1
31.5,68.3,1
28.4,90.8,1
23.8,96.7,0
32.3,98.0,1
22.0,98.0,0
28.8,82.9,1
30.4,69.7,1
22.9,68.1,0
32.0,80.2,1
30.2,84.7,1
34.8,59.0,1
24.8,66.3,0
25.4,89.0,0
25.3,73.0,0
27.5,80.2,1
29.4,74.4,0
33.3,60.8,1
26.1,83.3,0
29.1,76.3,0
26.7,79.5,0
28.0,63.9,0
28.0,67.1,0
24.7,87.0,0
23.2,75.3,0
25.9,68.8,0
26.5,97.9,0
29.3,79.9,1
27.1,74.6,0
22.0,64.7,0
25.1,68.6,0
29.0,55.0,0
29.1,79.1,1
30.0,78.1,1
22.0,81.9,1
22.7,76.7,0
24.6,80.1,0
27.5,87.6,1
26.3,58.3,0
30.5,92.6,1
23.9,79.2,0
25.8,66.0,0
22.0,76.2,0
36.6,66.6,1
32.4,67.0,1
28.1,64.0,1
31.5,90.7,1
24.0,70.7,1
29.0,61.8,1
27.7,67.9,0
34.6,67.8,1
33.9,53.4,1
33.1,71.6,1
23.8,68.1,0
27.2,75.2,1
33.8,59.5,1
24.7,72.4,0
27.0,77.4,0
22.0,90.4,0
32.8,65.3,1
31.8,69.8,1
22.0,86.5,0
31.4,66.3,1
27.0,56.7,0
31.1,77.4,1
22.0,85.6,0
25.9,74.7,0
22.0,68.4,0
32.4,69.9,0
25.6,70.6,0
30.9,73.7,1
35.4,83.2,0
23.3,73.3,0
28.7,76.9,1
28.9,98.0,1
28.4,76.6,1
31.5,75.8,1
33.5,74.8,1
27.5,61.3,0
22.4,70.7,0
35.2,71.8,1
31.4,54.8,1
24.5,82.3,0
23.4,90.4,0
28.5,67.2,0
32.2,76.4,1
26.9,86.2,0
22.6,82.2,0
22.7,74.0,0
25.0,75.6,0
37.7,64.9,1
24.9,76.4,0
31.0,79.5,1
36.1,85.0,1
34.4,64.5,1
34.6,69.8,1
30.9,78.3,1
22.2,94.1,0
27.9,82.5,1
30.3,64.3,1
30.9,98.0,1
22.1,61.7,0
25.4,72.9,0
23.0,83.2,0
23.7,65.9,0
26.1,77.4,1
24.1,78.3,0
31.2,63.1,1
31.4,69.0,1
27.7,79.2,1
36.7,63.4,1
31.0,55.7,1
22.0,86.5,0
22.0,75.1,0
32.5,54.6,1
22.0,89.1,0
27.5,84.5,1
22.8,71.3,0
25.5,78.2,0
24.1,66.5,0
24.2,62.9,0
36.9,70.3,1
35.0,62.4,1
29.7,66.9,0
23.1,93.5,0
28.9,66.4,0
25.5,73.2,0
23.8,80.3,0
23.5,83.9,0
32.8,71.0,1
27.9,79.3,1
27.0,75.0,1
29.6,70.2,1
29.7,66.2,0
30.4,56.7,1
26.8,93.8,0
33.4,86.2,1
31.2,89.7,1
32.3,63.4,1
35.5,62.8,1
27.1,80.5,1
22.0,71.8,0
27.7,67.4,0
22.6,98.0,0
27.3,62.4,0
23.9,76.7,0
32.8,57.9,1
22.0,65.3,0
35.4,75.8,1
29.0,75.8,1
23.3,93.8,0
24.2,91.8,0
22.7,67.8,0
24.0,95.4,0
25.7,59.3,0
34.3,62.9,1
24.7,78.6,0
22.2,57.6,0
37.4,75.0,1
24.1,94.7,0
30.1,78.5,1
22.0,81.5,0
22.0,90.1,1
28.1,68.6,0
25.8,72.2,0
23.3,79.4,0
25.2,78.0,0
22.0,69.2,0
22.0,98.0,1
35.5,60.0,1
28.2,72.8,1
31.3,66.6,1
31.1,52.4,1
33.1,94.3,1
33.8,59.1,1
32.5,80.8,1
29.5,67.6,1
28.5,72.0,0
28.7,57.8,1
35.5,77.8,1
25.5,84.1,0
29.9,48.4,0
22.0,75.2,0
22.0,77.3,0
34.3,76.8,1
22.0,59.0,1
27.5,74.8,0
22.0,65.8,0
22.0,74.2,0
32.2,70.4,1
22.0,78.2,0
28.1,86.2,1
22.0,95.1,0
22.0,73.0,0
28.4,69.4,0
31.2,89.6,0
26.8,82.6,0
34.2,45.0,1
33.5,70.9,1
22.0,84.9,0
31.5,56.8,1
25.9,74.2,0
27.8,49.7,0
25.9,77.0,0
32.1,68.3,1
26.3,60.5,0
24.4,64.6,0
29.6,55.9,0
30.4,73.4,1
24.1,75.7,0
26.7,74.0,0
22.0,74.4,0
26.9,82.6,1
33.8,80.4,1
28.7,89.0,1
26.2,98.0,0
23.3,78.6,0
27.6,60.9,0
27.5,98.0,1
31.1,64.2,1
29.4,79.1,1
35.0,60.4,1
29.8,78.8,1
22.0,84.2,0
22.6,54.2,0
22.8,89.9,0
28.0,72.1,1
30.4,80.4,1
28.1,85.2,1
27.2,66.8,0
31.4,76.9,1
31.1,80.5,1
22.0,61.4,0
24.7,89.5,0
26.2,82.0,0
31.1,69.0,1
35.6,88.0,1
22.0,69.0,0
23.4,97.5,0
22.0,78.3,0
28.2,68.2,1
24.0,63.5,0
22.0,67.4,0
28.2,63.6,1
29.9,85.9,1
25.5,89.6,0
24.6,85.8,0
22.6,80.6,0
26.2,95.7,1
22.0,98.0,0
30.4,89.5,1
30.4,62.1,1
28.2,87.7,1
24.4,82.1,0
22.0,96.5,0
22.0,82.0,0
27.8,76.9,1
22.0,77.0,0
31.1,85.3,1
26.8,59.1,0
26.5,75.6,0
26.7,80.0,0
29.0,64.4,1
22.7,70.5,0
22.7,82.3,0
32.1,85.4,1
22.2,79.4,0
30.6,77.0,1
27.6,77.1,1
29.5,92.8,1
22.0,71.8,0
22.0,70.2,1
31.3,65.2,1
22.0,72.9,1
31.7,69.6,1
27.6,48.9,0
27.5,81.0,1
25.7,67.7,0
30.6,61.6,0
25.2,82.2,1
25.4,68.0,0
29.5,78.1,1
26.0,58.0,0
29.7,67.9,0
28.2,72.4,0
28.5,66.2,1
31.2,71.0,1
27.1,68.5,0
25.0,98.0,0
36.0,70.6,0
27.3,81.1,1
25.0,97.0,0
33.7,71.8,1
22.0,98.0,0
23.7,70.7,0
28.7,70.5,0
32.6,59.0,1
27.8,79.0,1
29.5,65.3,1
35.0,68.7,1
22.1,84.1,0
32.9,69.1,1
26.7,64.5,0
25.5,69.0,0
30.5,89.1,1
31.5,56.5,1
31.3,81.7,0
22.0,74.1,0
26.3,78.0,0
35.1,69.2,1
27.8,66.9,0
29.8,66.7,1
22.0,66.1,0
35.8,69.1,1
24.0,64.5,0
32.4,61.7,1
25.1,74.4,0
33.2,53.9,1
27.2,80.6,1
22.0,97.2,1
28.0,77.6,1
27.5,81.0,1
31.2,69.9,1
29.5,85.9,1
22.0,78.0,0
25.6,91.4,1
29.6,71.3,0
25.4,88.0,0
35.0,77.4,1
35.8,87.6,0
30.5,66.6,1
33.9,55.0,1
22.0,78.2,0
35.2,86.1,1
25.1,88.0,0
33.1,57.0,1
23.8,71.0,0
37.0,70.3,1
32.7,78.7,1
25.0,54.1,0
33.2,72.4,1
29.7,77.7,1
26.9,91.6,1
31.3,78.8,1
22.0,74.1,0
34.1,75.9,0
32.8,66.6,1
31.0,80.2,1
32.3,92.1,1
29.0,69.4,0
23.8,74.7,0
29.1,69.3,0
31.8,70.0,1
31.3,59.8,1
34.6,78.0,0
33.1,64.1,1
24.3,76.7,0
36.3,79.6,1
25.2,66.5,0
26.5,66.5,0
27.1,84.0,1
33.9,67.7,1
22.0,81.2,0
25.7,57.0,0
22.0,85.1,0
26.7,83.6,0
31.5,84.6,1
24.3,84.9,0
35.0,64.6,1
35.1,60.5,1
22.3,78.3,0
35.3,47.5,1
27.7,81.7,1
24.6,74.8,0
22.0,76.1,0
28.1,62.4,1
28.6,65.9,0
23.1,70.2,0
26.6,59.0,0
32.0,67.4,1
23.3,80.4,0
32.0,60.3,1
29.1,87.7,1
27.4,72.9,0
28.0,59.9,0
32.5,65.5,1
25.4,58.5,0
26.7,84.7,0
23.3,77.0,0
24.7,76.5,0
30.3,63.4,1
33.7,58.2,1
24.7,89.9,0
32.4,57.5,1
30.7,78.3,1
22.0,77.4,0
30.0,58.1,1
24.8,72.5,0
25.3,79.9,0
26.1,77.3,0
33.2,83.0,1
27.8,82.1,1
23.3,82.0,0
25.4,75.2,0
30.4,81.3,1
31.4,74.2,1
28.4,69.0,0
22.0,79.9,0
23.6,77.6,0
33.7,77.6,1
29.1,72.2,1
29.3,63.8,0
31.0,66.6,1
32.0,86.6,1
34.7,82.2,1
26.5,77.7,0
30.9,75.4,1
24.5,69.1,0
26.4,71.8,0
29.2,72.9,1
26.4,72.2,1
34.5,79.6,1
25.5,87.7,0
24.3,81.4,0
31.4,86.2,0
27.6,81.8,1
33.6,66.4,1
31.5,64.8,1
27.5,90.3,1
31.1,72.0,1
25.7,80.2,0
28.8,59.9,1
27.9,70.5,0
22.1,85.5,1
35.2,73.4,1
29.3,58.2,0
25.6,77.0,0
28.7,52.9,1
31.9,65.4,1
32.6,57.7,1
28.8,89.0,1
32.1,67.2,1
24.2,78.8,0
26.2,82.3,0
27.3,74.9,1
23.9,76.3,0
34.1,50.9,1
27.5,85.7,1
34.3,74.5,1
32.8,66.9,1
30.9,84.4,1
29.7,68.9,0
23.1,73.1,0
27.2,58.5,0
29.0,67.4,1
28.7,97.6,1
28.8,70.4,1
25.6,73.7,0
27.5,82.2,1
34.8,72.9,1
26.6,98.0,0
28.0,85.9,1
26.0,69.7,0
25.9,96.6,0
31.4,64.2,1
28.8,68.3,1
22.0,50.6,0
28.9,97.6,0
24.7,75.5,0
34.3,76.7,1
27.9,77.3,1
27.4,72.6,0
32.9,63.5,1
24.2,84.4,0
28.7,72.8,1
27.7,68.9,0
35.5,82.0,1
29.1,75.0,1
22.0,61.8,0
23.1,94.9,0
27.4,62.5,0
32.6,70.5,1
22.0,77.3,0
33.2,65.6,1
33.2,71.8,1
27.6,78.3,1
22.0,84.8,0
26.0,68.8,1
27.8,79.9,1
25.8,88.0,0
32.3,71.9,1
22.0,75.5,0
26.4,86.3,1
28.9,74.8,0
26.6,63.8,0
31.8,79.5,1
24.6,83.6,1
28.5,68.7,1
29.3,61.0,0
26.7,93.8,0
31.0,67.8,1
36.3,73.6,1
35.0,72.3,1
24.1,54.0,0
32.5,78.0,0
30.6,81.9,1
22.0,86.2,0
24.7,79.1,0
22.0,81.1,0
28.4,76.6,1
32.3,89.8,1
22.6,71.5,0
22.1,80.5,0
32.8,68.2,1
34.6,71.1,1
28.7,59.2,1
33.4,75.5,1
33.6,88.2,1
30.2,75.0,0
28.3,59.0,0
29.6,59.5,0
28.1,86.5,1
32.2,74.5,1
37.4,58.5,1
28.8,74.9,0
26.7,79.9,0
30.0,58.8,0
31.9,58.2,1
27.2,66.2,0
30.4,84.9,1
22.0,95.8,0
30.8,90.1,1
22.0,91.6,0
27.7,86.2,1
30.4,74.6,1
24.1,63.9,0
25.4,73.3,0
36.7,61.0,1
27.9,72.7,0
23.0,85.6,0
23.1,85.0,0
26.3,75.1,0
29.5,70.2,1
28.8,88.2,0
24.5,75.1,0
29.0,83.3,1
26.2,91.6,0
33.8,64.1,1
23.8,64.4,0
32.9,78.8,1
30.0,68.5,1
25.3,91.0,0
30.1,96.4,1
27.9,73.0,0
25.2,65.6,0
30.4,81.1,1
27.1,85.6,1
27.9,61.4,0
23.6,84.9,0
23.2,93.7,0
25.6,92.8,0
33.4,91.5,1
26.2,98.0,0
32.7,58.0,1
29.0,73.6,0
24.9,79.7,0
22.0,80.5,0
26.6,83.1,0
35.1,61.4,1
28.8,65.5,0
23.7,70.6,0
34.0,67.6,1
32.4,89.2,1
31.4,61.7,1
28.1,76.5,1
33.9,57.4,1
33.2,56.5,1
22.0,71.3,0
22.0,72.7,0
36.3,70.5,1
26.0,76.7,0
33.6,78.0,1
25.3,72.1,0
24.9,77.8,0
27.6,72.8,0
26.2,65.0,0
26.5,64.4,1
27.0,94.7,1
25.7,79.5,0
31.0,78.5,1
34.8,68.6,1
34.2,66.8,1
22.0,77.5,0
31.3,89.8,1
31.4,73.7,1
29.6,67.0,0
26.3,77.4,0
24.6,64.5,0
27.9,85.4,1
34.8,90.6,1
27.0,60.8,0
30.7,70.6,1
28.6,67.2,1
28.4,84.3,1
31.7,84.6,1
26.3,69.9,0
28.5,85.0,1
34.1,77.2,1
25.3,80.3,0
25.0,79.5,0
27.6,82.5,1
27.7,86.7,1
34.2,81.3,1
27.4,68.3,0
22.0,76.8,1
24.6,78.3,0
27.3,77.1,0
27.8,71.8,1
26.7,57.5,0
22.0,70.8,0
24.1,77.8,0
36.1,71.3,1
28.5,60.9,1
28.9,71.2,0
24.9,66.0,1
26.5,96.8,0
23.6,69.3,0
34.3,88.0,1
30.6,77.2,1
32.7,62.9,0
22.0,82.0,0
28.7,76.2,1
32.9,68.3,1
27.5,90.8,1
25.0,98.0,0
22.2,88.6,0
24.6,91.2,0
30.3,80.8,1
29.4,64.7,1
27.6,75.9,1
22.6,86.7,0
31.8,70.3,1
29.3,64.6,1
22.0,73.8,0
28.3,87.8,1
31.6,80.4,1
26.8,61.7,0
24.6,74.2,0
28.9,77.6,1
33.1,65.4,1
26.8,76.2,0
31.6,59.4,1
25.1,80.0,0
32.3,87.8,1
32.0,77.0,1
22.0,98.0,1
32.4,80.5,1
25.5,91.7,0
24.1,77.7,1
27.6,70.5,0
25.7,73.2,0
35.8,73.8,1
31.0,76.0,1
29.6,62.2,1
22.3,81.7,0
26.0,79.6,1
30.8,74.9,1
25.9,71.5,0
26.3,63.2,0
33.3,80.1,0
26.5,71.8,0
27.9,78.8,1
27.6,78.5,0
30.4,65.0,1
25.7,83.3,0
28.5,68.2,0
23.9,77.6,0
33.8,73.1,1
23.8,72.7,0
33.4,49.7,1
25.5,60.8,0
22.7,84.1,0
24.4,68.0,0
22.0,66.7,0
22.0,81.1,0
22.0,68.4,0
23.3,74.7,0
32.1,64.5,1
29.7,86.9,1
32.5,63.7,1
22.0,80.2,0
26.4,91.2,0
24.6,70.2,0
24.7,74.7,0
33.7,82.0,1
28.6,68.6,1
23.0,76.3,1
31.2,71.9,1
36.3,69.2,1
28.4,62.7,0
30.3,60.0,1
25.6,87.3,0
26.0,91.3,0
22.0,74.1,0
28.8,92.2,1
32.5,52.2,1
22.6,75.5,0
34.8,93.6,0
22.4,69.2,0
32.3,62.9,1
28.6,74.4,1
29.3,79.6,1
30.5,58.4,1
34.8,78.5,1
33.3,79.7,1
27.9,72.0,0
34.2,75.1,1
26.3,93.5,0
25.6,66.1,0
30.1,61.8,1
29.9,83.8,0
22.9,92.5,0
26.8,75.8,0
31.4,78.3,1
29.6,84.1,1
31.6,76.6,1
31.9,70.1,1
29.6,69.2,1
31.4,45.0,1
22.5,64.4,0
27.6,86.7,1
29.1,66.7,1
30.5,83.4,1
22.3,80.7,0
30.2,77.6,1
22.0,87.5,0
26.5,51.3,0
28.2,80.9,1
23.4,68.4,0
22.0,87.7,0
28.7,52.8,1
22.5,77.7,0
29.4,77.8,1
25.6,69.4,0
29.1,49.5,1
22.4,90.5,0
26.4,85.4,0
26.1,84.9,0
29.3,91.3,1
28.2,79.0,1
23.0,68.3,0
22.0,77.2,0
26.8,61.8,0
29.6,75.0,1
29.8,77.0,1
25.5,57.7,0
24.6,69.7,0
26.0,74.8,0
29.3,79.6,1
25.5,82.4,0
23.6,56.4,0
23.6,46.1,0
31.4,84.2,1
27.4,93.0,1
23.0,56.3,0
27.5,89.2,1
34.0,89.5,1
25.9,77.6,0
23.4,84.8,0
29.1,86.5,1
26.7,72.9,0
26.2,72.9,0
31.4,80.6,1
22.0,73.1,0
29.0,64.6,1
26.6,69.7,0
24.2,86.2,0
23.5,83.7,0
32.1,74.3,1
22.0,83.8,0
26.0,71.6,0
31.7,83.4,1
34.7,76.4,1
24.7,69.9,0
31.2,68.5,1
28.8,82.2,1
27.2,96.0,1
24.9,69.6,0
22.0,88.6,0
23.9,89.8,0
30.8,63.9,1
25.7,74.3,0
30.9,65.2,0
23.8,59.3,0
25.3,86.7,0
22.0,91.6,0
25.0,80.9,0
22.0,79.9,0
32.5,64.5,1
29.3,57.6,1
22.3,77.4,0
26.0,91.7,0
30.7,98.0,1
29.7,64.2,0
25.4,67.8,0
33.0,68.2,1
31.0,71.5,1
31.4,68.1,0
31.3,85.5,1
22.0,81.4,0
26.5,95.5,0
22.6,81.1,1
31.6,71.1,1
23.3,88.0,0
22.0,83.1,0
29.9,74.3,0
31.4,84.2,0
29.0,83.4,1
22.3,82.1,1
35.7,52.8,0
32.6,68.1,0
22.8,82.5,0
27.4,59.3,0
29.7,87.9,1
22.0,73.8,0
29.6,93.8,1
22.0,78.9,0
22.0,79.7,0
22.0,79.1,1
30.8,56.0,1
30.8,93.5,1
26.5,72.5,0
33.2,70.6,1
28.9,59.4,1
35.0,78.6,1
31.1,60.4,1
23.4,73.2,0
25.4,68.9,0
31.0,75.4,1
25.9,78.3,1
31.3,67.5,1
34.9,88.1,1
22.0,89.2,1
33.8,73.6,1
24.9,68.9,0
29.4,64.1,0
27.6,74.3,0
27.0,63.7,0
29.6,81.1,1
30.2,91.4,1
31.8,82.9,1
25.2,78.9,0
22.0,67.6,0
31.7,60.3,1
33.6,76.5,0
24.2,92.2,0
26.2,78.6,0
24.1,86.8,1
28.8,71.1,1
23.9,79.4,0
27.3,77.4,1
30.8,71.4,1
33.4,77.2,1
26.6,91.1,0
35.5,53.7,0
28.0,65.9,0
28.6,93.7,1
22.5,64.4,0
24.4,80.1,0
30.1,90.7,0
28.4,64.9,1
27.3,82.1,1
26.4,77.2,0
22.0,76.1,0
27.7,74.3,0
30.9,55.5,1
26.3,65.5,0
29.0,72.2,0
29.2,81.7,1
29.9,67.7,0
24.0,83.2,0
29.2,70.7,0
36.1,66.7,1
24.1,93.7,0
32.0,59.2,1
28.7,64.4,0
28.7,80.4,1
33.3,60.0,1
30.9,52.2,1
23.8,85.6,0
25.4,72.6,0
22.3,69.3,0
37.3,69.5,1
25.7,63.8,0
38.3,82.1,1
28.4,67.7,1
24.5,66.8,0
27.3,69.7,0
23.5,74.7,0
23.9,84.8,0
29.7,58.7,1
29.0,57.4,1
34.7,81.3,1
38.3,57.6,1
22.0,91.0,0
30.1,76.6,1
26.5,88.8,0
28.9,76.8,1
30.7,72.9,1
25.0,91.0,0
28.2,83.5,1
34.5,87.3,1
31.3,58.7,1
28.3,75.3,1
28.8,94.1,1
25.8,72.1,0
32.1,95.8,1
35.8,74.0,1
26.2,68.4,0
24.5,69.2,0
29.7,93.5,1
30.7,63.4,1
29.5,59.9,1
31.4,68.3,1
36.2,76.1,1
25.1,83.1,0
29.3,86.9,1
27.8,91.5,1
25.3,76.4,0
27.3,74.5,1
24.8,84.5,0
31.4,86.5,1
24.6,70.6,0
25.2,89.9,0
22.8,68.3,0
30.8,84.2,1
28.2,74.3,0
27.5,79.9,1
33.5,79.8,1
34.2,61.0,1
29.5,74.6,1
29.2,78.8,1
22.0,73.0,0
24.7,76.5,1
25.4,84.8,0
27.3,81.4,1
22.0,74.8,0
34.3,60.5,1
31.1,89.4,1
30.3,70.7,1
23.8,80.6,0
26.1,84.5,0
23.6,60.6,0
25.7,71.3,0
31.0,81.5,1
33.0,71.6,1
28.1,73.9,1
26.4,63.5,0
25.4,88.7,0
22.0,90.0,0
31.3,69.5,1
31.3,76.3,1
27.9,70.7,0
23.5,98.0,1
30.0,87.0,1
22.0,87.0,0
28.7,74.8,0
32.4,85.0,1
25.2,88.3,0
28.9,67.0,0
28.4,63.7,0
30.8,76.8,1
34.4,57.1,0
22.4,89.0,0
25.1,74.1,0
31.8,60.6,1
30.0,61.4,1
31.8,64.9,1
31.4,69.4,1
29.9,68.5,1
27.7,69.7,0
29.6,86.0,1
31.9,60.7,0
25.6,82.1,0
31.9,64.4,1
34.1,67.5,1
27.4,98.0,1
27.6,80.2,1
22.0,64.4,0
25.8,75.5,0
32.0,82.1,1
27.8,78.7,1
29.8,91.0,0
25.3,64.3,0
22.4,76.4,0
33.2,75.6,1
22.9,74.8,0
26.0,81.5,0
23.8,65.7,1
26.8,75.5,0
29.2,72.3,1
26.7,67.0,0
26.4,65.0,0
29.6,66.6,1
22.0,73.4,0
24.1,64.9,0
30.2,84.4,1
28.3,65.2,0
25.9,80.0,0
27.3,78.7,1
26.5,74.8,0
31.8,74.4,1
36.3,66.6,1
28.7,73.9,1
25.6,69.9,0
28.0,88.9,1
30.9,68.9,1
25.5,83.4,0
27.0,76.9,0
22.9,77.2,0
35.3,57.7,1
26.1,69.9,0
26.4,88.4,0
22.0,77.4,1
25.4,72.0,0
27.8,80.1,1
31.7,79.1,1
29.1,72.7,0
27.8,80.5,1
29.9,50.1,1
26.0,74.4,0
25.0,87.9,0
27.5,98.0,1
25.7,74.8,0
37.2,85.5,1
32.0,57.9,1
27.5,79.5,1
24.3,49.2,0
26.1,88.0,1
23.5,70.4,0
30.7,71.1,1
29.6,66.0,0
35.5,82.5,1
33.4,89.3,1
23.2,66.2,0
34.2,82.3,1
25.7,66.5,0
32.8,82.8,1
31.3,64.3,1
31.5,79.5,1
22.0,78.2,0
31.5,54.0,1
23.4,78.5,0
31.4,67.6,0
28.8,87.8,1
30.9,74.9,1
28.5,72.6,1
30.5,67.4,1
27.0,88.6,0
24.8,54.1,0
22.2,74.8,0
22.0,93.9,0
34.6,91.3,1
29.8,71.4,0
31.9,64.5,1
29.1,83.4,1
23.4,69.2,0
29.4,77.1,1
24.7,83.8,0
32.1,72.7,1
27.4,56.5,0
26.7,67.6,0
27.3,87.8,1
28.6,88.8,0
22.0,80.8,0
26.4,66.6,0
37.9,78.2,1
31.0,68.0,1
30.0,48.7,1
31.1,73.3,1
26.4,73.0,0
29.7,65.2,1
30.6,64.4,1
28.0,67.3,0
23.7,75.4,0
26.1,89.2,1
28.0,75.3,1
32.3,86.3,1
29.0,80.2,1
22.4,96.9,0
27.1,65.9,0
28.6,81.2,1
29.4,77.3,1
28.6,86.6,1
25.9,78.5,0
27.0,62.9,0
31.8,67.4,1
27.1,47.4,0
22.7,77.4,0
25.0,63.7,0
33.1,75.4,0
26.9,73.1,0
24.4,76.9,0
28.6,84.6,1
27.3,77.2,0
29.5,85.2,1
26.1,73.0,1
31.1,59.3,1
28.7,75.1,0
28.5,70.5,1
25.8,72.8,0
23.5,82.2,0
24.2,86.2,0
28.0,73.3,1
33.5,82.6,1
27.5,86.3,1
27.5,71.3,0
24.2,79.3,0
35.3,70.0,1
26.7,74.7,0
22.0,81.9,0
27.4,89.3,0
33.0,67.4,1
34.5,71.0,1
30.9,75.6,1
27.4,78.0,1
23.5,68.0,0
32.3,54.1,1
22.4,89.9,0
26.6,80.8,0
26.4,63.0,0
30.1,84.5,1
24.7,74.8,0
28.5,72.9,1
30.4,77.6,1
22.0,77.5,0
28.7,83.4,1
22.4,71.8,0
35.8,75.5,1
22.0,93.3,0
31.2,76.4,1
27.8,72.9,0
30.0,79.3,1
22.8,87.4,0
22.0,78.4,0
29.3,45.0,1
24.0,55.4,0
29.4,70.5,0
23.8,84.4,0
23.1,76.4,0
22.6,90.5,0
32.2,53.0,1
35.8,70.0,1
34.8,74.5,1
22.0,87.4,1
31.1,61.9,1
30.4,71.3,1
22.9,75.8,0
22.7,72.4,0
28.1,63.8,1
25.0,91.1,0
31.3,81.4,0
30.8,68.3,1
22.1,89.7,0
31.5,70.1,1
33.4,83.5,1
24.4,76.4,0
22.8,93.9,0
27.6,82.3,1
35.8,75.1,1
30.7,81.1,1
27.9,80.4,1
26.5,61.9,0
25.3,91.9,0
31.9,64.1,1
31.2,75.7,1
35.2,72.2,1
35.7,64.6,1
27.5,65.6,0
25.3,80.1,0
27.3,68.9,0
33.7,53.4,0
25.9,82.0,1
31.6,57.2,0
33.7,81.7,1
31.1,64.5,1
25.3,80.6,0
25.6,81.2,0
23.1,83.5,1
34.0,65.4,1
31.4,85.9,1
33.2,77.8,1
27.4,72.4,0
24.8,83.6,0
24.5,73.3,0
26.2,60.8,0
27.3,69.4,0
25.4,61.2,0
27.9,79.4,1
23.9,87.8,0
31.8,82.3,1
36.0,65.7,1
30.7,84.3,1
25.9,91.9,0
34.9,75.0,1
31.6,48.5,1
27.4,91.2,1
32.7,76.9,1
31.0,91.3,1
27.0,82.4,1
22.4,74.8,0
31.1,73.5,1
22.0,78.4,0
28.0,86.0,1
30.2,82.4,1
22.0,64.0,0
28.5,73.3,1
22.0,85.9,0
26.5,73.7,0
34.9,85.7,1
29.9,92.0,1
31.0,63.2,1
25.2,85.7,0
26.0,72.2,0
32.4,80.4,1
34.8,71.3,1
33.2,68.7,1
26.0,93.8,0
24.0,80.3,0
32.9,69.7,1
29.8,83.2,1
29.9,77.0,1
27.8,98.0,1
31.2,85.7,1
23.9,83.3,0
26.2,75.0,0
25.1,94.8,0
26.3,77.4,0
25.0,83.7,0
25.9,67.1,0
26.4,54.7,0
27.4,63.0,0
38.1,79.4,1
28.8,69.7,0
27.0,92.8,1
36.9,67.9,1
34.2,84.0,0
25.9,52.1,0
22.0,81.8,1
27.3,57.0,0
29.7,74.8,0
26.9,59.9,0
23.3,72.9,0
32.8,63.7,1
22.0,77.8,1
32.3,89.1,1
22.0,70.1,0
26.4,79.6,0
33.3,69.2,1
23.9,81.3,0
24.8,72.7,0
25.1,92.5,0
22.6,84.3,0
29.9,51.6,1
29.4,65.0,1
23.9,76.6,0
29.5,65.7,1
24.1,82.5,0
33.1,79.2,1
25.9,71.2,0
29.0,65.5,0
29.4,75.0,1
29.9,90.9,1
27.6,86.9,1
29.8,71.1,1
29.2,57.4,0
23.4,85.1,0
25.8,82.2,0
31.0,72.9,1
35.3,67.3,1
28.3,72.4,0
26.1,71.0,0
29.8,77.5,1
25.4,93.5,0
26.6,52.0,0
22.0,74.3,0
22.0,81.1,0
30.7,82.3,0
33.8,78.2,1
34.7,76.9,0
36.0,70.5,1
29.7,74.0,0
28.1,82.7,1
30.5,69.1,1
26.1,79.1,0
23.5,80.4,0
26.1,68.5,0
26.3,68.0,0
22.0,67.2,0
25.7,76.5,0
29.1,92.5,1
27.8,73.3,0
30.1,56.2,1
26.2,89.3,0
26.4,71.1,0
32.0,74.5,1
28.7,75.2,0
22.7,71.4,0
26.5,89.9,0
26.8,49.8,0
25.4,76.2,0
33.2,60.0,1
24.6,80.5,0
24.8,66.3,1
30.3,75.6,1
25.8,78.1,0
22.9,69.4,0
30.2,80.2,0
23.6,76.8,0
27.8,59.7,0
27.8,86.1,0
22.6,83.4,0
30.0,88.2,1
36.0,64.4,1
22.0,70.7,0
22.0,90.8,0
29.8,74.6,0
25.2,73.1,0
27.7,90.4,0
25.3,79.6,0
30.0,70.5,0
28.7,61.3,1
25.6,75.9,1
29.6,51.1,1
29.1,84.8,1
31.4,56.5,1
32.7,80.4,1
29.8,91.9,1
22.6,60.7,0
22.0,96.4,0
38.0,91.5,1
30.2,81.5,1
29.6,71.2,1
33.9,71.1,1
23.6,97.1,0
29.9,56.8,0
31.4,73.2,1
24.9,72.7,0
23.7,91.2,1
28.9,67.6,1
23.9,93.2,0
31.3,71.9,1
32.7,73.3,1
28.3,90.2,1
32.5,83.2,1
25.7,66.7,0
22.0,71.3,0
32.5,98.0,1
25.5,78.3,0
25.6,73.8,0
31.1,92.9,1
30.1,54.6,0
32.0,84.9,1
25.8,85.2,0
26.6,82.3,0
23.4,76.4,0
25.1,69.0,0
34.0,84.3,1
27.0,78.1,0
29.0,71.3,0
22.0,98.0,0
24.8,76.0,0
34.5,59.1,1
29.6,76.9,1
23.9,85.3,0
22.0,84.8,0
30.5,60.7,1
29.3,54.9,1
34.7,72.0,1
28.1,67.3,1
30.7,62.8,1
27.0,85.2,1
36.0,72.5,1
29.3,66.1,1
23.5,81.8,0
27.4,79.2,1
29.6,75.8,1
28.3,78.1,1
29.1,80.0,1
28.7,87.4,1
31.0,71.6,1
28.9,57.2,0
30.3,62.5,1
33.6,73.6,1
30.9,62.6,1
22.0,76.8,0
28.8,81.4,1
27.4,75.8,1
22.5,84.3,0
28.6,70.2,1
25.5,82.4,0
24.1,89.0,1
31.4,71.1,1
25.0,81.7,0
30.3,77.4,1
27.3,84.0,0
28.1,62.6,1
28.2,75.4,1
28.9,62.1,1
30.9,78.2,1
27.4,86.0,1
22.0,77.0,0
23.3,79.5,0
26.9,79.1,0
29.7,64.5,0
30.4,66.4,1
23.7,95.7,0
29.7,70.3,1
29.9,76.2,1
32.4,85.7,1
23.0,64.3,0
26.7,98.0,0
30.0,65.8,0
25.4,69.0,0
22.0,68.2,0
23.9,51.6,0
33.1,72.5,1
28.6,60.8,1
34.8,80.0,0
32.4,62.6,1
33.8,67.2,0
26.5,72.3,0
31.5,67.4,1
33.6,96.0,1
28.0,80.7,1
22.2,79.1,0
23.7,70.9,0
27.1,72.4,0
27.6,81.3,1
27.1,78.2,1
28.0,90.3,0
30.4,78.7,1
33.4,58.5,1
29.0,67.8,0
30.5,60.6,1
27.7,75.6,1
24.0,66.8,0
23.2,82.2,0
32.4,75.1,1
23.6,78.1,0
26.3,79.5,0
26.1,80.3,0
23.8,84.3,0
23.9,74.5,0
30.1,59.9,1
23.9,75.0,0
37.2,76.1,1
25.7,63.9,0
23.9,76.6,0
22.4,82.6,0
23.7,75.1,0
26.8,92.9,0
26.4,73.4,0
30.4,82.1,1
26.5,60.1,0
27.3,81.6,1
28.8,66.6,1
24.5,63.7,0
31.5,54.6,1
22.0,75.2,0
25.8,76.3,0
27.3,66.6,0
22.0,84.0,1
23.2,80.6,1
29.4,77.6,1
28.2,70.7,1
22.8,82.4,0
28.1,78.5,1
28.9,64.5,1
27.6,75.0,1
27.2,77.4,1
33.1,65.9,1
28.7,80.4,1
30.9,63.8,1
22.0,78.5,0
30.0,73.2,1
29.5,70.4,1
36.0,78.9,1
24.0,80.3,0
28.0,72.4,1
30.8,69.5,1
29.4,69.3,1
25.9,65.4,0
31.4,76.7,1
26.1,83.3,0
32.8,75.8,1
28.5,71.5,1
30.1,68.7,1
28.9,65.2,1
28.6,53.4,1
31.5,63.8,1
31.5,69.6,1
26.7,92.1,0
29.8,80.8,1
26.1,85.3,0
24.6,77.6,0
30.9,66.8,1
24.5,73.6,0
23.5,87.9,0
31.8,69.2,1
32.8,74.6,1
25.8,74.9,1
31.5,73.9,1
25.4,68.6,0
24.9,89.1,0
30.8,77.5,1
28.6,86.5,1
24.4,92.6,0
23.6,70.6,0
38.3,63.3,1
29.0,78.1,1
28.7,81.6,1
28.3,87.6,1
36.2,73.6,1
34.2,67.3,1
22.9,84.8,0
34.6,73.1,1
24.9,81.8,0
31.3,84.0,1
28.4,78.1,1
30.9,71.4,1
30.1,85.0,1
30.2,66.2,0
29.6,61.0,0
29.1,70.6,0
22.8,58.1,0
34.2,66.8,1
32.0,88.1,1
23.9,83.8,0
24.9,75.9,0
29.1,63.4,1
32.2,65.7,1
26.4,74.7,0
22.0,91.2,1
28.5,60.1,1
33.4,59.9,1
27.1,72.6,1
22.7,86.3,0
22.0,68.3,0
31.9,66.7,1
31.5,82.4,1
31.2,78.0,1
28.3,87.3,1
25.7,81.8,0
22.7,79.5,0
32.0,83.8,0
24.8,48.5,1
22.0,70.7,0
27.1,59.7,0
22.0,88.3,0
25.8,80.5,0
29.9,67.7,0
27.9,74.2,0
27.8,85.8,1
27.3,90.1,1
31.6,63.1,0
22.1,79.4,0
29.5,69.1,1
29.0,62.7,0
27.1,87.1,1
29.0,79.9,1
29.6,68.9,0
24.9,59.0,0
27.1,58.3,0
25.1,79.8,0
22.9,87.2,0
30.6,74.6,1
32.4,84.2,1
22.0,82.4,1
22.1,77.6,0
26.5,85.2,0
26.4,95.7,0
26.4,71.2,0
27.5,63.0,0
25.3,83.6,0
24.0,98.0,0
27.8,80.3,1
25.2,66.9,0
30.7,80.9,1
25.5,70.2,1
28.9,62.9,1
30.8,98.0,1
26.6,83.8,0
27.8,73.5,0
29.8,69.0,0
29.6,76.5,1
27.8,61.8,0
33.0,58.8,1
29.9,69.2,1
29.2,82.9,1
27.6,81.1,1
30.3,67.6,1
33.2,81.3,0
22.0,73.1,0
30.4,61.0,1
35.6,67.0,1
28.7,70.9,1
31.8,64.5,1
31.4,89.2,0
26.6,74.3,1
24.8,80.6,0
29.9,98.0,1
31.7,79.3,1
22.1,86.8,0
32.1,71.0,1
31.0,61.9,1
28.7,79.6,1
25.9,81.7,0
22.0,60.9,1
26.2,71.3,0
34.4,70.9,0
33.0,66.4,1
22.0,70.3,0
28.4,57.9,1
28.9,49.6,1
22.9,61.9,0
27.8,80.8,1
27.3,73.5,0
27.7,84.0,1
30.3,93.2,1
22.0,89.8,0
26.5,88.8,0
30.9,80.2,1
30.0,66.5,1
22.0,68.1,0
22.6,98.0,0
22.4,50.1,0
34.7,64.0,1
29.4,78.8,1
29.2,60.0,0
26.0,64.0,0
29.6,91.0,1
31.3,66.7,1
22.0,77.5,0
28.9,67.0,1
26.9,79.0,0
30.4,91.3,1
30.6,57.4,1
25.4,79.5,0
26.6,68.1,0
33.3,64.0,1
27.5,73.6,0
23.1,89.6,0
30.4,58.2,1
30.0,73.9,1
27.2,80.7,1
29.5,69.5,0
31.4,69.2,1
26.8,68.9,0
31.1,95.5,1
29.7,86.4,1
27.4,66.2,0
27.2,45.0,0
30.7,52.7,1
23.1,80.8,0
22.0,83.8,0
31.6,74.1,0
24.1,70.2,0
23.5,74.7,0
33.6,73.8,1
36.0,69.4,1
27.5,74.5,0
22.2,81.3,0
22.0,67.3,0
35.8,68.0,1
22.9,63.6,0
32.4,72.8,1
23.4,69.2,0
28.3,81.3,1
33.3,75.7,1
30.9,87.6,1
24.5,76.8,0
22.3,83.2,0
26.6,68.0,0
24.3,74.7,0
30.2,68.9,1
27.1,64.0,0
29.8,68.7,0
27.4,78.5,1
23.0,71.7,0
27.2,80.8,1
28.9,64.1,1
29.8,85.5,1
32.6,62.2,1
24.9,68.0,0
23.3,76.4,1
24.7,66.6,0
36.9,53.8,1
27.8,76.8,0
36.1,63.0,1
31.6,69.6,1
28.4,88.6,1
28.2,87.0,1
35.7,65.9,1
32.7,74.5,1
27.2,65.3,0
29.8,91.9,0
29.1,71.3,0
24.5,79.9,0
32.6,56.6,1
31.3,72.3,1
28.3,85.1,1
32.6,71.8,0
27.8,72.3,0
31.2,71.7,1
36.6,60.2,1
25.7,70.4,0
26.1,67.3,0
30.0,64.7,0
29.5,77.2,1
29.4,83.1,0
24.6,68.5,0
25.6,86.0,0
23.1,84.4,0
27.2,72.0,0
25.0,70.4,0
22.0,88.4,0
32.3,66.7,1
26.5,79.1,0
23.2,96.6,0
29.5,76.2,1
25.4,81.1,0
34.2,73.9,1
29.6,67.4,1
27.8,84.6,1
22.6,93.5,0
35.3,57.5,1
29.7,53.8,1
29.1,79.9,1
27.6,60.1,0
26.0,81.9,0
29.7,81.8,1
22.0,95.7,0
28.0,66.4,0
27.5,66.0,0
28.6,64.4,1
32.7,68.1,1
24.8,69.8,0
26.4,69.8,0
26.0,78.7,1
28.2,82.1,1
27.3,90.0,1
29.3,79.3,1
26.9,70.7,0
32.7,50.9,1
26.1,77.3,0
31.9,72.3,1
27.5,62.0,0
26.3,84.7,0
31.5,62.3,1
34.5,62.7,1
30.8,77.1,1
27.4,78.3,1
22.0,76.3,0
22.3,72.8,0
33.2,72.4,1
22.0,85.3,0
31.8,74.6,1
25.9,91.8,0
35.6,71.9,1
33.3,76.8,1
25.9,78.5,0
26.8,51.1,0
29.9,80.3,1
24.9,65.6,0
29.8,70.3,0
32.3,63.5,1
23.0,70.1,0
26.1,91.9,0
27.5,58.6,0
24.5,84.4,0
28.0,61.6,1
30.2,93.8,1
28.7,75.2,1
25.1,81.0,0
35.1,76.6,1
28.4,73.0,0
25.2,84.2,0
23.6,82.1,0
28.4,62.8,1
30.0,47.5,1
24.9,71.3,0
26.3,72.4,0
23.4,80.2,0
25.4,82.3,0
27.7,88.7,1
25.4,80.3,0
22.0,77.7,0
22.0,78.9,0
23.1,91.8,0
26.1,66.8,0
31.2,92.5,1
28.7,85.9,0
25.1,65.0,0
31.0,79.4,1
22.6,64.9,0
23.6,78.2,0
30.5,77.1,1
26.6,74.2,0
26.7,77.8,0
30.9,57.2,1
32.3,72.9,1
26.3,91.2,0
30.4,75.2,1
25.5,64.6,0
26.2,91.1,0
22.6,94.2,0
31.8,67.8,0
33.8,79.3,1
27.9,91.8,1
24.6,67.6,0
30.4,83.6,1
25.5,69.6,0
25.3,77.7,0
28.2,61.2,0
24.0,77.0,0
24.6,62.7,0
30.4,71.6,1
25.5,63.9,0
36.3,73.4,1
22.2,70.5,0
22.0,81.9,0
26.6,90.8,0
33.5,83.2,1
31.1,53.0,0
30.8,81.4,1
36.6,75.8,0
35.6,76.4,1
24.4,98.0,0
35.1,81.4,1
28.0,75.2,0
31.9,85.2,1
31.3,53.3,0
35.2,69.5,1
27.7,62.3,0
30.6,66.4,1
22.4,62.9,0
33.1,68.8,1
28.6,81.1,1
26.4,78.2,0
26.4,80.3,0
31.8,89.2,1
33.9,73.4,1
29.2,88.2,0
33.3,66.9,1
22.0,66.5,0
22.8,84.6,0
27.2,92.0,1
28.2,86.5,1
22.9,83.9,0
33.9,76.3,1
25.7,89.1,0
22.0,85.4,0
30.0,60.0,1
35.4,66.3,1
24.6,80.8,0
35.1,70.6,0
32.1,73.7,1
28.3,73.3,0
34.3,68.6,1
33.3,64.4,1
25.5,76.3,0
29.4,66.1,0
35.6,75.4,1
30.8,64.6,1
33.7,69.0,1
33.4,74.0,1
34.6,67.9,0
26.0,88.0,0
24.0,70.4,0
27.4,64.6,0
27.1,82.7,1
27.3,73.7,0
30.7,73.9,1
32.9,73.0,1
27.0,61.7,0
30.1,63.4,1
37.0,86.3,1
31.2,63.5,1
22.0,66.3,0
22.0,83.0,0
28.4,94.5,1
22.0,62.8,0
34.4,80.2,1
24.8,70.7,0
22.0,89.7,0
30.2,84.4,1
24.7,85.0,0
30.0,77.5,1
25.8,72.6,0
23.3,63.9,1
22.3,62.9,0
28.0,65.6,0
26.9,72.0,0
27.6,73.7,0
25.6,60.8,0
25.1,89.7,0
27.2,69.7,0
22.1,86.2,0
26.4,64.9,0
33.5,79.7,1
22.0,86.1,0
24.9,73.7,1
27.9,58.8,0
22.7,74.9,0
28.1,74.9,0
27.1,69.0,0
25.4,73.5,0
27.7,59.6,0
22.2,67.4,0
31.7,58.7,1
22.0,87.9,0
30.9,54.6,1
22.2,94.2,0
26.6,86.7,0
30.8,76.1,1
28.2,83.9,1
23.9,58.5,0
28.3,74.6,0
32.9,86.8,1
22.0,93.1,0
25.2,76.6,0
32.4,75.9,1
35.1,78.5,1
28.5,76.6,1
29.5,73.4,1
34.5,80.2,1
24.9,70.6,0
26.7,67.4,0
25.8,74.0,0
25.5,61.8,0
31.7,65.2,1
27.4,79.3,1
28.5,66.1,1
29.7,67.1,0
27.5,68.1,0
26.5,75.3,0
23.5,69.1,0
26.6,75.9,0
32.6,77.0,1
26.0,80.9,0
22.0,70.6,0
27.7,77.6,1
26.2,85.9,0
23.0,77.4,0
23.5,96.9,0
33.0,73.6,0
25.7,97.6,0
36.4,71.2,1
28.3,76.5,1
35.6,75.5,1
22.2,67.1,0
24.7,83.0,0
28.7,95.1,1
30.2,67.0,1
24.9,75.0,0
32.5,75.3,1
28.2,71.8,1
31.3,59.8,1
31.0,74.7,1
31.3,69.2,1
36.0,75.8,1
33.9,67.8,1
27.5,55.2,0
27.5,73.2,0
31.0,80.9,1
30.4,60.4,1
28.5,68.7,0
23.8,81.7,0
29.6,82.4,1
32.8,66.2,1
27.7,69.0,0
24.6,85.0,0
22.0,83.5,0
25.0,67.2,0
34.6,76.7,1
29.4,57.9,0
31.2,73.1,0
32.2,91.2,1
31.2,78.9,1
29.1,55.5,1
29.5,49.4,1
34.3,85.3,1
27.6,72.2,0
26.4,62.2,0
27.8,67.4,0
26.5,71.2,0
30.7,89.4,0
26.6,73.5,0
22.0,92.1,0
31.8,54.4,1
23.6,75.9,0
35.2,65.9,1
33.6,87.6,1
25.9,84.2,0
25.2,75.9,0
31.0,84.8,1
28.8,83.5,1
26.3,78.7,1
31.4,93.1,1
24.1,83.3,0
31.7,91.1,1
27.1,89.6,1
26.1,94.8,0
27.4,77.7,1
29.2,79.8,1
25.7,87.9,0
22.1,73.8,0
36.7,79.5,1
23.7,81.0,0
29.6,84.9,1
26.8,73.2,0
22.9,86.7,0
23.7,77.7,0
30.5,89.9,0
30.1,58.3,1
28.1,77.3,1
27.6,73.8,0
32.3,59.9,1
26.3,97.3,0
34.9,75.1,1
28.8,82.3,1
30.2,89.4,1
25.8,80.8,0
29.2,77.1,1
26.7,76.2,0
28.1,78.5,1
30.9,66.2,1
29.3,75.6,1
30.4,79.5,1
29.6,78.7,1
33.0,74.4,1
23.6,89.6,0
22.0,71.5,0
30.5,88.2,0
23.5,71.3,0
27.1,81.2,1
26.4,84.2,0
24.8,60.1,0
34.0,89.5,0
28.0,74.9,1
24.6,65.9,0
34.2,68.3,1
26.0,71.9,0
26.1,83.4,0
26.2,76.7,0
31.8,80.6,1
29.2,76.0,1
22.8,70.6,0
34.3,77.2,0
31.8,75.4,1
28.8,66.5,1
31.9,51.9,0
27.6,53.4,0
22.6,88.1,0
23.7,82.0,0
35.5,78.2,1
22.7,75.6,0
27.9,60.4,0
34.1,68.8,0
27.5,92.8,1
34.0,76.2,1
29.3,81.2,0
26.7,82.6,0
29.5,88.3,1
34.2,61.9,1
26.6,88.0,0
26.2,83.1,0
31.1,71.8,1
23.8,84.7,0
22.6,81.0,0
29.8,98.0,1
28.8,64.2,1
31.4,62.0,0
24.5,95.2,0
28.1,76.0,1
32.4,83.7,1
22.4,75.4,0
30.1,72.0,0
23.4,74.4,0
33.7,72.2,1
31.5,70.0,1
22.0,73.4,0
24.8,67.2,0
26.3,91.8,0
28.3,86.7,1
29.5,66.4,1
27.3,87.3,1
30.2,83.0,1
32.2,62.2,1
27.8,86.4,1
35.0,79.0,1
22.0,66.9,0
30.3,66.8,1
22.0,73.1,0
22.0,88.1,0
26.0,59.2,0
25.1,73.5,0
28.3,75.9,1
37.9,75.4,1
29.3,74.9,1
22.5,75.6,0
30.5,59.9,1
31.7,63.4,1
25.1,73.3,1
32.0,73.6,1
31.9,76.9,1
31.1,70.2,1
32.2,82.9,1
33.6,74.9,1
24.3,85.8,0
28.8,89.4,1
29.2,80.6,1
28.9,80.5,1
30.9,65.3,1
25.4,71.9,0
29.9,75.5,1
23.5,84.9,0
34.5,62.3,1
33.6,64.8,0
29.1,58.3,1
28.8,81.5,1
31.8,67.1,1
29.3,71.3,1
25.7,84.6,0
22.0,80.4,0
27.2,70.4,0
32.9,65.6,1
30.3,68.9,1
23.5,91.1,0
30.6,64.6,1
23.7,85.5,0
30.1,83.7,1
29.7,57.2,1
30.2,61.7,0
31.7,65.0,1
27.1,82.6,1
30.9,75.4,1
29.8,71.4,1
32.3,62.6,1
35.7,60.6,1
30.3,78.8,0
29.0,70.2,1
27.2,88.9,1
30.6,59.9,1
32.9,90.1,1
31.6,86.6,0
31.2,67.9,1
26.2,77.0,0
29.2,70.9,0
29.3,76.1,1
32.3,54.5,1
25.0,87.5,0
23.9,74.0,0
29.1,84.5,1
22.1,95.8,0
27.4,70.1,0
34.2,82.6,1
34.3,71.8,1
22.0,64.3,0
28.3,68.9,0
34.3,62.1,1
24.3,70.4,0
24.3,78.4,1
30.2,73.9,1
35.3,66.5,0
23.4,88.8,0
30.4,68.0,1
22.0,74.4,1
34.4,59.1,1
29.3,85.0,1
30.8,54.0,0
31.5,82.4,1
26.4,88.9,0
22.0,86.7,0
22.1,69.8,0
28.2,82.8,1
27.9,60.0,0
31.1,66.5,1
34.1,58.4,1
22.4,76.9,0
30.1,73.6,1
28.2,63.7,1
29.2,68.9,0
36.4,86.4,1
29.3,67.6,1
27.2,72.5,0
22.8,80.4,0
30.7,62.0,1
34.3,60.1,1
33.4,81.8,0
22.0,85.0,0
33.5,69.2,1
29.2,75.2,1
26.5,77.4,1
28.8,87.7,1
27.5,68.5,0
22.2,79.2,0
25.9,81.5,0
22.0,62.7,0
30.3,61.3,0
22.0,78.0,0
22.3,72.9,0
26.2,74.1,0
31.9,64.0,1
25.9,71.4,0
32.6,76.8,1
23.3,77.6,0
31.8,84.6,1
28.5,89.9,1
27.1,81.4,1
26.4,83.4,0
24.0,75.1,0
26.6,73.5,0
28.5,83.2,1
30.9,57.8,1
28.0,69.5,1
27.1,89.0,1
27.6,68.7,0
22.0,86.3,0
29.1,88.8,1
31.3,69.6,1
22.0,85.2,0
28.4,62.7,1
32.1,81.6,1
25.6,86.2,0
26.0,74.6,0
29.3,65.5,1
30.4,64.6,0
28.3,74.2,1
29.0,67.2,1
22.0,77.8,0
22.8,73.4,0
32.4,85.9,1
23.4,85.7,0
22.3,69.7,1
24.1,63.9,0
29.0,80.5,0
30.0,81.2,0
29.4,80.5,1
27.6,76.2,1
30.4,80.4,1
22.7,90.7,0
24.1,78.4,0
27.4,89.3,1
28.8,67.3,1
25.2,85.4,0
27.1,59.5,0
23.1,79.5,0
32.2,51.7,1
36.4,66.3,1
34.2,65.9,1
24.9,79.7,0
27.8,64.4,0
28.2,68.4,1
28.7,76.4,1
28.9,70.9,1
28.2,75.2,1
29.5,71.9,1
36.5,67.2,0
28.2,68.4,1
31.5,79.8,1
29.8,70.9,0
30.8,58.1,0
32.3,65.0,1
22.0,65.6,0
35.5,57.8,1
22.0,68.3,0
30.3,76.6,1
22.4,69.0,0
29.5,60.8,0
28.5,90.9,1
27.3,78.0,1
31.4,69.3,0
30.3,78.2,1
22.8,80.7,0
28.4,88.1,1
26.6,77.2,0
28.8,71.4,0
29.2,67.6,1
29.2,53.9,1
30.7,71.8,1
24.9,58.8,0
22.0,75.8,0
32.6,76.3,1
28.6,76.5,1
30.5,52.5,1
25.2,70.2,0
36.4,72.7,1
22.5,66.9,0
34.2,74.4,1
29.0,63.0,1
26.3,85.5,0
32.7,71.6,1
31.7,70.7,1
32.1,77.0,0
24.8,90.1,0
34.2,70.3,1
33.1,96.6,1
34.3,65.9,1
30.9,78.7,1
26.6,68.1,0
22.0,78.4,0
24.5,79.9,0
29.0,75.3,1
31.2,48.0,1
33.6,60.4,1
33.3,72.6,1
29.6,87.1,1
25.8,60.7,0
30.3,60.8,1
28.4,74.6,1
26.7,66.9,0
31.9,64.0,1
32.1,91.3,1
24.7,69.3,0
24.7,60.1,0
22.0,93.7,0
28.0,78.8,1
27.2,71.6,0
23.5,76.9,0
31.9,71.5,1
29.3,46.4,1
26.8,62.8,0
25.3,75.5,0
25.8,72.5,0
26.3,69.7,0
25.9,86.2,0
28.6,63.7,0
27.7,66.4,0
35.5,73.1,1
29.2,72.4,0
31.2,81.5,1
34.1,65.8,1
24.7,87.8,0
27.8,70.6,0
22.0,87.0,0
30.4,80.9,1
26.8,77.7,0
24.6,87.0,0
29.3,68.8,1
22.9,85.8,0
29.6,79.4,1
34.0,88.7,1
28.0,66.0,0
30.6,63.4,1
26.2,68.3,0
29.3,51.7,0
25.6,68.2,0
34.2,63.7,1
28.7,84.9,1
22.1,71.0,0
24.0,90.7,0
32.6,75.0,1
31.7,61.2,1
24.4,91.7,0
31.1,64.4,1
34.6,79.7,1
23.0,86.1,0
29.1,73.3,0
30.3,84.5,1
24.9,88.1,0
29.1,71.6,0
26.2,82.7,0
23.0,71.7,0
31.7,61.8,1
31.6,73.7,1
32.2,86.8,1
29.8,72.3,0
28.2,95.3,1
26.6,83.6,0
28.1,80.9,1
24.5,75.8,0
29.5,74.2,0
23.6,78.4,0
33.3,93.2,1
25.1,85.1,0
25.6,85.1,0
27.2,92.9,1
24.8,79.3,0
25.7,66.8,1
31.5,79.2,1
33.5,93.7,1
34.8,71.0,1
27.1,80.6,1
25.8,72.8,0
28.2,63.2,1
35.3,72.0,1
24.7,76.4,0
23.4,81.0,0
28.7,75.5,1
22.0,72.0,0
32.7,74.5,1
29.4,63.9,1
33.2,65.2,1
27.8,93.8,1
22.4,90.1,0
33.2,61.6,1
30.7,86.5,1
25.1,75.7,0
27.1,90.9,1
22.0,95.9,0
27.9,75.0,1
33.0,70.0,1
27.4,66.1,0
28.9,81.7,0
25.6,86.9,0
29.9,73.3,0
36.4,80.3,1
26.4,80.5,1
32.3,63.1,0
29.0,61.8,1
29.4,83.4,1
29.8,86.5,1
24.9,78.1,0
23.4,85.7,0
25.1,93.4,1
22.0,87.5,0
27.6,92.4,1
30.6,69.9,1
30.9,59.1,1
35.1,81.7,1
25.5,79.4,0
27.1,95.8,1
36.1,71.8,1
30.3,80.0,1
22.0,45.9,0
22.2,89.0,1
27.9,73.3,0
33.0,64.5,1
22.8,88.4,0
22.1,78.6,1
25.5,67.3,0
27.3,64.3,0
29.3,92.7,1
32.6,61.7,1
28.6,60.7,1
34.0,58.1,1
22.0,74.6,0
28.9,86.6,1
28.9,71.4,1
30.6,77.6,1
25.4,80.6,0
25.3,89.6,0
28.6,60.5,0
27.4,85.2,1
27.0,84.0,1
31.2,84.3,1
25.7,79.4,0
22.2,78.9,0
35.3,75.2,1
36.3,87.3,1
37.3,68.3,1
22.0,88.3,0
33.6,81.3,1
32.3,64.4,1
24.6,70.1,0
28.9,83.7,1
28.8,76.4,1
26.2,67.0,0
27.5,72.3,0
24.1,83.5,0
27.2,67.7,0
33.0,65.7,1
28.2,65.8,0
28.9,85.4,1
25.1,63.3,0
35.0,59.9,1
27.2,83.0,1
31.9,62.0,1
29.8,66.7,1
31.7,63.1,1
28.0,69.9,0
22.0,81.4,0
29.3,75.2,1
24.1,73.3,0
27.2,80.6,1
23.9,80.9,0
28.9,84.3,1
31.5,70.0,1
27.5,75.3,1
27.9,75.7,1
26.0,98.0,0
27.1,81.2,0
23.9,69.5,0
28.0,82.8,1
28.6,75.5,1
30.5,67.6,1
25.0,91.6,0
27.3,91.7,1
27.6,68.2,0
22.1,76.5,0
30.4,85.0,1
25.5,74.9,0
23.0,88.4,0
22.4,84.9,0
27.7,57.5,0
29.2,45.9,1
33.7,81.8,1
26.9,75.6,0
24.6,68.2,0
33.0,78.2,1
27.1,98.0,1
27.7,81.0,1
28.4,83.3,1
23.0,87.7,0
34.4,53.0,1
31.2,61.8,1
22.0,65.2,0
31.3,83.8,1
34.8,55.4,0
27.8,76.6,1
26.3,80.0,0
22.0,75.8,0
30.9,68.7,1
22.0,79.7,0
27.9,81.3,1
27.6,69.4,0
28.4,71.9,0
25.4,83.0,0
25.2,88.9,0
29.2,66.8,0
29.7,70.9,0
30.1,61.6,1
29.4,69.9,0
23.7,76.0,0
31.8,69.6,1
22.9,84.2,0
26.9,67.4,0
23.5,98.0,0
24.2,80.3,0
29.1,78.9,0
34.4,64.8,1
24.6,72.7,0
23.3,73.8,0
24.8,87.2,0
29.7,89.8,1
31.3,58.1,1
22.0,68.5,0
28.8,83.0,1
25.0,75.8,0
22.0,86.8,0
23.4,69.9,0
22.0,76.3,0
33.4,82.5,1
27.8,75.4,1
25.9,84.4,0
32.5,86.1,1
26.9,57.3,0
23.8,89.9,0
24.6,64.3,0
29.4,75.1,1
26.3,77.9,0
24.3,73.3,0
36.3,71.8,1
28.9,77.8,1
28.0,82.4,1
34.3,71.4,1
31.4,72.3,0
30.2,79.4,1
36.9,81.4,1
34.3,61.0,0
29.2,88.9,1
30.9,53.6,0
28.6,62.3,1
33.9,67.3,1
24.1,72.8,1
32.1,80.0,1
29.5,70.4,1
30.3,71.5,1
24.4,96.2,1
25.8,83.8,0
35.7,81.8,1
30.2,76.6,1
32.4,46.4,1
27.9,92.8,1
35.5,77.9,0
30.1,85.1,1
22.0,75.5,0
24.4,72.2,0
34.1,60.5,1
23.9,80.4,0
22.8,73.0,0
26.0,71.4,0
35.3,91.3,1
28.1,78.9,1
26.5,72.3,0
25.2,81.3,0
28.3,87.2,1
32.6,81.2,1
32.5,87.8,1
28.7,74.5,0
25.2,65.5,0
24.6,65.1,0
26.0,69.6,0
34.2,68.8,1
27.4,84.5,1
30.5,62.5,1
32.6,73.0,1
26.3,67.2,0
26.8,68.4,1
29.2,75.4,1
22.0,82.1,0
32.8,73.9,1
31.0,82.0,1
23.4,95.3,0
22.0,78.9,0
29.9,67.1,1
26.5,90.4,0
30.1,57.4,1
26.4,66.8,0
29.0,90.3,0
22.0,91.1,0
22.0,79.1,0
35.0,63.0,1
34.4,82.3,1
30.8,55.8,1
25.6,59.5,0
28.1,71.0,1
29.9,79.2,1
30.8,72.2,1
24.8,84.0,0
31.3,81.2,1
30.2,72.1,1
33.0,69.3,1
24.2,80.4,0
32.4,58.7,0
22.5,78.2,0
30.3,63.6,1
28.5,77.4,1
23.8,96.9,0
29.8,69.8,1
28.0,51.9,0
26.9,61.3,0
30.5,84.8,1
31.5,72.2,1
24.4,80.2,0
31.3,70.1,1
25.8,88.9,0
22.0,98.0,0
24.6,72.5,0
28.8,67.0,0
28.0,67.1,1
28.1,59.3,1
33.1,66.1,1
25.9,74.4,0
23.0,70.3,1
31.7,76.2,0
25.9,71.1,0
23.6,71.1,0
28.9,59.7,1
26.7,86.3,0
27.9,72.6,0
29.0,68.2,1
28.3,63.7,1
26.3,96.6,0
26.5,71.1,0
31.8,61.3,1
22.0,84.2,0
34.8,67.8,1
31.2,68.5,1
26.3,94.4,0
30.2,70.3,1
22.0,76.5,0
24.9,86.9,0
30.1,76.0,1
28.2,75.7,1
22.9,73.3,0
29.6,84.7,1
23.5,60.2,0
31.5,61.7,1
32.9,75.6,1
31.8,52.8,1
23.2,92.1,0
22.0,72.1,0
32.0,62.6,1
22.3,73.5,0
31.0,66.1,0
27.8,83.4,1
30.9,81.2,1
23.0,72.0,0
32.8,61.4,0
26.6,61.5,0
29.1,78.7,1
25.3,91.0,0
22.8,79.7,0
31.7,78.7,1
31.9,90.7,1
31.6,71.8,0
22.1,87.9,0
22.0,72.9,0
32.3,87.0,1
31.5,85.2,1
26.2,74.4,0
24.2,85.6,0
31.5,69.3,1
22.0,77.5,0
23.6,74.3,0
27.8,63.6,0
24.7,83.3,0
31.0,70.8,0
29.1,69.4,1
31.2,73.9,1
25.6,75.6,0
31.6,73.5,1
34.1,62.1,1
27.9,83.7,1
26.2,80.6,0
25.8,88.0,0
24.6,79.4,0
35.6,81.6,1
30.3,82.0,1
22.0,79.0,0
24.2,77.5,1
37.0,75.2,1
29.4,67.2,1
26.5,70.0,0
24.0,68.4,0
22.7,88.1,0
29.3,83.9,1
27.2,75.5,1
35.4,57.5,1
25.4,85.0,0
34.1,62.8,1
31.6,52.7,1
31.5,60.4,1
32.7,72.8,1
30.3,63.1,1
22.0,87.8,0
31.5,47.5,1
23.9,78.8,1
36.3,81.4,1
30.3,74.7,1
34.6,60.3,1
22.1,79.2,0
28.2,88.2,1
35.1,68.0,1
23.8,78.9,0
22.0,87.5,0
23.3,78.0,0
24.1,57.8,0
30.9,75.8,1
28.2,54.6,1
30.4,74.7,1
30.6,76.2,1
26.9,82.7,0
28.5,92.2,1
29.5,59.3,1
22.0,82.5,0
26.5,63.3,0
30.7,74.8,1
28.3,80.5,1
32.9,66.3,1
29.0,76.9,1
25.9,78.6,0
34.6,78.0,1
32.7,49.3,1
32.1,90.4,1
24.8,67.2,0
22.6,74.4,0
29.9,80.6,1
22.0,82.4,0
22.8,74.3,0
31.5,90.0,0
23.5,68.7,0
28.7,75.3,1
32.4,57.8,1
31.5,78.3,1
34.7,74.5,1
26.0,74.5,0
26.9,89.3,1
28.2,69.6,0
31.0,82.5,1
28.1,81.0,1
25.2,82.1,0
30.3,57.5,1
34.9,83.9,1
28.4,75.9,1
25.4,85.7,0
27.0,81.5,1
22.6,76.0,0
30.6,72.1,1
33.8,70.4,1
29.2,82.6,1
22.5,74.6,0
28.6,72.4,0
25.4,75.4,0
22.7,71.6,0
25.2,70.2,0
33.8,73.6,1
29.4,69.8,0
27.7,82.1,1
25.6,80.6,0
29.0,84.4,1
31.6,77.2,1
23.3,64.7,0
27.8,68.6,0
28.5,61.1,1
23.7,72.4,0
27.3,83.0,1
31.9,67.8,1
30.3,66.8,1
29.3,76.3,1
24.8,83.5,0
23.6,78.6,0
35.3,82.4,1
29.1,80.2,1
30.3,87.1,1
33.0,74.0,1
30.9,59.5,1
31.1,98.0,1
33.0,72.8,1
32.1,65.7,1
26.6,89.4,0
24.9,76.1,0
29.5,64.8,1
22.0,76.0,0
25.2,83.9,0
25.4,63.4,0
28.0,94.8,1
24.0,79.1,0
26.7,70.4,1
24.4,80.2,0
22.4,79.2,0
27.5,79.1,1
30.5,72.8,1
30.5,81.7,1
35.4,65.3,1
24.7,77.4,1
30.9,76.2,1
24.2,79.0,0
31.0,72.0,1
25.8,61.7,0
22.7,79.6,0
28.9,91.1,1
29.2,78.4,1
35.3,70.3,1
26.9,88.8,0
28.5,64.5,0
26.6,64.7,0
30.4,74.4,1
27.6,82.5,1
28.1,63.1,1
31.1,74.6,1
26.1,90.9,1
25.3,76.6,0
30.6,84.1,1
28.7,67.8,0
30.0,72.6,1
30.9,61.7,1
26.7,77.3,0
32.3,63.0,1
26.9,62.1,0
31.4,59.5,1
25.8,81.9,0
32.2,61.6,1
35.1,80.5,1
28.1,77.8,1
27.8,75.8,1
32.9,79.4,1
29.1,86.5,1
23.8,71.1,0
22.0,64.8,1
25.5,58.5,0
25.2,63.1,0
28.7,71.8,1
27.2,77.0,1
25.9,78.2,1
28.7,89.6,1
23.4,62.9,0
25.0,83.4,0
22.0,60.3,0
23.3,75.1,0
24.4,65.2,0
22.0,61.5,0
31.0,81.9,1
23.1,64.9,0
30.3,49.5,1
26.4,63.1,0
22.0,90.8,0
29.2,81.6,1
28.5,80.5,1
29.0,66.1,1
29.2,94.5,1
30.3,83.5,1
27.2,71.6,0
27.4,79.1,0
26.0,75.1,0
27.8,78.6,1
26.9,70.6,0
35.4,61.3,1
22.2,85.5,0
22.0,92.5,0
31.9,90.4,1
25.2,64.9,0
24.2,87.3,1
36.1,83.6,1
24.6,72.5,0
26.8,75.6,0
32.4,60.5,1
22.0,84.9,0
29.0,73.5,0
31.0,53.8,0
22.3,62.9,0
24.4,81.5,0
31.1,89.0,1
22.9,60.7,0
24.3,68.1,0
23.9,74.6,0
22.6,78.5,0
35.4,66.0,1
23.8,66.5,0
30.6,72.3,1
22.0,81.4,0
27.6,66.2,0
26.1,67.0,0
33.5,71.7,1
28.1,82.7,1
29.5,45.0,0
25.3,72.6,0
31.0,77.2,0
27.4,85.7,1
29.8,59.8,0
22.0,59.7,0
28.9,61.7,1
30.1,84.1,1
23.9,72.5,0
30.8,57.3,1
29.0,90.8,1
36.9,67.2,1
28.4,80.0,0
34.4,70.1,1
34.4,73.7,1
34.6,67.4,1
34.3,77.1,1
31.7,62.7,1
30.4,57.5,1
29.6,85.9,1
29.4,92.1,1
23.2,63.9,1
24.7,92.5,0
35.4,70.9,1
32.6,74.5,1
30.4,77.7,1
34.4,85.4,1
26.3,81.0,0
28.7,82.0,1
30.6,93.0,1
34.5,69.4,1
28.9,70.0,0
31.4,59.2,1
29.0,79.7,1
27.7,65.1,0
24.9,60.7,0
25.1,84.5,0
32.6,69.0,1
22.0,81.0,0
25.4,71.1,0
22.0,79.8,0
28.9,73.1,1
22.0,79.8,0
31.8,71.9,1
30.7,71.7,1
30.1,68.4,0
26.1,71.4,0
22.7,62.5,0
22.0,86.9,0
24.4,95.1,0
32.6,77.5,1
30.8,86.4,1
28.1,73.3,0
32.2,80.5,1
33.8,87.6,1
22.0,54.8,0
30.8,76.0,1
31.8,72.7,1
30.1,75.4,1
34.0,66.5,1
22.0,72.5,0
22.7,75.4,1
22.0,67.2,0
27.3,69.1,0
26.3,73.2,0
27.0,81.6,1
36.0,57.5,1
22.0,83.1,0
36.8,69.4,1
23.8,78.6,0
31.1,57.0,1
25.5,92.3,0
23.9,65.3,0
31.1,68.0,1
31.7,76.4,0
24.9,83.7,1
31.1,75.0,1
22.0,91.4,0
34.0,72.7,1
30.3,74.2,1
24.6,72.7,1
28.4,77.2,1
29.5,64.7,0
27.8,76.2,1
31.8,83.4,1
26.0,63.8,0
30.6,89.6,1
34.1,65.9,0
29.5,71.8,1
33.2,59.2,1
32.3,50.6,1
22.0,68.9,0
24.2,98.0,0
30.0,61.6,1
30.9,78.8,1
34.6,59.6,1
24.5,85.1,0
23.8,87.8,0
25.4,92.7,0
27.7,62.5,0
31.0,59.7,1
22.0,87.5,0
25.0,76.3,0
27.3,83.3,1
28.4,67.5,1
26.1,77.6,0
24.1,84.0,0
31.3,70.9,0
28.6,78.5,1
34.3,88.2,0
30.6,71.0,1
22.6,81.4,0
25.9,59.2,0
25.7,86.2,0
29.4,74.8,0
25.3,72.8,0
30.3,77.3,1
26.9,76.6,0
22.0,71.2,1
24.2,88.1,0
23.1,72.0,0
28.1,88.5,1
27.8,78.9,1
27.1,66.1,0
26.3,79.0,0
23.8,58.3,0
27.9,89.3,1
22.0,82.3,0
22.0,70.2,0
22.0,76.6,0
28.2,88.8,1
31.8,75.0,1
28.5,65.4,1
25.7,98.0,0
30.2,63.5,1
27.1,70.7,0
27.5,85.2,1
22.0,67.8,0
27.4,74.6,0
27.1,79.0,0
23.6,82.6,0
30.9,56.2,1
30.9,68.5,1
34.8,63.3,1
33.6,68.5,1
24.9,89.4,0
23.9,88.1,0
32.5,71.2,1
22.0,83.0,0
26.4,76.0,0
34.0,73.5,1
25.8,75.2,0
29.3,63.5,1
30.4,91.9,1
23.2,72.3,0
23.6,77.7,0
29.1,80.7,1
27.5,61.9,0
25.3,75.1,0
26.1,78.9,0
26.0,91.9,0
29.2,80.0,0
24.7,78.0,0
36.3,78.7,1
30.8,69.2,1
28.4,72.3,1
26.2,91.5,0
35.5,89.8,1
22.2,82.2,0
28.8,68.7,1
23.9,76.6,0
31.6,86.4,1
27.5,71.0,0
35.3,61.7,1
22.0,91.6,0
33.0,67.9,1
23.7,80.5,0
28.1,86.9,1
32.5,66.3,1
22.0,81.8,0
24.5,98.0,0
32.6,80.1,1
22.0,75.4,0
22.6,67.7,0
34.4,57.6,1
30.0,64.7,1
34.3,89.4,1
33.6,86.3,1
22.0,71.6,0
27.3,80.5,1
22.2,79.0,0
23.0,54.5,0
34.3,80.7,1
26.6,85.8,0
24.5,73.9,0
32.4,81.6,1
26.7,98.0,0
31.3,70.3,1
31.3,70.9,1
27.7,79.7,1
26.1,82.6,0
26.5,54.4,0
24.3,60.2,0
27.2,63.5,0
27.6,74.7,1
31.7,72.9,1
34.0,74.7,1
28.4,81.9,1
35.2,73.5,1
22.0,86.5,0
25.2,94.9,0
34.9,83.6,1
29.1,72.8,0
24.7,97.0,0
34.5,78.1,1
26.9,81.7,0
30.6,56.9,1
27.1,74.6,0
25.2,74.7,0
30.1,55.4,1
37.9,78.9,1
27.3,71.8,0
30.5,61.9,1
22.0,77.2,0
30.1,60.5,1
28.9,78.5,1
32.3,95.4,1
27.0,72.8,0
22.0,83.7,0
32.1,58.8,1
25.9,70.6,0
23.7,89.5,0
22.4,80.8,0
23.2,71.7,0
30.9,95.1,1
29.9,70.6,0
24.0,71.5,0
25.7,79.0,1
23.8,66.8,0
32.7,65.6,0
27.6,65.2,0
32.7,69.2,1
26.3,64.7,0
22.0,84.9,0
29.3,77.6,1
22.0,72.5,0
29.8,62.4,0
27.8,66.2,0
25.5,74.1,0
32.4,65.4,0
26.7,62.3,0
25.0,98.0,0
26.6,84.3,1
29.0,68.9,1
24.3,84.3,0
25.9,71.7,0
23.8,75.9,1
22.0,86.2,0
28.2,63.2,1
22.0,81.0,0
34.0,69.3,1
32.0,71.2,1
32.1,84.3,1
25.9,87.6,0
30.8,90.3,1
33.3,68.6,1
23.6,78.1,0
27.7,81.1,1
28.7,80.7,1
25.7,82.8,0
23.8,93.8,0
22.7,86.7,0
24.4,96.3,0
33.2,84.0,1
22.4,81.5,0
27.5,91.7,1
33.4,59.7,1
24.0,79.1,1
22.0,68.1,0
24.3,67.1,0
29.8,72.1,0
27.0,92.4,0
23.4,80.5,0
26.6,72.3,0
32.0,79.4,1
22.9,68.9,0
29.0,68.5,0
26.7,68.2,0
33.3,65.2,1
27.1,80.0,1
25.6,97.0,0
25.0,78.2,0
23.2,74.6,0
34.4,71.6,1
27.9,83.8,1
27.4,76.7,1
24.0,57.4,0
27.5,68.4,0
36.2,82.9,1
28.4,82.3,1
25.8,84.0,0
30.6,62.2,1
29.2,64.2,0
29.3,69.4,1
24.0,78.7,0
24.4,78.6,0
34.5,69.7,1
29.5,83.8,1
32.5,73.1,1
24.6,79.9,0
31.6,69.6,1
24.7,83.1,0
22.5,72.5,0
30.7,66.2,1
30.5,79.3,1
28.4,75.3,1
25.3,83.8,0
29.0,98.0,0
23.3,78.5,0
26.8,68.5,0
27.3,72.2,0
30.0,77.2,1
26.4,84.1,0
30.7,90.7,1
28.3,74.9,1
27.4,90.2,1
32.4,65.6,1
34.5,65.9,1
27.8,85.1,1
22.0,84.6,0
22.0,78.0,1
30.2,78.9,1
22.0,73.1,0
22.0,79.2,0
29.9,72.7,1
27.2,66.5,0
27.6,72.9,0
32.4,59.9,1
32.1,67.0,1
34.1,85.6,0
27.8,58.2,0
25.8,77.1,0
23.6,84.8,0
32.4,70.9,1
25.3,72.0,0
30.9,89.6,1
34.8,67.8,1
24.8,65.0,0
24.6,69.3,0
30.5,76.0,0
30.2,81.9,1
22.0,58.5,0
29.8,62.4,1
25.4,81.1,0
28.0,74.9,0
29.2,70.4,1
33.5,71.4,1
27.1,83.0,1
27.4,97.3,1
33.6,70.2,1
30.0,76.5,1
28.7,54.7,1
26.1,61.4,0
35.3,57.7,1
23.5,74.4,0
27.3,89.3,1
27.6,82.4,1
25.5,73.7,0
27.6,53.6,0
33.1,90.3,1
26.1,62.2,0
27.9,84.5,1
26.2,67.7,0
30.1,76.7,1
32.5,67.8,1
32.8,54.7,1
27.6,70.3,0
33.8,67.8,1
34.1,70.3,1
25.5,79.2,0
25.0,70.4,0
29.1,67.1,1
27.2,88.3,1
29.4,60.4,0
24.3,70.1,0
29.1,76.8,1
22.0,92.7,1
33.6,65.9,1
30.6,70.6,1
22.0,90.2,0
27.3,89.9,1
28.1,54.5,1
31.1,55.2,1
22.0,86.9,0
24.5,90.1,0
35.5,63.0,0
26.1,45.0,0
26.6,67.0,0
27.8,72.5,0
23.6,78.4,0
28.3,86.4,1
22.0,84.6,1
26.7,80.6,0
22.6,77.0,0
28.6,60.1,0
24.5,72.7,0
35.8,69.4,0
31.2,62.4,1
34.7,75.3,1
31.1,62.0,1
24.2,80.5,0
36.0,93.5,1
23.0,60.5,0
31.3,75.8,1
37.8,60.2,1
30.7,61.4,1
24.8,70.8,0
27.5,65.8,0
29.4,71.1,0
23.5,75.1,0
25.9,91.7,0
30.9,68.4,1
33.3,91.6,1
28.9,89.6,1
33.0,77.2,1
33.0,72.4,1
31.0,84.0,1
28.1,85.3,1
33.3,65.0,1
32.0,71.1,1
27.1,71.7,0
33.1,62.8,1
26.0,96.7,0
32.5,75.5,1
34.8,77.7,1
27.5,75.7,1
22.0,86.5,0
22.9,77.2,1
26.8,93.3,0
23.9,84.1,0
22.0,74.7,0
28.9,65.4,1
29.8,88.9,1
28.1,83.2,1
33.9,62.3,1
32.1,73.9,1
28.1,85.3,1
23.6,64.0,0
27.3,56.7,0
28.3,73.4,1
22.0,91.7,0
26.7,70.2,0
30.2,81.2,1
32.5,90.7,1
28.7,70.6,1
23.2,82.5,0
29.1,74.0,0
34.2,88.1,1
25.8,74.8,0
23.5,84.9,0
28.4,83.8,1
35.7,59.7,1
29.0,63.4,0
22.4,89.4,0
23.5,63.1,0
30.7,70.5,1
30.9,76.9,1
22.6,83.7,0
35.3,67.1,1
22.2,71.3,0
29.8,69.0,0
25.3,94.8,0
28.1,69.8,0
28.4,69.5,0
30.4,94.5,1
26.0,80.3,0
26.0,70.2,0
24.6,83.9,0
33.0,73.8,1
25.5,82.5,1
22.0,82.6,0
28.2,86.6,1
31.6,83.9,1
22.8,66.8,0
30.1,92.3,1
29.5,60.6,1
23.1,52.7,0
31.7,63.2,1
25.7,69.4,0
29.6,80.3,0
27.9,61.1,0
28.9,74.7,0
26.5,67.7,0
30.1,55.0,1
31.8,70.6,1
30.3,45.0,1
22.0,86.4,0
30.5,70.4,1
26.0,70.3,0
32.2,49.9,1
31.6,82.3,1
28.7,62.0,0
33.0,82.8,1
24.7,68.2,0
33.0,63.0,1
31.0,52.8,1
32.0,80.1,1
23.9,76.5,0
27.1,79.2,1
23.7,81.5,1
32.2,68.6,1
22.5,69.8,0
23.1,69.8,0
24.2,91.8,0
22.0,74.8,0
24.9,80.3,0
27.1,70.8,0
27.3,80.5,1
30.2,74.6,1
34.9,80.2,1
32.3,81.4,1
31.4,54.3,1
28.8,74.0,0
26.4,87.4,0
25.8,71.5,0
28.6,86.6,1
27.2,74.3,0
27.7,77.7,1
26.5,75.2,0
31.2,90.3,1
26.7,79.8,0
31.0,68.5,1
22.0,85.2,0
30.3,63.0,1
25.5,91.8,0
30.4,59.8,1
24.4,88.1,0
31.4,81.0,0
28.3,80.4,1
29.6,84.4,1
24.2,93.8,0
33.3,65.3,1
29.6,78.4,1
22.0,83.9,0
32.0,76.4,1
32.2,56.5,1
28.6,69.3,0
38.8,60.1,1
35.4,45.0,1
28.6,66.1,0
26.1,95.0,0
32.6,76.4,1
30.3,85.1,1
32.0,71.9,1
24.3,81.7,0
22.0,79.4,0
30.5,75.2,1
27.0,80.3,0
27.2,79.3,1
25.4,90.0,0
24.1,73.8,0
31.7,57.8,1
26.5,67.0,0
26.9,72.5,0
27.6,80.8,1
34.4,79.0,1
24.8,84.1,0
32.8,59.0,1
24.2,67.2,0
28.9,79.6,1
32.0,77.9,1
34.9,74.5,1
38.0,71.4,1
27.0,73.7,0
33.8,65.7,1
26.5,78.2,0
30.2,62.2,1
27.4,54.2,0
22.0,86.5,0
23.4,78.5,0
27.4,69.1,0
24.3,82.8,0
31.9,66.3,1
29.5,89.9,1
34.7,52.7,1
25.4,68.6,0
32.7,96.7,1
27.9,72.2,0
22.0,71.4,0
22.0,81.8,0
23.9,77.0,0
30.8,83.6,0
27.1,54.3,0
30.6,74.6,1
29.4,74.5,0
34.6,61.1,1
29.4,64.2,1
36.1,83.0,1
34.5,65.8,0
25.0,74.4,0
33.6,80.8,1
25.7,77.0,0
28.7,81.3,1
30.8,66.2,1
28.1,57.7,1
29.9,79.8,0
23.1,68.7,0
28.4,89.9,1
24.9,58.0,0
30.2,62.9,1
32.1,82.3,1
29.6,68.1,0
27.0,75.8,1
27.9,83.9,1
29.9,51.7,0
27.2,62.4,1
25.9,80.2,0
24.6,83.0,0
33.2,61.2,1
26.1,85.9,0
27.6,73.3,0
28.6,70.6,1
24.9,61.9,1
34.7,53.7,1
32.2,79.2,1
22.0,63.0,0
31.0,60.8,1
33.9,81.6,1
24.0,86.8,0
35.3,85.3,1
32.6,70.5,1
28.6,60.9,1
24.6,60.4,0
33.1,97.7,1
23.0,70.1,0
23.9,83.0,0
27.7,86.6,1
32.5,78.1,1
28.4,62.0,1
28.2,63.9,0
25.0,93.6,0
28.9,81.1,0
27.2,95.1,1
23.5,78.5,0
27.8,70.0,0
22.8,58.9,0
29.0,82.2,1
33.7,56.4,1
34.4,68.6,1
34.2,66.2,1
33.0,79.7,1
30.7,63.3,1
28.8,79.7,1
22.0,69.8,1
22.0,77.8,0
25.6,75.5,0
31.5,67.0,1
32.6,46.3,1
24.9,61.0,1
32.1,78.4,1
30.7,96.1,1
33.8,49.3,0
29.9,75.0,0
31.1,70.9,1
29.8,62.3,0
30.0,63.4,1
30.9,78.3,1
23.8,81.3,0
31.9,65.7,1
29.5,69.5,0
25.8,70.0,0
36.3,73.3,1
28.9,82.1,0
29.2,82.9,1
22.7,81.8,0
30.8,89.1,1
27.3,76.8,1
31.0,71.6,1
28.7,73.5,1
26.2,88.3,0
22.0,51.7,0
32.1,66.0,1
25.7,60.0,0
33.2,75.2,1
30.0,69.6,1
28.2,79.8,1
23.6,86.4,0
35.2,77.4,1
28.3,69.3,0
27.6,78.9,1
28.4,67.4,1
28.9,79.3,1
22.0,64.6,0
26.3,71.8,0
25.5,58.8,0
26.6,83.1,0
29.6,81.0,1
34.6,66.2,1
25.3,71.4,0
29.9,81.4,1
29.7,64.3,1
25.9,76.7,0
31.2,79.8,1
28.5,70.6,0
37.1,74.2,1
28.2,57.2,1
31.6,76.8,1
29.4,66.7,1
30.3,77.8,1
28.2,83.5,1
25.0,83.3,0
23.5,75.8,0
25.4,80.7,0
30.7,84.6,1
34.3,56.2,1
22.4,62.0,0
22.0,71.4,0
22.3,63.9,0
24.5,56.5,0
30.4,92.0,1
28.5,84.8,1
24.2,75.4,0
31.2,88.0,0
34.2,88.3,1
26.4,88.4,0
27.0,74.4,0
28.9,71.4,1
22.0,88.5,0
27.8,70.5,0
31.7,53.9,0
28.6,98.0,1
34.0,84.6,1
31.5,50.1,1
24.6,86.2,0
23.5,88.8,0
30.1,75.9,1
23.4,91.8,0
28.1,54.8,1
25.8,81.3,0
30.5,85.6,1
24.8,78.7,0
33.4,64.1,1
23.3,71.4,0
29.6,66.8,0
31.1,69.4,1
29.3,83.4,1
33.3,71.2,1
28.3,70.8,0
26.7,61.0,0
25.9,83.3,0
28.4,54.0,0
34.5,74.1,1
25.2,67.4,0
34.7,57.8,1
32.7,77.0,1
30.6,65.8,1
32.9,93.2,1
22.7,84.7,0
23.2,88.0,0
32.2,66.4,1
24.6,86.6,0
23.1,80.3,0
25.4,95.3,0
27.0,76.5,0
31.7,68.9,1
27.7,57.1,0
26.2,45.7,1
39.5,74.0,1
24.1,76.4,0
34.7,64.6,1
25.1,83.0,0
29.8,73.2,0
29.3,70.0,0
29.0,89.2,1
30.2,70.3,0
37.4,65.6,1
27.7,82.9,1
25.6,69.4,0
29.2,64.9,1
28.1,89.2,0
27.4,79.4,1
28.9,79.6,1
26.1,88.5,0
30.2,67.1,1
23.9,74.2,1
31.1,76.1,1
27.9,75.5,1
26.1,81.5,0
31.3,70.6,1
29.1,52.7,1
24.1,83.1,0
33.3,76.1,1
24.6,89.9,0
26.3,75.4,0
25.0,93.6,0
22.4,98.0,0
22.5,66.9,0
29.1,80.7,1
26.6,62.6,0
24.5,94.8,0
31.4,70.1,1
31.1,74.4,1
33.3,74.2,1
36.4,72.1,1
27.3,58.4,0
33.5,72.0,1
29.5,89.1,1
26.1,81.6,0
26.2,82.0,0
27.0,59.0,0
22.0,83.1,0
31.2,82.1,1
27.7,60.5,0
29.4,84.3,1
25.1,78.9,0
25.1,64.9,0
22.0,85.7,0
32.0,94.2,1
29.4,62.8,0
26.7,86.4,0
23.8,88.1,0
30.0,74.2,1
29.3,68.6,0
29.5,70.4,1
31.3,78.3,1
28.2,79.6,1
35.5,74.3,1
26.3,75.2,0
25.1,64.2,0
24.9,87.8,0
26.6,71.0,0
22.7,80.2,0
27.8,85.6,1
30.5,70.7,1
23.2,83.5,0
24.3,81.3,0
29.6,72.6,0
30.5,82.0,1
31.1,66.1,1
24.2,81.6,0
23.9,70.3,0
35.0,70.1,1
26.6,76.9,0
29.0,69.9,1
24.2,79.2,1
31.6,77.7,1
31.7,60.9,1
33.3,86.2,1
25.9,62.0,1
29.2,86.9,1
30.4,61.1,1
29.5,82.1,1
27.9,60.0,0
23.7,84.4,0
30.6,64.6,1
27.4,67.5,1
28.2,65.4,1
29.9,70.4,1
22.0,90.5,0
27.2,75.0,1
32.9,77.9,1
22.0,81.1,0
31.7,92.6,1
28.9,77.1,1
22.0,78.4,0
28.5,68.7,1
23.6,77.8,0
24.2,91.3,0
26.2,83.9,0
30.0,65.5,1
37.9,64.1,1
29.3,78.9,1
23.2,75.6,0
29.0,78.6,1
33.5,83.0,1
29.5,62.3,0
26.7,69.7,0
24.2,86.0,1
23.9,76.6,0
23.5,75.3,0
31.9,63.2,1
31.6,79.4,1
26.7,80.0,0
26.7,51.3,0
30.6,77.1,1
35.3,75.1,1
29.1,56.7,1
35.6,69.1,1
23.3,77.6,0
22.0,84.7,0
27.1,85.3,0
36.5,77.7,1
26.8,79.7,0
26.3,98.0,0
35.7,67.3,1
27.5,64.8,0
30.0,59.5,0
27.7,93.9,1
25.3,80.7,0
33.2,73.6,1
26.7,77.7,0
22.9,62.8,0
22.0,91.1,0
25.7,76.8,0
30.8,83.8,1
26.4,86.3,0
22.5,78.6,0
34.9,67.3,1
26.2,83.3,0
25.1,54.7,0
29.1,87.4,1
22.0,61.6,0
30.3,67.6,1
26.5,89.9,0
22.0,80.8,0
28.0,54.1,1
27.9,74.3,0
26.6,78.9,0
32.3,73.0,1
32.4,82.0,0
25.3,71.2,0
32.9,59.5,1
24.9,74.9,1
31.4,70.8,1
24.6,71.8,0
24.8,98.0,0
32.6,71.2,1
28.6,89.8,1
30.4,81.3,1
31.3,76.8,1
34.9,68.0,1
31.7,75.3,1
28.8,81.8,1
32.4,58.5,1
24.0,77.5,0
29.1,76.2,1
22.0,75.0,0
29.8,76.4,1
26.8,89.7,1
22.0,83.6,0
28.1,82.5,0
28.7,86.8,1
28.5,70.2,0
24.0,71.7,0
32.9,61.1,0
30.3,84.4,1
32.7,64.8,0
22.0,97.0,0
28.1,75.9,1
31.9,76.0,0
27.9,80.1,1
30.8,73.7,1
22.7,65.3,0
30.4,70.5,1
26.4,76.5,0
29.3,68.9,0
26.5,73.9,0
24.5,72.9,0
31.8,53.0,1
32.4,72.5,1
28.1,91.7,1
32.0,69.3,1
31.1,78.8,1
28.0,82.1,0
35.1,78.2,1
28.0,88.3,1
29.7,77.9,1
26.0,78.3,0
29.8,69.1,1
28.9,79.2,1
32.8,83.8,1
33.8,64.1,1
32.4,78.0,1
29.3,72.9,0
35.7,74.0,1
27.4,84.4,1
27.7,72.5,0
30.2,70.5,1
22.6,77.6,1
35.1,78.4,0
32.4,66.4,1
28.9,58.5,1
26.0,68.4,0
31.4,75.4,1
29.8,82.1,1
32.7,76.6,1
28.0,55.6,0
22.4,64.0,0
29.7,89.2,1
22.0,71.2,0
28.9,78.6,1
31.8,75.0,1
25.9,93.2,0
22.0,86.4,0
25.6,89.7,0
32.6,79.8,1
30.4,64.9,1
32.2,78.5,1
22.9,74.6,0
22.8,59.8,0
22.0,69.3,0
27.0,83.7,1
22.0,72.3,0
33.9,62.0,1
28.6,84.9,0
37.5,77.5,1
31.5,78.6,1
39.4,73.1,1
26.5,75.0,0
29.3,61.2,1
22.0,83.2,0
30.4,84.5,1
28.0,83.8,1
31.0,88.6,1
31.8,66.3,0
27.7,77.7,1
35.6,70.7,1
28.6,59.8,1
24.3,68.0,0
26.8,83.6,0
26.6,79.1,0
24.6,92.2,0
31.1,67.0,1
32.9,74.9,1
26.1,56.9,0
32.8,81.8,1
27.5,84.6,0
31.8,70.1,1
30.9,69.8,1
27.2,67.5,0
28.2,75.3,1
26.5,87.8,0
25.8,91.6,0
28.5,85.0,1
26.3,85.1,1
33.5,75.8,1
23.8,71.8,0
28.2,61.9,1
28.6,97.8,1
22.0,85.6,0
32.2,84.6,1
23.9,75.5,0
28.1,72.5,0
28.8,61.5,1
22.3,65.0,0
31.1,82.3,1
22.0,77.4,0
34.8,78.7,1
33.2,63.3,1
30.8,88.5,1
28.3,85.2,1
22.2,98.0,0
22.0,79.7,0
33.2,95.6,1
30.9,76.7,1
25.3,76.5,0
27.8,84.4,1
33.8,85.9,1
23.9,84.1,0
30.1,58.8,1
35.7,68.0,1
28.1,57.1,1
31.5,61.1,1
28.8,85.4,1
24.1,85.9,0
32.4,68.6,1
22.0,80.2,0
37.6,63.6,1
33.9,66.9,1
23.9,64.4,0
25.3,72.6,0
27.1,85.3,1
32.0,61.0,1
31.3,66.9,1
27.9,64.9,0
25.6,78.4,1
28.9,83.8,1
28.9,86.0,1
23.9,53.0,1
27.0,89.3,1
31.6,67.5,1
30.4,79.9,1
22.0,62.7,0
27.2,75.4,1
31.2,79.1,1
23.7,83.2,1
31.4,66.7,0
24.4,74.9,0
35.9,67.4,1
28.3,63.6,0
26.0,84.6,0
30.5,79.7,1
25.8,68.6,0
25.5,74.0,0
27.4,71.1,0
29.4,76.6,1
32.6,84.7,1
29.1,80.8,1
28.2,85.8,1
28.8,61.0,1
31.8,80.1,1
26.0,75.4,0
30.5,67.9,1
26.4,76.0,0
33.3,66.1,1
24.6,81.5,0
29.1,66.2,1
28.4,85.0,1
28.0,73.8,1
34.0,72.3,1
28.3,83.5,1
28.4,74.4,0
36.0,66.1,0
30.3,63.5,1
31.1,66.8,0
26.0,83.0,1
25.9,76.6,0
27.4,77.1,1
34.2,73.0,1
33.7,69.0,1
23.2,71.7,0
30.4,75.5,1
36.2,62.2,1
28.9,94.7,1
26.8,72.7,0
26.7,68.5,0
25.1,83.8,0
27.7,72.8,0
26.2,83.4,0
31.4,78.9,1
26.8,89.1,0
24.5,69.6,0
31.7,84.3,1
35.8,82.4,1
32.1,83.1,1
32.5,79.4,1
32.9,81.7,1
26.5,77.0,0
24.9,75.7,0
25.7,77.5,0
25.4,72.6,1
26.8,81.2,0
26.5,74.9,0
31.7,65.1,1
23.0,65.6,0
34.2,61.9,1
22.2,74.3,0
28.0,83.9,1
22.0,76.5,0
34.8,73.9,1
34.4,54.2,1
26.6,75.4,0
24.8,97.9,1
22.9,88.4,0
22.0,72.0,0
22.0,87.4,0
35.9,61.3,1
31.0,65.3,1
28.4,90.8,1
22.5,78.2,0
22.8,79.3,0
28.1,74.9,0
23.6,56.1,0
25.0,71.9,0
22.2,93.4,0
22.5,71.5,0
25.3,96.6,0
29.8,75.8,1
24.0,72.2,0
28.6,79.6,1
28.0,59.9,0
30.9,78.4,1
26.2,77.6,0
33.1,72.5,1
30.2,60.3,1
31.8,84.5,1
28.2,84.1,1
25.3,74.4,0
27.6,92.1,1
27.6,68.4,0
23.9,73.8,0
30.0,65.4,1
29.5,59.3,1
22.0,79.3,0
32.7,71.2,1
25.3,92.8,0
25.5,89.6,0
26.2,72.4,1
24.9,66.2,0
36.8,72.1,1
22.2,78.9,0
23.7,76.4,0
33.0,74.4,1
32.0,74.4,1
28.0,84.9,1
23.0,69.8,0
35.9,74.3,1
35.7,62.2,1
22.0,71.9,0
30.1,66.7,1
30.0,68.3,1
25.1,65.7,0
24.5,67.8,0
25.2,83.6,0
31.4,79.0,1
24.8,76.9,0
31.2,68.9,1
27.6,70.3,1
30.6,65.5,1
22.0,72.2,0
28.3,76.2,1
29.7,65.9,1
23.3,82.4,0
25.0,68.1,0
33.0,57.4,1
22.0,93.0,0
31.3,74.0,1
30.1,93.8,1
25.9,74.4,0
26.4,76.6,0
25.0,83.1,0
28.1,59.5,1
27.2,85.9,1
22.0,70.5,1
22.0,87.9,0
30.9,89.6,0
23.8,84.1,0
32.8,69.8,0
25.9,73.0,0
22.3,71.6,0
27.0,64.5,0
26.3,72.2,0
27.0,67.9,0
22.0,80.1,0
29.6,82.8,1
32.7,72.6,1
25.8,96.6,0
23.2,84.6,0
26.9,78.3,0
32.9,65.6,1
26.5,86.3,0
28.3,45.0,1
25.7,87.6,0
29.0,92.9,1
23.8,84.6,0
31.2,76.6,1
28.5,69.4,1
27.4,86.4,1
24.9,87.4,0
33.0,71.7,1
31.7,71.9,1
31.5,59.4,0
23.4,83.8,0
25.8,82.4,0
29.7,54.5,0
33.3,60.5,1
29.8,77.2,1
23.2,70.3,0
26.0,65.0,0
29.5,78.2,1
35.8,70.5,0
29.4,76.2,0
26.1,76.4,0
33.0,60.4,0
27.7,67.9,0
29.6,85.4,1
30.5,72.7,1
29.2,62.6,1
32.0,81.1,1
25.8,60.6,0
34.0,62.0,1
22.1,79.5,0
29.3,80.2,1
26.4,68.7,1
32.0,83.2,1
23.2,96.9,0
25.6,72.4,0
26.8,69.4,0
27.4,81.4,1
30.7,79.4,1
31.9,81.1,0
32.5,62.0,1
33.7,61.9,1
24.6,47.2,0
24.9,81.4,0
24.3,79.2,1
29.0,62.5,1
32.2,75.8,1
29.3,59.3,1
31.0,64.3,1
29.3,65.9,0
30.5,78.6,1
23.9,93.7,0
33.5,80.5,1
28.4,70.4,1
27.5,58.3,0
29.9,81.6,1
22.0,73.1,0
37.7,72.7,1
27.5,69.7,0
24.6,79.9,0
22.0,83.9,0
22.2,89.1,0
27.3,91.8,1
35.3,70.7,1
27.7,86.2,1
33.4,79.2,1
28.1,79.6,1
33.1,69.8,1
27.6,85.6,1
33.8,68.7,1
22.7,87.1,1
27.7,73.5,0
31.2,55.0,1
23.3,85.6,0
28.7,68.1,0
33.6,73.5,1
22.0,86.9,0
32.1,79.3,1
32.2,68.1,1
32.7,57.1,1
22.0,83.9,0
32.0,59.3,1
28.6,55.6,1
32.0,85.3,1
25.2,77.2,0
24.2,85.9,0
28.8,72.2,0
32.4,72.3,1
29.8,77.0,0
32.5,84.0,1
29.6,79.5,1
22.0,84.9,0
26.6,73.6,0
29.1,83.6,1
31.1,80.8,1
31.3,82.7,1
30.0,86.6,1
31.4,57.1,1
35.2,55.0,1
26.0,90.3,0
28.9,83.9,1
26.6,86.0,0
22.2,79.3,0
33.6,70.0,1
32.4,77.6,1
22.0,71.6,0
33.2,51.1,1
30.0,70.8,1
22.1,89.6,0
25.6,74.6,0
27.4,56.0,0
26.3,77.1,0
27.7,89.0,1
24.6,51.1,0
29.0,68.9,0
28.2,66.2,1
33.2,68.5,1
22.0,84.7,0
22.0,71.5,0
25.9,89.9,0
22.0,72.1,0
22.0,89.6,0
34.2,75.7,1
31.4,65.4,1
25.7,70.8,0
26.5,78.5,0
28.7,92.0,1
34.8,67.7,1
32.5,69.2,1
30.4,68.9,1
29.0,87.3,1
31.5,88.9,0
28.3,83.9,1
22.0,72.6,0
27.1,84.7,1
25.0,59.4,0
29.2,98.0,1
30.6,63.9,0
27.7,83.5,1
30.4,86.8,1
32.9,60.4,1
28.4,84.0,1
23.2,85.9,0
29.2,69.9,0
33.4,80.2,1
33.7,65.7,1
29.7,56.8,1
24.2,72.6,0
30.1,88.7,1
29.6,76.2,0
33.3,53.1,1
28.5,77.0,1
27.9,88.3,1
28.5,70.3,0
27.1,89.5,0
28.0,81.7,1
25.5,79.6,0
35.3,68.8,1
33.3,62.0,1
28.9,90.8,1
33.0,82.2,1
26.3,73.1,0
27.3,92.5,1
35.8,77.1,1
29.0,89.9,1
26.8,80.5,0
34.3,74.4,1
29.9,64.9,0
22.0,88.4,0
26.3,69.1,0
27.5,54.3,0
32.7,74.4,1
26.4,73.3,0
27.5,69.8,0
29.2,61.1,1
27.7,75.8,1
33.4,74.9,0
31.3,83.3,1
23.1,77.1,0
33.6,73.1,1
22.0,63.0,0
25.5,76.2,0
22.0,62.9,0
25.7,56.9,0
27.1,64.9,0
24.2,81.9,0
34.3,68.5,1
29.2,45.0,1
25.9,77.5,0
25.7,80.8,0
30.0,85.8,1
22.0,62.3,0
29.2,86.3,1
24.1,82.3,0
26.2,65.3,0
33.0,81.0,1
26.2,79.9,0
25.4,74.7,0
30.3,56.0,1
28.4,69.1,1
31.3,67.7,1
22.7,73.6,0
29.9,89.4,0
27.1,78.7,1
30.8,54.2,1
32.7,56.8,1
33.7,60.0,1
33.4,74.2,1
29.5,70.2,1
29.8,76.4,1
27.1,88.1,1
26.2,79.6,0
23.9,68.4,0
27.2,60.7,0
24.1,87.1,0
27.6,72.6,0
29.0,94.5,1
30.8,70.1,1
26.5,81.8,0
23.9,88.0,0
25.1,85.3,0
28.3,64.9,1
31.1,76.9,1
30.0,62.9,1
31.9,74.3,1
22.0,71.3,0
27.9,66.8,0
27.8,68.7,0
29.5,73.0,0
33.0,61.7,1
28.1,69.4,1
24.9,74.1,0
29.0,65.9,0
23.5,90.1,1
27.5,83.1,1
32.8,89.9,1
23.6,71.1,0
24.8,80.1,0
27.9,87.5,1
32.7,77.1,1
31.0,80.4,1
24.7,85.1,0
30.3,82.3,1
25.9,81.2,0
36.1,60.8,1
30.2,85.9,1
27.0,83.8,0
28.7,75.5,1
22.5,77.6,0
23.2,80.4,1
34.2,84.1,1
33.1,68.6,1
31.8,70.7,1
25.0,98.0,0
34.6,83.2,1
24.4,79.2,0
23.2,85.2,0
27.9,74.7,0
28.4,72.0,1
33.2,81.1,1
22.0,84.8,1
26.7,63.5,0
31.0,83.6,1
28.4,87.5,1
28.1,82.4,0
29.3,72.1,1
22.0,78.4,0
29.1,62.6,1
27.6,70.3,0
23.5,93.5,0
23.7,63.6,0
31.3,74.7,1
30.7,68.8,1
30.8,78.5,1
24.5,83.3,0
34.5,69.2,1
22.4,98.0,0
27.4,95.7,1
28.1,69.5,0
30.0,79.9,1
24.2,69.9,0
22.0,75.4,0
27.7,88.7,1
27.4,66.9,0
22.7,62.1,0
31.3,57.8,1
31.2,68.4,1
23.5,70.1,0
28.4,63.6,1
22.5,71.9,0
30.4,71.7,0
31.6,75.5,1
28.3,76.8,1
33.7,81.2,1
22.1,79.4,0
26.9,69.2,0
31.4,61.2,1
26.2,75.1,0
25.9,70.9,0
26.6,65.2,0
27.1,60.3,0
25.0,77.6,0
26.8,81.5,0
25.4,86.5,0
27.6,73.6,0
24.8,66.5,1
32.8,75.8,1
25.4,77.0,0
32.2,65.3,1
32.5,68.0,1
25.8,78.8,0
33.8,56.9,1
30.0,59.2,1
24.0,77.6,0
24.0,76.2,0
22.0,75.5,0
33.0,84.8,1
31.9,88.3,1
31.6,74.6,1
35.7,74.1,1
25.8,79.6,0
30.1,63.4,1
34.0,69.1,1
29.3,70.3,1
30.6,59.6,1
31.7,56.4,1
28.0,73.5,0
23.6,86.3,0
31.2,80.7,1
28.8,74.9,0
22.0,71.1,0
30.0,75.3,1
29.6,85.1,0
32.6,61.9,1
23.1,91.4,0
27.9,87.5,1
23.6,68.7,0
32.7,80.0,1
30.4,95.6,1
24.6,77.6,0
22.0,70.9,1
28.2,82.7,1
28.0,87.3,1
28.8,69.5,1
28.9,67.0,1
29.0,68.0,0
32.5,88.4,1
30.2,77.9,0
22.5,75.0,0
29.4,97.4,1
31.8,80.2,1
29.3,84.1,1
37.9,82.6,1
23.8,86.8,0
26.4,77.7,0
30.8,72.0,1
37.8,63.5,1
31.1,96.7,1
34.4,68.2,1
30.1,72.5,1
22.0,74.4,1
29.4,81.1,1
27.0,63.7,0
24.3,98.0,0
24.4,68.4,0
34.0,79.8,1
27.4,78.2,1
27.0,78.2,0
31.9,74.3,1
30.3,62.7,1
35.0,85.1,1
31.7,53.8,1
26.9,76.9,0
23.1,77.8,0
33.5,70.3,1
25.5,87.8,0
29.1,51.1,1
25.7,86.5,0
26.0,75.1,0
28.6,87.4,0
27.8,62.4,0
27.9,70.8,0
22.6,84.1,0
30.2,98.0,1
22.8,90.0,0
33.6,74.3,1
24.1,92.5,0
25.2,81.5,0
22.5,78.3,0
22.0,84.5,0
26.2,72.0,0
24.4,70.2,1
22.0,93.7,0
25.6,77.2,0
23.3,88.6,0
27.0,70.6,0
24.9,84.0,0
22.0,72.8,0
27.3,87.3,1
31.3,79.2,1
29.8,51.6,1
31.1,64.3,1
28.9,85.5,1
26.6,82.1,0
34.0,49.6,1
30.8,75.0,1
22.8,63.2,0
32.2,75.1,1
32.4,87.9,1
25.9,73.2,0
23.7,62.0,0
24.6,79.3,0
27.0,80.0,1
35.5,58.8,1
26.5,72.9,0
23.4,84.1,0
35.8,74.8,1
29.2,77.7,1
30.4,66.7,1
23.7,57.4,0
33.4,59.1,1
30.5,82.5,1
33.8,76.9,1
32.2,71.7,1
32.6,63.1,1
23.7,77.3,0
30.4,88.9,1
28.2,78.0,1
29.7,76.1,1
24.8,88.8,0
25.6,75.1,0
34.2,48.7,1
27.1,61.3,0
22.5,69.8,0
24.9,58.2,0
27.8,70.3,0
24.5,63.8,0
31.1,84.4,1
29.7,73.8,0
24.7,54.8,0
29.8,75.2,1
32.2,90.9,0
23.0,73.4,0
29.6,61.5,1
25.3,89.0,1
28.4,77.9,0
27.9,98.0,1
23.3,87.1,0
24.4,87.1,0
35.4,66.5,1
30.5,87.7,1
33.9,70.5,1
29.2,62.2,0
28.0,85.8,1
28.7,72.9,0
31.0,45.0,1
33.7,59.7,1
24.0,90.7,0
27.3,78.2,1
26.2,82.7,0
23.9,71.5,0
31.0,67.7,1
28.1,97.9,0
26.4,88.8,1
32.3,68.3,1
31.7,75.2,1
32.1,91.7,1
30.3,76.4,1
24.8,60.6,0
25.5,70.6,0
22.2,68.6,0
34.8,79.7,1
27.3,89.3,1
29.5,72.4,1
24.0,87.4,0
27.7,64.2,0
27.8,85.3,1
26.4,84.9,0
24.3,84.3,0
35.2,61.3,1
31.6,84.0,1
30.3,71.1,1
29.5,59.7,0
28.9,72.8,0
27.0,66.6,0
36.1,71.6,1
29.4,65.6,0
22.5,72.7,0
32.6,83.5,1
25.1,73.5,0
30.3,77.3,1
27.4,58.2,0
33.2,58.3,1
29.7,77.0,1
30.2,93.1,1
29.5,84.2,1
29.5,80.9,1
22.1,89.7,0
23.4,79.1,0
34.2,74.6,1
26.9,70.8,0
27.4,67.2,0
30.5,67.4,1
34.9,66.5,1
31.0,93.1,1
34.6,61.4,1
24.3,87.6,0
26.4,71.9,0
22.9,70.7,0
30.4,75.1,1
28.3,77.0,1
33.2,73.0,1
32.5,86.6,1
31.6,74.3,1
27.1,63.8,0
29.5,55.9,1
30.1,61.3,0
31.3,61.5,1
29.6,67.9,0
30.5,77.3,0
29.1,65.1,1
29.5,68.0,0
34.3,60.6,1
28.5,64.4,1
32.5,68.5,1
27.9,71.4,0
29.0,86.8,1
22.0,81.3,0
33.1,66.2,1
24.3,78.4,0
23.2,92.8,0
33.2,80.2,1
27.8,61.2,0
30.0,68.8,1
22.0,58.8,0
30.3,78.5,1
22.0,72.0,1
24.4,78.2,0
24.6,93.3,0
24.8,71.6,0
32.4,59.1,0
25.5,60.8,0
35.4,64.2,0
35.6,76.9,1
30.8,68.6,1
29.5,82.4,1
29.7,69.6,0
28.7,52.2,1
29.1,73.9,1
22.7,74.7,0
26.6,73.9,0
25.3,93.9,0
37.5,73.8,1
35.0,87.2,1
26.5,72.6,0
32.8,60.5,1
22.0,80.7,0
25.0,75.4,0
29.5,85.4,1
28.0,73.7,0
29.1,45.5,1
23.9,54.9,0
25.5,48.1,0
25.1,82.0,0
22.6,61.2,0
27.7,83.5,1
22.0,79.8,0
33.8,83.8,1
31.0,56.6,1
28.9,56.0,1
26.5,90.0,1
33.8,89.3,1
22.0,87.0,0
23.1,68.4,0
27.9,81.3,1
29.0,77.5,1
22.7,83.2,0
22.0,60.6,0
34.0,82.7,1
24.8,73.3,0
27.4,64.3,0
31.7,69.8,1
26.9,74.8,0
27.0,87.8,1
27.9,54.8,0
33.4,54.5,1
27.9,54.9,1
22.9,82.3,0
26.1,61.2,1
30.6,70.5,1
34.3,62.4,1
24.2,85.4,0
22.0,75.2,0
28.2,77.8,1
32.9,68.1,1
34.5,75.6,1
23.5,74.4,0
38.4,66.2,1
22.0,80.2,0
29.9,67.1,0
25.5,90.1,0
33.8,87.0,0
33.7,71.2,1
27.2,75.3,0
28.7,61.8,1
26.5,87.6,0
26.5,71.8,0
24.6,97.4,0
26.8,94.5,1
31.1,87.7,1
28.0,83.3,1
29.4,71.2,0
30.7,71.5,1
31.1,69.9,1
26.7,63.3,0
29.2,80.5,1
30.9,79.8,1
25.6,91.1,0
22.7,77.3,0
24.0,80.6,0
29.0,59.8,0
29.1,81.3,1
24.6,91.8,1
30.0,87.7,1
23.5,67.6,1
25.1,92.2,0
29.9,68.6,0
24.4,67.9,0
30.9,73.3,1
32.7,66.7,1
33.8,56.0,1
29.6,77.1,1
27.1,69.4,0
30.1,73.7,1
34.2,69.6,0
35.5,85.6,1
29.8,79.7,1
32.0,70.7,1
27.1,97.6,0
23.3,75.6,1
35.5,73.5,1
22.0,75.0,0
23.0,51.4,0
31.1,73.9,1
31.5,76.4,1
31.0,71.4,1
27.0,79.8,1
28.4,87.3,1
23.5,74.1,0
25.2,72.3,0
22.6,65.5,0
22.8,97.2,0
33.4,56.2,1
25.2,77.4,0
31.2,75.8,1
22.0,70.9,1
27.5,76.7,1
25.6,90.1,0
27.4,62.8,0
27.2,93.5,1
31.1,52.8,1
27.5,72.2,0
24.4,68.9,0
23.2,67.9,0
22.8,56.5,0
24.7,77.4,0
29.6,91.0,1
23.2,75.4,0
25.9,56.8,0
27.9,96.6,1
29.4,75.4,1
25.6,88.6,0
23.3,83.7,0
29.3,64.4,1
28.1,60.0,1
26.5,69.5,0
25.3,79.4,0
22.0,75.4,0
25.7,83.3,0
32.6,78.2,1
32.1,72.9,1
29.3,89.4,1
25.4,88.6,0
25.6,66.0,0
22.0,83.4,0
23.8,85.4,0
28.6,87.4,1
26.2,72.8,0
24.9,85.4,0
29.4,80.2,1
27.9,60.5,0
27.9,64.6,1
32.6,74.7,1
28.3,82.6,1
32.2,73.4,1
35.1,92.5,1
26.0,81.9,0
22.8,95.7,0
28.7,74.2,0
25.6,81.0,0
25.3,68.0,1
23.0,81.5,0
23.3,69.1,0
27.6,64.1,1
26.4,81.1,0
31.8,76.1,1
22.0,81.4,0
24.2,79.9,0
33.1,86.7,1
26.7,55.2,0
22.8,89.2,0
24.3,68.8,0
30.2,73.8,1
27.6,80.8,1
29.3,73.6,1
28.4,69.1,0
22.0,67.9,0
27.7,61.5,0
27.0,84.4,0
27.8,88.9,0
28.2,59.8,1
28.9,64.9,1
22.9,74.5,0
27.7,64.7,0
27.5,85.8,1
22.0,63.7,1
26.6,65.6,0
28.7,73.2,0
23.4,67.5,0
24.6,86.0,0
30.6,67.9,1
30.1,71.2,1
24.5,80.9,1
23.9,79.6,0
25.9,67.3,0
22.7,88.8,0
34.1,69.9,1
23.6,67.4,0
31.8,76.1,1
30.5,57.7,1
28.6,70.1,1
22.8,79.6,0
24.3,92.8,0
27.4,60.0,0
31.1,87.4,1
26.6,70.8,0
25.9,67.2,0
30.0,69.7,1
22.0,66.7,0
31.4,81.0,1
27.6,71.9,0
31.9,69.7,1
33.7,64.5,1
25.0,79.2,0
26.8,61.7,0
27.0,65.2,0
26.8,63.6,0
40.8,70.7,1
29.8,78.6,1
31.8,72.0,1
34.2,50.7,1
29.1,72.0,1
23.3,90.5,0
23.9,81.3,0
22.6,53.5,0
24.0,80.8,0
26.0,82.1,0
31.5,70.8,1
22.0,91.0,0
30.4,85.1,1
26.6,68.1,0
31.5,65.1,1
27.5,84.7,1
23.3,87.9,0
32.2,56.1,1
24.8,71.9,0
33.9,77.8,1
30.5,97.4,0
26.7,63.0,1
27.5,84.4,1
29.7,57.2,0
34.7,64.8,0
32.9,64.4,1
29.6,96.7,1
31.4,59.7,1
29.1,87.6,1
26.9,77.5,0
22.0,82.8,0
29.3,98.0,1
23.9,96.4,0
30.1,98.0,1
33.3,69.5,1
22.0,78.3,1
29.4,86.9,1
23.3,70.1,0
34.6,75.5,1
27.0,76.4,1
24.9,59.3,0
27.8,77.3,1
22.9,74.9,0
22.1,93.1,0
24.7,98.0,0
38.1,73.4,1
25.4,63.7,1
27.4,64.1,0
22.0,83.7,0
26.6,87.0,0
28.0,72.2,0
30.5,69.2,1
34.2,64.9,1
22.8,72.9,0
25.4,86.8,0
34.5,71.9,1
32.5,63.0,1
28.5,68.6,0
31.2,88.1,1
30.7,89.7,1
33.8,69.5,1
29.7,76.3,1
30.6,62.5,1
37.6,68.3,1
26.1,75.5,0
22.0,63.6,0
28.2,95.6,1
29.8,62.5,0
25.1,87.7,0
29.1,85.9,1
30.4,95.3,1
23.4,80.2,0
27.2,81.7,1
32.0,78.5,1
24.0,70.8,0
25.1,69.3,0
30.3,58.9,1
25.1,59.4,0
25.3,76.1,0
22.0,69.5,1
22.0,75.7,0
26.9,82.1,0
30.2,70.7,1
22.8,85.8,0
25.9,68.0,0
26.6,67.7,0
22.9,76.6,0
25.4,89.8,1
29.0,85.9,1
28.5,87.9,1
31.1,72.0,1
29.5,76.6,1
33.0,73.3,1
22.5,92.0,0
30.3,72.3,1
31.2,98.0,0
23.4,62.9,0
30.9,62.7,1
32.3,82.1,1
26.4,84.4,0
24.6,67.4,0
29.2,70.7,1
30.6,81.3,1
22.2,79.8,1
24.9,78.9,0
26.7,84.7,1
25.7,87.5,0
32.4,59.0,1
29.7,82.1,1
27.2,69.8,0
27.1,88.8,1
25.2,75.4,1
31.3,91.5,1
31.8,77.3,1
29.1,63.9,0
31.4,94.2,1
28.0,79.4,1
23.9,85.1,0
34.1,83.1,1
24.4,66.5,0
31.9,63.5,1
32.8,79.8,1
32.9,74.1,1
29.5,76.4,1
25.0,67.3,0
28.9,61.1,1
33.3,65.3,1
30.7,91.6,1
33.3,75.2,1
29.1,73.4,1
29.9,60.2,0
24.4,84.3,0
22.0,87.6,0
34.7,77.7,1
30.0,73.7,1
24.7,61.5,1
28.6,94.5,1
22.2,71.5,0
31.1,63.0,1
22.0,61.5,0
30.4,52.9,1
28.8,68.2,0
32.3,72.0,1
28.9,74.9,0
29.4,58.1,1
22.0,80.3,0
22.0,74.4,0
27.6,72.9,0
31.8,64.9,1
25.6,69.3,0
24.9,67.1,0
27.7,73.1,0
28.3,79.2,1
26.6,83.4,0
24.5,61.9,0
22.0,68.8,0
22.0,72.4,0
30.9,83.7,1
29.2,74.4,0
29.1,70.2,1
31.8,68.8,0
28.1,75.1,1
24.6,82.0,0
22.9,66.0,0
32.4,75.7,1
30.6,61.7,1
27.3,85.9,1
30.3,57.0,1
24.4,90.3,1
29.7,88.6,1
22.0,69.7,1
22.9,70.5,0
22.0,77.3,0
26.1,83.5,0
33.4,82.1,0
24.2,80.4,1
25.4,59.5,0
35.4,60.3,0
31.2,80.7,1
32.6,77.4,1
30.7,60.3,1
33.8,70.4,1
27.0,82.4,1
27.8,79.8,0
22.0,65.9,0
32.9,57.5,0
27.6,70.7,0
32.1,74.8,1
25.1,92.2,0
29.2,88.8,1
23.1,72.2,0
28.5,46.6,0
22.0,76.8,0
26.7,68.1,0
28.9,67.8,1
25.6,86.4,0
30.1,55.6,1
31.5,71.4,1
29.3,60.1,1
27.1,75.0,1
28.8,77.5,0
29.6,86.2,1
24.6,87.4,0
33.5,78.9,1
23.4,76.0,0
22.0,80.7,0
29.4,53.7,1
27.5,92.1,1
32.0,72.0,1
24.2,79.5,0
22.0,69.9,0
24.2,69.4,0
28.2,88.6,1
30.4,59.2,1
27.3,72.5,0
27.5,86.7,1
33.3,68.4,1
27.8,83.7,1
27.0,73.2,0
23.0,87.5,0
24.4,78.5,0
24.5,95.7,0
25.8,86.1,0
23.1,52.4,0
22.0,67.3,0
28.3,64.7,1
22.0,92.7,0
29.2,89.8,0
33.9,69.3,0
28.9,59.4,1
31.0,76.7,1
32.6,83.7,1
26.6,74.0,0
27.8,72.5,0
29.8,80.2,1
22.0,77.6,0
23.4,89.6,1
23.7,64.0,1
22.0,70.4,0
29.3,56.2,1
26.0,75.4,0
25.4,65.4,0
22.0,68.4,0
27.4,60.4,0
26.8,81.3,0
29.9,70.8,0
22.8,66.1,0
30.5,73.0,1
26.9,72.3,0
30.2,91.4,1
32.7,61.5,1
30.5,74.6,1
30.1,68.7,0
22.0,87.3,0
22.0,77.6,0
31.4,85.8,1
33.1,61.0,1
31.2,69.8,1
23.7,91.4,0
27.9,78.5,0
23.8,76.2,0
23.3,82.8,0
28.1,69.9,0
22.3,83.7,1
31.6,70.3,1
27.4,94.6,1
32.9,82.9,1
26.4,67.2,1
24.4,67.0,1
28.3,63.9,1
35.8,84.7,1
29.0,62.3,1
30.6,72.4,0
31.6,60.0,1
28.2,64.5,1
29.3,77.6,1
30.9,49.6,1
30.3,76.4,1
22.9,82.6,1
22.0,81.4,0
25.7,63.7,0
25.5,70.2,0
24.0,53.8,0
34.2,79.2,1
22.0,78.4,0
29.1,82.0,1
27.7,81.9,1
25.4,54.4,0
29.2,65.9,0
24.4,57.7,0
31.5,89.6,1
27.4,45.3,0
23.7,89.0,0
31.3,70.7,1
30.6,50.8,1
26.6,69.9,0
29.2,77.2,1
26.8,76.4,0
28.8,63.5,1
34.1,90.0,1
28.6,87.3,1
29.7,80.0,1
29.4,64.1,1
28.6,68.3,1
31.5,70.5,1
29.3,67.8,0
23.5,50.1,0
30.7,64.4,1
34.1,76.4,1
25.8,73.0,0
28.6,52.7,1
30.3,64.7,1
30.4,84.4,1
34.9,75.3,1
22.0,65.7,0
27.0,62.1,0
36.0,73.7,1
26.2,77.6,1
36.1,65.9,1
25.7,92.3,0
22.0,64.1,0
26.4,71.0,0
25.8,70.5,0
28.7,82.7,1
27.8,82.7,1
29.4,70.5,0
25.4,92.1,0
30.2,80.1,1
24.8,84.5,0
27.4,77.5,1
31.7,67.7,1
27.1,80.2,1
26.9,79.1,0
31.6,73.1,1
23.2,74.7,0
31.9,63.5,1
28.0,72.0,0
23.7,80.8,0
33.4,57.0,1
22.3,76.3,0
22.9,87.6,0
32.4,75.1,1
33.2,74.2,1
22.0,71.0,0
27.2,86.8,1
28.8,92.2,1
25.5,76.5,0
32.2,48.8,0
31.4,64.5,1
24.2,74.0,0
33.0,72.4,1
32.1,71.3,1
25.8,78.4,0
36.6,66.4,1
34.8,58.0,1
22.8,65.7,0
27.1,81.5,1
32.0,70.2,1
27.7,75.3,1
30.6,70.5,1
22.0,70.6,0
25.7,66.6,0
29.8,73.6,0
28.0,62.0,1
27.3,76.3,0
28.8,70.7,1
22.0,71.3,0
28.2,70.2,1
27.2,67.9,0
29.3,63.2,0
23.1,98.0,0
27.2,65.4,0
25.2,62.4,0
26.4,78.0,0
22.0,62.9,0
32.1,76.2,1
28.6,65.8,1
24.6,82.5,0
32.6,67.3,1
33.8,86.1,1
29.5,61.8,1
33.6,71.7,0
24.7,84.9,0
22.5,45.0,0
28.6,69.1,1
35.4,75.4,1
31.0,86.6,1
32.6,67.4,1
29.0,92.1,1
27.8,64.3,0
27.7,71.7,0
23.1,66.5,0
23.5,61.6,0
28.2,85.1,1
33.1,70.0,1
28.0,48.9,1
27.4,65.1,0
26.1,64.8,0
29.8,67.5,1
28.1,85.1,1
25.2,71.5,0
34.4,79.7,1
28.1,87.8,1
31.6,81.7,1
29.4,74.9,0
25.6,77.8,0
24.2,52.3,0
32.4,67.7,0
33.7,56.3,1
27.7,76.4,1
28.4,62.9,1
26.6,80.8,0
25.3,82.9,0
26.6,81.1,0
24.6,73.8,0
30.5,80.4,1
31.1,72.7,1
24.9,96.2,0
29.1,61.1,0
29.9,81.3,1
29.5,67.9,0
22.0,95.2,0
33.6,87.5,1
22.0,73.4,0
35.9,65.9,1
26.7,76.9,0
22.0,91.0,0
27.9,82.5,1
26.4,76.9,0
35.2,75.2,1
23.3,91.2,0
32.3,92.9,1
22.0,85.0,1
35.4,83.2,1
23.2,55.6,0
30.6,93.0,1
26.9,90.6,0
22.0,73.7,1
35.7,83.9,1
23.2,81.9,0
29.0,87.5,1
32.9,71.1,1
28.6,91.6,0
22.0,80.0,0
22.0,89.1,1
22.4,80.1,0
22.6,78.3,0
31.9,65.2,1
28.9,69.1,0
33.9,69.1,1
25.1,79.2,1
22.0,82.2,0
35.2,82.1,1
27.6,62.7,0
31.4,85.6,1
24.5,81.7,0
28.7,63.0,1
31.2,56.9,1
25.3,79.3,0
25.1,69.5,0
28.6,67.3,0
29.7,66.8,0
29.0,80.7,1
29.7,73.6,1
24.5,54.3,0
25.0,82.2,0
23.7,72.1,1
28.1,67.9,1
25.9,80.3,0
22.8,80.6,0
24.2,82.6,0
22.0,85.7,0
26.5,90.8,0
27.8,75.4,1
32.0,59.8,1
25.8,66.6,0
31.1,83.7,1
30.9,56.8,1
28.3,59.6,1
34.6,81.5,1
24.1,98.0,0
31.5,70.9,1
26.7,69.2,0
25.3,85.9,0
28.0,72.6,0
30.0,73.8,1
25.7,80.4,1
30.3,69.9,1
26.7,77.1,0
23.3,98.0,0
22.0,95.8,0
29.1,73.2,0
25.8,74.5,0
29.8,53.9,1
31.0,78.4,1
27.2,68.1,0
31.6,73.8,1
28.4,91.7,1
26.0,71.7,0
27.5,66.9,0
30.0,68.9,0
33.7,72.9,1
24.7,72.3,0
29.1,78.0,1
24.7,91.5,0
26.1,53.4,0
24.9,65.7,0
24.9,59.3,0
27.8,66.2,0
31.3,83.8,0
31.1,71.8,1
25.5,81.8,0
34.4,88.0,1
28.9,78.9,1
29.6,55.0,1
29.5,68.6,1
22.0,62.6,0
26.9,77.2,0
28.6,88.4,1
33.1,55.9,0
30.5,65.2,1
36.8,80.1,1
23.6,81.0,0
28.0,60.9,0
23.1,98.0,1
22.4,66.6,0
32.1,66.1,1
32.8,70.6,1
33.8,81.1,1
33.0,98.0,1
22.0,94.7,0
26.1,88.8,0
26.7,77.2,0
30.0,73.7,0
32.9,91.0,1
33.4,83.6,1
24.6,73.1,0
29.3,73.5,0
30.6,73.4,1
32.5,75.4,1
22.0,72.7,0
34.0,71.8,1
26.2,70.0,0
27.2,63.7,0
34.2,90.2,1
25.1,65.6,0
28.8,94.1,1
34.8,65.0,1
29.4,70.0,1
27.7,66.9,0
30.0,88.3,1
32.6,83.5,1
24.1,76.3,0
22.9,64.2,0
22.0,75.4,0
32.2,65.5,1
34.6,67.4,1
26.3,67.3,0
36.1,88.5,1
33.1,83.0,1
22.0,71.1,0
25.8,70.9,0
32.8,72.8,1
28.6,67.8,1
25.8,56.2,0
28.9,86.5,1
31.6,67.6,1
28.1,56.2,1
32.5,89.4,1
26.8,71.6,0
31.4,77.9,1
28.7,92.8,1
33.8,85.4,0
22.0,74.7,0
23.9,76.0,0
27.0,72.5,0
33.4,64.5,1
23.7,81.8,1
27.4,55.9,0
22.0,93.8,0
30.6,97.1,1
24.1,69.6,0
33.5,73.7,1
26.1,77.5,0
22.0,79.7,0
29.8,61.4,1
31.6,75.5,1
31.9,81.6,1
25.1,62.1,0
27.8,71.9,0
25.9,93.3,0
22.8,78.4,1
32.0,56.0,1
28.8,64.7,0
27.8,84.6,0
29.7,72.2,1
29.9,77.4,0
26.1,69.0,0
26.1,90.7,0
31.5,73.1,1
22.0,70.9,0
28.0,77.5,1
22.0,88.8,0
32.6,80.7,0
28.6,74.4,1
23.8,89.1,0
30.9,71.7,1
29.7,61.1,0
23.6,92.8,1
32.1,72.8,1
29.8,59.8,1
24.3,86.0,0
32.0,86.9,1
24.6,79.8,0
31.3,71.2,1
31.2,63.7,1
23.2,70.4,1
30.3,76.5,1
25.6,86.7,0
30.5,66.3,1
35.8,91.2,1
25.5,59.0,0
22.3,73.8,0
24.2,87.6,0
35.2,70.6,1
29.0,88.7,1
23.9,81.0,0
30.4,69.1,0
25.7,59.5,0
25.2,82.2,0
25.7,62.2,0
27.2,76.0,1
28.8,79.7,1
22.9,66.5,0
31.2,66.7,1
24.0,74.2,0
31.2,61.8,1
28.1,72.5,0
25.4,65.2,0
29.8,71.7,0
23.4,82.6,0
24.2,90.7,1
35.6,72.5,1
32.1,72.5,1
31.7,56.8,1
33.0,89.0,1
25.7,98.0,0
23.1,75.9,0
29.4,76.1,1
33.9,57.5,1
28.0,63.4,0
28.8,77.1,1
23.8,96.9,0
36.4,78.7,1
23.0,69.5,0
29.9,69.8,1
22.8,60.3,0
25.6,83.0,0
30.6,65.8,1
24.6,82.5,0
22.2,72.8,0
30.3,81.3,1
22.0,83.0,0
25.2,98.0,0
26.8,65.0,0
37.5,86.3,1
24.1,72.1,0
32.7,82.9,1
23.5,56.0,0
28.4,69.9,1
24.0,90.4,0
27.8,92.6,1
23.2,66.2,0
23.4,88.7,0
29.3,84.8,1
22.0,75.0,0
24.1,79.7,0
23.4,72.9,0
36.3,60.8,1
30.8,65.7,1
30.5,83.4,1
26.8,61.3,0
37.0,80.4,0
34.2,71.8,1
26.7,67.8,0
26.8,70.3,0
29.8,77.8,1
31.4,62.7,1
27.2,98.0,1
29.6,74.8,0
28.5,64.7,1
25.1,85.1,0
25.5,72.2,0
32.9,98.0,1
26.8,98.0,0
36.2,63.1,1
25.2,70.3,0
26.7,98.0,0
24.3,86.2,0
22.0,69.5,0
32.0,68.8,1
25.4,68.9,0
32.9,85.5,1
32.3,65.9,1
30.4,84.7,1
28.2,62.5,0
23.5,75.6,0
31.9,68.6,1
23.4,97.4,0
22.0,79.3,0
32.2,74.2,1
28.5,87.1,1
22.0,90.7,0
30.8,60.2,1
27.8,78.0,1
28.4,84.3,1
24.5,92.2,0
28.7,77.7,1
26.6,93.4,0
32.8,86.3,1
28.3,84.8,1
27.8,87.2,1
27.3,74.0,0
24.2,58.0,0
26.9,95.5,0
29.5,75.2,1
27.7,94.7,1
30.7,70.4,1
22.0,85.6,0
30.9,80.8,1
22.8,89.4,0
27.2,95.9,1
22.3,88.4,0
29.3,77.4,1
32.0,83.1,1
31.0,68.8,1
25.2,98.0,0
22.0,82.3,1
25.3,87.5,0
29.0,79.5,1
26.3,48.6,0
22.9,62.0,0
23.1,81.1,0
28.5,53.3,1
35.9,78.9,1
24.7,55.4,0
23.2,68.7,0
25.4,74.3,0
30.1,97.4,1
33.9,54.4,1
27.4,72.3,0
25.0,70.7,0
22.0,83.8,0
22.0,72.7,1
23.4,64.4,0
31.1,66.1,1
31.6,70.5,0
29.7,81.0,1
29.0,82.4,1
31.1,74.6,1
26.6,59.7,0
26.4,82.5,0
35.2,58.5,1
27.4,97.4,1
36.1,65.6,0
29.7,78.4,0
23.5,91.6,0
28.6,80.5,1
26.4,90.4,1
30.7,91.3,1
27.8,90.3,1
31.0,56.7,1
22.0,74.4,0
32.5,73.5,1
26.4,69.9,0
22.0,84.6,0
34.5,63.7,1
26.8,80.8,1
26.6,82.7,0
32.1,65.8,1
29.5,97.0,1
27.8,83.8,1
30.0,66.6,1
25.7,87.3,0
30.1,77.7,1
28.8,74.7,0
22.0,93.7,1
26.8,81.0,0
29.6,67.0,0
28.6,61.8,1
32.6,82.8,1
29.6,76.9,1
35.7,75.1,1
31.4,82.8,1
29.7,76.3,1
30.0,75.2,0
27.3,50.6,0
36.0,83.6,1
31.0,66.6,1
30.1,66.8,1
22.0,54.0,0
34.4,62.5,1
25.2,71.0,0
35.1,55.2,1
25.0,67.7,0
27.3,78.1,1
22.2,78.9,0
27.9,92.5,1
33.7,67.5,1
31.1,75.8,1
31.5,73.4,1
25.0,78.7,0
24.2,89.3,0
27.6,56.1,0
31.0,88.9,1
29.9,75.3,1
23.3,78.7,0
22.0,94.4,0
34.5,68.0,1
30.0,66.2,0
33.3,69.7,1
29.2,75.3,1
22.3,94.7,0
32.7,75.2,1
25.7,76.0,0
31.2,63.3,1
24.3,65.2,0
34.4,56.4,1
32.7,55.5,1
28.5,62.6,0
22.0,72.4,0
23.9,84.4,0
31.3,62.3,1
26.7,76.3,0
22.0,66.8,0
30.0,74.8,1
37.6,52.3,1
27.4,89.3,1
26.7,67.0,0
34.8,68.2,1
22.0,86.6,0
30.0,66.4,1
23.2,88.1,1
26.6,90.2,0
29.1,73.5,0
36.2,61.3,1
31.4,75.3,1
31.2,72.9,1
28.5,91.9,1
27.6,76.3,1
25.3,80.5,0
25.2,91.7,0
31.9,68.8,1
28.0,94.4,0
35.3,78.9,1
28.8,81.3,1
28.1,78.6,1
30.8,70.4,1
29.6,82.3,1
30.2,78.0,1
24.5,80.7,1
26.6,77.6,0
26.1,80.9,0
23.5,84.9,0
27.5,77.3,1
30.8,77.9,1
27.8,78.9,0
22.6,76.4,0
33.3,69.8,1
30.4,63.4,1
34.8,85.6,1
29.7,63.2,0
28.6,66.7,1
27.0,71.1,0
24.2,72.9,0
25.9,68.7,0
27.5,83.0,1
27.6,72.2,0
23.2,78.7,0
26.0,83.6,0
23.1,82.8,1
26.3,73.5,0
31.1,55.2,1
22.2,79.9,0
25.9,71.4,0
29.9,64.3,1
30.9,77.5,1
28.4,55.1,1
27.0,68.2,0
31.2,58.5,1
34.3,67.6,1
29.1,71.5,0
30.6,79.4,1
36.1,75.9,1
34.5,68.2,1
26.7,82.7,0
25.5,71.4,0
32.7,78.5,1
32.4,67.0,1
24.9,85.8,0
34.0,75.1,1
27.7,80.5,1
27.1,75.3,1
25.6,92.1,0
28.5,63.7,1
30.0,78.9,1
26.3,73.7,0
30.1,71.4,1
30.8,71.6,1
33.8,73.4,1
31.7,82.2,0
23.1,86.0,0
30.2,62.0,1
30.5,94.3,1
37.7,77.3,1
30.7,55.8,1
32.6,52.6,1
24.7,79.7,0
22.2,86.5,1
31.0,75.3,1
30.6,82.3,1
35.4,80.8,1
31.7,57.6,1
22.0,66.8,0
29.1,74.3,1
37.1,77.9,1
28.1,87.3,1
26.5,78.4,0
23.1,95.8,0
22.0,72.8,0
26.4,72.2,0
27.7,74.0,0
23.8,88.4,0
34.6,62.0,1
28.4,80.8,1
28.3,55.4,1
30.1,86.5,1
22.0,77.0,1
25.3,86.7,0
24.8,53.6,0
22.0,65.6,0
27.6,73.8,0
22.2,91.8,0
24.8,85.3,0
29.6,76.6,1
35.2,67.9,1
24.2,86.1,0
28.0,79.2,1
31.2,59.9,1
31.3,68.1,1
31.8,69.1,0
32.4,71.6,1
27.6,79.0,1
28.5,76.6,1
28.2,88.7,0
35.0,92.2,1
25.2,89.2,0
27.4,63.6,1
23.2,89.6,0
25.9,81.6,0
23.3,75.1,0
30.3,81.6,1
25.0,93.7,0
23.7,77.7,1
25.2,83.7,0
33.1,76.7,1
28.2,72.0,0
27.0,81.4,1
24.5,89.6,0
29.0,69.0,0
27.6,67.5,0
30.8,62.3,1
27.9,76.4,1
25.3,92.3,0
26.8,85.4,0
31.2,71.8,1
32.6,62.4,1
25.0,92.2,0
26.9,96.1,0
27.9,76.1,1
22.0,81.1,0
31.1,68.8,1
22.0,87.6,0
29.4,72.6,1
22.7,81.4,0
30.7,68.3,1
30.8,79.3,1
33.4,70.9,1
29.8,62.4,1
22.5,86.2,0
24.4,81.3,0
23.1,73.9,0
32.2,59.2,1
31.2,68.2,0
25.9,98.0,0
31.4,53.2,1
23.4,48.5,0
30.4,72.5,1
31.1,79.5,1
34.9,77.8,1
24.2,80.4,0
33.7,49.2,1
30.5,73.3,1
25.8,97.5,0
32.8,61.7,1
22.1,81.5,0
28.8,54.0,0
26.2,67.6,0
34.0,75.2,1
22.0,70.3,0
31.4,74.3,1
25.5,60.3,0
30.4,65.8,1
22.0,81.6,0
29.4,63.3,0
35.3,65.7,1
31.0,63.5,1
30.2,73.9,1
33.2,64.0,1
32.8,67.5,1
24.6,98.0,1
31.1,85.7,1
35.1,66.6,1
26.6,79.5,0
32.4,73.3,1
24.6,87.9,0
22.0,76.4,0
34.4,54.1,1
26.7,48.1,0
28.3,80.7,0
26.5,81.1,0
34.6,84.7,1
27.1,76.6,1
29.7,79.7,1
22.0,67.4,0
30.3,64.4,1
29.4,66.7,1
32.2,77.2,1
31.5,69.4,1
31.4,76.8,1
34.5,58.3,1
26.5,75.0,0
31.5,71.0,1
22.3,78.5,0
31.5,84.4,1
27.5,80.1,1
31.4,60.4,1
33.4,58.6,1
28.3,83.4,1
27.1,74.7,0
28.2,83.7,1
24.0,87.6,0
22.0,86.5,1
22.0,68.1,1
33.1,57.2,1
25.4,67.2,0
24.1,63.3,0
32.8,53.4,1
27.6,88.1,0
30.5,58.0,0
26.6,61.9,0
30.9,57.2,1
30.3,88.7,1
26.9,79.1,0
29.6,54.3,1
24.2,76.9,0
27.5,74.6,0
27.5,72.5,0
26.2,72.8,0
24.2,77.4,0
23.6,68.2,0
28.8,98.0,1
29.4,83.0,1
27.6,80.1,1
26.7,51.6,0
33.6,64.3,1
34.9,54.7,1
22.9,68.1,0
23.0,69.9,0
31.3,73.2,1
29.5,73.0,0
29.3,76.2,1
28.0,57.7,1
23.2,73.6,1
22.0,76.0,0
27.9,69.8,0
36.1,69.9,1
27.0,71.8,0
29.6,63.2,1
30.1,66.2,1
29.0,67.8,0
29.3,67.5,1
23.7,55.9,0
28.3,70.4,0
28.5,82.2,1
29.2,86.3,1
25.0,81.5,0
31.0,75.6,1
31.3,74.6,1
22.0,82.7,0
24.6,75.8,0
26.0,90.2,0
31.2,71.7,1
25.8,83.7,0
22.0,75.0,1
24.4,89.7,0
30.9,72.8,1
31.5,53.2,1
31.1,73.7,1
25.5,58.2,0
25.0,58.6,1
25.2,86.8,0
29.9,68.2,0
31.6,55.8,1
26.7,97.9,0
22.0,66.4,0
35.0,87.3,1
31.7,75.3,1
30.6,78.6,1
29.8,84.9,1
30.2,66.0,1
28.8,76.7,1
30.2,82.9,1
27.3,87.6,1
31.4,77.9,1
32.2,64.2,1
30.8,87.5,1
33.0,62.5,1
27.9,77.7,1
29.6,81.0,1
34.0,71.9,1
26.8,87.0,0
30.2,67.6,1
26.4,85.0,0
26.8,85.6,0
22.0,81.5,0
33.0,89.6,1
35.7,87.2,1
26.7,59.9,0
33.0,58.4,1
27.3,80.2,1
30.8,92.7,1
28.3,64.7,1
25.3,77.7,0
22.0,72.2,0
22.0,82.9,0
33.9,64.4,1
34.8,61.9,1
27.8,84.8,1
32.2,71.7,1
26.7,80.0,0
27.9,92.2,1
32.1,82.5,1
29.0,61.8,1
23.6,76.7,0
25.8,76.7,0
24.5,88.5,0
32.8,56.6,1
27.8,74.6,0
33.4,65.6,0
28.4,87.5,1
28.6,75.9,1
22.0,60.1,0
26.8,97.3,0
26.6,67.9,0
35.5,69.2,1
30.1,58.7,1
27.9,76.9,1
22.0,62.2,0
22.0,98.0,0
33.8,64.2,1
32.8,74.2,1
36.1,61.4,1
32.2,58.7,0
29.9,64.4,0
25.4,70.5,0
28.6,69.0,1
31.3,89.9,1
31.9,78.6,1
32.7,80.1,1
27.6,87.9,1
33.2,80.8,1
26.5,89.6,0
31.5,70.8,0
25.8,72.6,0
27.4,73.7,0
30.4,80.9,1
26.2,81.6,0
25.7,79.3,0
22.0,68.1,0
27.6,86.7,1
27.0,64.0,0
25.8,77.6,0
27.7,70.5,0
33.0,79.9,1
30.2,95.5,1
32.5,81.4,1
28.6,76.7,1
24.5,61.3,0
24.5,81.9,0
23.5,77.7,0
26.9,75.3,0
26.4,78.0,0
24.2,57.9,0
28.6,78.1,1
22.8,87.7,0
29.7,68.9,1
27.4,61.4,0
33.5,82.3,1
33.4,66.8,1
27.0,47.2,0
32.9,73.8,1
28.5,72.3,1
29.8,83.3,1
25.6,63.5,0
31.5,76.1,1
26.1,88.4,0
28.5,68.7,1
29.5,67.1,1
28.5,62.9,1
31.9,79.2,1
28.6,74.7,1
27.5,75.8,0
30.3,79.8,1
22.0,91.7,0
25.8,68.1,0
25.7,79.1,0
22.0,83.0,0
31.2,83.1,1
28.5,69.6,1
23.6,82.6,0
31.2,91.6,1
32.7,69.8,1
33.9,79.6,1
30.3,60.2,1
22.0,67.4,0
30.4,79.2,1
32.1,60.2,1
28.5,80.9,1
27.4,98.0,1
32.1,66.9,1
29.2,91.1,0
32.3,64.8,1
28.9,89.9,1
29.7,80.5,1
27.5,81.9,1
24.7,81.6,0
23.3,67.3,0
24.5,78.3,0
29.6,76.6,1
30.3,78.5,1
30.1,72.1,0
31.7,75.3,0
25.6,79.2,0
36.6,78.1,0
26.2,60.2,0
27.3,63.3,0
26.4,49.8,0
25.5,78.0,0
23.6,59.9,0
27.5,89.4,1
22.8,71.0,0
28.1,70.3,0
22.0,76.8,0
27.9,76.1,1
27.6,82.4,1
25.6,54.0,0
22.4,65.5,0
29.7,73.2,0
30.7,86.3,1
33.5,67.2,1
29.4,76.8,1
24.6,82.3,0
32.2,70.9,0
23.2,83.4,0
22.0,72.2,0
25.8,84.3,1
27.1,78.3,1
24.5,88.6,0
34.2,75.5,0
30.4,57.0,1
25.2,94.3,0
26.2,85.7,0
31.5,92.0,1
27.9,62.6,0
22.5,65.7,0
22.2,84.0,0
30.8,73.9,1
26.5,69.5,0
25.2,63.2,0
34.7,72.2,0
37.3,68.7,1
27.4,78.4,1
22.0,64.1,0
36.3,72.9,1
30.9,45.0,0
29.2,61.5,1
25.5,62.9,0
27.2,70.4,0
27.6,88.0,1
34.7,75.4,1
27.6,82.2,1
25.0,78.7,0
23.8,70.4,0
32.9,65.7,1
28.8,58.0,0
25.8,71.2,0
27.4,82.2,1
29.8,55.0,1
29.3,85.4,1
22.6,62.1,0
26.2,82.3,0
29.6,61.8,1
27.4,92.8,1
27.2,89.4,1
27.3,58.7,0
31.1,66.7,1
28.0,77.0,1
32.6,77.3,1
27.7,55.4,0
30.5,85.5,1
22.0,94.6,0
29.4,66.8,1
26.7,65.6,0
27.2,73.2,0
32.2,55.0,1
33.1,75.1,1
34.7,68.6,1
31.1,75.9,1
28.1,73.7,1
31.7,85.1,1
32.9,84.6,1
33.0,69.4,1
30.9,52.9,1
33.3,73.1,1
27.1,94.7,1
22.3,81.2,0
38.5,85.5,1
26.4,81.9,0
27.3,84.4,1
33.1,57.1,1
23.2,80.0,0
27.1,75.4,1
26.4,79.1,0
22.9,65.0,0
36.0,73.5,1
23.2,79.7,0
22.0,84.7,0
32.1,75.9,1
22.0,80.2,0
22.0,81.7,0
32.6,77.4,1
31.0,51.6,1
25.1,83.2,0
22.6,74.5,0
26.2,69.2,0
25.0,83.4,0
29.8,81.4,1
29.5,90.4,1
28.2,67.1,0
29.5,60.2,0
32.8,63.5,1
26.0,76.2,0
33.1,78.6,1
30.5,72.7,1
24.9,73.4,0
22.0,76.9,0
28.0,64.5,0
26.8,72.9,0
22.0,79.6,0
32.5,62.9,1
27.0,57.4,0
35.2,64.9,1
29.9,74.5,0
32.9,67.7,1
29.7,70.4,1
29.4,67.7,0
28.8,82.8,1
22.8,64.2,0
26.9,95.0,0
28.8,63.3,1
31.1,61.1,1
35.1,70.7,1
23.4,85.3,0
22.4,81.1,0
30.1,67.7,1
25.9,88.8,0
28.8,60.8,1
28.4,84.0,1
25.1,67.2,0
29.7,95.8,1
30.8,51.5,1
28.0,82.9,1
28.3,71.0,0
26.5,67.6,0
31.1,53.5,1
28.4,68.7,0
25.7,61.9,0
22.0,77.5,0
27.5,66.3,0
32.1,86.7,1
27.7,73.0,0
25.0,66.7,0
26.5,92.4,0
26.0,78.0,0
37.2,56.3,1
25.1,62.5,0
32.2,62.3,1
26.3,75.0,0
22.7,87.3,0
33.9,89.3,1
24.6,66.1,0
28.9,69.7,1
28.5,80.0,1
27.0,86.2,1
22.8,85.7,0
27.9,83.0,1
26.0,47.9,0
27.4,73.2,1
34.6,63.9,1
25.4,66.4,0
25.4,73.9,0
23.6,80.4,0
23.0,60.4,0
28.5,52.5,1
28.3,51.0,1
31.7,57.6,1
23.6,87.9,0
32.9,62.8,1
23.0,74.4,0
28.7,59.7,0
22.1,75.6,0
22.0,86.9,0
31.6,78.8,1
28.5,82.6,1
32.1,63.2,1
26.8,67.9,0
24.0,73.8,0
35.0,88.1,1
30.0,74.6,1
23.6,97.6,0
33.5,87.2,1
31.2,61.7,1
27.9,65.8,0
33.8,95.4,1
22.0,81.8,0
23.0,85.6,0
28.2,85.1,1
28.3,67.5,1
34.5,67.8,1
25.9,56.4,0
23.3,80.4,0
23.8,70.6,0
23.9,75.8,0
29.7,81.0,1
22.0,89.9,1
28.7,59.8,0
27.0,83.8,0
25.7,90.4,0
27.6,72.4,0
26.7,61.3,0
27.0,74.4,0
28.5,73.2,0
27.8,63.3,0
27.5,69.5,0
28.1,76.2,1
28.3,51.6,1
27.8,76.2,1
33.5,59.0,1
32.3,59.9,0
22.6,93.5,0
28.6,71.1,0
25.6,73.5,0
34.5,70.5,1
33.4,77.7,1
29.4,84.8,1
30.5,78.0,1
24.8,67.5,0
22.4,86.7,0
35.1,74.8,1
29.5,67.0,0
29.9,68.8,0
31.1,66.5,0
32.5,69.0,1
22.0,78.2,1
22.2,87.1,0
30.3,82.9,0
31.8,86.8,0
22.1,78.7,0
26.8,73.0,0
29.6,71.9,0
26.6,83.5,1
29.3,70.9,0
31.7,59.1,1
26.9,79.1,0
22.8,77.0,0
34.1,83.0,1
36.4,78.0,1
25.4,76.0,0
31.8,77.2,1
31.7,79.0,1
31.4,45.5,1
31.5,61.1,1
29.7,77.1,1
22.0,65.4,0
22.0,85.5,0
22.0,79.2,0
23.8,81.3,0
24.1,82.7,0
26.5,84.5,0
24.5,78.1,0
28.7,71.5,0
33.2,77.6,1
37.3,90.9,1
29.2,79.0,1
30.7,69.1,0
24.2,87.0,0
28.9,84.9,1
29.5,61.3,0
29.3,76.4,1
29.9,60.7,1
22.0,86.7,0
33.5,80.1,1
32.5,75.0,1
25.4,98.0,0
32.3,80.7,1
25.0,76.5,0
29.2,81.6,1
32.1,72.7,1
26.9,51.3,0
22.0,83.9,0
33.6,66.8,1
30.1,71.7,1
30.5,67.0,1
25.9,74.6,1
27.0,59.9,0
28.5,63.1,1
29.7,74.2,0
33.4,67.6,1
25.0,84.5,0
22.9,93.7,0
30.3,93.3,1
29.2,63.6,1
27.2,84.4,1
33.5,57.6,1
35.1,57.8,1
27.6,74.5,0
32.0,70.5,1
27.3,71.7,0
27.9,68.8,1
28.7,79.9,1
30.4,80.6,1
30.0,96.0,1
22.0,67.0,0
23.0,76.4,0
33.5,82.8,1
32.8,80.5,1
29.2,75.8,1
26.6,73.2,1
23.9,80.9,0
24.4,73.2,0
27.8,69.2,0
28.6,84.5,1
22.0,85.7,0
34.4,62.2,1
30.1,83.3,1
28.2,81.6,1
31.5,65.1,1
30.0,78.6,1
24.0,89.3,0
23.3,79.0,0
24.6,63.9,0
25.7,87.8,1
28.8,96.6,1
30.2,79.1,1
23.0,90.5,1
27.3,87.4,0
32.9,64.4,0
22.0,81.6,0
25.9,79.8,0
26.7,89.9,0
26.7,53.0,0
22.0,73.1,0
29.0,72.0,0
27.8,83.7,1
25.9,71.3,0
23.2,70.6,0
30.0,57.1,1
22.2,79.8,0
22.3,87.3,0
31.6,58.2,1
27.4,84.9,1
28.2,80.9,1
30.3,54.1,1
35.6,69.7,0
26.2,89.4,0
32.3,60.5,0
30.6,82.4,1
33.3,72.1,1
25.7,73.7,0
28.3,70.2,1
39.0,59.9,1
25.4,81.6,0
28.4,86.6,1
27.1,55.0,1
28.6,64.3,1
31.2,76.0,1
26.1,72.5,0
33.2,71.2,1
30.4,58.5,1
22.5,82.5,0
27.9,89.8,0
27.3,66.4,0
31.4,73.3,1
28.2,73.1,1
28.4,61.9,0
34.8,92.2,1
27.5,81.4,1
32.6,71.3,1
31.4,49.5,1
33.3,60.7,1
28.2,56.8,0
25.8,79.9,0
22.0,74.3,0
28.3,87.1,1
27.9,81.5,1
23.8,80.1,0
30.4,70.6,1
29.7,70.7,0
22.1,88.3,0
31.0,63.6,1
28.4,74.6,0
22.0,87.3,0
25.6,55.6,0
26.0,87.7,0
27.6,86.4,1
24.7,57.4,0
23.6,64.7,1
37.3,63.5,1
32.3,71.7,1
27.7,72.8,0
23.5,79.8,0
25.1,85.2,0
24.8,71.6,0
24.3,77.3,0
31.4,92.3,1
31.0,78.3,0
24.4,77.7,0
28.5,75.1,1
24.3,87.1,1
24.1,73.7,0
22.0,70.6,0
23.2,83.4,0
25.1,48.8,0
32.2,74.9,1
31.6,69.1,1
25.7,83.4,0
33.3,63.0,1
23.3,89.9,0
26.0,96.8,0
29.0,87.7,1
28.2,87.6,1
24.8,90.9,0
35.1,59.9,1
26.6,88.6,0
31.4,68.5,1
24.5,73.6,0
22.3,78.8,0
24.6,76.6,0
31.8,80.8,1
26.0,64.1,0
31.0,77.1,1
35.1,68.4,1
26.3,94.8,0
24.2,79.4,0
28.6,62.3,1
28.1,98.0,1
26.8,79.4,0
29.7,62.2,1
25.5,86.9,0
33.4,93.2,1
33.4,71.1,1
23.9,62.8,0
28.3,64.5,0
23.3,56.4,0
29.7,75.1,1
30.9,69.7,1
27.7,73.3,0
37.6,81.8,1
22.0,71.6,0
29.8,57.9,1
28.0,77.5,1
26.2,71.6,0
28.4,85.5,0
25.9,79.0,1
26.0,93.5,0
22.0,98.0,0
32.3,59.4,1
25.8,97.3,0
27.6,83.8,1
28.5,64.9,0
23.7,65.6,0
22.0,78.8,0
35.3,81.2,1
37.5,83.0,1
24.9,92.5,0
25.9,67.2,0
31.9,69.4,1
28.9,69.7,0
30.7,92.7,0
24.7,80.8,0
32.6,86.1,1
27.4,63.9,0
26.2,63.5,0
36.2,77.1,1
34.8,75.6,1
30.9,71.1,1
23.3,67.8,0
36.8,83.6,1
22.9,69.1,0
33.6,76.5,1
31.3,61.4,1
36.4,63.2,1
22.4,79.0,1
24.3,73.4,0
29.8,63.7,1
27.8,76.5,1
23.5,89.7,0
33.4,67.3,1
31.8,91.4,1
33.1,58.6,1
26.0,98.0,0
22.0,75.6,0
31.0,65.3,1
28.0,76.5,1
28.7,73.8,0
32.9,83.6,1
30.2,72.3,1
22.0,79.1,0
25.6,73.9,0
31.8,79.6,1
29.1,87.7,1
30.4,85.6,1
24.5,80.9,0
31.6,70.9,0
28.3,68.0,1
25.0,82.6,0
30.4,88.6,1
26.9,73.7,0
28.3,58.0,1
27.8,74.3,1
28.4,66.7,0
29.5,67.4,1
29.2,74.8,1
23.7,83.8,0
29.8,81.7,1
22.0,68.9,0
25.7,75.1,0
26.2,92.2,0
31.3,56.1,1
23.7,81.4,0
24.2,79.6,0
25.6,67.7,0
33.4,79.9,1
25.2,57.1,0
32.8,76.8,1
22.0,73.8,0
27.1,59.6,0
26.0,73.1,0
22.0,74.7,1
31.8,63.5,1
29.0,63.7,0
25.6,57.2,0
30.6,85.6,1
24.6,83.7,0
29.2,64.5,1
24.3,62.9,0
26.9,77.9,0
33.4,71.7,1
23.8,51.2,0
27.5,77.2,1
25.9,71.5,0
30.5,75.2,1
30.1,85.9,1
26.4,92.0,0
30.1,61.6,1
22.2,76.7,0
30.4,86.6,1
31.0,77.1,1
24.4,73.8,0
30.1,67.1,1
32.7,87.4,1
35.4,75.7,1
26.0,83.5,0
25.8,86.2,0
28.9,66.0,1
35.5,52.7,1
24.9,83.2,1
25.2,98.0,0
22.0,86.0,0
28.1,60.1,0
26.1,85.4,0
26.9,73.6,1
32.6,84.1,1
24.8,65.1,0
32.4,79.0,1
36.6,81.6,0
26.1,47.0,0
27.4,86.8,1
27.5,75.6,1
24.5,72.2,0
33.0,59.6,1
28.6,62.2,1
33.0,64.2,1
25.1,71.1,0
26.2,74.6,0
29.8,88.9,1
23.4,81.9,0
34.1,78.4,1
27.8,93.0,1
33.8,89.7,1
24.5,82.6,1
22.0,78.9,1
28.8,96.1,1
22.6,68.7,0
26.1,81.9,0
22.0,84.3,0
32.4,85.7,1
24.5,96.7,0
25.3,74.6,0
33.6,64.8,1
24.7,80.7,0
25.8,50.5,0
25.9,72.9,0
28.6,77.3,1
28.5,57.0,1
22.0,88.4,0
30.4,85.7,1
33.3,54.5,1
22.0,75.0,0
24.2,91.3,1
29.2,78.6,1
22.0,70.1,0
27.3,86.3,1
27.5,69.8,0
22.0,89.2,0
22.0,89.6,0
30.8,82.5,1
23.3,82.5,0
25.7,84.2,0
32.7,76.7,1
26.2,83.7,0
29.7,71.8,1
28.7,84.8,1
23.5,77.2,0
30.4,59.7,1
30.3,76.8,1
22.0,76.1,0
25.5,67.7,0
29.7,71.3,1
25.0,80.7,0
23.8,49.8,0
35.9,61.6,1
23.8,71.7,0
32.2,74.7,1
35.4,72.2,1
22.0,84.4,0
24.8,81.6,1
31.4,68.0,1
30.1,76.8,1
34.0,61.1,1
28.1,76.3,1
29.8,93.5,1
26.6,82.2,0
27.8,95.5,1
23.1,80.5,0
22.0,86.8,0
26.8,72.0,0
31.0,74.8,1
30.3,75.3,1
22.7,73.7,0
22.0,74.7,0
24.9,83.9,0
27.7,61.2,0
27.2,68.3,0
27.8,85.9,1
24.3,82.3,0
26.5,62.8,0
28.3,68.6,0
32.1,45.0,1
23.1,84.2,0
22.0,82.6,0
25.4,65.2,0
26.8,69.6,0
34.1,80.5,1
35.4,70.1,1
26.7,61.8,0
30.7,83.4,1
26.1,64.9,0
27.7,54.1,0
26.5,85.5,0
28.9,63.3,1
30.2,92.6,1
23.8,70.8,0
22.3,80.7,0
25.2,78.1,1
28.6,88.5,1
27.6,85.8,1
22.0,81.5,0
22.2,80.9,1
26.8,72.2,0
29.5,56.4,1
27.6,79.3,0
27.7,73.8,0
24.7,75.3,1
27.2,64.8,0
29.5,72.0,0
23.3,91.4,0
26.0,81.9,0
30.0,78.2,1
22.0,88.6,0
25.1,93.5,0
23.1,91.9,0
22.2,65.6,0
26.2,81.2,0
24.6,73.7,0
32.4,76.6,1
28.8,74.0,0
31.3,80.1,1
22.5,84.0,0
28.0,63.8,0
31.7,77.3,1
26.4,74.6,0
33.3,94.1,1
29.0,78.3,1
24.3,62.8,0
29.6,66.5,1
28.8,70.0,1
26.9,81.1,0
29.1,76.3,1
27.4,62.6,0
27.5,69.2,0
26.3,64.4,0
22.0,98.0,0
33.9,62.8,1
31.6,82.3,1
26.9,74.1,0
26.2,69.1,0
30.7,58.7,0
29.0,74.1,1
22.0,87.3,0
31.3,86.8,1
22.0,56.8,0
23.1,79.6,0
28.4,82.6,1
32.5,84.2,1
27.3,76.4,1
22.0,91.3,0
26.1,89.8,0
22.0,73.7,0
34.5,70.7,1
22.0,69.6,0
29.4,73.4,1
22.0,76.6,0
31.9,66.7,1
27.8,83.8,1
29.3,82.0,1
26.0,67.2,0
32.6,61.4,1
26.7,73.6,1
24.1,90.9,0
24.3,64.1,0
29.7,69.5,0
22.0,82.6,0
28.5,84.3,1
24.9,77.6,0
29.9,82.8,0
27.0,67.6,0
28.4,70.4,0
31.3,72.5,0
22.0,74.9,1
25.9,65.3,0
24.0,81.8,0
29.1,60.4,1
29.8,75.2,1
32.3,71.3,1
28.2,70.5,1
29.7,82.0,1
34.0,68.4,1
25.7,91.5,0
26.9,77.7,0
22.0,73.9,1
29.2,74.4,0
32.5,75.1,1
22.9,82.7,0
26.7,72.2,0
26.9,69.4,0
36.1,70.9,1
32.7,78.4,0
35.7,85.3,1
25.7,98.0,0
24.7,74.2,0
30.6,68.9,1
23.7,73.0,0
30.3,75.3,1
23.4,73.6,1
28.1,72.2,0
29.3,58.3,1
31.5,80.2,1
26.5,81.3,0
35.9,66.3,1
30.2,71.0,1
32.8,79.3,1
31.5,53.6,1
29.3,60.3,0
29.2,72.2,0
27.5,75.4,1
32.2,62.6,1
30.4,53.9,1
27.4,67.2,0
28.9,98.0,1
35.4,75.1,1
27.9,61.5,0
35.0,63.5,1
36.8,66.0,1
25.3,76.4,0
30.3,70.7,1
27.5,79.4,1
23.3,61.1,0
26.5,59.3,1
28.5,98.0,1
27.5,85.9,1
30.9,70.7,1
22.0,79.7,0
26.7,75.8,0
35.9,73.9,0
22.1,83.0,0
30.3,79.0,1
24.9,77.1,0
27.2,69.0,0
22.3,53.9,0
33.7,69.4,1
35.6,83.1,1
31.0,83.2,1
23.0,79.4,0
24.3,72.5,0
22.0,57.5,0
29.0,89.6,1
32.4,72.2,1
23.2,71.0,0
32.3,78.9,1
32.8,66.6,1
31.0,71.8,1
29.7,55.2,1
22.0,95.1,0
22.0,80.8,0
25.6,73.5,0
30.0,86.7,1
22.0,91.0,0
27.9,87.1,1
25.0,74.3,0
22.0,91.5,1
22.0,75.1,0
31.5,82.9,1
28.7,72.2,0
26.9,82.5,0
25.9,75.6,0
31.2,66.0,1
24.9,77.9,0
26.0,75.3,0
32.1,66.3,1
33.7,70.0,1
29.6,71.9,0
22.0,75.3,0
31.6,68.8,1
22.0,65.3,0
27.6,76.5,1
24.1,84.5,0
22.0,66.3,0
25.6,94.3,0
26.2,79.6,0
29.8,79.4,1
31.7,63.4,1
32.3,67.5,1
29.7,89.9,0
22.0,70.9,0
29.4,84.7,1
32.6,59.9,1
32.7,88.0,1
30.8,87.4,1
28.7,68.7,1
26.8,95.7,0
22.0,98.0,0
22.7,63.5,0
34.9,65.9,1
26.6,82.3,0
31.7,56.9,1
30.5,90.6,1
34.2,79.0,1
27.8,94.9,1
32.2,69.8,1
33.0,84.7,1
33.3,75.3,1
27.0,61.9,0
27.3,63.8,0
22.0,68.0,0
29.0,64.8,1
33.6,69.2,1
29.4,74.9,0
28.2,85.4,1
27.3,84.4,1
34.1,76.7,1
32.1,70.0,1
30.7,47.4,1
25.6,86.0,0
23.7,75.0,0
23.9,92.0,0
31.5,79.2,1
29.2,68.8,0
22.4,83.3,0
28.5,72.2,0
22.8,73.1,0
23.5,79.7,0
24.4,77.9,0
22.3,85.3,0
32.2,66.5,1
30.8,80.4,1
28.5,76.9,1
27.0,86.9,0
23.4,81.0,0
27.5,78.2,1
27.2,72.7,0
29.9,71.3,1
33.2,67.0,1
27.4,76.5,1
28.7,69.2,1
23.1,67.6,0
27.8,78.5,1
26.6,45.0,0
28.9,81.8,0
33.7,79.9,1
34.5,58.7,1
23.0,82.9,0
31.2,76.6,1
26.0,65.3,0
30.4,70.6,1
26.9,82.8,0
29.1,69.7,1
23.6,77.4,0
35.2,68.4,0
22.0,98.0,0
23.4,80.8,0
30.4,66.8,1
22.0,70.6,0
33.3,87.2,1
30.5,96.7,1
26.5,58.6,0
27.3,65.6,0
34.6,72.1,1
30.3,79.0,0
25.2,55.9,0
24.4,81.5,1
30.2,87.1,1
27.9,54.8,0
29.1,82.0,1
26.9,87.9,0
27.4,55.4,0
27.0,57.6,0
24.5,66.9,0
22.6,88.1,0
23.4,87.3,0
27.5,68.1,0
23.2,77.0,0
27.3,63.5,0
24.9,94.9,0
22.7,67.1,0
28.0,52.3,0
22.0,73.6,1
25.7,70.9,0
37.7,72.7,1
27.1,62.2,0
23.6,86.3,0
24.3,72.9,0
32.1,67.7,1
24.0,91.9,0
28.4,74.0,0
22.2,88.0,0
31.4,78.4,1
32.8,76.7,1
28.8,72.6,1
26.2,84.3,0
24.6,66.9,0
26.8,46.4,1
32.6,86.6,1
30.8,63.6,1
25.8,89.7,0
22.8,93.2,0
29.5,90.2,1
32.5,65.8,1
32.2,64.0,1
30.2,88.1,1
28.7,78.9,1
28.0,86.7,1
22.0,83.2,0
36.5,65.2,1
28.8,49.4,1
30.5,82.2,1
29.6,73.8,0
28.7,83.5,1
28.7,64.2,1
23.3,93.5,0
24.3,77.5,0
24.7,77.1,0
30.8,72.0,1
33.8,66.5,1
24.5,70.2,1
32.1,78.9,1
27.0,79.5,1
27.6,75.9,1
32.8,79.0,1
30.9,82.8,0
27.7,77.8,1
22.0,76.2,0
35.5,67.0,0
25.0,58.7,0
22.0,93.4,0
30.0,50.6,1
34.2,87.5,1
23.9,78.8,0
22.0,86.5,0
23.2,80.8,0
33.3,95.3,0
25.6,74.0,0
29.8,78.1,1
30.8,66.9,1
27.6,75.7,1
23.9,71.0,0
27.6,77.1,1
25.4,62.6,0
23.8,87.6,0
27.9,95.5,1
28.9,88.8,1
26.0,72.0,0
26.6,85.7,0
29.2,88.3,1
30.2,72.3,1
34.3,74.6,0
25.9,94.4,0
27.6,65.3,1
22.2,95.0,0
33.3,67.4,1
27.0,69.0,0
24.8,80.4,0
28.8,62.1,1
30.2,69.9,1
22.8,80.1,0
26.2,89.2,0
22.0,78.4,0
24.7,48.4,0
22.0,70.3,0
37.3,77.7,1
27.2,84.8,1
23.3,69.1,0
22.0,79.1,0
27.9,77.4,1
34.0,76.7,1
30.1,61.5,0
25.8,69.1,0
25.0,76.9,0
26.3,92.1,0
30.8,72.3,1
23.8,73.2,0
26.7,86.1,0
28.7,73.7,0
30.6,71.4,1
31.6,74.2,1
23.2,84.9,1
32.7,61.2,1
26.3,52.4,0
26.5,82.5,0
27.5,82.3,1
28.0,75.6,1
24.8,92.3,0
29.9,65.5,0
27.9,68.5,1
22.0,82.4,1
24.6,88.5,0
29.1,91.1,1
22.3,80.2,0
32.9,82.4,1
25.4,72.0,0
28.1,79.9,1
25.1,69.3,0
24.8,61.3,0
36.2,65.0,1
31.7,71.1,1
28.1,87.3,1
34.4,69.8,1
22.0,57.7,0
23.3,71.3,0
29.4,72.0,0
33.7,75.7,1
25.7,71.4,0
25.4,82.7,0
30.6,55.7,1
26.9,50.8,0
26.2,68.9,1
22.1,83.1,0
23.6,80.0,0
33.6,71.9,1
28.3,83.1,1
36.4,73.3,1
30.7,79.4,1
29.7,86.4,0
25.7,64.6,0
28.4,88.2,1
23.9,75.0,0
28.0,86.8,1
29.8,83.6,1
29.4,67.8,1
27.1,57.7,0
24.4,68.7,0
25.8,60.3,0
30.5,56.7,1
30.0,76.0,1
30.3,70.6,1
30.2,62.2,1
25.0,62.1,0
22.0,70.3,1
25.5,76.3,0
33.1,77.2,1
24.7,65.5,0
32.1,82.4,1
23.4,84.3,0
27.5,73.0,0
24.0,92.4,0
25.1,54.6,1
26.8,86.2,0
26.9,75.0,0
30.6,67.5,1
28.8,71.5,1
29.3,86.7,1
32.8,69.6,1
26.8,78.3,0
32.8,59.2,1
30.8,65.1,1
30.6,78.8,1
25.6,85.0,0
28.2,56.9,1
25.6,91.6,0
36.6,68.3,1
31.3,62.9,1
37.6,76.6,1
23.1,74.1,0
29.4,74.5,0
25.8,72.8,0
25.5,88.9,0
31.0,64.5,1
25.8,65.1,0
25.1,45.0,0
24.8,79.9,0
33.8,63.7,1
22.0,82.4,0
34.5,72.1,1
24.8,69.8,0
25.7,81.7,0
22.0,81.0,0
22.0,88.3,0
35.4,72.1,1
28.0,77.8,0
25.6,92.2,0
30.2,89.8,1
29.7,72.5,1
24.5,80.6,0
31.6,69.8,1
22.0,93.0,0
28.7,69.3,0
24.7,78.9,0
26.2,97.4,0
31.3,71.7,1
31.2,62.7,1
35.9,79.2,1
25.3,60.4,0
22.0,87.9,0
28.1,84.2,1
32.0,78.6,1
34.4,58.1,1
22.0,72.1,0
22.0,83.9,0
29.7,78.0,1
36.9,56.7,1
28.9,68.8,1
27.3,65.9,0
25.2,92.1,0
25.2,80.4,1
22.0,73.7,0
29.4,91.9,1
31.5,71.5,1
29.2,76.2,1
25.6,88.2,0
35.0,75.7,1
30.4,76.9,1
32.8,63.9,1
34.0,81.6,1
22.0,83.8,0
22.0,73.2,0
22.4,79.0,0
32.9,81.7,1
27.9,91.6,1
22.0,74.2,0
22.0,90.7,1
31.1,63.2,1
28.5,87.0,0
28.9,70.8,1
26.6,73.1,0
26.8,61.1,0
35.6,69.6,1
27.7,77.1,1
29.7,64.4,0
31.5,77.4,0
22.0,74.7,0
24.2,88.6,0
28.9,86.9,1
32.5,84.4,1
27.0,69.5,0
35.5,68.6,1
31.0,80.5,1
24.2,92.6,0
22.9,84.0,0
22.3,77.4,0
26.7,72.6,0
27.4,79.8,1
36.3,61.1,1
32.1,73.1,1
25.1,75.5,0
26.6,74.1,0
22.0,74.8,0
30.0,80.0,1
28.0,79.5,1
26.4,73.6,0
31.1,81.6,0
24.5,66.0,0
33.4,71.1,1
31.6,67.7,1
32.2,84.2,1
28.6,64.8,0
25.7,70.4,0
29.6,59.7,1
27.7,69.4,0
26.7,54.5,0
24.8,85.7,0
25.8,74.9,0
29.4,96.1,1
22.0,74.2,0
29.2,66.3,1
26.9,61.2,0
24.7,64.1,0
22.0,89.0,0
32.8,86.8,1
29.2,68.6,1
29.1,86.4,1
26.7,76.5,0
23.7,82.9,0
28.8,85.3,1
36.9,64.5,1
27.8,64.6,0
28.8,70.9,0
33.1,78.3,1
26.6,71.6,0
34.5,60.1,1
32.0,81.6,0
27.9,87.9,1
31.4,87.1,1
22.0,94.3,1
36.7,66.2,0
37.5,81.6,1
24.7,77.0,0
30.3,67.0,1
32.2,66.8,1
32.5,65.9,1
32.6,81.8,1
23.6,72.4,0
27.7,68.7,1
23.8,84.7,0
22.0,95.1,0
22.0,69.6,0
34.5,63.9,1
25.7,81.2,0
25.9,83.0,0
23.1,80.5,0
24.8,68.2,0
22.8,66.3,0
22.0,78.7,0
31.7,81.1,1
33.7,78.6,1
24.3,57.7,0
28.4,57.7,1
22.8,59.2,0
30.8,77.6,1
33.0,53.3,1
24.3,65.9,0
23.8,83.4,0
32.1,64.3,1
26.6,64.8,0
32.1,82.4,1
32.0,53.8,1
31.7,66.1,1
22.0,79.6,0
22.0,89.8,0
30.3,69.8,1
22.0,79.9,0
31.1,63.0,1
30.5,69.8,1
30.7,83.9,1
24.1,98.0,0
30.1,76.4,1
22.0,96.9,0
32.1,75.9,1
32.2,70.1,0
32.4,52.3,1
28.2,77.0,1
26.8,81.0,0
30.0,75.3,1
31.1,80.5,1
32.0,75.5,1
31.0,82.6,1
28.8,92.5,1
23.1,53.8,0
25.7,82.4,0
29.4,75.0,1
26.3,95.6,0
22.9,69.1,0
29.3,82.9,1
22.0,78.3,0
28.9,75.3,0
31.9,71.4,1
30.5,65.9,1
26.6,75.0,0
32.1,74.2,1
25.5,87.0,0
30.8,59.4,0
35.2,70.9,1
28.7,86.6,1
22.2,67.9,0
25.6,88.3,0
28.7,78.9,1
29.2,59.6,1
25.3,74.3,0
24.9,72.9,0
30.9,67.7,1
34.3,58.9,1
22.0,61.4,0
23.6,80.9,0
27.3,79.4,1
25.8,69.9,0
22.0,76.4,0
24.5,74.4,0
28.4,80.6,0
35.4,65.8,1
24.2,72.5,0
26.1,74.2,0
24.9,65.4,0
26.0,81.1,0
31.8,66.9,0
34.0,66.0,1
31.6,73.3,1
29.5,74.4,1
31.4,67.7,1
24.9,72.8,0
24.5,97.0,0
30.7,73.2,1
27.8,81.6,1
22.0,93.7,0
25.1,84.2,0
25.3,80.1,0
36.3,66.5,1
33.0,76.1,1
23.3,71.5,0
33.2,65.0,1
22.0,91.2,0
32.5,68.1,1
25.1,71.9,0
37.5,81.8,1
25.4,63.4,0
32.2,66.5,1
30.2,85.1,1
24.6,72.7,0
27.3,89.7,1
24.0,68.1,0
25.4,84.4,0
26.9,71.4,0
27.7,86.0,1
29.5,70.6,0
31.1,64.7,1
22.4,76.2,0
33.1,60.0,1
27.9,87.5,1
29.9,75.4,1
30.4,74.5,1
25.6,86.4,0
22.3,73.9,0
32.0,78.8,1
26.2,89.9,0
26.0,93.2,0
25.3,85.7,0
22.0,88.6,0
22.0,66.3,0
22.5,64.8,0
22.2,76.5,0
28.5,59.9,1
22.0,89.7,1
33.9,72.0,1
31.8,59.7,1
32.7,51.6,1
22.5,98.0,0
24.6,86.3,0
27.3,79.7,1
31.9,63.6,1
26.8,65.2,0
25.5,69.7,0
22.0,72.9,0
33.0,84.8,1
36.2,55.7,1
32.8,77.3,1
26.2,69.2,0
27.3,64.4,0
24.0,92.6,0
35.3,54.0,1
22.8,85.1,0
29.7,61.4,0
26.9,66.0,0
29.2,61.7,1
23.9,76.9,1
32.4,75.8,1
26.2,67.5,0
34.7,65.9,1
30.0,68.7,0
32.8,63.9,1
32.2,70.2,1
36.6,82.3,1
23.9,86.6,0
22.0,83.1,0
27.7,98.0,1
30.4,57.1,1
22.0,81.6,0
31.5,57.3,1
22.0,96.5,1
35.0,78.7,1
28.5,80.2,1
28.3,89.0,1
28.3,88.0,0
25.5,81.3,0
28.3,71.2,1
29.9,55.1,1
22.0,71.8,1
32.4,63.0,1
33.3,80.4,1
30.7,63.8,1
27.5,79.0,1
24.1,79.9,0
35.1,89.3,1
24.6,90.0,0
35.4,66.0,1
36.0,67.2,1
31.9,85.5,1
28.1,84.7,1
29.0,90.6,1
31.6,71.9,1
22.6,83.9,1
27.6,74.2,0
29.0,91.4,1
36.0,82.1,1
29.8,63.7,1
25.3,89.4,1
23.2,79.6,0
24.1,62.2,0
22.0,86.1,0
22.0,94.6,0
24.6,86.8,0
33.4,76.9,1
22.0,77.0,0
27.9,71.2,0
26.3,66.4,1
22.0,75.8,0
26.6,86.7,1
29.7,70.5,1
25.6,75.5,1
28.5,83.5,1
25.1,67.7,0
22.0,82.9,0
25.3,81.7,0
33.6,76.9,1
25.0,68.9,0
24.8,63.6,0
28.2,73.6,0
28.7,76.7,1
35.7,65.1,1
22.7,74.8,0
22.0,70.0,0
22.0,66.7,0
31.1,71.8,1
29.5,65.2,0
34.3,49.8,1
23.2,71.1,0
24.6,86.1,0
28.7,54.0,1
28.7,68.8,1
24.9,69.8,0
31.1,79.7,1
32.4,83.6,1
25.2,78.1,0
32.8,63.1,1
29.7,79.0,1
30.6,63.3,1
29.0,74.8,1
22.0,72.0,0
31.7,81.6,1
32.7,50.9,1
25.5,71.6,0
27.3,79.6,1
25.4,89.7,0
31.4,76.6,1
29.4,69.8,0
33.4,64.4,1
28.9,71.1,1
30.0,61.2,1
25.2,76.3,0
28.2,62.2,1
31.1,72.6,0
31.6,64.0,1
31.8,78.9,0
29.7,69.3,0
26.4,75.6,0
22.0,98.0,0
32.9,84.3,1
35.6,70.9,1
27.1,69.5,0
29.8,72.4,0
28.6,67.2,1
27.5,90.7,1
23.5,68.4,0
31.4,96.4,1
27.0,76.0,1
31.9,74.3,1
29.9,82.6,0
32.6,83.9,1
31.1,75.6,1
34.9,84.8,1
23.7,93.6,0
25.8,69.1,0
28.6,79.2,1
22.0,72.3,0
28.0,63.2,1
32.2,62.4,0
26.1,75.0,0
28.1,69.9,0
28.6,92.3,1
27.2,76.0,0
27.4,77.2,1
23.4,74.8,0
29.7,85.8,1
32.3,83.6,1
32.6,70.5,1
28.9,57.7,1
29.8,70.4,0
22.0,81.4,0
34.0,69.3,1
23.7,73.8,0
34.0,66.7,1
31.7,80.1,1
24.7,71.2,1
23.2,85.7,0
26.1,69.1,0
23.7,90.5,0
29.1,68.4,1
26.1,67.9,0
29.3,70.0,1
25.2,66.6,0
27.1,75.8,1
22.9,75.4,0
25.0,74.0,0
25.6,85.3,0
33.4,84.4,1
30.6,71.2,1
27.4,92.6,1
22.0,86.7,0
26.1,63.9,1
29.9,72.7,0
27.3,74.5,0
23.9,57.8,0
27.4,46.0,0
28.2,92.2,1
27.1,82.4,1
26.5,72.1,0
26.5,77.9,0
30.2,88.7,1
24.8,76.2,0
28.4,68.0,1
26.0,80.6,0
26.6,73.4,0
25.4,67.6,1
25.9,86.1,0
32.3,73.3,1
27.4,84.8,1
27.9,81.4,1
22.0,81.4,0
31.9,74.2,1
24.4,83.8,0
27.0,88.3,0
28.2,60.9,0
28.1,77.9,1
27.4,77.4,1
22.0,81.7,0
22.7,67.0,1
23.9,93.0,0
22.0,74.5,0
30.3,79.8,0
33.8,65.6,1
25.4,81.5,0
22.0,77.6,0
31.5,82.7,1
30.4,45.0,1
35.4,55.6,1
32.1,67.4,1
26.1,65.5,0
35.1,72.4,1
23.2,67.2,0
28.1,72.6,1
22.0,86.4,0
27.7,53.8,0
22.7,92.3,0
28.6,70.6,1
36.2,60.4,1
23.2,66.7,0
26.2,83.9,0
26.0,69.0,1
25.9,87.4,0
29.1,72.7,1
29.1,67.3,1
32.2,85.1,1
23.1,98.0,0
27.0,51.3,0
25.3,80.4,0
31.0,54.6,1
25.4,78.8,0
29.7,86.6,1
27.0,62.3,0
28.0,72.9,0
28.9,95.7,0
24.3,78.6,0
23.0,89.3,0
34.0,78.2,0
35.6,74.0,0
30.9,75.3,1
27.6,79.0,1
31.3,47.3,1
29.4,68.8,0
27.2,74.7,0
26.2,91.0,0
22.6,70.5,0
26.0,90.3,0
31.7,66.8,1
29.4,80.4,1
23.2,90.0,0
29.5,84.4,1
28.1,67.3,1
22.0,91.2,0
23.1,89.4,0
22.0,87.6,0
30.4,64.7,0
26.6,84.5,1
30.5,65.2,1
26.8,56.0,0
22.2,64.0,0
24.6,71.4,0
24.5,52.9,0
28.4,65.5,1
23.9,59.2,0
30.6,84.4,1
31.3,67.7,1
32.6,50.5,1
28.3,72.6,0
24.6,68.8,0
22.0,65.1,0
35.4,76.3,1
25.2,85.1,0
28.4,81.4,1
27.8,76.3,1
26.1,69.2,0
30.4,61.5,1
25.6,81.5,0
22.0,64.4,0
25.8,61.2,0
30.1,92.7,1
30.4,71.4,1
27.5,70.1,0
22.6,72.4,0
28.7,69.3,0
29.0,82.8,1
23.1,91.7,0
31.4,77.5,1
29.9,66.4,0
26.5,77.4,0
26.6,81.8,0
26.7,83.7,0
31.6,69.1,1
26.1,82.9,0
22.0,88.1,0
31.3,79.1,1
29.9,66.2,0
22.0,77.7,0
26.3,73.6,0
30.1,62.1,1
22.8,81.9,0
27.0,92.8,0
24.6,86.3,0
26.2,82.3,0
34.0,72.6,1
22.0,79.3,0
28.5,70.2,0
34.9,82.1,1
23.0,68.9,0
27.4,69.6,0
24.0,88.8,0
29.0,61.1,1
29.7,80.1,1
22.1,67.1,0
27.6,79.4,1
27.0,52.7,0
26.6,93.8,0
25.6,73.1,0
30.1,55.4,1
26.0,84.7,0
25.3,84.6,1
24.4,75.1,0
27.7,82.5,1
25.6,87.9,0
35.3,66.4,1
22.8,68.9,0
32.5,88.6,1
24.2,62.3,0
30.2,79.5,1
27.6,80.1,1
26.6,78.0,0
30.0,73.7,1
26.5,89.5,0
37.6,52.1,1
27.9,64.1,0
27.7,74.8,0
31.6,84.0,1
33.9,91.3,1
33.7,74.3,1
25.6,76.0,0
27.3,92.1,1
23.3,74.6,0
30.9,64.4,1
32.8,78.2,1
28.5,65.8,1
33.5,79.4,1
27.4,53.2,0
28.5,65.5,1
30.7,78.9,0
25.3,75.2,0
28.8,68.6,0
27.2,81.7,1
23.7,72.6,0
25.5,86.0,0
29.0,52.3,1
33.4,67.7,1
22.0,65.0,0
24.9,78.8,0
22.0,79.3,1
28.2,78.8,1
34.9,55.2,1
23.8,62.7,0
23.9,64.7,0
30.8,57.2,1
36.0,62.7,1
22.0,67.6,0
30.0,74.5,1
26.2,90.8,0
31.4,60.8,1
26.7,88.6,1
35.0,74.2,1
28.5,84.2,1
32.5,70.3,1
28.9,82.7,1
22.0,66.4,0
25.3,79.8,0
33.3,74.6,1
25.4,96.0,1
32.2,70.7,1
22.3,78.7,1
26.7,93.4,0
35.9,66.1,1
27.6,66.3,0
23.2,96.1,0
27.5,85.8,1
30.6,81.4,1
28.6,77.4,1
29.1,80.6,0
36.5,72.6,1
34.3,72.3,1
32.0,81.7,1
23.3,77.9,0
24.4,78.4,0
30.1,74.7,1
22.1,76.5,0
32.4,79.1,1
28.0,65.2,0
32.0,69.6,1
32.7,76.4,1
34.0,86.9,1
32.5,89.0,1
34.0,70.0,1
27.0,80.1,1
27.6,74.1,0
25.7,80.8,0
33.0,69.7,1
22.0,97.7,0
28.1,76.4,1
26.1,63.6,0
23.7,84.1,0
27.5,91.3,1
23.3,72.2,0
34.3,76.6,1
27.3,73.0,0
28.0,88.4,1
22.0,80.0,0
22.3,75.7,0
31.5,71.7,1
27.7,62.8,0
25.3,75.5,0
30.0,87.6,1
27.9,78.2,1
25.8,63.1,0
31.9,51.9,1
33.5,57.8,1
29.2,69.7,1
22.0,81.8,0
34.9,73.6,1
23.7,77.5,0
28.3,65.0,1
28.9,82.4,0
31.7,66.3,1
25.9,88.4,0
26.2,73.4,0
22.4,84.1,0
27.4,92.8,1
27.5,75.5,1
27.9,85.3,1
30.0,82.9,1
28.8,79.7,1
29.8,65.4,1
29.6,76.7,1
32.8,83.2,1
31.9,70.3,1
27.5,74.9,0
33.4,75.1,1
29.9,67.1,0
22.0,54.9,0
23.8,75.4,1
34.0,84.2,1
28.8,63.5,1
28.3,82.2,0
28.9,46.3,1
27.1,68.3,0
31.6,81.1,1
23.6,87.2,0
27.3,73.6,0
35.0,69.3,1
29.8,71.4,0
27.7,68.5,0
35.1,69.8,1
24.7,98.0,0
29.9,77.0,1
28.4,67.9,1
30.3,78.8,1
30.2,65.2,1
26.5,97.1,0
27.5,60.1,0
22.0,78.0,0
36.3,72.2,1
28.5,70.3,1
22.0,86.8,0
22.0,87.1,0
22.7,85.4,1
29.9,64.8,1
32.3,73.0,1
25.8,96.9,0
32.4,73.4,0
31.4,74.4,1
25.1,68.3,0
26.3,81.0,0
33.7,81.9,1
26.6,87.9,0
27.0,68.1,0
27.2,66.6,0
26.2,88.3,0
30.8,74.4,1
24.6,58.6,0
31.3,67.9,1
24.4,74.9,0
29.8,84.1,1
29.8,80.6,1
33.0,73.1,1
26.5,79.1,0
35.5,59.8,1
25.8,63.9,0
22.0,71.7,0
27.7,73.1,0
25.9,59.2,0
32.6,58.7,1
22.0,68.9,0
28.8,73.2,1
27.3,54.3,0
28.9,64.4,1
31.8,71.6,1
32.1,94.2,1
33.1,68.0,1
33.8,71.2,1
27.6,71.7,0
27.3,57.8,1
34.3,82.9,1
27.4,70.3,0
26.9,78.9,0
25.2,98.0,0
26.4,56.0,0
26.9,53.1,0
32.5,70.6,1
32.3,72.3,1
24.7,62.1,0
26.5,82.7,0
26.1,70.1,0
24.7,98.0,1
31.7,98.0,1
31.4,61.9,1
26.6,54.5,0
28.4,78.6,1
22.0,64.5,0
33.0,59.1,1
29.5,66.4,0
26.0,71.4,0
22.1,74.2,0
29.5,75.4,1
33.8,80.3,1
30.1,63.5,1
31.2,66.7,1
30.7,60.2,1
25.7,66.3,0
33.2,73.0,1
23.1,82.4,0
31.5,74.4,1
30.3,55.4,1
31.7,67.8,1
32.7,74.4,1
27.0,84.2,1
33.0,70.3,1
27.2,88.9,1
32.4,68.0,1
34.7,62.5,1
28.3,71.7,0
22.0,87.9,0
31.6,86.7,1
22.0,77.9,0
22.0,68.8,0
23.2,98.0,0
35.0,63.3,0
28.5,93.2,1
28.2,82.5,1
22.8,80.7,0
23.4,91.3,0
22.5,83.9,0
26.8,77.4,0
32.4,75.4,1
32.2,97.8,1
24.1,79.1,0
33.3,81.4,1
31.6,80.4,1
23.3,60.5,0
28.5,72.3,0
22.9,82.7,0
29.1,53.3,1
29.2,86.1,1
23.7,73.4,0
22.0,96.3,0
29.3,63.2,1
34.8,74.7,1
25.0,92.6,0
30.4,84.6,1
23.4,79.4,0
28.2,74.4,1
30.7,61.3,0
31.2,72.3,1
33.0,80.5,1
23.6,69.2,0
26.3,81.5,0
30.8,57.5,0
31.3,74.8,1
27.5,83.2,1
35.0,73.7,0
33.4,78.8,1
28.9,65.2,1
30.3,74.7,1
24.0,60.9,0
29.8,69.4,1
23.7,79.6,0
26.8,86.5,0
29.3,84.6,1
37.7,69.7,1
36.9,73.6,1
35.9,72.7,1
26.4,82.3,0
30.4,58.2,1
27.3,82.3,1
32.9,89.3,1
28.3,63.5,1
27.5,87.6,1
33.8,55.1,1
30.6,61.3,1
22.0,69.3,0
32.4,72.1,1
24.0,88.3,0
34.4,74.2,1
31.3,52.5,1
34.4,75.7,1
31.0,80.6,1
22.0,71.6,0
26.1,78.4,0
27.1,70.7,0
22.0,67.9,0
24.4,63.9,0
36.0,72.0,1
26.4,61.2,0
22.0,89.6,0
30.4,88.0,1
28.2,69.0,1
32.6,71.9,1
22.0,75.5,0
33.2,86.1,1
31.9,81.0,1
28.7,98.0,1
24.4,64.7,0
29.1,76.3,1
28.2,53.6,1
28.6,80.3,1
22.0,63.7,0
30.0,94.1,1
26.1,75.1,0
30.6,78.7,1
32.7,61.9,0
27.4,65.4,0
27.2,78.0,1
26.3,72.9,0
25.3,75.8,0
29.2,95.3,1
23.8,91.9,0
24.9,72.4,0
27.5,61.6,0
35.4,67.9,1
26.2,78.1,0
26.1,74.7,1
30.9,77.5,1
30.6,72.6,1
28.1,72.0,1
34.0,65.8,1
22.0,69.7,0
26.0,74.8,0
28.6,59.9,1
35.5,76.3,1
33.0,58.9,1
26.6,65.4,0
28.3,83.3,1
25.7,94.3,0
28.6,78.0,1
32.7,68.4,1
29.8,85.3,1
24.5,85.7,0
27.5,80.2,1
31.9,70.5,1
27.8,72.4,1
28.0,86.0,1
28.4,92.6,1
29.3,84.6,1
33.8,82.9,1
27.5,91.2,1
22.0,79.0,0
29.5,59.1,1
28.6,68.9,0
27.0,65.1,0
30.1,82.8,1
34.8,52.2,1
30.1,85.4,0
35.5,78.4,1
26.4,96.2,0
31.4,59.7,1
26.1,81.7,0
24.3,76.1,0
26.9,76.4,0
26.1,79.3,0
34.5,76.0,0
31.5,71.6,1
31.0,78.7,1
34.4,62.8,1
28.3,72.1,0
36.9,58.2,1
25.7,62.5,0
26.6,78.1,0
25.7,71.7,0
25.9,83.7,0
25.0,82.1,1
22.5,77.0,0
27.5,73.5,0
31.1,64.4,1
33.0,67.5,1
29.8,87.1,1
29.7,60.3,0
26.5,82.8,0
30.7,76.1,1
22.0,78.4,0
29.5,79.4,1
31.5,59.7,1
24.7,62.6,0
26.7,89.8,0
33.1,62.5,1
32.2,88.6,1
23.5,72.4,0
30.1,75.2,1
23.1,81.2,0
36.4,69.6,1
35.2,64.9,1
23.2,94.6,0
30.9,79.0,0
32.0,73.2,1
22.0,90.2,0
29.1,72.0,0
26.0,70.5,0
22.4,66.5,0
25.0,86.3,0
28.2,81.7,1
27.5,81.6,1
34.5,69.5,1
33.7,73.3,1
22.9,77.4,0
28.9,55.3,1
23.0,88.1,0
29.1,64.6,1
25.7,69.3,0
29.3,74.2,1
28.1,79.0,1
25.3,77.8,0
22.0,80.7,0
24.5,64.8,0
26.1,73.7,0
22.0,68.0,0
25.2,92.7,0
28.4,69.2,1
22.8,79.5,0
22.7,73.7,0
29.4,66.6,0
24.8,82.6,0
26.7,95.8,0
29.7,80.2,1
27.7,76.5,1
30.7,76.5,1
34.8,72.2,1
30.0,72.2,1
37.9,83.0,1
26.8,78.0,0
30.4,83.1,1
28.5,76.5,1
24.5,81.5,0
22.9,69.0,0
28.3,69.5,1
29.0,82.8,1
22.0,79.0,1
26.8,85.4,0
29.4,74.1,1
31.8,65.4,1
26.9,72.1,0
35.1,66.8,0
31.5,74.8,1
30.5,57.8,1
29.3,77.3,1
35.7,78.6,1
25.9,77.8,0
27.2,73.8,0
27.1,82.9,1
34.8,68.5,1
27.1,73.4,0
32.9,85.8,1
25.2,79.4,0
31.6,65.1,1
25.0,90.9,1
25.0,62.4,0
24.5,98.0,0
22.0,85.0,0
29.9,69.8,1
31.0,65.5,1
30.2,91.8,1
29.4,57.8,1
26.4,92.6,0
24.1,76.9,0
29.2,89.9,0
24.7,78.8,0
34.3,82.7,1
24.0,76.9,0
31.2,81.8,1
29.3,64.7,1
29.7,66.6,1
22.0,69.3,0
30.3,65.1,1
29.7,57.9,1
28.3,73.6,1
30.0,58.2,1
28.3,60.0,1
22.7,75.4,0
29.1,72.7,1
22.0,82.9,0
34.3,83.3,1
28.9,85.4,1
27.2,84.6,1
25.6,59.6,1
30.7,70.2,1
29.8,57.0,1
34.1,69.9,1
30.8,78.7,1
25.3,67.3,0
23.3,92.5,0
23.3,79.5,0
22.0,72.7,0
26.4,82.6,0
32.0,65.0,1
37.2,74.8,1
31.8,60.1,1
22.4,90.1,0
29.0,69.5,0
28.2,85.3,1
31.2,64.9,1
32.3,85.4,1
25.5,97.0,0
31.4,60.0,1
33.9,92.1,1
33.6,69.0,1
32.2,69.4,1
22.0,63.4,1
25.7,85.3,0
35.2,61.2,1
30.2,81.3,1
32.6,66.5,1
27.3,71.7,0
24.2,62.3,0
26.6,64.7,1
22.0,68.8,0
33.4,67.6,1
33.0,94.9,1
30.1,57.8,1
25.7,78.6,0
24.5,81.2,0
26.4,78.0,0
27.3,51.9,0
27.5,50.1,0
25.4,57.2,0
22.0,89.9,0
22.0,79.9,0
27.3,81.0,1
24.6,92.5,0
34.4,65.4,1
32.9,96.0,1
22.7,75.1,1
27.4,67.3,1
23.3,91.0,1
29.8,82.9,1
22.0,95.3,0
24.6,93.2,0
26.4,72.2,0
25.7,73.9,0
28.2,62.7,1
25.5,53.3,0
28.2,91.4,1
27.0,91.3,0
23.7,66.2,1
29.0,66.7,0
29.3,75.4,1
23.3,83.3,0
24.1,98.0,0
25.9,72.6,0
25.5,65.0,0
26.2,71.5,0
23.6,72.2,0
33.0,62.3,1
29.1,70.3,0
24.9,86.5,0
29.0,63.9,1
24.9,87.5,0
32.4,77.9,1
25.6,56.7,0
33.6,68.1,0
31.5,71.0,1
30.0,85.4,1
24.0,74.8,1
33.8,85.1,1
27.4,89.8,1
25.1,86.4,0
32.7,68.0,1
29.6,75.5,1
22.0,74.2,1
31.0,98.0,1
25.9,78.6,0
29.3,81.1,1
22.7,77.0,0
29.1,92.1,1
26.5,73.8,0
23.6,81.8,0
29.0,65.6,1
33.1,68.0,1
34.9,68.1,1
33.7,69.7,0
25.5,79.0,1
24.1,85.7,0
30.1,58.3,1
29.7,87.7,1
26.3,78.4,0
31.0,88.1,1
37.1,67.5,1
32.1,65.5,1
26.1,82.8,0
22.0,76.0,0
28.0,74.3,0
27.4,78.1,1
27.4,83.7,1
26.2,59.5,0
25.5,90.9,0
27.1,67.6,0
27.0,79.1,0
22.0,89.5,0
22.0,73.5,0
25.2,78.8,0
27.5,62.7,0
25.2,80.1,0
32.1,86.3,1
29.5,68.9,0
26.8,64.7,0
24.8,76.6,0
24.6,60.6,0
27.7,88.8,1
35.5,61.1,0
24.6,82.1,0
28.8,74.7,0
33.5,80.2,1
32.9,61.2,1
27.4,81.1,0
23.7,53.9,0
23.4,77.1,0
22.6,69.9,1
26.3,89.0,1
33.6,89.5,1
32.7,69.6,1
27.5,91.6,1
27.8,66.7,1
29.2,55.4,1
26.4,75.7,0
27.5,65.0,0
28.4,73.1,0
26.8,79.3,0
25.1,72.6,0
26.6,72.0,0
23.4,76.8,0
38.6,65.0,0
32.7,67.1,1
33.3,62.6,1
33.9,87.7,1
23.2,62.2,0
30.4,93.9,1
34.2,67.2,1
29.0,75.3,1
31.1,74.0,1
33.6,84.4,1
30.6,65.4,1
33.9,68.2,1
25.9,93.4,0
31.2,66.1,1
24.7,76.0,0
28.7,87.5,1
30.7,62.1,1
22.4,80.8,0
31.0,89.2,1
25.3,67.7,0
22.4,81.3,0
25.1,80.7,0
31.4,56.0,1
26.4,81.7,0
24.5,79.1,0
27.5,67.8,0
24.8,72.6,0
31.0,68.8,1
24.5,66.9,0
32.2,80.7,1
25.0,73.4,0
25.0,88.0,0
27.0,98.0,0
30.0,96.4,0
30.7,62.7,1
33.0,74.4,1
24.1,82.3,0
31.6,73.4,1
32.2,85.7,1
28.8,79.1,1
25.4,82.2,0
28.6,59.6,1
29.9,77.2,0
24.4,75.3,0
35.0,58.3,1
31.8,80.9,1
27.7,78.5,1
26.1,79.1,0
22.0,80.9,0
31.3,54.9,1
33.8,73.6,1
28.8,86.4,1
29.0,75.1,1
33.2,74.0,1
22.0,88.0,0
27.7,80.9,1
25.7,79.7,0
22.0,92.2,0
22.0,67.1,0
30.3,89.1,1
22.0,78.3,0
24.4,55.1,0
24.2,81.5,0
25.1,95.0,0
26.9,78.2,0
29.5,82.4,1
30.5,67.1,1
27.6,69.1,0
34.4,59.3,1
25.0,76.0,0
26.3,74.6,0
34.7,78.8,1
23.6,93.9,1
22.0,68.9,0
30.5,77.9,1
24.8,73.2,0
29.9,73.0,1
33.5,73.0,1
33.7,68.4,1
23.1,68.5,0
25.3,87.2,0
28.7,66.3,1
30.5,63.2,1
25.6,81.2,0
31.0,69.4,1
23.9,82.2,0
22.6,71.0,0
40.8,62.4,1
28.0,65.3,1
30.2,70.6,1
29.4,84.4,1
22.0,64.2,0
31.2,76.1,1
24.6,90.8,0
24.6,70.7,0
36.2,63.3,1
28.4,69.1,0
25.3,82.1,0
25.2,75.5,0
34.9,71.7,0
26.9,74.3,0
22.3,85.0,0
33.8,78.6,1
23.7,79.9,0
28.0,78.0,1
24.9,82.1,0
29.4,51.2,1
26.7,88.9,0
24.4,89.3,0
28.7,70.6,1
29.8,58.4,1
26.2,62.2,0
36.4,58.4,1
26.3,87.3,0
32.4,85.3,1
26.9,59.8,0
24.5,95.5,0
29.2,88.0,1
26.1,84.8,0
27.0,80.6,1
26.3,70.2,0
23.8,60.8,0
29.2,62.4,0
24.4,74.8,0
22.0,88.8,0
22.8,76.0,0
26.9,86.4,0
29.3,68.3,1
25.2,81.8,0
28.3,69.4,0
22.4,74.3,0
23.7,83.3,0
31.8,71.1,1
27.0,66.4,0
24.4,74.1,0
30.5,64.5,1
30.6,74.6,1
23.6,69.9,0
33.5,85.7,1
23.1,79.9,0
24.0,69.2,0
29.3,68.3,0
36.1,68.6,1
29.9,54.4,1
31.6,98.0,1
29.5,68.6,0
27.7,77.9,1
26.0,68.4,0
26.4,57.0,0
26.9,93.4,0
32.2,80.2,1
29.2,69.5,1
33.1,85.4,1
32.2,79.5,1
31.6,64.3,1
24.8,92.9,0
30.3,83.2,1
32.7,85.4,1
30.2,64.7,0
22.7,60.5,1
31.4,67.5,1
28.6,90.7,1
27.1,79.9,1
31.9,84.1,1
29.9,93.7,1
32.8,83.5,1
27.7,70.7,0
29.6,66.3,1
22.0,82.9,0
27.5,76.7,1
32.8,66.5,1
26.2,69.6,0
34.2,81.3,1
27.8,68.5,0
23.5,74.7,0
28.5,69.3,1
36.3,50.5,1
29.1,66.4,1
22.0,79.5,0
22.0,68.1,0
24.7,61.5,1
31.6,73.3,1
23.1,84.4,0
23.7,68.7,0
24.3,85.0,0
22.0,89.4,0
27.5,65.6,0
29.1,72.7,0
27.8,83.1,1
22.0,76.9,0
25.1,74.4,0
27.9,89.1,1
28.9,72.5,0
31.0,86.1,1
27.0,65.0,0
28.3,70.2,0
29.0,96.3,1
24.3,76.1,0
24.7,85.9,1
27.3,70.4,0
35.2,70.5,0
27.3,49.8,0
26.6,65.6,0
28.5,62.4,0
32.4,69.8,0
33.6,69.2,1
25.6,60.3,0
30.3,80.6,1
33.5,98.0,1
25.7,76.0,0
32.6,79.5,1
28.4,51.1,1
22.0,87.4,1
28.9,77.5,1
32.8,63.2,1
31.9,89.4,1
34.7,68.1,1
26.3,59.5,1
32.2,84.6,1
29.7,58.4,1
31.6,59.6,0
24.7,81.0,0
30.3,83.2,1
33.9,71.4,0
24.5,85.7,0
27.3,77.1,1
25.4,81.5,0
36.9,62.9,1
35.9,54.2,0
25.9,85.9,0
22.0,86.7,1
28.2,60.0,1
28.8,69.2,0
31.0,68.2,1
22.4,87.5,0
26.0,76.9,0
24.9,90.7,0
30.1,66.9,1
31.7,60.5,1
22.0,77.5,0
25.3,61.0,0
28.8,85.8,0
22.0,71.0,1
31.1,87.7,1
30.7,55.7,1
28.3,68.6,1
23.7,78.7,0
33.7,69.5,1
25.0,72.9,0
28.6,74.3,0
29.8,62.9,1
31.2,72.2,1
30.2,78.9,1
26.6,64.5,0
27.5,80.5,1
23.8,90.7,0
26.2,84.0,0
28.0,67.3,0
27.9,77.5,1
28.0,51.0,1
30.9,70.4,1
31.6,81.4,1
26.7,86.0,0
28.4,95.8,1
32.7,90.3,1
22.0,70.0,0
28.3,47.2,1
23.7,87.4,0
28.4,77.5,1
22.4,79.5,0
24.5,74.9,0
22.0,85.2,0
25.2,87.7,1
24.3,84.5,0
25.5,72.1,0
27.1,59.8,0
35.4,88.6,1
22.0,74.1,0
25.3,88.3,1
34.6,80.3,1
25.6,89.6,0
34.9,59.8,1
22.2,73.9,0
30.8,85.7,1
29.5,82.3,1
29.1,78.1,1
29.0,67.8,0
36.3,65.6,1
29.2,65.7,0
27.1,85.5,1
24.9,78.0,0
29.5,70.2,0
24.1,84.2,0
27.7,93.0,1
36.3,82.6,1
24.5,85.6,1
29.1,84.9,1
22.0,86.6,0
22.0,77.8,0
30.8,90.9,1
32.8,84.3,1
27.0,80.4,1
29.3,88.4,1
27.5,85.5,1
27.4,73.3,0
28.9,92.8,1
33.2,67.1,1
26.1,70.6,0
24.3,84.1,1
26.3,62.1,0
30.3,62.2,1
22.0,64.3,0
32.9,71.8,1
27.8,78.1,1
28.8,66.0,1
22.0,78.0,0
22.0,89.1,1
27.4,77.1,0
26.1,71.7,0
28.9,73.4,0
28.3,79.5,1
32.3,60.8,1
29.5,80.4,0
26.9,80.7,0
27.1,87.3,0
26.1,76.3,1
24.7,72.2,0
29.9,60.1,1
23.3,78.7,0
29.2,68.8,1
32.4,76.1,1
27.0,75.3,1
26.2,78.4,0
29.1,57.0,0
34.1,68.0,1
24.9,69.7,0
31.5,72.0,0
25.5,82.5,0
29.4,71.3,1
24.4,71.9,0
24.9,94.3,0
22.0,70.1,0
30.0,72.4,1
26.9,70.1,0
26.1,86.7,0
22.0,87.0,0
26.5,54.2,0
26.2,83.0,0
27.0,71.1,1
22.0,84.6,0
32.9,68.4,1
29.8,83.1,1
26.5,81.7,0
24.6,81.2,0
26.8,76.7,0
29.7,84.6,1
33.5,68.6,1
25.9,98.0,0
30.1,78.6,1
22.0,76.6,0
24.8,77.0,0
23.9,76.8,0
27.2,94.6,1
25.2,69.8,0
30.6,71.9,1
22.3,71.5,0
23.8,69.3,0
27.6,68.6,1
26.7,69.3,1
24.7,73.5,0
24.9,56.3,0
28.5,88.6,1
22.0,73.2,0
22.2,94.3,0
23.5,72.5,0
25.8,75.8,0
29.0,68.6,1
34.7,76.1,1
23.8,69.8,0
26.8,61.3,0
23.7,82.5,0
25.8,63.3,0
22.4,70.1,0
26.2,80.1,0
28.9,62.2,1
33.9,62.6,1
30.7,84.0,1
23.2,71.2,0
33.3,74.4,0
22.0,81.1,0
23.7,74.8,0
28.8,66.3,1
30.2,70.8,1
27.4,87.5,1
25.9,70.3,0
27.7,77.2,1
36.3,60.6,1
28.4,72.7,0
28.1,77.5,1
35.2,75.2,1
22.0,84.9,1
26.8,89.7,0
37.0,73.9,1
36.0,71.8,1
24.4,79.8,0
33.3,71.4,1
27.6,65.0,0
29.0,72.2,1
37.2,81.0,1
33.2,68.8,1
27.3,67.5,0
33.3,62.1,1
33.5,58.6,1
22.2,70.7,0
32.8,76.8,1
25.2,72.6,0
24.9,76.0,0
28.6,68.3,0
29.3,71.5,0
22.8,78.4,0
32.3,64.5,1
24.8,72.9,0
28.9,51.8,1
27.5,80.2,1
22.2,64.3,0
29.0,87.5,1
31.9,58.3,1
26.6,77.9,0
31.4,62.2,0
29.5,64.4,1
27.5,75.2,0
32.6,67.0,1
34.8,85.4,1
29.6,74.9,0
22.7,91.4,0
28.7,93.4,1
34.5,49.8,1
32.6,87.3,0
26.4,83.8,0
28.9,67.4,0
29.1,61.7,0
30.8,76.3,1
26.6,72.2,0
28.9,86.2,1
26.9,98.0,0
36.9,55.7,1
22.0,80.4,0
32.6,78.2,1
31.2,78.7,1
23.9,84.0,0
28.5,74.0,0
22.3,85.4,0
30.1,61.9,1
27.4,77.9,1
22.0,98.0,0
31.2,91.9,1
25.8,72.9,0
29.4,76.2,1
23.2,87.3,0
26.2,71.8,0
28.8,77.6,1
26.2,75.1,0
23.7,84.4,0
30.5,76.8,1
22.0,95.1,0
22.0,78.5,0
22.7,74.6,0
35.8,73.0,1
22.0,80.0,0
31.4,87.8,1
28.8,72.0,0
32.0,61.9,1
31.0,65.9,1
24.3,89.8,1
25.2,64.6,0
28.1,84.8,1
25.8,80.9,0
28.6,86.1,1
22.0,75.5,0
27.2,87.3,1
31.3,68.6,1
26.8,81.6,0
25.0,85.1,0
33.3,58.7,1
37.4,58.7,1
27.4,95.0,1
24.8,72.4,0
26.2,81.4,0
27.6,52.0,0
30.8,64.6,1
31.1,80.0,0
29.1,61.3,0
30.1,68.6,1
28.9,56.7,1
25.9,81.1,0
25.3,80.9,0
31.9,88.7,1
29.2,56.9,0
27.7,74.1,0
22.7,60.8,0
25.2,77.0,0
31.9,68.9,0
23.8,58.6,1
25.8,75.4,1
23.3,64.0,0
26.3,84.1,0
26.7,59.6,0
28.0,86.1,1
24.5,61.4,0
26.5,84.1,0
23.5,83.2,0
22.0,85.3,0
26.5,87.3,0
29.1,72.0,0
23.3,75.0,0
22.0,67.8,0
24.0,83.7,0
32.1,57.5,1
30.0,64.3,1
30.8,64.6,1
28.7,71.0,0
28.6,93.9,1
28.3,74.5,1
27.1,73.2,0
30.2,78.5,1
28.7,79.5,1
22.0,82.1,0
27.5,87.6,1
26.1,86.5,0
22.7,81.1,1
28.8,83.1,1
26.3,70.4,0
28.9,94.9,1
23.8,77.4,0
23.1,72.6,0
30.5,75.6,1
22.0,98.0,0
27.3,76.2,1
25.4,90.6,0
26.9,76.1,0
23.4,79.0,0
22.0,67.2,0
27.9,96.9,1
33.5,69.4,1
25.9,66.3,0
23.0,70.5,0
34.6,69.4,0
30.7,70.8,1
34.5,69.2,1
31.6,73.1,1
23.4,91.6,0
28.6,60.6,1
26.7,72.3,0
29.3,83.6,1
35.0,54.6,1
27.4,60.9,0
28.2,80.7,1
27.6,78.1,0
24.3,77.0,0
23.6,84.7,0
28.7,62.8,1
24.3,78.6,1
25.6,53.0,0
34.0,65.9,1
28.6,62.4,1
30.6,69.3,0
30.6,80.6,1
27.2,62.7,0
29.2,72.3,0
35.6,70.7,0
36.5,57.4,1
34.8,63.6,1
36.3,47.2,0
32.7,64.8,1
22.7,79.9,0
29.8,59.2,0
24.8,79.0,1
28.7,81.8,1
24.6,69.4,1
31.4,70.5,1
34.5,65.3,1
22.0,84.6,0
25.7,74.6,0
23.6,75.3,1
22.0,91.9,0
31.1,65.0,1
27.0,58.4,0
27.4,86.9,1
34.7,77.4,1
31.0,70.6,1
32.3,87.3,0
29.5,65.8,1
30.3,64.8,1
29.7,73.3,1
32.8,89.5,1
24.1,67.9,0
30.3,74.8,0
30.1,66.4,1
27.3,89.5,1
30.1,73.6,1
36.0,78.8,1
22.7,59.8,0
27.0,75.5,0
26.9,77.4,0
30.6,85.2,1
25.8,66.7,0
22.0,81.3,0
23.3,87.5,0
28.5,71.8,0
24.7,67.0,0
33.4,83.7,1
24.7,85.9,0
27.1,61.1,0
28.7,76.1,1
23.7,92.6,0
30.6,79.2,1
23.3,91.0,0
26.7,98.0,0
31.2,73.1,1
32.3,60.1,0
36.4,57.3,1
22.4,88.1,0
23.4,60.5,0
33.2,76.8,1
28.6,56.5,1
22.2,71.5,0
22.0,69.3,0
31.5,56.6,0
25.7,73.3,0
34.7,73.9,1
27.9,76.1,1
25.5,83.8,0
27.0,80.3,0
32.7,67.3,1
22.0,95.7,0
33.8,64.3,1
30.5,59.9,1
29.9,74.6,0
33.3,71.1,1
24.2,77.3,0
23.9,74.1,0
26.9,75.0,0
26.0,78.9,0
27.1,84.4,1
31.5,80.4,1
32.5,65.9,1
27.5,70.9,0
27.6,86.6,0
27.4,67.4,0
23.6,71.8,0
22.9,75.4,0
25.1,75.3,0
32.3,69.7,1
25.3,86.0,0
30.5,75.1,1
22.0,65.1,0
28.4,82.2,1
24.9,70.8,1
26.3,84.4,0
29.1,76.8,0
34.6,85.2,1
27.4,73.6,0
28.4,81.5,1
30.0,77.1,1
34.1,77.4,1
26.4,72.9,0
34.2,75.6,1
27.3,61.9,1
22.4,86.8,0
26.3,63.5,0
31.3,80.7,1
29.8,74.8,0
31.5,82.4,1
36.5,74.2,1
24.2,86.9,0
25.0,71.7,0
35.0,50.6,1
35.5,77.2,1
26.6,64.4,0
25.7,77.9,0
26.4,62.7,0
24.1,92.9,0
24.7,81.6,0
26.7,67.9,0
30.9,70.5,1
28.9,72.9,1
31.8,87.2,1
35.2,63.8,1
30.8,61.0,1
26.4,71.4,0
28.8,60.7,1
22.8,72.9,0
27.0,91.1,0
32.7,64.1,1
25.3,65.2,1
30.6,49.3,1
25.7,74.4,0
24.4,79.6,0
30.6,86.5,1
27.3,54.7,0
23.9,58.9,0
27.5,83.6,1
35.1,78.6,1
25.6,64.3,0
28.4,60.2,1
22.0,83.9,0
33.5,72.8,0
36.8,58.9,1
22.0,93.9,0
25.2,80.4,0
27.1,77.7,1
33.5,60.7,1
29.7,67.7,1
27.1,70.7,0
26.9,75.6,0
28.4,62.6,1
33.7,76.1,1
26.3,91.7,0
23.6,90.5,0
27.1,62.2,0
26.9,91.8,0
22.0,75.8,0
28.5,71.1,1
30.5,62.4,1
31.8,66.4,1
26.5,98.0,0
24.6,74.5,0
25.9,62.7,0
28.0,74.1,0
36.3,63.8,1
25.2,56.6,0
31.1,83.9,1
28.9,69.6,0
22.1,87.4,0
28.0,82.0,1
32.5,70.5,1
23.6,72.3,0
26.0,73.7,0
27.0,81.7,1
28.6,64.9,1
29.4,75.3,1
26.0,94.4,0
24.8,97.8,0
27.9,73.2,1
36.1,71.7,1
29.0,64.7,1
26.2,84.1,0
33.2,69.7,1
32.8,67.8,1
29.7,78.4,1
31.8,58.6,1
32.2,78.5,1
23.8,83.6,1
25.9,71.6,0
22.0,66.3,0
28.2,80.0,1
30.2,86.7,0
27.4,67.6,0
32.8,72.9,1
27.3,62.4,0
22.0,75.2,0
27.9,78.2,1
33.9,67.1,1
31.0,72.0,1
27.3,51.6,1
23.0,91.9,0
31.7,65.9,1
24.8,73.6,0
27.8,88.6,1
24.4,84.6,0
29.9,82.6,1
34.1,54.6,1
29.2,75.4,1
25.9,85.7,0
22.9,85.1,0
26.5,83.2,0
32.8,91.2,1
32.0,64.6,1
22.0,87.9,0
22.7,85.1,0
22.0,81.7,0
25.8,80.4,1
30.7,60.1,1
29.9,79.1,1
30.1,81.9,1
23.2,78.8,0
22.0,68.1,0
22.0,76.8,1
31.6,63.0,1
22.0,84.5,0
37.3,68.8,1
27.7,70.4,0
29.8,70.0,1
25.0,75.0,0
22.0,86.0,0
32.9,75.4,0
27.6,81.7,1
25.8,84.6,0
23.7,62.0,0
23.3,73.2,0
30.3,64.7,1
28.3,59.9,1
28.6,61.5,1
33.8,77.3,0
29.3,79.0,0
23.0,85.7,0
35.4,63.3,1
28.6,77.8,1
25.8,89.6,0
26.6,84.8,0
25.8,80.1,0
22.0,76.8,0
24.9,88.3,0
32.4,61.4,1
30.6,67.6,1
31.8,98.0,1
26.7,69.4,0
28.9,80.1,1
25.4,86.4,0
28.2,85.3,1
26.6,79.7,0
30.3,72.8,1
25.6,70.2,0
24.0,78.2,0
33.5,80.0,1
24.2,76.8,0
30.9,85.2,1
32.7,84.6,1
35.7,69.6,1
25.1,72.2,0
24.0,81.9,0
24.7,81.1,0
27.3,58.1,0
28.4,57.3,1
28.6,73.8,0
33.2,85.2,1
25.9,88.5,0
26.6,66.9,0
26.0,82.1,0
30.8,78.8,1
22.0,78.7,0
35.2,63.7,1
31.0,79.5,0
35.1,78.9,1
26.5,72.7,0
35.0,81.5,1
28.5,81.7,1
30.8,60.6,1
22.0,89.3,0
22.9,79.3,0
31.1,81.0,1
24.7,82.6,0
27.9,65.0,0
26.7,63.5,1
29.8,64.5,1
24.5,82.7,0
27.9,63.8,0
27.1,84.4,1
26.4,72.5,0
23.1,73.8,0
29.4,83.2,0
33.2,69.6,1
32.5,80.9,1
31.3,86.8,1
24.6,62.8,0
22.0,77.6,0
26.3,71.3,0
27.8,81.0,1
22.0,84.7,0
23.5,62.2,0
35.0,60.1,1
36.7,70.4,1
34.7,75.9,1
29.4,91.8,1
22.0,70.8,0
27.2,67.9,0
32.4,58.3,1
32.5,84.5,1
22.0,83.6,0
30.1,67.5,1
27.5,62.1,0
27.7,88.2,1
25.5,74.3,0
26.2,76.9,0
25.9,68.1,0
23.0,94.8,0
26.7,72.8,0
30.3,60.8,1
34.2,69.8,1
29.7,74.4,0
22.0,80.0,0
22.0,75.1,0
30.4,85.4,1
29.2,69.5,1
22.8,67.0,0
30.1,74.5,1
26.4,77.3,0
22.8,56.0,0
25.9,78.9,0
27.8,60.4,0
22.0,90.4,0
22.2,71.4,0
27.2,62.5,0
29.9,70.0,1
30.7,85.7,1
24.3,97.7,1
31.0,83.3,1
25.7,86.5,0
24.7,89.5,0
24.2,64.3,0
22.6,84.7,0
27.8,95.8,1
30.8,81.1,1
30.3,97.7,1
31.8,62.8,1
33.5,64.6,1
28.9,83.0,1
29.8,69.6,0
26.8,75.2,0
31.6,74.9,1
32.6,74.5,1
25.3,78.9,0
25.2,98.0,0
27.0,75.2,1
31.3,80.5,0
33.2,58.1,1
22.0,83.5,0
25.6,90.7,0
29.1,70.2,0
30.3,73.9,1
26.9,78.2,0
29.2,86.3,1
25.6,65.1,0
29.5,74.0,1
22.0,78.5,0
29.3,59.5,0
28.5,94.7,1
29.3,57.4,0
32.3,74.0,1
28.6,90.9,1
33.3,70.8,1
22.9,75.5,0
30.5,68.4,1
22.0,67.4,0
23.8,79.0,0
24.6,85.1,0
29.8,65.9,0
28.8,52.6,1
33.7,59.1,1
29.4,70.9,0
31.0,86.5,1
25.1,85.6,0
31.6,77.3,1
23.3,83.4,0
25.5,73.0,0
29.1,97.0,1
24.0,87.2,1
22.0,80.1,0
29.3,85.6,1
24.8,90.4,0
29.9,78.8,1
29.1,80.3,1
32.7,83.8,0
32.0,68.0,1
33.5,67.4,1
28.8,65.0,1
23.0,79.3,0
23.8,81.3,0
26.4,81.9,0
22.4,70.1,0
23.1,91.9,0
25.0,97.5,1
22.0,82.1,0
30.1,81.5,0
26.3,57.7,0
22.0,71.7,0
25.5,83.8,0
23.0,78.7,0
33.2,78.9,0
33.3,70.3,1
30.3,85.1,1
35.6,93.6,1
30.2,83.1,1
28.7,78.6,1
30.6,75.2,1
26.8,72.8,0
22.2,83.2,0
26.5,66.5,0
29.3,81.0,1
22.5,79.7,0
31.9,70.5,1
32.6,79.3,1
30.3,75.7,1
30.6,77.2,1
23.8,76.9,0
33.2,66.2,1
31.9,80.8,1
35.4,65.3,1
26.9,79.9,0
26.8,97.5,0
33.4,85.3,1
34.6,78.0,1
28.5,68.0,0
31.5,94.7,1
22.0,84.4,0
26.5,89.9,1
26.9,63.2,0
32.2,59.5,1
22.0,67.5,0
27.5,88.2,1
27.4,68.5,0
32.2,86.1,1
30.5,96.0,1
32.9,77.8,1
31.3,83.0,1
24.9,93.9,0
30.8,74.7,1
30.5,79.1,1
28.2,67.0,0
25.4,63.9,0
27.4,86.2,1
27.0,93.1,1
30.9,90.1,1
29.1,64.2,1
26.4,75.9,0
31.6,58.4,1
24.6,98.0,0
24.2,95.5,0
26.5,66.3,0
26.3,96.9,0
31.0,66.7,1
26.9,87.4,1
33.2,79.0,1
22.2,89.7,0
29.6,80.1,1
29.1,56.9,1
32.1,64.3,1
22.0,98.0,0
24.5,85.7,0
30.8,64.2,1
34.0,61.6,1
31.2,51.4,0
29.7,79.3,1
27.8,55.3,0
35.7,76.8,1
26.2,78.7,0
26.2,64.2,0
25.2,87.5,0
26.4,92.1,0
22.0,81.3,0
25.7,59.2,0
28.8,69.6,1
27.1,73.3,0
30.5,70.3,1
26.1,78.2,1
25.1,84.7,0
31.4,70.3,1
30.7,93.0,1
28.8,74.8,0
34.8,64.4,1
23.8,84.3,0
31.8,58.9,1
33.8,69.6,1
23.9,57.4,0
26.6,64.8,0
32.8,84.4,1
24.0,82.8,0
29.6,58.6,1
28.0,76.7,1
23.9,92.0,0
22.0,89.6,0
24.5,65.9,0
26.7,60.2,0
22.0,83.9,1
28.7,79.7,1
26.3,62.2,0
26.0,72.2,0
30.2,56.5,1
22.0,69.5,0
30.8,76.3,1
29.8,79.6,1
25.9,69.7,1
33.1,83.7,1
29.9,65.6,1
23.6,82.2,0
26.3,53.0,0
27.2,93.0,1
25.6,70.9,0
33.9,53.5,0
27.4,87.7,1
33.7,67.7,1
22.9,70.5,0
22.0,68.3,0
30.6,89.7,1
22.0,71.0,0
22.0,79.6,0
30.0,76.0,1
33.0,86.5,1
30.7,74.7,1
36.0,72.9,1
33.2,84.3,1
22.0,92.4,0
22.3,82.7,0
33.2,81.4,1
27.2,90.0,1
32.1,79.1,1
28.0,56.3,1
22.0,61.0,0
27.8,67.3,0
31.4,70.9,1
30.5,72.2,1
22.0,77.6,0
30.7,89.5,1
22.0,70.0,0
30.0,61.7,0
29.8,96.3,1
26.3,79.8,0
24.4,89.5,0
23.5,84.8,0
26.4,84.5,0
27.6,73.8,0
28.7,50.1,1
29.4,68.9,1
23.1,72.4,0
34.2,81.8,1
23.6,77.0,0
22.0,82.1,0
31.3,48.3,1
34.2,67.1,1
26.4,81.4,0
31.0,96.8,0
26.1,98.0,0
23.8,80.9,0
22.9,91.7,0
30.7,76.4,1
25.3,71.7,0
27.8,86.9,1
22.4,84.7,0
28.0,69.4,0
24.9,77.4,1
29.3,70.5,0
29.5,82.7,1
24.4,98.0,0
34.7,85.6,1
30.5,67.4,1
33.6,49.2,1
28.4,78.9,1
26.9,98.0,0
25.9,65.6,0
28.6,86.6,0
22.0,80.7,0
28.0,66.1,0
30.0,83.5,1
22.0,81.5,0
31.6,60.7,1
32.9,75.2,1
33.4,77.8,1
27.0,68.2,0
32.6,70.1,1
32.4,78.2,1
31.5,69.8,1
24.8,71.1,0
29.1,67.4,1
24.8,91.7,0
30.5,93.8,1
30.9,64.6,1
27.8,77.6,1
23.9,72.3,0
29.0,78.5,1
28.0,84.7,1
25.9,74.4,0
26.0,89.3,0
33.7,58.1,1
31.0,69.6,1
33.2,61.7,1
30.3,85.1,1
31.4,64.9,1
22.0,70.5,0
28.6,60.3,1
27.5,61.3,0
23.6,84.5,0
32.5,71.4,1
31.6,62.5,1
28.7,71.7,0
27.3,78.7,1
31.2,70.5,1
26.0,80.8,0
23.5,93.8,0
28.0,59.9,0
25.6,80.9,0
27.3,68.6,0
25.1,61.1,0
34.6,62.2,1
29.4,85.4,1
28.0,82.0,1
24.6,75.0,0
32.4,61.1,1
30.1,60.8,1
26.5,81.2,0
25.6,84.3,0
31.5,53.6,1
28.4,75.4,1
35.5,68.5,1
23.9,79.5,0
31.9,68.6,1
22.0,85.9,0
26.4,65.5,0
24.8,80.3,0
27.2,79.4,0
22.5,73.2,0
25.7,82.8,0
32.7,65.6,0
30.5,58.8,1
31.2,84.0,1
22.8,82.7,0
24.5,82.6,0
28.8,56.3,1
30.6,73.4,1
24.9,97.1,0
22.7,58.2,0
26.3,89.0,0
27.1,82.1,1
23.6,68.1,0
27.0,76.0,0
23.5,94.5,0
31.7,51.8,1
22.0,96.0,0
24.8,86.8,0
30.6,74.4,1
22.0,68.1,0
39.6,66.1,1
34.4,53.8,1
26.9,93.2,0
26.9,67.1,0
22.3,72.0,0
24.9,66.6,0
22.0,85.6,0
31.4,82.6,1
22.3,69.0,0
28.8,72.1,1
33.2,60.1,0
25.7,52.3,0
26.8,74.7,0
22.6,96.8,0
26.5,91.4,0
30.7,73.6,0
29.8,74.4,0
28.2,67.1,1
30.8,71.2,1
23.8,89.2,0
25.1,67.3,0
32.6,85.3,1
24.8,67.2,0
22.0,71.2,1
22.8,72.5,0
31.6,56.6,1
23.3,88.8,0
25.3,67.5,0
25.5,90.8,0
30.0,76.2,1
33.0,64.8,1
29.2,70.2,0
28.5,73.2,1
25.6,86.5,0
35.7,77.5,1
22.9,71.3,0
35.0,75.5,1
28.2,81.9,1
31.1,79.3,1
28.9,80.0,1
31.3,78.7,1
22.9,88.3,0
27.1,69.4,0
22.4,66.6,0
29.8,61.0,1
30.9,61.6,0
22.0,78.4,0
23.1,81.5,0
26.5,83.2,1
22.8,81.9,0
26.5,71.3,0
27.1,88.4,0
25.4,69.5,0
29.8,48.5,0
26.1,74.4,0
28.1,72.4,1
31.1,79.9,0
29.4,77.5,1
27.0,65.4,0
31.8,64.3,1
29.7,70.8,0
35.8,66.5,1
26.4,60.9,0
27.7,98.0,1
31.3,61.7,1
31.5,64.4,1
39.2,84.5,1
30.8,72.1,1
32.1,62.1,1
28.0,49.3,1
33.3,57.5,1
31.3,69.8,1
29.4,97.0,1
23.3,77.5,0
32.0,76.6,1
23.4,98.0,0
27.8,88.2,1
22.0,80.2,0
30.9,66.3,1
22.0,92.4,1
29.5,64.5,1
32.2,65.5,1
25.3,77.2,0
29.0,67.3,1
30.5,77.6,1
30.8,79.3,0
29.1,67.7,0
30.7,78.1,1
34.6,65.1,1
30.2,62.7,1
27.4,72.7,0
30.8,95.4,1
29.9,78.5,1
23.3,86.2,0
22.0,77.8,0
22.0,90.1,0
29.5,75.0,1
33.4,75.3,1
32.2,61.7,1
33.0,62.1,1
33.4,65.2,1
27.8,76.4,1
30.3,80.4,1
34.1,77.2,1
26.3,77.0,0
22.0,93.5,1
28.4,70.3,1
22.6,86.7,0
25.2,75.6,1
26.5,77.2,0
26.6,87.1,0
22.0,82.9,0
25.0,70.4,0
28.2,76.3,1
29.8,64.0,1
27.3,83.2,1
27.8,61.1,0
32.0,92.5,0
25.6,69.1,0
22.9,94.2,0
29.4,66.9,1
33.4,75.7,1
35.5,63.9,1
27.1,68.4,0
27.4,89.2,1
22.0,54.7,0
28.1,66.4,0
31.2,50.4,1
29.4,75.8,0
25.2,88.0,0
24.9,70.3,0
31.0,76.7,1
29.6,72.2,0
23.9,73.2,0
29.6,67.5,1
31.7,74.0,1
36.0,82.0,1
28.6,75.6,1
27.7,88.5,1
26.1,72.4,0
22.0,76.1,1
26.8,73.1,0
26.0,87.0,0
25.6,78.2,0
22.8,74.7,0
33.2,79.9,1
25.1,75.7,0
30.5,55.8,1
25.7,71.9,0
26.2,81.2,1
36.4,80.3,1
29.3,75.5,1
32.5,68.3,1
33.0,67.4,1
30.9,74.0,1
28.6,73.2,0
31.5,87.1,1
27.4,70.5,0
22.0,81.1,0
22.8,63.9,0
22.8,83.3,0
33.7,60.9,1
24.9,89.7,0
28.6,73.5,1
31.5,81.9,0
36.6,88.1,1
26.0,69.4,0
26.2,91.1,0
27.1,93.0,1
23.6,92.1,0
22.0,79.6,0
25.1,81.8,0
30.4,80.2,1
33.8,65.6,1
32.6,58.6,1
22.0,77.1,1
24.6,93.8,0
27.4,65.4,1
32.8,80.8,1
22.0,78.9,0
32.2,65.2,0
28.2,84.2,1
22.0,87.6,0
33.3,93.4,1
31.5,55.3,1
25.6,68.9,1
24.8,78.8,0
28.6,92.2,1
27.9,68.7,0
33.7,56.6,1
28.3,75.1,1
27.0,85.5,0
32.1,90.8,1
27.2,78.0,1
34.3,57.5,1
29.3,97.3,1
34.1,81.5,1
22.0,71.7,0
25.5,69.2,0
29.0,68.0,0
27.5,65.2,0
29.3,68.1,1
29.7,64.9,0
24.2,69.8,0
33.8,92.8,1
31.8,63.6,1
33.9,57.5,1
25.1,71.5,0
31.1,71.1,1
22.0,83.6,0
33.5,67.7,1
25.5,64.3,0
30.1,60.7,1
22.0,92.1,0
27.6,89.8,1
32.4,73.6,1
25.6,66.0,0
32.5,70.9,1
24.2,82.6,0
34.8,89.6,1
30.3,69.2,1
24.2,88.9,0
22.6,77.4,0
22.0,77.4,0
22.0,93.0,0
22.0,60.4,0
29.5,60.2,0
32.2,67.2,1
23.4,79.3,0
22.0,78.0,0
31.9,68.9,1
27.3,54.2,0
30.3,71.5,1
27.6,84.6,1
27.5,68.0,0
35.3,71.8,1
31.1,79.1,1
22.0,98.0,0
27.8,88.4,1
29.8,64.2,0
22.8,66.7,0
27.7,55.5,0
23.5,81.4,0
25.9,90.4,0
31.3,93.3,1
22.3,79.4,0
26.1,71.1,0
33.2,92.0,1
33.0,81.0,1
23.3,77.1,0
28.2,62.0,1
31.3,71.3,1
31.4,81.6,1
26.0,65.3,0
24.9,60.7,0
26.0,76.0,1
33.0,64.3,1
22.0,64.4,0
22.0,70.8,0
25.9,77.5,0
27.4,75.1,1
27.5,77.8,1
27.4,87.9,1
23.5,81.3,0
31.3,61.9,1
36.5,73.6,0
26.7,90.5,0
25.1,76.4,0
38.4,45.2,1
25.4,68.8,0
28.4,60.4,1
27.2,58.4,0
22.0,90.5,0
29.2,77.7,1
31.0,55.2,1
28.4,82.0,0
35.4,74.9,1
27.4,76.3,0
32.8,85.7,1
23.6,69.6,0
22.0,84.2,0
36.7,69.2,0
27.3,88.7,1
27.4,83.4,1
28.3,58.0,1
29.0,78.3,1
28.3,66.8,0
29.5,76.2,1
30.3,85.4,0
27.6,68.8,0
25.1,56.9,0
22.0,89.0,0
29.7,84.5,1
27.3,54.6,0
23.0,82.0,1
31.9,73.2,0
24.6,72.6,0
30.5,82.2,1
22.0,71.1,0
28.9,79.8,1
25.4,70.0,0
34.9,97.6,1
24.6,86.8,0
27.7,63.2,0
28.3,63.0,1
22.0,71.1,0
35.8,62.3,1
34.0,70.4,1
30.6,81.6,1
27.5,69.2,0
28.9,62.1,1
29.1,79.0,1
29.7,70.0,1
25.9,74.3,0
32.3,75.9,1
27.1,75.4,1
27.8,73.2,0
23.9,77.3,1
33.0,85.6,1
34.8,66.5,1
27.2,77.0,1
22.0,86.0,0
24.9,89.0,1
25.1,92.7,0
26.1,73.0,0
25.6,76.4,0
37.9,53.5,1
30.0,91.9,1
32.9,79.3,1
23.6,91.8,0
32.1,86.6,1
28.4,66.5,0
22.3,73.9,0
34.9,63.9,1
31.0,58.8,1
23.9,80.0,1
29.9,79.1,1
37.0,74.3,1
23.1,62.4,0
32.2,70.6,1
31.9,57.0,1
28.1,66.7,1
28.9,77.8,1
25.6,93.1,0
23.8,92.6,0
22.0,65.0,0
22.4,64.3,0
22.0,60.6,0
30.7,76.9,1
38.8,68.9,1
25.7,97.7,0
26.9,89.2,0
34.0,77.0,1
23.9,71.0,0
22.8,75.5,0
29.7,74.9,0
28.1,69.7,1
26.0,65.2,0
29.5,85.8,0
24.5,90.3,0
33.8,68.6,1
30.6,64.5,1
27.5,67.8,0
29.4,86.7,1
26.7,91.0,0
27.0,85.4,0
33.2,67.8,1
30.1,64.6,1
33.2,68.7,1
25.6,82.4,1
28.8,60.8,1
24.6,84.4,0
22.0,73.7,1
26.8,69.5,0
33.3,83.6,1
22.0,86.1,0
24.0,76.6,0
32.6,72.2,0
22.0,69.9,0
27.0,87.0,0
22.3,82.3,0
31.8,73.1,1
29.2,86.1,1
28.9,69.5,1
22.0,85.5,0
29.5,89.1,1
25.7,78.6,0
24.6,81.7,0
31.2,96.2,1
28.5,86.2,1
24.6,59.7,0
24.8,55.6,0
31.4,75.0,1
26.8,51.7,0
32.0,68.1,1
27.3,75.3,1
29.1,72.6,0
23.3,78.1,0
23.9,74.7,0
25.9,68.5,1
27.5,90.8,1
32.1,89.0,1
22.0,81.9,0
31.5,60.6,1
33.2,84.6,1
34.9,80.3,1
29.2,73.8,0
30.2,65.2,1
34.1,81.8,1
24.9,80.0,0
27.5,65.4,1
24.6,81.7,0
28.7,88.0,1
23.2,80.8,0
32.3,76.3,1
26.8,75.0,0
24.0,80.3,0
29.8,89.2,1
25.3,86.5,0
26.7,89.5,0
36.6,68.9,1
27.6,94.3,1
28.7,90.0,1
33.8,74.9,1
33.4,86.6,1
25.1,70.3,0
30.2,88.2,1
27.0,86.6,0
24.4,82.0,0
34.4,71.0,0
27.7,70.5,1
23.5,87.0,0
28.5,60.5,1
32.5,76.4,1
28.1,55.9,0
25.0,80.5,1
22.0,84.1,0
32.2,61.1,1
24.0,64.3,0
26.8,64.7,0
31.7,69.2,1
28.8,56.5,1
23.4,72.3,0
24.3,72.4,0
28.0,67.7,1
33.7,72.1,1
25.7,87.2,0
27.7,81.5,1
31.9,66.9,1
34.6,71.3,1
28.6,73.0,0
36.6,70.9,1
35.7,55.2,1
26.4,85.1,0
22.0,88.0,0
30.2,84.4,1
26.4,59.9,0
30.1,84.6,1
23.9,69.4,0
25.4,67.9,0
22.0,75.7,0
27.8,79.0,1
22.0,78.4,0
27.8,77.4,1
36.7,80.3,1
28.1,77.2,1
26.2,80.1,0
34.3,59.7,1
23.3,79.1,0
28.5,93.7,1
29.6,69.0,0
22.7,88.4,0
25.0,62.0,0
22.0,96.9,0
32.4,75.9,1
29.4,82.8,1
27.3,66.8,0
34.2,65.9,1
32.4,94.8,1
32.5,78.5,1
23.7,53.2,0
29.4,73.9,1
29.1,84.6,1
35.9,71.7,1
26.5,68.0,0
32.0,59.8,1
25.4,61.7,0
27.2,71.8,0
23.5,64.0,0
28.6,69.5,1
27.7,63.4,0
27.9,93.6,1
26.9,88.9,0
30.7,84.6,1
29.8,63.9,1
37.5,59.6,1
28.6,89.1,0
29.6,58.4,1
31.3,50.2,1
31.9,74.5,1
22.0,74.0,0
27.5,63.7,0
29.9,73.5,1
34.0,62.6,1
28.3,57.2,0
27.6,93.4,1
31.4,69.5,1
22.0,90.1,0
27.7,71.3,0
24.3,77.7,0
29.7,66.6,1
22.0,85.0,0
27.0,89.1,1
30.5,90.2,1
28.4,61.6,1
29.2,70.3,1
26.6,60.0,0
27.3,69.9,1
32.8,72.5,1
32.8,69.9,1
28.2,85.8,1
31.7,83.0,1
31.0,65.2,1
22.0,90.4,0
22.6,76.5,1
28.4,92.2,1
27.3,85.7,1
25.6,83.5,0
29.4,57.8,1
23.8,83.1,0
24.4,74.0,0
26.6,88.2,0
25.9,82.1,0
32.5,74.5,1
29.2,69.0,0
23.0,75.1,0
27.3,70.9,0
32.1,77.4,1
28.2,75.9,1
22.6,72.3,0
24.2,68.1,0
30.6,69.9,1
34.3,85.1,1
23.4,86.3,0
26.5,71.9,0
24.3,73.3,0
28.9,73.5,0
23.1,85.5,0
33.9,58.1,1
28.7,83.0,1
22.0,74.2,0
25.5,78.4,0
32.0,62.1,0
29.4,75.5,1
33.0,82.3,1
28.3,62.8,1
25.0,73.2,0
31.5,81.5,1
30.2,74.6,1
22.6,91.6,0
31.8,96.0,1
30.4,66.5,1
29.5,66.6,1
31.5,59.4,1
31.0,76.5,1
22.0,69.3,0
32.3,62.9,1
24.9,63.2,0
24.1,80.1,0
28.4,66.0,0
26.7,69.4,0
29.7,82.4,1
30.0,64.8,1
34.8,76.4,1
25.5,76.7,0
29.1,55.6,0
26.9,78.6,0
33.2,73.7,1
23.0,55.3,0
30.1,79.4,1
22.0,85.4,0
27.1,77.6,1
27.9,74.6,0
22.0,60.5,1
25.5,65.6,0
22.0,80.2,0
32.8,78.6,1
22.0,72.0,0
28.3,62.2,0
30.9,62.9,1
32.9,50.5,1
30.4,65.6,1
23.4,82.7,0
31.3,57.0,1
31.1,63.3,1
30.8,58.5,1
23.1,91.9,0
34.0,75.6,1
33.0,88.9,1
36.1,72.3,1
23.7,91.1,0
34.5,75.0,1
26.9,65.6,0
28.4,62.1,1
27.9,70.1,0
30.2,86.5,1
22.3,88.6,1
28.3,66.9,0
32.6,63.0,1
22.9,85.4,0
22.0,93.4,0
29.4,57.5,1
28.7,78.4,0
22.0,76.8,0
22.0,72.5,0
32.8,85.8,1
34.6,74.4,1
29.3,73.1,1
29.4,64.8,0
26.9,80.7,0
26.0,70.9,0
34.1,71.1,1
28.3,68.5,1
29.5,85.5,1
27.5,63.0,0
26.3,91.1,0
31.2,87.9,0
32.9,71.2,1
24.7,77.9,0
26.8,86.0,1
30.8,62.0,0
30.8,67.5,1
28.8,79.3,1
27.5,72.0,0
24.4,79.0,0
31.6,62.6,1
35.4,69.4,1
22.0,86.3,0
37.7,77.2,1
25.0,65.9,0
22.0,83.3,0
25.8,67.6,0
24.7,78.2,0
28.1,65.0,1
26.2,74.3,0
31.9,68.5,1
27.3,86.3,1
30.6,74.7,1
25.7,80.3,0
25.7,74.9,0
22.0,76.0,1
25.3,69.0,0
34.8,85.9,1
28.8,69.5,1
28.5,67.1,1
31.5,63.2,1
30.5,62.5,1
34.9,68.2,0
36.7,61.7,1
31.6,85.9,1
30.6,60.6,1
23.0,82.0,0
22.7,80.9,0
26.8,65.3,0
27.1,72.2,0
25.3,82.5,0
36.7,67.3,1
24.9,97.9,0
25.4,73.6,1
30.3,66.1,1
30.0,54.2,1
25.8,91.6,0
27.6,70.4,0
22.8,79.3,0
22.0,73.9,0
25.8,67.4,0
26.9,64.4,0
25.7,85.4,0
22.8,71.5,0
31.3,67.9,1
27.5,80.6,1
22.0,68.4,0
23.4,72.8,1
27.0,72.3,0
35.5,86.2,1
33.0,64.3,1
26.7,77.8,0
29.7,76.0,1
31.0,81.9,1
31.3,76.2,1
27.3,76.3,1
26.1,82.6,0
22.2,54.1,0
22.0,68.7,1
28.3,69.6,0
34.9,83.8,1
32.5,58.8,1
31.6,75.9,1
34.7,78.3,1
32.1,64.1,1
30.4,77.6,0
25.3,94.9,0
31.5,62.2,1
22.7,84.2,0
23.1,63.5,0
27.2,73.8,0
22.5,88.8,0
26.2,70.0,0
27.5,84.2,1
30.4,77.8,1
29.7,51.8,1
32.9,70.3,1
22.0,87.1,0
24.1,72.7,0
25.1,74.8,1
39.9,69.5,1
23.6,59.6,0
26.9,74.0,0
32.0,80.2,1
28.3,88.2,1
35.5,73.8,1
32.4,68.7,1
32.8,76.6,1
33.0,71.2,1
25.8,72.1,0
25.0,65.1,0
29.6,69.7,1
34.1,78.3,0
22.0,68.8,0
30.3,63.8,0
28.1,98.0,1
28.1,80.1,0
33.2,74.4,0
34.4,70.1,1
26.2,89.8,0
30.4,84.8,1
24.7,81.2,0
30.5,91.1,1
24.5,83.4,0
22.7,92.2,0
22.0,87.5,0
22.0,81.6,0
25.7,78.8,0
27.1,80.0,1
24.1,82.3,0
38.3,72.8,1
30.5,79.0,1
27.0,73.2,1
32.8,70.7,1
32.5,94.2,1
35.5,65.5,1
30.3,85.4,1
22.0,79.8,0
33.6,86.1,1
22.0,76.8,0
28.4,98.0,1
22.5,74.2,0
26.0,66.5,0
30.9,76.4,1
24.5,89.9,0
28.3,60.1,0
28.1,60.8,1
34.0,70.9,1
29.4,63.3,0
33.2,74.4,1
28.2,85.9,1
29.6,63.6,1
22.5,89.5,0
25.7,91.6,0
26.5,88.1,0
31.7,71.4,1
28.0,76.1,1
28.4,75.2,1
27.6,60.4,0
26.9,93.6,0
31.2,74.8,1
26.7,64.5,0
33.5,73.9,1
23.8,81.1,0
23.6,63.6,1
27.6,72.7,0
27.7,81.4,1
26.4,78.6,0
30.8,59.0,1
25.3,56.6,1
29.0,84.3,1
24.1,82.1,0
32.2,59.9,1
32.3,71.0,1
26.6,85.4,0
25.9,78.9,0
25.6,91.6,0
25.3,86.9,0
26.5,81.1,0
30.6,62.7,1
22.0,71.3,0
31.6,69.8,1
29.8,77.4,1
33.5,69.6,1
36.7,71.8,1
25.1,71.8,0
28.3,77.4,1
26.9,78.3,0
31.7,67.9,0
28.5,59.3,1
26.9,64.8,0
29.6,89.7,1
32.1,86.3,1
29.6,78.4,1
23.2,79.9,0
28.0,88.3,1
27.4,61.2,0
27.6,63.8,0
30.4,76.9,1
28.8,98.0,1
29.2,70.0,1
34.9,70.4,1
29.7,84.5,1
22.0,77.7,0
22.0,79.3,0
31.2,61.0,1
33.2,69.7,1
24.6,81.5,0
28.4,70.9,1
27.0,77.5,1
22.0,79.4,0
30.0,82.0,1
37.4,76.1,1
29.1,77.2,1
23.1,76.5,0
27.5,59.7,0
23.3,80.2,0
25.7,83.9,0
23.4,63.5,0
33.3,69.4,1
28.9,88.6,1
30.6,67.5,1
27.4,77.6,1
27.0,89.9,1
27.0,88.0,0
25.7,76.3,0
26.2,76.5,0
30.7,74.1,1
27.9,70.0,0
27.0,66.9,0
24.5,72.2,0
27.9,58.0,0
25.3,66.5,0
28.4,87.9,1
28.1,65.8,1
30.1,56.4,1
25.9,88.4,0
25.1,60.4,0
23.7,69.9,0
28.6,67.4,0
27.6,87.8,1
24.4,76.9,0
27.4,77.5,1
22.0,78.3,0
24.2,58.1,1
29.1,72.2,0
32.4,81.0,0
23.6,90.4,0
25.0,73.8,0
29.5,74.0,0
24.1,79.9,0
23.0,88.2,0
27.1,58.8,0
23.3,89.7,0
33.2,65.1,0
29.5,64.0,1
25.3,58.8,0
28.7,80.4,1
29.4,98.0,1
30.3,64.6,1
26.4,77.7,0
28.0,79.1,1
30.1,72.6,1
26.1,78.5,0
29.0,83.2,1
28.2,67.7,0
31.6,61.3,1
34.3,68.0,1
29.0,86.5,1
28.7,59.2,1
24.2,68.1,0
30.6,66.4,1
26.4,67.0,0
34.8,73.2,1
26.7,70.0,0
22.2,63.4,0
29.2,75.1,0
27.7,66.1,0
31.2,55.8,1
26.8,85.7,0
31.9,78.6,1
30.0,77.6,1
22.8,60.6,0
34.8,61.9,1
24.2,77.4,0
38.5,60.3,1
26.0,88.2,0
26.7,90.1,0
34.2,73.8,1
27.2,82.2,1
32.2,79.0,1
22.4,74.6,0
25.8,83.1,0
27.0,68.9,0
31.2,82.1,1
28.3,82.1,1
26.8,65.6,0
24.5,86.6,0
26.9,97.3,0
34.5,69.0,1
34.6,61.3,1
35.7,67.3,1
30.5,61.7,0
23.6,88.5,0
34.8,76.2,1
29.4,81.7,1
26.2,69.1,0
26.5,71.9,0
29.2,89.1,1
25.4,91.8,0
34.9,66.8,1
26.6,83.1,0
35.0,85.6,1
36.6,65.9,1
34.1,60.4,1
30.4,95.9,1
23.4,86.9,0
33.6,70.9,1
27.8,64.6,1
22.9,83.7,0
24.5,56.4,0
23.2,71.1,0
33.4,79.5,1
25.5,86.2,0
24.3,56.8,0
34.1,63.4,1
32.4,54.6,1
30.4,68.8,1
26.1,76.3,0
25.2,97.5,0
27.9,71.6,0
36.1,79.7,1
28.0,82.6,1
27.0,63.6,0
29.4,74.1,1
28.0,75.0,1
30.5,64.3,1
34.4,63.8,0
22.3,77.5,0
26.3,63.8,0
31.4,74.5,1
22.0,71.3,0
25.2,59.6,0
26.5,81.4,0
27.7,58.8,0
30.6,74.8,1
22.0,98.0,0
25.7,75.7,0
22.0,75.0,0
22.0,77.1,0
28.1,65.0,1
31.9,59.3,1
22.0,88.2,0
29.3,79.5,1
34.5,64.4,1
34.5,68.4,1
26.7,77.5,0
34.1,81.3,1
28.7,84.1,1
28.7,86.8,1
26.7,87.0,0
36.2,86.7,1
24.1,75.5,0
24.8,85.9,0
30.6,73.8,1
22.0,77.1,0
22.0,88.6,0
31.8,85.1,1
29.6,93.8,1
33.9,58.5,1
33.4,56.9,1
34.0,78.0,1
24.0,86.0,0
24.6,80.0,1
27.1,56.2,0
33.8,65.8,1
24.8,69.7,0
30.0,54.5,1
34.5,78.8,1
28.8,73.1,1
24.7,72.6,0
30.1,64.0,1
27.2,75.7,0
29.5,75.9,1
25.5,68.3,0
24.9,63.3,0
25.6,81.1,0
27.4,61.6,0
24.6,85.2,1
27.0,79.1,0
22.0,77.7,0
23.6,63.9,0
27.9,77.5,1
22.0,78.3,0
26.2,89.2,0
28.6,74.5,0
26.1,91.0,0
28.5,77.0,1
22.0,63.8,1
31.8,81.6,1
30.1,54.2,1
34.3,75.7,1
31.5,82.2,1
32.1,62.4,1
30.8,76.5,1
31.8,78.1,1
25.1,63.7,0
27.3,76.7,1
25.0,66.4,0
23.6,68.8,0
22.4,79.5,0
24.9,78.5,0
34.4,90.3,1
25.0,91.6,0
24.5,66.5,0
27.0,72.0,0
27.4,81.2,1
32.5,60.3,1
25.6,98.0,0
36.0,72.7,1
30.8,62.8,1
27.6,84.3,1
28.1,70.4,1
27.4,66.6,0
23.6,88.3,0
22.1,92.3,0
29.7,82.9,1
27.4,79.9,1
24.0,83.8,0
22.9,60.7,0
24.7,56.7,0
36.4,74.1,1
23.6,77.0,0
29.8,80.5,1
30.0,71.4,0
34.1,83.6,0
34.2,70.0,0
32.7,91.8,1
29.5,63.4,1
30.3,55.4,1
24.7,75.4,0
29.9,67.4,0
30.4,74.6,0
24.4,73.8,0
22.7,84.5,0
22.0,71.6,0
31.4,84.3,0
30.8,80.5,1
24.5,64.3,0
22.0,73.2,0
22.0,72.7,0
22.0,88.9,0
33.1,60.5,1
29.7,75.9,0
25.7,53.5,0
23.0,69.3,0
31.0,77.6,1
25.5,75.5,0
24.2,85.5,0
22.0,65.8,0
26.2,84.8,0
35.4,72.8,1
32.4,85.9,1
24.5,56.5,0
33.1,73.3,0
27.4,72.0,0
25.6,57.7,0
32.3,79.4,1
32.1,52.2,1
27.6,53.0,0
23.9,66.5,0
27.3,77.4,1
32.4,82.5,1
33.4,95.1,0
23.6,80.6,1
27.2,78.7,1
22.0,96.6,0
26.5,58.7,0
31.2,84.2,1
32.2,59.6,1
30.6,64.2,1
33.3,96.9,1
26.4,79.9,0
33.1,65.5,1
31.7,59.0,1
26.4,78.9,0
30.9,98.0,1
28.6,86.8,1
26.4,62.0,0
24.8,67.6,0
25.0,75.0,0
28.5,90.0,1
22.0,70.6,0
28.7,66.7,0
29.2,79.1,1
23.0,72.1,0
35.7,80.2,0
22.6,81.0,0
25.8,78.0,0
26.5,58.9,1
22.0,89.0,0
26.6,72.8,0
34.2,71.3,1
22.0,81.0,0
24.7,84.7,0
23.7,60.5,0
24.4,77.4,1
27.0,93.0,1
33.3,64.7,1
31.0,68.5,1
24.6,76.4,0
32.3,68.4,0
28.6,78.2,1
29.7,81.7,1
22.0,93.3,0
22.0,87.4,0
30.9,85.8,1
32.5,73.5,1
24.8,79.8,0
26.7,88.6,0
24.0,74.0,0
32.1,64.6,1
22.0,58.7,0
28.5,91.6,1
24.9,62.1,0
26.7,72.6,0
24.2,81.4,0
27.6,55.9,0
26.1,98.0,0
33.0,67.2,1
29.7,95.5,1
24.4,93.0,1
30.8,57.3,1
29.6,88.0,1
34.3,72.3,1
35.0,67.4,1
28.1,67.7,1
31.2,80.8,1
22.0,85.6,0
27.0,62.9,0
26.6,84.3,0
30.8,91.2,1
29.4,63.7,1
27.6,68.0,0
23.5,86.7,0
27.7,84.8,0
28.0,72.3,1
30.8,98.0,1
26.5,97.6,0
22.0,81.8,0
32.7,80.0,1
23.6,98.0,0
22.1,60.9,0
30.6,88.2,1
33.2,88.2,1
28.7,77.8,1
26.0,77.0,0
36.6,64.4,1
26.0,72.0,0
33.4,84.2,1
27.3,90.9,1
32.4,57.9,1
31.4,78.4,1
25.8,84.5,0
22.4,70.4,0
22.0,74.8,0
27.5,77.4,1
35.6,92.3,1
26.3,55.0,0
32.1,81.2,1
27.1,62.7,0
25.0,84.4,0
29.0,45.0,1
32.1,60.8,1
34.0,69.6,1
31.2,59.0,1
35.0,72.4,1
32.0,87.4,1
26.9,98.0,0
26.7,69.1,0
34.2,69.8,1
30.2,75.1,1
32.8,78.4,1
33.3,62.2,1
27.9,66.4,0
28.9,96.6,1
22.3,90.5,0
27.4,91.8,1
25.8,81.0,0
27.1,80.4,1
23.0,73.8,0
23.4,70.6,0
33.2,96.6,1
31.3,52.9,1
28.9,74.9,0
28.2,56.5,1
27.9,81.0,0
22.0,89.1,0
30.0,77.1,1
27.3,83.5,1
23.8,89.0,0
26.0,60.4,0
27.1,58.4,0
31.0,74.0,1
22.5,50.8,0
26.8,79.2,0
29.6,73.3,0
28.2,74.2,0
32.4,45.0,1
30.4,79.2,1
30.6,73.1,1
31.1,68.9,1
33.1,61.3,1
31.5,59.5,1
34.7,63.2,1
34.6,67.1,1
24.1,93.5,0
22.0,74.2,0
33.8,62.0,1
28.9,66.8,0
25.7,74.4,0
25.8,59.9,0
25.3,71.8,0
36.9,86.0,1
29.3,92.8,1
34.0,70.3,1
30.4,98.0,1
24.9,76.2,1
27.6,73.6,0
32.7,68.1,1
27.2,78.6,1
23.1,73.7,0
29.2,69.9,1
29.9,79.2,1
29.5,77.2,1
26.6,60.0,0
30.7,77.8,1
29.4,79.1,1
23.4,80.9,0
34.7,86.0,1
23.6,86.2,0
22.0,80.1,0
30.0,88.5,1
23.3,74.6,0
27.2,76.6,1
34.5,62.4,0
26.0,86.7,0
26.9,88.7,0
28.0,77.1,0
30.3,87.9,1
22.0,86.9,0
32.1,62.6,0
36.6,73.7,1
26.8,56.2,0
25.7,55.9,0
31.1,65.8,1
29.0,80.8,1
30.3,87.8,1
28.0,98.0,1
27.3,65.6,0
29.6,72.8,1
22.0,69.0,0
22.0,63.9,0
33.4,89.3,1
32.2,68.4,1
27.2,67.4,0
22.0,86.6,0
24.1,81.1,0
25.7,57.3,0
34.6,73.8,1
28.1,68.8,0
23.3,50.4,0
23.6,75.7,0
22.6,95.4,0
24.8,61.0,0
32.2,53.0,1
33.4,85.6,1
23.2,65.1,0
32.8,85.8,1
34.2,55.7,1
30.5,77.6,1
27.6,92.2,1
23.3,79.3,0
27.0,64.0,0
29.8,77.1,1
29.2,78.1,1
26.3,66.5,0
22.8,77.9,0
28.6,88.2,1
27.3,74.4,0
27.7,78.3,1
31.4,78.8,1
28.7,68.3,1
24.8,81.1,0
29.2,68.1,0
23.1,86.8,0
29.3,80.2,1
29.6,64.8,1
27.5,64.0,0
23.6,89.1,0
29.1,89.7,1
31.9,59.9,1
31.7,80.7,1
28.3,78.3,0
29.2,98.0,1
31.4,77.9,1
25.8,95.1,0
26.0,82.3,0
27.5,63.1,0
28.3,62.9,1
29.6,69.3,1
28.3,74.0,0
33.3,55.7,1
28.1,64.7,1
29.6,66.7,1
34.5,82.0,1
32.9,75.6,1
30.0,78.7,1
23.2,91.4,0
24.0,76.7,0
31.9,74.6,0
30.5,82.2,1
27.9,45.0,0
25.9,74.3,0
30.6,76.9,1
31.2,82.1,1
34.0,79.6,1
24.0,90.7,0
30.1,53.7,1
30.4,57.5,1
31.6,61.5,1
25.9,67.7,0
26.2,67.9,0
32.7,85.1,1
32.1,94.3,0
32.1,68.6,1
32.0,60.3,1
26.6,86.5,0
33.1,67.3,1
34.7,72.6,1
22.0,77.2,0
28.8,72.5,1
25.9,70.3,0
37.4,78.3,1
22.0,83.5,0
25.3,79.9,0
26.8,67.3,0
23.1,87.9,0
30.1,71.9,1
32.5,65.3,1
25.9,74.9,0
39.3,76.5,0
22.0,72.9,0
27.5,82.5,0
37.1,61.7,1
29.6,76.5,1
26.3,95.7,0
29.6,65.9,1
22.0,60.9,0
35.0,70.9,1
22.0,79.1,0
22.0,83.7,1
22.0,81.1,0
23.4,74.9,0
28.4,82.1,1
29.2,80.7,1
29.3,70.2,0
23.2,86.1,0
30.5,59.2,1
29.1,86.8,1
28.5,74.6,1
29.0,78.0,1
31.0,66.7,0
28.0,90.4,1
26.6,68.9,0
22.0,87.0,0
22.1,84.4,0
22.0,67.7,0
29.9,87.2,1
33.2,76.2,1
33.5,86.9,1
25.1,90.9,0
31.9,79.1,1
33.7,67.9,1
26.4,69.2,0
25.9,78.4,0
31.7,49.8,1
31.0,52.5,1
23.5,77.7,0
23.3,74.4,0
29.4,71.2,0
30.3,89.0,1
24.8,58.9,0
23.7,77.2,0
33.3,82.5,1
28.8,81.7,1
22.0,71.5,0
25.3,73.3,0
31.5,72.6,1
25.1,77.8,0
30.9,57.8,1
25.2,86.9,0
30.9,69.5,1
24.1,75.4,0
33.1,80.6,1
24.1,70.4,0
32.3,87.2,1
31.1,74.1,0
30.4,67.1,1
35.3,70.5,1
24.9,77.9,0
32.9,65.3,1
22.0,87.5,0
30.2,79.7,1
30.0,85.4,1
31.4,78.6,1
33.0,69.5,1
34.0,81.8,1
24.6,53.6,0
26.2,84.1,0
30.9,55.7,1
25.8,75.0,0
32.3,64.8,1
29.9,62.6,1
22.1,65.3,0
29.4,80.5,1
33.9,54.7,1
31.8,87.6,1
24.6,89.5,0
25.5,98.0,0
23.2,77.7,1
30.2,59.5,0
31.9,76.6,1
23.4,75.3,0
35.2,62.5,1
24.2,81.0,0
22.4,76.7,0
27.5,80.8,0
27.3,72.9,0
31.9,93.2,1
28.4,65.7,0
31.1,67.9,1
25.1,56.6,0
28.4,75.1,1
22.0,84.4,0
24.6,78.3,0
29.7,69.8,1
35.1,69.9,1
34.1,67.3,1
22.0,83.4,0
25.7,71.2,0
32.3,63.7,1
29.9,67.5,1
22.0,75.6,1
32.1,60.8,0
22.3,65.7,0
37.2,73.1,1
22.0,86.6,0
31.6,66.3,1
32.4,73.4,1
25.4,88.0,0
23.4,77.3,0
22.0,78.0,0
22.0,74.6,0
24.1,78.1,0
31.5,53.9,1
23.2,79.6,1
24.6,74.1,0
30.9,89.5,1
26.5,69.3,0
32.4,53.3,1
34.3,75.3,1
31.6,77.9,1
27.3,87.0,1
26.1,78.1,0
31.4,60.5,1
27.7,72.0,0
24.0,71.8,1
26.2,69.1,0
28.9,81.8,1
28.7,67.5,0
24.5,55.6,1
27.0,82.2,1
28.2,66.5,0
26.8,94.4,0
22.6,76.8,0
35.3,92.9,1
30.9,88.0,0
30.7,52.3,1
29.6,72.5,0
29.1,80.1,1
31.2,52.4,1
32.1,62.8,1
30.3,57.3,1
24.1,98.0,0
24.4,83.8,0
24.0,77.3,0
24.7,80.0,0
24.6,95.1,0
24.8,78.4,0
30.4,70.5,1
27.5,62.9,0
24.1,71.2,0
29.4,83.7,1
26.9,58.8,0
29.0,63.8,1
22.7,79.1,1
24.3,75.4,0
28.3,65.4,0
30.4,75.5,0
27.8,72.5,0
24.9,65.4,0
22.0,92.7,0
32.0,70.4,1
22.0,96.3,0
29.5,86.6,1
29.0,87.3,1
23.0,73.5,0
31.9,70.5,1
29.5,93.7,1
30.6,81.7,1
34.4,77.1,1
27.0,59.2,0
25.6,85.7,0
30.3,73.9,1
26.7,74.5,1
36.6,65.8,1
34.1,92.3,1
25.3,63.9,0
22.0,73.7,0
31.4,76.6,1
28.7,68.2,1
29.0,63.8,0
33.9,74.3,1
29.9,55.1,1
27.4,70.9,0
31.5,54.4,1
22.3,57.3,0
23.3,78.2,0
32.0,89.4,1
30.6,83.4,1
31.0,77.0,1
31.6,81.1,1
34.2,80.6,1
33.2,55.9,1
35.3,82.8,1
26.3,82.4,0
34.2,85.7,1
28.5,98.0,1
30.2,68.5,1
32.8,72.4,1
31.8,78.3,1
31.5,88.7,1
31.1,67.8,1
32.2,54.5,1
23.8,53.6,1
33.9,84.2,1
26.2,80.3,0
33.0,76.0,1
35.5,68.6,1
35.5,74.2,1
23.7,76.8,0
33.7,68.1,1
24.0,72.8,0
29.4,73.3,1
30.7,70.4,1
24.6,91.4,0
28.5,66.9,0
32.3,70.1,1
33.0,97.8,1
31.7,71.6,1
29.0,95.0,1
31.5,72.0,1
33.7,70.8,1
22.0,79.2,0
31.6,52.1,1
25.6,93.2,0
26.4,69.6,1
33.3,69.3,1
23.1,84.9,0
33.7,70.9,1
22.0,71.1,0
22.8,82.3,0
29.9,79.4,1
26.5,79.3,0
27.7,58.3,1
30.5,89.4,1
33.3,85.4,1
34.5,63.3,1
28.7,98.0,1
22.0,66.7,0
29.8,62.7,1
29.2,92.9,1
40.9,74.6,1
28.0,70.1,0
27.3,81.4,1
29.5,78.4,1
23.8,78.1,0
30.5,76.1,1
35.3,83.2,1
28.5,70.7,1
26.0,83.6,0
27.0,86.1,0
26.9,81.5,0
22.8,82.9,0
31.9,77.8,1
27.2,74.2,0
25.1,73.8,0
22.3,71.0,0
23.4,71.5,0
32.2,58.7,1
22.0,76.0,0
31.4,56.5,1
25.3,89.2,0
29.0,56.3,1
27.2,97.6,1
31.3,77.3,1
25.2,75.7,0
30.8,68.1,1
24.8,75.2,0
35.3,87.1,1
34.5,89.0,1
22.0,85.4,0
31.8,60.4,1
24.1,81.6,0
34.8,61.8,1
27.8,45.0,1
29.0,69.5,0
27.5,89.8,1
28.3,62.9,1
26.0,82.5,0
31.9,73.3,1
27.7,73.2,0
24.4,97.8,0
25.7,66.1,0
27.3,61.2,0
22.6,79.7,0
26.8,75.9,1
28.0,84.5,1
31.8,60.5,1
33.0,71.8,1
22.0,76.4,1
35.4,55.2,1
28.0,71.7,0
28.3,63.8,1
35.1,74.7,1
33.8,80.3,0
23.9,82.0,0
24.3,80.0,0
34.9,68.9,1
31.5,57.7,1
33.1,57.8,1
29.6,68.4,1
25.7,70.4,0
27.6,80.2,1
31.2,64.5,1
24.1,84.2,0
27.3,73.0,1
25.2,74.5,1
26.4,65.3,0
24.8,64.1,0
25.4,86.2,0
26.7,80.6,0
30.3,62.1,1
39.1,81.6,1
36.4,84.0,0
32.3,88.1,1
31.0,66.3,1
24.3,68.8,0
25.6,51.0,0
24.3,74.4,0
22.0,77.5,0
30.7,81.8,1
25.9,72.0,0
24.3,53.0,0
22.0,79.1,0
32.3,75.8,1
29.2,71.5,1
26.3,83.0,0
32.1,81.0,1
25.2,86.6,0
34.3,78.3,1
25.7,81.3,0
30.8,56.4,1
23.2,95.8,1
34.3,68.7,1
24.6,60.2,0
33.3,78.9,1
25.8,80.9,1
28.1,70.1,0
30.6,68.1,1
29.1,65.3,0
25.9,87.6,0
27.3,77.3,1
29.0,77.7,1
22.9,71.0,0
22.0,96.0,0
28.0,76.5,1
30.4,79.9,1
25.9,84.7,0
33.6,65.7,1
33.2,69.8,1
29.3,86.8,0
22.0,82.1,0
22.0,92.2,0
33.4,64.9,1
29.8,64.5,1
23.8,79.7,0
30.2,69.8,1
22.0,73.3,0
22.0,78.3,0
32.1,84.5,1
30.9,85.8,1
29.1,79.7,0
22.0,58.4,0
32.2,72.3,1
34.4,69.5,1
22.0,77.8,0
24.4,92.4,0
24.4,64.4,1
24.5,96.4,0
26.3,92.6,0
36.9,71.5,1
27.6,84.9,0
29.4,73.0,0
31.6,78.9,1
24.5,76.9,1
31.6,63.6,0
26.6,74.8,0
22.0,63.0,0
23.5,88.9,0
26.7,64.2,1
28.5,81.0,1
31.0,61.0,1
29.2,68.9,1
29.0,77.2,1
27.1,92.5,1
31.7,87.1,1
24.4,78.9,0
23.8,78.5,1
22.0,82.5,0
29.9,71.7,0
31.4,80.8,1
26.4,66.5,0
32.2,78.2,0
27.9,64.4,0
24.5,79.4,0
31.1,70.3,1
24.8,66.1,1
31.1,74.0,1
35.8,67.4,1
27.5,91.2,1
29.3,75.2,1
25.7,66.5,0
33.5,71.1,0
24.9,96.3,1
31.0,78.2,1
25.2,73.1,0
29.0,87.0,1
26.2,55.5,0
28.5,62.4,1
27.8,75.9,1
34.8,63.7,1
25.0,80.1,0
35.4,74.7,0
28.2,75.1,1
26.8,59.8,0
22.0,84.6,1
23.7,89.8,1
28.9,95.8,1
23.6,74.4,0
32.7,64.4,1
34.6,65.0,1
33.5,51.5,0
28.9,90.3,1
29.8,66.9,1
27.9,81.3,1
30.9,54.5,1
27.4,58.5,0
22.4,63.5,1
24.1,86.5,0
30.7,88.7,1
25.8,62.0,0
25.9,83.1,0
30.3,78.9,1
33.7,72.8,1
27.8,87.8,1
23.8,81.3,0
29.3,75.2,1
26.8,68.2,0
22.0,75.3,0
33.1,67.3,1
22.0,86.0,0
22.7,75.8,0
28.9,86.4,1
35.9,63.3,1
27.6,86.8,1
32.6,79.4,1
29.3,77.7,1
26.2,82.8,0
33.1,76.8,1
31.0,71.6,0
31.1,69.2,1
32.8,76.0,1
28.5,74.5,0
26.4,66.1,0
25.7,75.6,0
30.2,98.0,1
22.0,81.5,0
28.5,67.5,0
27.2,57.2,0
30.3,98.0,1
28.8,67.0,0
22.6,76.5,1
31.6,91.6,1
23.7,82.5,0
26.1,56.2,0
28.4,96.7,1
28.9,86.7,1
28.8,67.9,0
28.0,95.8,1
25.5,64.0,0
31.4,66.1,1
26.1,76.5,0
25.4,95.5,0
29.6,86.4,1
27.0,68.0,0
29.8,79.0,1
32.6,63.8,1
30.4,79.7,0
31.3,93.0,1
23.8,84.5,0
22.7,70.6,0
33.7,74.5,1
27.8,62.2,0
26.9,65.5,0
27.3,71.1,0
24.2,78.2,0
24.7,89.1,0
29.1,86.4,1
22.0,88.5,0
34.4,69.9,1
31.6,92.5,0
23.3,74.8,0
35.2,71.7,1
29.1,85.1,1
25.0,70.9,0
27.0,67.6,0
30.2,69.7,1
31.3,76.0,1
22.0,79.3,0
22.0,86.5,0
31.2,47.1,1
29.4,64.2,1
22.0,72.0,0
25.2,85.0,0
27.9,79.2,0
33.1,85.7,1
26.2,88.5,0
22.4,94.8,0
35.4,68.7,0
32.4,64.0,1
34.1,65.6,1
25.3,84.3,0
26.0,53.9,0
37.0,59.8,1
28.6,98.0,1
25.7,82.8,0
24.1,83.8,0
29.1,57.6,0
24.2,73.9,0
22.0,78.9,0
25.4,81.3,0
27.0,63.5,1
27.8,75.7,1
38.0,69.4,1
25.8,64.6,0
26.8,68.3,0
31.9,68.5,1
28.5,73.5,0
30.5,81.6,1
22.2,62.8,1
29.3,59.1,1
26.2,82.1,0
34.8,72.3,1
27.4,80.1,1
24.3,75.0,0
35.2,67.0,1
26.0,52.6,0
26.3,89.2,0
30.7,65.5,1
27.5,86.2,1
28.1,83.8,1
22.0,73.5,0
33.9,73.5,1
22.0,73.7,0
22.0,85.1,0
25.2,73.5,1
27.9,79.4,1
29.4,89.6,1
32.8,53.4,1
22.0,94.9,0
29.1,77.6,1
27.1,68.9,1
26.3,75.8,0
34.8,72.9,1
27.1,89.5,1
25.3,75.2,0
28.5,55.0,0
32.9,70.6,1
28.9,71.9,0
25.4,77.6,0
25.7,77.3,0
28.7,85.2,1
22.0,76.6,0
27.6,66.0,0
30.2,66.1,1
35.9,66.0,1
29.4,83.0,1
31.2,93.1,1
29.1,68.6,1
23.3,66.9,0
22.1,75.5,1
33.0,69.9,1
26.2,79.8,0
31.1,74.1,1
24.5,81.4,0
25.8,58.3,1
24.6,89.5,0
30.8,69.0,0
26.8,93.1,0
36.5,75.9,1
23.1,78.2,1
26.6,83.5,0
30.8,72.0,1
26.7,77.4,0
22.8,91.2,0
27.3,68.7,0
22.8,71.8,0
34.5,69.2,1
22.0,76.8,0
25.6,75.4,0
31.8,45.0,1
22.4,79.3,0
23.9,98.0,1
22.0,88.7,0
22.0,87.2,0
27.4,92.3,1
37.2,62.9,1
27.8,81.5,1
31.5,82.3,1
25.6,71.7,1
27.8,76.8,1
23.5,84.5,0
27.4,65.5,0
24.4,92.7,0
32.7,85.8,1
26.5,63.1,0
27.0,81.3,0
33.7,56.5,1
25.0,59.1,1
31.3,75.7,1
31.4,71.0,1
28.1,85.6,1
22.0,83.5,0
31.0,62.7,0
32.2,57.1,1
29.2,80.7,0
30.3,77.3,1
24.6,68.3,0
30.3,52.8,1
25.6,83.1,0
22.0,87.8,0
30.8,72.4,1
26.7,95.3,0
22.0,65.7,1
27.6,81.0,1
29.4,65.1,0
34.3,71.1,1
26.4,77.9,0
33.4,63.1,1
30.1,70.0,0
25.9,67.6,0
26.9,85.7,0
32.1,65.8,1
28.9,84.4,1
24.4,50.1,0
28.7,73.6,1
31.3,60.4,1
25.7,73.1,1
26.5,78.9,0
32.4,89.2,1
22.0,93.9,0
24.1,81.4,0
28.5,78.1,1
22.9,79.2,0
30.6,53.7,1
28.6,65.6,1
28.4,72.7,0
23.4,72.0,0
32.3,69.0,1
35.1,63.2,1
30.6,98.0,1
23.5,88.1,0
22.5,76.1,0
28.2,64.1,0
29.9,86.7,1
28.9,55.5,0
25.8,73.0,0
27.0,78.8,0
23.2,65.9,0
22.0,89.4,0
22.0,78.2,0
29.6,65.9,1
25.7,80.5,0
25.7,68.5,0
25.3,77.4,0
22.0,61.9,0
35.9,64.2,1
22.2,87.5,0
29.0,85.3,1
23.7,67.9,0
28.2,59.9,0
27.4,54.9,0
32.9,70.9,0
35.6,66.9,1
26.1,71.3,0
27.5,57.2,0
30.8,68.6,1
23.6,64.6,0
24.0,84.6,0
36.3,71.2,1
22.0,68.5,0
27.9,51.3,1
22.0,83.8,1
31.6,69.9,1
25.7,76.0,1
28.3,61.9,0
28.5,86.7,1
22.0,70.0,0
31.4,82.7,1
28.9,66.7,1
27.8,85.1,1
29.3,64.6,0
32.4,55.8,1
28.6,64.2,1
27.5,70.0,0
31.1,71.2,1
35.1,74.8,1
28.6,72.0,1
24.3,84.9,0
30.5,73.7,0
22.0,74.1,0
22.4,76.2,0
25.2,78.2,0
24.6,73.5,1
23.9,82.4,0
23.2,93.1,0
37.0,67.6,1
31.8,89.5,1
29.6,61.1,1
33.2,79.2,1
23.5,81.9,1
29.8,72.1,1
22.0,68.8,1
26.0,92.3,0
22.0,87.2,0
34.5,74.5,1
36.9,59.0,1
25.2,71.4,0
22.0,71.0,0
24.4,66.5,1
23.5,92.4,0
26.4,83.2,0
27.3,77.2,1
25.3,85.0,0
27.1,61.1,0
27.1,71.3,0
33.2,70.7,1
22.0,78.7,0
25.3,83.2,0
28.1,80.3,1
33.7,65.8,1
33.7,61.4,1
32.7,74.8,1
22.0,92.5,0
23.2,79.4,0
25.3,78.2,0
22.8,84.2,0
24.3,76.7,0
30.2,72.6,1
22.4,56.3,0
28.3,62.9,0
31.0,80.6,1
29.3,75.7,1
31.1,85.4,1
24.8,72.4,0
28.0,60.9,1
27.3,67.4,0
25.3,76.2,0
22.0,73.7,0
31.3,71.2,1
24.1,84.1,0
26.6,74.6,0
25.4,73.3,0
26.4,70.4,0
28.0,74.3,0
27.0,74.6,0
31.5,71.4,1
30.7,71.5,1
27.3,81.9,1
38.0,59.0,1
25.5,60.3,0
25.1,98.0,0
28.5,75.9,1
31.2,76.1,1
27.7,98.0,1
25.8,74.3,0
34.2,68.4,1
33.6,68.4,1
25.1,79.7,0
23.1,79.5,0
23.6,74.7,0
25.9,83.2,0
29.1,95.2,1
26.4,70.8,0
25.3,88.8,0
30.0,80.2,1
32.5,61.3,1
28.0,83.0,1
34.0,69.0,1
25.3,58.7,0
23.6,89.8,0
34.1,70.3,1
35.5,61.2,1
33.3,60.2,1
22.8,87.8,0
27.0,84.9,0
27.8,79.8,1
35.6,74.4,1
26.4,75.6,0
22.0,45.0,0
23.9,69.1,0
30.0,68.6,1
22.7,85.0,0
22.0,92.1,0
27.6,81.7,1
24.8,85.5,0
31.6,70.9,1
30.4,56.9,1
28.1,55.0,1
22.3,93.9,0
28.3,59.3,1
30.5,80.5,1
31.7,61.8,0
25.3,78.4,0
22.2,85.6,0
32.0,67.6,1
31.5,82.9,1
25.0,86.7,0
27.5,64.2,0
22.0,80.1,0
36.7,77.8,1
30.6,86.4,1
29.8,74.0,0
27.7,80.6,1
22.0,74.0,0
28.3,55.5,1
34.0,68.7,1
25.7,79.9,0
32.8,66.4,1
29.0,67.3,1
30.7,60.0,0
22.0,97.8,0
25.0,92.1,0
26.1,60.8,0
30.5,82.8,1
26.0,84.1,0
23.0,71.8,0
29.3,62.8,1
27.0,52.6,0
24.2,62.7,1
30.1,80.0,1
30.7,60.1,1
22.6,91.5,0
32.2,89.7,1
24.5,82.2,0
26.9,76.6,0
30.6,55.2,1
25.7,76.2,0
29.5,62.3,0
30.5,68.7,1
28.7,58.7,1
26.0,83.9,0
24.9,84.1,0
26.8,76.6,0
29.8,71.6,1
28.3,81.4,1
24.3,85.5,0
26.9,84.9,0
34.3,71.7,1
26.4,98.0,0
22.0,81.5,0
29.9,61.1,1
23.5,76.4,0
36.7,71.7,1
26.5,80.9,0
26.0,84.1,0
35.3,53.7,0
27.1,51.9,0
30.6,62.3,1
30.3,65.5,0
31.5,65.8,1
28.2,78.6,1
22.4,87.6,0
26.0,73.6,0
22.0,64.2,0
25.2,88.8,0
24.3,85.5,0
30.4,75.9,0
28.4,75.0,0
29.1,72.7,1
28.4,90.0,1
29.7,74.1,1
32.2,69.0,1
29.9,84.4,1
31.0,71.1,1
31.0,81.7,1
24.0,82.2,0
22.9,81.0,0
41.1,88.7,1
28.7,63.9,0
28.5,88.1,0
24.7,98.0,0
29.8,74.4,1
34.5,66.2,1
26.3,70.3,0
31.7,77.3,1
24.8,82.3,0
32.8,59.8,1
27.9,81.8,1
31.8,65.5,0
31.5,82.9,1
24.5,78.8,0
23.9,78.9,0
27.8,90.8,1
31.9,89.2,0
24.7,63.4,0
23.4,89.8,0
27.0,67.9,0
30.5,66.2,1
26.1,97.4,1
22.0,78.9,0
31.7,76.8,1
24.1,65.5,0
32.1,49.6,1
26.9,68.7,0
27.4,84.1,1
26.9,90.9,0
33.0,65.7,1
25.6,88.2,0
32.6,72.8,1
23.1,98.0,0
24.2,92.7,0
28.0,63.4,0
24.5,94.5,0
22.0,77.1,0
28.0,79.4,1
25.2,54.9,0
28.7,79.9,1
25.6,77.4,0
35.2,82.3,1
32.8,74.6,1
36.0,87.6,0
22.3,79.5,1
23.1,86.6,0
28.0,61.2,0
26.7,59.5,0
32.5,69.9,1
22.0,91.2,0
33.0,71.9,1
28.3,78.0,1
31.2,89.0,1
29.3,81.2,1
22.5,71.3,1
25.5,78.8,0
23.2,83.0,0
26.1,84.4,0
22.0,83.8,0
25.7,88.0,0
27.8,64.7,1
26.7,69.4,0
35.9,79.1,1
24.7,86.1,0
31.4,68.0,1
24.9,74.9,0
26.1,86.3,0
26.8,58.7,0
32.6,61.3,1
26.7,65.6,1
31.6,69.0,1
22.0,83.9,1
31.7,56.3,1
23.0,72.1,1
26.4,92.5,0
32.1,88.4,1
30.7,71.6,1
33.7,68.2,1
26.5,74.4,0
30.8,66.7,1
38.6,72.9,1
29.8,78.8,1
30.0,90.8,1
29.0,81.8,1
26.5,81.5,0
31.1,73.0,1
27.9,90.0,1
32.1,77.1,1
29.8,67.6,0
33.5,87.1,1
23.5,66.6,0
30.8,67.2,1
31.8,55.5,1
31.4,63.7,1
32.0,76.6,1
22.0,57.7,1
27.9,76.9,1
27.3,78.2,1
29.6,69.4,1
25.9,80.0,0
22.0,73.2,0
24.7,62.2,0
35.2,77.5,1
22.0,81.3,0
26.5,50.9,0
22.0,73.9,0
32.8,59.3,1
31.7,76.0,1
27.4,85.4,1
28.2,82.4,1
26.2,88.5,0
25.0,87.2,0
30.8,87.1,1
32.4,88.9,1
25.1,77.9,0
36.1,74.9,1
26.7,73.1,0
22.0,73.8,0
29.8,70.3,0
33.4,51.4,1
33.8,75.6,1
31.9,64.0,1
22.0,91.3,0
27.7,58.9,0
27.6,93.9,1
26.1,94.7,0
34.7,68.8,1
24.7,87.9,0
26.1,69.4,0
28.0,70.4,0
31.5,73.1,1
29.3,82.2,1
32.9,77.6,1
23.5,67.8,0
34.0,67.4,1
26.0,51.0,0
25.5,84.6,0
32.9,73.3,1
22.0,76.2,0
22.0,80.9,0
33.2,62.7,1
27.9,98.0,1
27.4,76.5,1
27.7,82.3,1
26.8,62.5,0
27.6,72.7,0
35.2,68.8,1
28.5,65.8,0
30.3,73.3,1
25.5,84.0,0
28.2,64.4,1
26.1,85.6,0
22.0,83.4,0
26.8,86.9,0
30.5,91.6,1
31.5,84.3,1
25.2,75.8,0
24.7,71.6,0
32.4,64.5,1
22.0,76.0,1
25.6,60.8,0
22.0,61.2,0
23.7,88.1,0
22.0,80.5,0
37.6,71.2,1
28.8,96.5,0
23.6,79.7,0
22.0,56.1,0
31.5,90.7,1
25.0,74.6,0
22.0,89.4,0
29.5,87.0,1
23.4,70.9,0
34.2,70.8,1
29.2,77.0,1
23.7,70.5,0
32.4,78.5,1
29.3,81.7,1
27.5,88.9,1
25.3,58.3,0
27.9,74.9,0
29.0,80.5,1
33.9,86.8,1
29.3,59.3,1
26.9,67.0,0
29.0,81.0,1
32.4,50.8,1
27.1,87.1,1
26.1,75.9,0
32.8,59.9,1
26.3,94.4,0
22.0,83.7,0
37.1,73.2,0
29.1,77.6,1
25.1,73.1,1
26.8,69.4,0
27.7,80.8,1
31.6,65.6,1
27.9,64.0,0
25.6,67.7,0
34.0,65.6,0
32.4,58.1,1
30.5,90.4,1
26.4,68.9,0
28.5,84.6,1
33.7,67.4,1
29.2,77.6,1
28.7,88.4,1
31.7,72.0,1
31.9,60.6,1
30.7,63.5,0
28.5,82.8,1
23.7,82.3,0
29.4,78.4,0
25.5,84.6,0
24.8,77.5,0
26.3,81.5,0
24.9,77.0,0
33.5,77.2,1
25.1,68.2,0
28.8,72.4,0
28.5,76.6,1
22.0,88.1,0
27.1,61.8,0
22.0,73.9,0
37.9,64.1,1
29.7,80.4,1
29.1,65.8,1
25.2,73.9,0
26.2,89.7,0
26.6,85.5,0
29.0,93.1,1
25.4,86.6,1
24.5,93.8,0
28.1,67.0,0
28.7,82.7,1
30.1,77.3,1
22.9,85.3,0
33.3,76.8,1
24.7,92.0,0
26.4,82.9,0
33.1,68.4,1
32.7,66.4,1
23.3,74.7,0
25.7,67.2,0
33.5,60.8,1
26.2,72.2,0
23.0,55.8,0
27.9,84.5,1
24.9,77.8,0
22.4,68.9,0
34.1,70.2,1
35.4,49.4,1
26.5,78.5,0
31.3,58.4,1
29.5,58.5,1
29.6,97.4,1
27.0,72.5,0
30.9,80.8,1
32.0,58.6,0
35.8,67.7,1
22.8,73.9,0
30.0,86.6,1
25.7,82.0,0
27.5,79.7,1
23.5,82.3,0
29.9,69.3,0
31.6,64.7,1
26.7,90.1,0
23.3,69.6,0
25.1,59.4,0
33.8,72.6,1
33.9,68.2,1
25.0,76.0,0
29.2,87.9,1
23.1,73.2,0
22.0,85.2,0
27.1,70.1,1
29.3,75.6,1
22.0,88.7,0
22.0,68.3,0
27.8,82.6,1
22.0,81.6,0
26.6,80.2,0
33.1,88.0,0
22.0,80.1,0
32.1,66.4,0
26.1,65.8,0
25.8,81.7,0
35.5,57.8,1
31.3,76.2,1
26.5,98.0,0
28.6,69.0,1
23.5,70.1,0
29.0,83.7,1
26.4,75.5,0
24.4,85.2,0
35.3,72.6,1
31.7,71.5,1
22.8,77.8,0
23.4,83.0,0
32.9,57.7,1
23.9,74.6,0
26.2,63.8,0
27.4,70.3,0
24.3,58.3,0
24.0,86.2,0
28.1,66.0,1
27.8,87.0,1
25.2,94.4,0
23.8,79.6,0
34.1,58.2,1
28.0,70.0,1
33.8,75.6,1
29.7,88.6,1
22.4,87.6,0
30.2,73.5,1
26.9,68.9,0
30.7,70.8,1
26.2,91.9,0
23.6,82.0,0
31.7,61.3,1
27.6,75.3,1
28.8,71.0,0
26.9,77.9,0
30.6,71.9,1
32.9,87.1,1
26.5,88.2,0
28.3,72.5,0
25.9,77.0,0
29.9,59.5,1
28.3,63.2,0
33.1,64.4,1
30.5,63.8,1
36.5,75.6,1
29.3,70.6,1
36.6,69.9,1
28.1,84.6,1
26.9,92.2,0
33.9,68.7,1
22.5,76.6,0
28.6,72.5,1
32.8,73.6,1
34.9,66.8,1
23.8,79.6,0
27.8,57.8,0
32.6,73.0,1
24.5,74.7,0
28.3,57.0,1
27.4,94.9,1
27.0,88.1,1
33.1,92.2,1
22.0,66.7,0
25.0,64.0,0
27.9,73.4,0
32.6,88.2,1
24.6,78.6,0
22.0,69.7,0
22.8,76.5,0
22.0,72.2,0
22.0,98.0,0
31.2,72.3,1
27.3,82.4,1
23.7,81.4,0
30.9,83.6,1
27.0,55.4,0
23.9,77.9,0
32.5,62.4,1
35.8,71.4,1
26.3,70.4,0
29.4,71.8,1
29.7,89.3,1
22.6,85.9,0
26.5,93.7,1
29.3,62.5,0
24.3,73.6,0
26.0,74.6,0
27.0,83.1,0
24.0,75.8,0
25.7,72.3,0
24.8,89.2,0
25.3,90.0,0
22.0,98.0,0
28.5,98.0,1
31.0,67.6,1
22.0,83.8,0
30.7,84.1,1
30.9,72.7,1
26.7,76.4,0
30.5,75.4,1
33.4,77.7,1
24.0,95.6,0
27.7,52.0,0
26.1,63.8,0
29.8,75.9,1
22.9,98.0,0
23.1,70.2,0
24.3,68.4,0
36.9,69.8,1
28.9,79.7,1
25.7,68.9,0
28.9,50.6,1
27.5,74.4,0
25.9,86.0,0
30.3,75.9,1
24.3,71.0,0
24.1,83.9,0
24.1,80.0,0
28.0,64.7,0
28.5,48.2,1
31.2,68.8,1
31.4,86.3,0
28.1,68.4,1
27.4,65.1,0
33.3,52.4,1
22.1,90.0,0
23.4,73.8,0
34.0,70.9,1
29.2,73.7,0
30.5,81.4,0
29.0,90.9,1
26.0,90.2,1
23.3,70.0,0
24.2,91.9,0
23.5,77.2,0
23.8,67.6,0
32.3,72.5,1
29.7,65.5,1
29.5,70.9,1
28.6,61.4,0
31.6,59.5,1
24.5,81.0,1
23.6,80.7,0
22.6,75.1,1
25.2,74.9,0
33.6,86.5,1
24.7,85.0,0
28.4,92.3,1
26.1,83.8,1
32.2,90.1,1
30.1,98.0,1
28.3,85.7,1
29.2,73.3,1
25.3,86.5,0
28.4,78.9,1
26.0,84.6,0
33.8,89.3,1
36.9,70.3,1
22.0,95.7,0
27.7,60.8,0
27.9,68.1,0
23.7,91.8,0
27.5,75.5,1
22.2,88.4,0
27.4,72.8,0
22.0,88.8,0
24.5,62.6,0
22.0,74.1,0
22.0,68.0,0
31.2,76.5,1
35.0,85.4,1
22.0,77.4,0
22.0,71.9,0
22.0,76.1,0
24.2,73.4,0
27.8,61.5,0
28.8,61.0,1
26.3,80.7,0
28.1,74.2,1
25.8,68.5,0
24.2,58.5,0
32.0,93.8,1
30.8,65.4,1
32.7,69.6,1
27.9,80.9,1
22.0,70.3,0
31.9,64.2,1
28.3,88.7,1
34.6,61.7,1
22.0,88.2,0
24.8,89.4,0
28.5,76.5,1
30.2,66.9,1
29.0,90.4,1
28.9,75.2,1
29.1,65.2,1
35.2,61.9,1
26.5,63.6,1
28.6,78.9,1
23.8,70.5,0
23.7,61.2,0
27.8,60.7,0
27.7,81.5,1
33.0,60.1,1
27.6,70.4,0
36.4,64.6,1
22.0,77.8,0
29.0,57.0,1
34.0,69.5,1
28.7,75.8,0
22.0,75.5,0
22.8,98.0,0
32.3,76.9,1
26.2,84.8,0
30.4,80.4,1
23.5,84.1,0
28.7,55.1,1
24.3,71.5,0
23.1,50.7,0
31.2,69.5,1
26.9,75.2,0
32.3,61.8,1
26.0,77.4,0
24.3,63.1,0
27.7,83.4,1
26.9,62.7,0
33.3,64.9,1
25.5,60.0,0
32.4,66.9,0
24.7,97.4,0
26.2,86.9,0
28.7,86.1,1
29.7,63.4,0
28.4,83.0,1
22.0,74.8,0
29.4,76.2,0
22.0,94.3,0
25.8,66.1,1
22.0,76.4,0
35.3,78.6,1
33.7,78.1,1
22.0,89.5,0
25.4,88.5,0
24.4,84.1,0
29.9,87.2,1
29.6,74.3,0
25.8,67.6,0
33.0,81.3,1
37.9,65.1,1
26.3,69.0,0
28.6,69.4,1
29.7,67.6,1
31.0,82.9,1
24.1,65.8,0
31.9,73.2,1
29.8,82.2,1
22.6,87.4,0
34.7,73.4,1
36.2,59.4,1
28.5,88.0,0
25.4,80.8,0
24.4,75.4,0
28.5,85.9,1
31.3,92.8,1
32.2,54.6,1
34.2,76.5,1
30.6,90.2,1
29.1,74.7,0
27.0,83.0,0
31.1,86.1,1
31.4,52.6,1
25.7,67.7,0
36.1,94.3,1
27.6,69.3,0
25.9,76.5,0
29.3,71.1,0
22.0,80.0,0
25.3,66.7,0
28.8,67.0,1
30.4,64.7,1
27.1,78.1,1
27.4,72.1,0
31.9,88.2,1
28.9,81.9,1
33.9,62.5,1
32.9,65.9,1
31.5,73.9,1
31.8,72.1,1
23.5,74.1,1
28.8,84.3,1
31.3,60.4,1
32.5,64.2,1
25.6,80.2,0
24.2,77.8,0
39.2,68.8,1
24.9,88.4,0
33.0,75.4,1
29.6,91.0,0
35.6,69.0,1
32.3,69.1,1
26.3,78.0,0
29.3,84.3,1
25.5,72.9,0
28.0,65.9,1
28.8,62.3,1
25.5,81.9,0
29.8,59.2,1
26.8,74.7,0
25.8,72.5,0
30.8,81.5,1
29.9,85.5,1
27.0,79.6,1
33.0,88.7,1
31.1,75.7,1
32.7,76.0,1
22.0,79.2,0
28.0,75.1,1
22.0,72.2,0
25.2,76.5,0
30.8,83.6,1
29.2,89.4,1
29.2,57.3,0
28.3,86.9,1
35.1,66.5,0
29.1,78.4,1
24.1,82.1,1
22.0,89.2,0
28.0,69.9,1
23.4,80.0,0
30.2,73.0,1
29.6,58.8,0
35.7,82.0,1
29.0,61.7,1
29.0,98.0,1
24.6,81.6,0
22.9,97.8,0
26.9,65.1,0
27.1,67.2,0
33.8,67.6,1
28.4,57.9,1
29.3,76.0,1
22.0,78.4,0
22.5,87.1,0
29.1,95.0,1
29.5,65.3,1
22.2,82.9,0
29.3,78.7,1
31.4,57.7,1
24.5,70.0,0
22.0,65.6,0
27.0,76.3,1
31.4,81.1,1
34.0,86.3,0
30.0,67.9,1
27.9,65.0,0
22.1,79.3,1
32.9,59.2,1
25.6,89.3,0
30.1,73.7,1
27.5,66.0,0
22.4,78.8,0
27.3,72.3,0
30.2,93.4,1
25.9,68.9,0
29.3,88.3,1
24.5,89.5,0
22.0,76.5,0
23.4,75.6,0
22.0,81.1,0
25.0,62.4,0
30.0,71.1,1
29.8,88.7,1
26.5,78.8,0
25.6,87.2,0
29.6,66.4,0
24.6,72.7,0
33.1,92.6,1
26.8,77.2,0
22.3,95.6,0
27.8,61.8,0
34.2,73.2,1
35.9,66.3,1
28.7,76.0,1
32.2,61.8,1
31.6,74.8,1
24.0,98.0,0
34.6,59.7,1
31.2,96.9,1
33.6,69.0,1
22.0,86.6,0
32.0,70.7,0
22.2,84.6,0
25.6,64.0,0
33.2,80.5,1
26.7,67.5,0
27.4,66.5,0
32.2,91.2,1
29.7,80.1,1
28.2,60.8,1
23.0,73.9,0
40.6,60.7,1
25.9,75.5,0
32.9,79.0,1
33.3,77.1,1
26.1,61.7,0
32.2,74.3,1
33.5,83.2,1
33.3,76.1,1
27.2,88.1,1
29.4,50.7,1
23.8,93.2,1
22.0,82.9,0
29.6,71.4,0
28.7,76.0,1
32.6,67.7,1
31.9,66.6,0
22.0,69.1,0
30.0,70.4,1
33.4,72.1,0
23.8,82.2,0
29.1,57.6,1
22.0,70.6,0
28.4,88.9,1
35.6,53.8,1
28.7,73.7,1
29.7,75.8,1
28.8,69.8,1
35.6,58.6,1
30.6,77.1,1
29.6,82.7,1
26.4,67.0,0
23.1,80.1,0
28.7,78.3,0
22.9,86.6,0
32.5,57.5,1
25.8,98.0,0
23.5,84.0,0
24.0,77.2,0
32.0,85.6,1
25.8,69.2,0
29.4,75.3,1
25.2,68.5,0
25.1,96.6,0
37.1,49.3,0
26.2,84.9,0
30.1,66.0,1
25.3,85.5,1
32.0,75.5,1
28.6,83.6,1
28.0,84.1,1
32.5,58.3,1
26.8,61.1,0
23.1,72.8,0
25.8,83.3,0
30.6,65.3,1
22.0,46.2,0
26.4,71.2,0
23.2,71.8,0
22.0,82.7,0
26.0,86.8,0
36.5,56.0,1
30.1,64.1,1
29.0,67.8,1
26.0,96.3,0
35.5,76.9,1
29.8,64.5,1
30.5,63.5,1
28.2,51.1,1
26.5,89.8,0
33.9,70.3,1
27.0,79.0,0
26.0,86.1,1
33.8,52.4,1
23.3,97.8,0
29.4,51.8,1
33.9,91.8,1
27.9,82.0,1
28.3,74.5,0
22.9,83.0,0
22.0,79.3,0
26.6,89.5,0
26.2,72.5,0
23.3,87.8,0
28.3,85.9,1
31.5,68.6,1
35.6,73.1,1
22.0,76.6,1
26.8,77.0,0
25.7,74.7,0
26.1,90.9,1
23.5,63.8,0
32.0,49.3,1
27.3,54.4,0
24.9,72.3,0
30.6,82.1,1
28.0,82.2,1
29.9,91.0,1
28.8,55.7,1
23.3,95.9,0
28.6,83.2,1
37.1,72.5,0
29.4,78.1,1
28.0,72.6,0
25.6,90.3,0
27.3,89.6,1
25.6,89.8,0
25.6,90.4,0
28.5,73.6,0
33.0,83.2,1
27.4,79.5,1
31.1,60.4,0
27.7,82.9,1
28.9,68.0,1
31.8,76.4,1
27.7,63.3,0
33.0,68.0,1
28.7,81.2,1
26.3,74.2,0
30.4,77.3,1
31.7,56.9,1
27.2,79.4,1
27.8,88.7,1
25.3,81.3,0
24.7,88.0,0
24.4,74.9,0
22.9,80.3,1
32.7,74.6,1
24.7,57.4,0
26.6,66.6,0
26.3,85.6,0
23.9,74.1,0
32.4,78.2,1
22.9,82.4,0
25.9,81.4,0
25.8,70.8,0
30.1,86.8,1
27.7,77.1,1
28.6,73.1,1
34.4,90.0,1
32.8,77.8,1
28.7,90.7,1
22.2,84.5,1
27.4,82.6,1
30.1,82.9,1
31.9,67.6,1
26.3,66.2,0
25.0,75.9,0
22.0,82.7,1
27.1,63.9,0
31.7,75.3,1
31.5,64.4,1
32.3,67.5,1
22.0,89.8,0
33.8,71.0,1
33.1,83.9,1
30.4,98.0,1
31.0,65.3,1
22.1,85.7,0
22.7,91.0,0
30.3,67.0,1
27.3,90.8,1
22.0,68.6,0
28.2,73.3,1
23.5,61.1,0
26.1,82.1,0
27.3,78.1,1
33.6,73.6,1
27.0,77.8,0
31.3,71.8,1
25.9,73.6,0
29.4,63.2,1
25.4,87.2,0
23.4,73.3,0
24.9,89.3,0
25.4,85.4,0
27.1,69.8,1
22.0,66.8,0
22.0,98.0,0
30.2,54.2,1
27.4,72.4,0
22.9,86.1,0
27.7,72.0,0
30.5,86.9,1
33.3,72.3,1
25.7,72.5,0
29.5,75.8,0
26.8,52.2,0
31.8,71.1,1
26.8,78.6,1
26.4,65.3,0
23.6,75.2,0
32.4,61.4,1
27.1,57.0,0
26.5,81.7,0
27.4,98.0,1
29.6,64.2,1
22.7,81.6,1
30.3,68.1,1
31.9,65.8,1
23.4,74.7,0
26.7,77.1,0
22.0,79.5,0
27.4,68.0,0
22.9,65.1,0
34.0,81.0,1
23.3,86.1,0
27.1,83.5,1
27.3,59.8,1
23.7,69.9,0
25.2,70.7,0
23.3,89.0,0
29.8,60.3,1
25.4,74.5,0
32.3,61.4,1
30.8,88.1,1
26.1,70.9,1
28.1,61.7,1
34.0,74.5,1
22.0,78.4,0
28.4,69.4,1
28.6,90.2,1
22.3,89.7,0
25.9,87.3,0
22.0,63.6,0
23.0,81.6,0
24.2,85.5,0
29.1,98.0,1
24.1,80.8,1
32.0,62.6,1
32.1,67.1,1
36.6,80.2,1
26.3,86.9,0
34.5,62.6,1
25.1,83.1,1
32.5,55.3,1
27.0,91.7,0
23.9,88.8,0
22.3,84.7,0
31.4,81.4,0
25.1,81.1,0
33.0,77.2,1
24.0,96.3,0
24.5,89.6,0
30.2,84.4,1
22.0,86.5,0
36.4,60.7,1
30.9,81.2,1
24.5,83.4,1
32.3,77.6,1
30.1,89.8,1
28.2,91.9,1
30.6,87.0,1
29.5,77.2,1
26.3,64.2,0
30.0,80.1,1
28.8,80.3,1
22.0,66.9,0
32.2,53.1,1
27.0,81.9,0
28.9,81.8,1
30.9,83.0,0
30.4,64.5,0
25.0,83.4,0
33.2,65.3,1
27.2,68.1,0
22.0,73.5,0
30.3,72.8,1
33.3,71.0,0
29.2,74.3,0
31.4,69.2,1
27.3,68.6,0
25.7,66.1,0
32.9,80.0,1
24.9,90.4,0
28.3,80.0,1
28.8,58.8,0
26.9,80.0,0
27.4,85.7,1
22.8,66.3,0
31.4,82.5,1
26.0,89.7,1
33.1,70.2,1
22.2,64.8,0
31.2,77.0,1
22.0,81.7,0
26.6,88.1,0
35.1,79.8,1
22.0,88.3,0
28.2,70.8,1
33.2,71.5,1
22.0,89.9,0
25.2,73.4,0
27.5,68.2,0
26.5,89.8,0
28.2,66.1,1
28.7,76.1,1
24.8,84.6,0
29.1,65.4,1
27.6,71.7,0
24.2,75.3,0
27.4,75.9,1
28.2,74.1,1
26.0,75.7,1
25.6,85.9,1
28.1,74.9,0
28.3,92.7,1
23.0,78.2,0
28.0,65.0,0
24.2,86.4,0
33.5,69.8,1
22.8,98.0,0
33.1,70.1,1
24.8,78.2,0
27.9,83.1,1
28.3,64.5,0
22.4,81.1,0
22.3,80.6,0
24.6,84.6,1
26.4,80.4,0
26.1,68.5,0
31.5,73.3,1
30.6,87.1,1
25.8,83.2,0
26.5,78.2,0
25.3,57.1,1
23.2,52.0,0
26.6,78.3,0
25.8,63.7,1
23.4,95.8,0
24.1,93.0,1
23.1,72.6,0
28.1,61.1,1
25.4,73.3,1
30.7,61.8,1
37.6,70.5,1
25.4,75.0,0
27.8,67.4,0
24.1,68.0,0
24.2,73.3,0
26.1,88.3,0
31.1,63.9,1
30.6,76.4,1
22.0,64.8,0
22.0,68.0,0
25.9,75.4,1
26.3,67.2,0
29.3,62.7,1
29.8,87.2,0
29.6,59.2,0
22.0,81.5,0
30.2,62.1,1
26.7,70.5,0
29.2,70.7,0
27.9,87.7,1
32.6,61.9,1
28.1,82.0,1
26.6,65.9,0
26.5,98.0,0
28.6,75.7,1
29.7,91.2,1
27.4,65.8,0
32.4,73.7,1
30.8,61.4,1
30.7,69.6,0
32.3,76.7,1
26.0,81.2,0
33.1,61.1,1
31.9,75.2,1
31.8,87.8,1
22.3,59.7,0
29.3,74.7,0
27.4,76.1,1
30.1,81.1,0
31.2,87.5,1
29.0,88.3,1
26.6,70.5,0
24.3,78.5,1
26.0,88.5,0
28.5,85.5,1
32.6,84.9,1
33.6,53.8,1
30.0,98.0,1
23.7,73.6,0
28.0,57.3,0
32.7,74.9,1
22.0,63.6,0
26.6,72.8,0
27.7,61.9,0
29.2,92.7,1
22.9,73.9,1
25.4,60.1,0
31.3,66.4,1
23.5,75.1,0
27.5,60.9,0
32.4,54.1,0
26.4,79.4,0
23.7,90.7,1
27.9,83.0,1
27.3,71.6,0
29.7,75.5,1
31.5,54.4,1
28.5,81.8,1
34.2,69.8,1
32.9,70.0,1
26.2,73.5,0
26.9,82.9,0
31.9,61.9,1
26.9,53.2,0
31.6,64.9,1
26.7,82.3,0
23.1,79.3,0
32.6,58.2,1
23.3,70.2,0
30.8,87.1,1
27.0,65.4,0
24.2,72.9,0
32.7,74.1,1
26.4,66.4,0
34.3,62.3,1
28.1,73.2,1
31.0,73.2,1
32.5,75.8,1
30.4,73.2,1
32.5,84.6,1
34.6,68.6,1
22.0,83.8,0
32.6,73.5,1
25.6,79.2,0
29.2,56.9,0
22.7,73.5,0
22.2,83.1,0
22.0,82.3,1
32.4,86.4,1
28.3,75.4,1
27.1,83.5,1
27.1,86.0,1
28.4,93.1,1
27.6,90.4,1
27.5,90.3,1
23.6,85.3,1
31.5,64.3,1
26.1,94.5,0
26.3,84.8,0
24.0,87.9,0
30.9,67.6,1
28.1,84.4,1
33.1,73.2,1
23.4,85.8,0
31.4,59.6,1
26.6,59.7,0
34.0,55.4,1
22.2,76.1,0
23.7,72.6,0
31.9,71.2,0
22.0,64.6,0
26.1,80.0,0
24.1,73.8,0
27.0,70.3,0
31.0,73.7,1
22.0,75.4,0
32.3,69.8,1
23.9,79.6,0
32.9,66.3,1
31.9,73.4,1
23.6,79.1,0
32.9,80.6,1
34.5,67.2,1
33.2,59.1,1
24.0,85.0,0
33.2,80.0,1
28.0,79.5,1
22.4,78.5,0
31.5,68.0,1
28.9,53.1,1
28.9,77.0,1
29.3,71.0,0
23.5,79.2,0
26.3,58.9,0
28.2,58.6,1
33.6,90.8,1
22.0,68.2,0
31.6,74.2,1
31.7,72.9,1
33.8,75.5,1
35.2,73.2,1
27.7,64.7,0
35.0,73.5,1
31.6,58.0,1
24.8,57.5,0
26.7,81.5,1
34.2,53.6,1
28.1,71.9,0
31.1,70.9,1
32.1,71.0,1
26.2,93.8,0
25.8,77.2,0
30.3,69.8,0
23.5,84.6,1
32.8,65.2,1
29.1,48.8,1
29.1,84.9,1
22.8,80.0,0
23.8,69.0,0
22.3,82.7,1
27.2,70.5,0
25.9,73.1,0
37.3,63.3,1
22.4,73.3,0
27.4,58.9,0
29.6,96.3,1
23.3,82.9,0
30.4,75.6,1
28.0,72.1,0
26.0,61.6,0
30.3,69.4,1
26.6,56.1,0
26.8,77.8,0
32.6,67.5,1
25.6,79.0,0
27.3,91.6,1
23.3,85.9,0
27.9,68.0,0
28.0,76.8,1
30.4,81.1,1
27.4,74.3,0
27.3,69.4,0
25.5,78.4,1
32.0,65.4,1
22.1,82.2,0
31.2,67.1,1
31.7,70.4,1
29.9,77.8,1
29.9,70.0,0
27.0,75.7,1
26.1,53.9,1
26.6,71.5,0
30.6,87.8,1
29.6,82.0,1
29.6,60.8,1
30.9,71.1,1
23.3,84.8,0
25.2,79.5,0
24.5,80.8,0
25.1,90.5,0
33.0,67.6,1
28.9,77.9,1
31.7,71.7,1
32.0,85.3,1
24.8,48.8,0
22.0,81.3,0
28.4,72.3,0
31.9,66.6,1
31.6,66.8,1
27.7,86.9,1
31.5,49.6,1
22.0,81.8,0
32.5,71.5,1
33.1,74.7,1
31.7,64.1,1
33.7,72.3,0
28.0,86.5,1
34.8,72.9,1
23.1,69.7,0
23.9,70.3,0
25.5,77.9,1
22.6,60.0,0
30.7,85.7,1
28.8,83.1,1
25.7,76.0,0
29.4,93.4,1
31.1,81.7,1
29.4,58.2,1
26.6,65.9,0
27.5,80.5,1
34.0,75.0,1
26.4,81.2,0
28.8,68.7,0
26.0,70.5,0
28.4,86.9,1
34.2,79.5,0
30.0,63.4,1
30.0,60.8,0
30.3,69.0,1
22.0,87.9,0
28.4,87.9,1
27.4,83.6,1
25.7,81.2,0
23.9,72.9,0
22.7,78.2,0
31.4,61.2,1
22.8,74.9,0
27.7,80.2,1
25.1,81.9,1
30.7,81.3,1
29.2,71.2,1
28.4,67.8,1
29.1,98.0,1
29.1,87.4,1
24.8,78.9,0
27.4,78.9,1
27.1,55.4,0
29.4,60.1,0
32.5,76.4,1
26.4,81.4,0
27.9,68.9,0
26.5,69.1,1
22.0,63.2,0
35.3,66.0,1
27.4,82.1,1
32.8,66.8,1
24.2,83.2,1
28.7,60.4,1
33.4,82.2,1
30.6,64.2,1
22.2,87.3,0
22.7,65.8,1
24.0,93.1,0
27.3,61.8,0
32.7,60.1,1
29.9,72.2,0
23.9,84.4,0
26.3,70.5,0
28.9,57.8,0
23.2,82.1,0
28.3,76.4,1
33.7,59.3,1
35.9,71.3,1
27.9,76.5,1
22.0,66.0,0
34.1,67.5,1
30.2,75.0,1
25.6,78.3,0
29.4,61.2,0
28.6,87.5,1
32.7,83.0,1
22.0,77.5,1
26.9,88.0,0
24.5,73.5,0
30.6,79.8,1
26.0,71.1,0
26.8,90.1,0
27.8,76.3,1
24.7,53.5,0
23.4,69.7,1
28.5,65.9,1
22.0,54.1,0
22.0,90.6,0
22.9,83.7,0
25.0,74.1,0
24.6,79.7,0
30.7,76.8,1
27.5,87.6,1
30.9,87.3,1
27.0,92.3,0
31.6,75.4,1
22.0,76.8,0
25.4,74.8,1
31.3,59.7,0
28.2,79.5,1
33.0,67.7,1
29.5,80.6,1
27.4,80.0,1
32.3,68.8,0
26.8,75.1,0
30.6,75.9,1
28.0,67.2,0
31.5,45.5,1
25.5,82.6,1
28.0,67.5,0
27.3,80.1,0
25.0,89.9,0
25.3,70.1,0
25.8,58.2,0
22.0,75.0,0
30.9,74.8,1
34.2,71.0,1
22.0,85.2,0
28.5,59.0,1
26.5,85.7,0
30.4,83.9,1
30.3,61.1,1
32.9,80.2,1
25.3,86.3,0
22.0,98.0,0
22.7,77.4,0
24.1,90.7,0
22.0,68.2,0
27.9,86.3,1
25.9,45.5,1
27.8,70.9,0
24.5,71.7,0
22.0,76.9,0
29.9,50.3,0
22.0,81.4,1
33.0,89.4,1
23.6,78.2,0
31.5,74.0,1
30.3,85.2,0
31.6,54.0,1
26.4,78.9,0
22.1,84.9,0
25.2,71.7,0
28.8,76.0,1
22.2,94.1,1
30.2,65.9,1
24.4,48.7,0
31.5,83.0,1
33.8,77.5,0
23.8,47.9,0
29.8,65.1,1
25.4,51.1,0
27.3,79.8,1
29.4,68.4,0
22.9,69.9,0
29.0,72.0,1
31.2,68.9,1
31.9,80.6,1
32.1,85.0,1
31.0,70.3,1
28.8,87.6,1
28.9,82.1,1
30.4,87.4,1
28.6,69.5,0
26.6,82.1,0
27.3,68.2,0
29.3,80.1,1
22.0,50.2,0
33.0,79.9,1
29.5,75.6,1
27.2,79.1,1
23.1,51.3,0
24.9,95.6,0
26.6,55.3,0
32.5,74.3,1
31.7,63.1,1
26.9,83.4,0
30.5,72.0,0
37.4,77.7,1
34.6,66.7,1
24.5,87.8,0
32.6,61.1,1
25.3,76.5,0
31.0,82.0,1
27.4,69.4,0
27.2,69.2,0
36.1,64.7,1
26.1,75.8,0
25.6,76.5,0
33.3,67.7,1
22.0,71.0,0
29.8,92.6,1
32.0,74.0,1
25.7,68.9,0
34.1,75.2,1
35.9,70.9,1
30.5,64.5,1
33.7,45.0,1
27.3,68.4,0
33.4,74.0,1
33.7,64.7,1
24.3,78.0,0
22.5,93.2,0
22.0,69.4,0
29.5,71.2,1
22.0,80.3,0
26.9,59.4,0
23.9,87.7,0
28.8,92.0,1
32.4,82.7,1
25.8,76.8,0
25.8,76.5,1
33.5,61.4,1
26.7,76.5,0
34.3,73.2,1
23.4,77.9,0
30.2,60.7,1
23.1,89.3,0
23.2,98.0,0
22.0,84.0,0
25.5,67.4,0
28.8,68.3,1
24.6,76.5,0
30.8,72.0,1
36.8,65.3,0
29.9,72.4,1
25.2,80.8,0
23.0,77.6,0
23.5,76.6,0
23.6,91.1,0
29.2,68.9,0
29.9,75.6,1
31.1,74.0,1
33.1,70.4,0
27.3,74.1,0
25.8,87.5,0
27.7,89.9,1
28.6,88.8,1
26.5,67.5,0
29.0,69.2,0
29.6,87.9,1
22.0,78.2,0
30.2,61.4,1
25.9,67.8,0
29.6,72.7,0
24.5,78.4,0
27.6,60.6,0
35.4,59.6,1
22.0,71.8,0
34.1,62.0,1
26.6,92.0,0
30.5,64.5,1
25.2,74.4,0
28.2,79.6,1
28.8,76.7,1
31.5,78.0,1
22.0,70.5,0
28.7,64.5,0
27.8,79.7,1
27.7,94.6,1
30.4,68.2,1
28.0,68.4,0
31.9,85.5,1
29.5,80.4,1
22.3,77.0,0
27.6,69.5,1
26.5,62.4,0
29.0,75.7,1
27.2,85.2,1
28.6,67.9,0
25.4,73.4,0
26.1,82.6,0
28.1,61.4,0
22.0,75.5,0
28.2,70.1,1
25.2,67.3,0
27.7,71.9,0
26.4,78.2,0
22.0,81.5,0
23.0,85.7,0
32.8,71.3,1
22.0,71.3,0
28.3,69.1,1
28.5,67.0,0
30.9,59.4,1
29.6,76.4,1
31.5,93.0,1
29.9,81.4,1
25.9,84.0,0
31.2,65.5,1
29.3,98.0,0
30.9,82.0,1
23.3,70.8,0
26.7,63.7,0
35.4,72.6,1
29.0,56.9,1
35.3,50.9,0
33.6,55.6,1
31.1,77.6,1
27.3,67.4,0
34.8,81.6,1
22.0,58.2,0
32.6,55.7,1
34.9,50.3,1
24.6,72.4,0
22.0,81.5,0
29.9,84.0,1
26.1,81.8,0
22.9,77.1,0
35.4,75.2,1
31.9,73.4,1
31.0,58.1,1
24.8,89.9,0
26.9,70.2,0
32.2,64.0,1
26.3,91.3,0
29.4,83.8,1
30.1,54.5,1
29.0,82.1,1
28.2,82.9,1
23.6,88.5,0
26.5,81.5,0
29.2,52.5,0
29.3,67.0,0
26.7,83.3,0
30.5,67.2,0
35.3,71.7,1
28.8,73.5,1
29.6,80.8,1
26.7,62.9,0
30.7,92.1,1
24.1,77.5,0
26.5,63.0,0
31.8,70.0,1
34.1,70.5,1
32.4,66.4,1
22.0,74.5,0
29.6,70.7,0
28.7,81.1,1
26.9,90.3,0
35.5,63.5,1
31.3,66.0,1
26.4,60.0,0
30.9,62.3,1
31.5,63.7,1
28.5,81.1,1
25.6,96.2,0
22.1,61.0,0
32.6,65.1,1
37.9,83.4,1
31.9,82.8,1
25.5,78.1,0
30.6,88.1,1
22.0,58.7,0
25.0,81.5,0
34.0,72.5,1
28.3,79.5,1
31.1,63.0,1
34.3,66.7,1
27.2,90.1,1
35.6,76.5,1
27.4,61.0,0
28.9,58.7,1
28.0,59.5,1
28.4,81.2,1
29.3,66.8,1
27.2,98.0,0
27.2,64.4,0
28.0,84.2,1
31.5,94.4,1
33.3,79.4,1
28.9,83.9,1
29.3,68.9,0
28.3,67.9,1
33.7,82.8,1
23.1,88.4,0
29.8,76.2,1
30.1,71.7,1
30.0,76.7,1
24.8,98.0,0
27.4,61.2,0
27.8,83.2,1
29.6,93.1,1
27.7,73.4,0
24.0,68.9,0
31.0,92.5,1
30.8,85.8,1
34.0,80.9,1
32.1,57.3,1
23.9,91.5,0
24.6,66.2,0
30.4,66.1,1
24.7,82.9,0
28.3,81.1,1
23.7,97.3,0
30.0,80.8,1
26.5,77.0,0
28.2,88.1,1
28.7,68.5,1
30.2,70.6,1
26.1,88.3,0
29.0,68.7,0
22.0,87.9,1
29.9,83.3,1
25.2,69.7,0
28.5,81.0,1
23.9,84.2,0
33.2,79.9,1
22.0,74.8,1
25.3,73.6,0
33.3,73.7,1
31.1,72.0,1
29.9,63.4,1
24.5,81.2,0
29.5,79.5,1
22.0,79.5,0
24.1,87.2,0
29.4,73.4,0
24.0,98.0,0
22.5,91.2,0
34.4,72.9,1
29.4,79.2,1
26.9,79.7,0
24.1,79.0,0
24.2,89.7,0
22.5,62.1,0
35.3,70.0,1
26.6,76.4,0
26.0,74.8,0
31.7,78.9,1
27.3,66.2,0
29.6,85.5,1
26.3,79.0,0
23.2,84.5,0
22.7,76.2,1
22.0,74.0,0
25.3,74.8,0
33.4,81.1,1
28.4,57.6,0
32.3,68.6,1
28.1,62.0,1
25.6,91.0,0
27.2,67.9,0
25.8,77.6,0
32.3,66.5,1
23.7,70.9,0
25.7,76.2,0
27.9,69.5,1
22.0,88.7,1
24.8,96.8,0
36.1,68.2,1
28.5,83.0,1
22.0,74.2,0
35.6,57.9,1
27.6,84.6,1
22.2,85.8,0
23.9,85.5,0
23.9,79.6,0
24.8,86.7,0
23.3,83.5,1
25.1,75.1,0
27.6,66.4,0
30.0,67.6,1
33.3,56.9,1
24.8,90.2,1
29.4,66.9,1
25.9,68.7,0
27.1,76.8,1
22.0,87.7,1
26.9,78.3,0
26.9,79.0,0
31.5,77.6,1
30.3,68.3,1
26.1,76.6,0
22.0,75.6,0
31.2,64.2,1
24.5,66.0,0
30.5,79.5,1
27.9,85.1,1
22.0,79.6,0
34.7,71.9,1
22.0,78.7,0
28.8,81.3,1
31.5,57.7,1
24.5,83.8,0
22.0,78.6,0
22.0,69.8,0
26.2,74.0,0
25.5,65.8,0
35.8,81.2,1
28.2,66.7,0
24.9,63.0,0
29.5,70.5,1
24.2,74.0,1
31.4,64.9,1
27.0,82.0,1
24.9,73.2,0
26.7,49.4,1
34.2,75.4,0
26.7,77.3,1
26.7,71.8,0
23.1,84.7,0
33.0,84.0,1
22.0,82.9,0
22.7,83.3,0
22.0,70.2,0
32.5,72.8,1
25.9,73.1,0
34.9,69.9,0
33.4,67.4,1
23.5,83.1,0
27.3,77.7,1
29.4,67.0,0
32.8,74.3,1
32.8,75.2,1
28.7,70.2,0
27.4,76.2,1
27.2,73.1,0
28.8,59.1,0
23.8,79.8,0
34.2,50.7,1
33.7,79.5,1
25.5,62.0,0
30.4,65.3,1
23.7,84.8,0
29.3,53.9,1
25.9,73.7,0
24.1,87.9,0
32.4,59.6,1
27.6,71.5,0
28.7,76.8,1
27.3,71.1,0
27.8,66.6,0
31.5,62.2,1
30.0,59.3,1
24.5,83.3,0
22.0,64.0,0
29.4,73.4,1
31.4,69.6,1
29.8,63.6,0
25.1,92.9,1
32.3,73.4,1
22.2,85.6,0
31.6,84.2,0
34.4,67.1,0
23.4,87.2,0
27.0,82.3,1
25.9,88.6,0
24.3,63.5,0
35.5,62.5,1
23.1,69.0,0
24.1,67.3,0
33.2,63.4,1
28.5,75.2,1
26.5,75.4,1
26.6,81.2,0
26.9,92.4,1
28.7,64.5,1
28.3,69.5,1
22.4,88.9,0
23.2,90.7,0
28.3,60.2,1
25.0,68.7,0
22.0,83.5,0
25.1,73.0,0
25.3,84.0,0
22.3,85.9,0
34.9,78.2,1
33.0,59.5,1
26.2,71.5,1
23.6,88.5,0
32.2,73.8,1
28.7,79.3,1
28.4,83.7,1
33.2,62.8,1
26.8,78.0,0
26.9,81.1,0
31.6,56.8,1
27.3,78.3,1
31.4,55.1,1
32.0,61.8,1
27.8,75.9,1
28.1,77.8,1
37.9,72.2,1
26.6,73.3,0
26.8,98.0,0
32.1,75.4,1
33.5,77.2,1
23.0,67.3,0
29.3,82.2,1
24.8,95.2,0
29.0,63.0,1
22.9,82.4,0
32.8,65.0,1
24.2,84.3,0
28.6,75.1,1
30.2,90.6,1
29.0,72.6,0
31.3,85.1,1
25.9,87.3,0
31.0,84.1,1
23.2,67.8,0
25.5,70.1,0
23.1,79.5,0
30.5,60.7,1
28.7,63.2,0
35.0,84.3,1
30.2,60.4,1
33.8,65.2,1
35.8,60.4,0
29.9,72.0,0
23.6,73.3,0
22.0,76.8,0
27.7,73.4,0
30.6,80.0,1
23.8,98.0,0
25.3,74.9,0
26.0,93.9,0
27.2,95.4,1
26.6,79.9,0
22.9,82.3,0
28.6,52.6,0
24.7,87.0,0
27.4,78.2,1
23.0,78.4,0
30.3,83.5,1
34.9,64.8,0
22.3,84.2,0
23.8,57.3,1
26.9,66.9,0
33.7,71.7,1
22.0,82.5,0
25.8,81.9,0
30.9,77.9,1
22.0,71.2,0
22.0,84.7,0
25.5,59.4,0
29.9,68.5,0
27.3,65.1,0
22.0,78.2,0
22.0,68.5,0
31.5,86.4,1
28.7,85.5,1
26.4,62.7,0
27.2,79.3,1
28.8,85.1,0
33.2,78.9,1
26.9,66.8,0
35.9,72.9,1
30.5,79.4,1
28.7,81.6,0
30.9,72.3,1
26.4,88.3,0
32.7,61.2,1
32.1,56.3,1
29.7,78.5,1
30.6,88.7,1
25.5,75.4,0
28.9,75.0,1
23.9,76.9,0
36.1,77.6,1
30.6,55.7,1
33.3,78.8,1
26.3,90.2,0
38.3,96.2,1
34.9,79.0,1
23.9,81.7,0
32.5,77.9,1
26.8,77.8,0
22.2,86.3,0
30.1,49.0,1
29.5,80.2,1
27.4,91.1,1
29.4,65.8,0
27.9,52.4,0
27.7,63.4,0
26.1,82.8,0
23.0,74.6,0
31.7,62.8,1
32.9,82.5,1
27.5,75.1,1
22.8,83.6,0
22.0,98.0,0
28.8,82.1,1
22.0,52.4,0
22.0,76.4,0
27.5,87.6,1
32.1,87.8,1
35.2,81.7,1
27.3,79.9,0
28.8,67.8,0
22.9,52.8,0
25.3,71.3,0
33.1,57.4,1
38.9,74.0,1
31.6,75.1,1
30.3,71.7,1
27.5,73.0,0
28.2,62.8,1
25.3,74.1,0
25.5,82.1,0
22.0,67.3,0
24.4,70.1,0
34.6,89.9,1
24.3,50.5,0
33.9,89.9,1
30.6,66.8,1
26.9,78.1,0
26.9,82.8,0
27.4,83.9,1
30.3,88.2,1
31.9,73.0,1
22.0,80.9,0
33.9,78.1,1
27.7,78.4,1
22.0,82.0,0
30.6,74.7,1
33.2,70.8,1
26.6,77.2,0
31.1,62.5,1
23.6,93.4,0
31.9,66.2,1
23.4,78.4,0
26.2,85.1,0
28.7,57.7,0
22.6,82.8,0
28.2,64.4,1
28.6,64.2,1
22.0,71.8,0
30.2,75.1,1
28.9,65.4,0
31.7,78.0,1
26.4,66.0,0
25.8,90.6,0
26.3,81.4,0
23.9,74.5,1
29.3,78.8,1
25.1,89.0,0
23.8,92.3,0
26.7,64.8,0
25.0,98.0,0
28.4,66.5,0
34.6,66.2,1
32.2,61.3,1
27.3,80.4,1
33.4,76.2,1
27.0,73.0,0
24.2,87.0,0
32.5,61.7,1
31.6,85.8,1
32.0,66.7,1
33.1,77.0,1
30.4,64.1,1
36.1,80.4,1
27.9,68.2,0
31.9,91.1,1
31.3,80.9,1
22.1,79.9,0
32.4,81.7,1
23.0,74.1,1
30.7,55.9,1
33.0,70.1,1
32.1,86.8,1
23.1,73.9,0
30.2,65.7,1
22.6,58.9,0
23.0,77.8,0
27.9,80.2,1
25.9,68.3,0
23.1,75.2,0
31.9,80.6,1
30.7,73.7,1
30.5,91.8,1
24.2,83.6,0
32.0,73.5,1
37.0,54.8,1
26.2,76.1,0
29.9,62.0,0
22.7,83.6,0
30.8,71.6,1
22.0,83.3,0
28.1,67.9,1
24.3,85.6,0
22.0,80.9,0
34.4,77.7,1
27.5,91.9,1
22.0,96.5,0
28.1,84.8,1
27.2,67.4,1
25.9,91.3,0
26.2,86.5,0
23.2,81.0,0
25.1,64.9,0
26.2,81.9,0
30.0,77.0,0
31.3,72.2,1
28.8,71.9,1
29.7,67.0,1
34.0,72.1,1
32.7,73.5,1
34.2,54.7,1
36.6,85.6,1
27.9,71.5,0
28.6,58.6,1
29.6,73.9,0
23.5,85.5,0
33.6,70.3,1
24.6,69.1,0
32.5,69.8,1
36.7,94.7,1
33.4,54.0,1
26.0,84.8,0
32.0,61.6,1
27.1,92.0,1
28.1,74.9,0
27.1,96.5,0
28.3,83.7,1
22.0,73.2,0
28.4,63.8,1
29.7,75.3,1
28.6,79.1,1
30.3,89.4,1
31.1,58.6,1
28.8,74.0,0
32.3,92.0,1
26.3,83.9,0
27.7,60.8,0
29.2,67.4,0
27.4,60.6,0
22.0,85.4,0
22.0,68.4,0
33.0,72.8,1
29.5,60.1,1
33.0,76.6,1
25.5,69.4,0
25.4,76.0,0
23.6,85.3,0
32.5,58.1,1
28.8,84.0,1
25.4,83.6,0
22.4,65.7,0
26.5,81.7,0
29.9,76.2,1
24.5,86.2,0
22.0,57.2,0
32.8,82.8,1
22.0,69.9,0
32.9,62.9,1
29.6,67.9,1
32.1,81.7,1
22.0,67.9,0
27.9,82.4,1
32.2,71.7,1
25.1,75.8,0
22.8,66.4,0
36.6,69.6,1
26.7,60.4,0
31.6,60.2,1
23.7,73.5,0
37.5,70.6,1
30.1,78.2,1
25.5,82.7,0
23.9,82.6,0
28.5,64.0,0
24.2,80.0,0
22.0,72.1,0
22.0,98.0,0
31.2,64.6,1
30.8,68.7,1
28.4,87.2,1
22.2,79.3,0
27.6,88.5,1
34.7,84.4,1
25.6,78.6,0
28.5,50.0,0
30.0,69.6,0
30.9,73.3,1
26.0,81.2,0
35.1,83.7,1
33.1,80.8,1
26.1,78.4,0
23.1,63.8,0
35.4,61.4,1
35.6,55.9,1
22.6,87.2,0
25.1,83.1,0
26.9,64.7,0
25.3,67.6,0
22.7,77.4,0
35.3,73.0,1
34.8,72.8,1
25.0,86.4,0
22.0,90.7,0
26.9,70.1,0
28.4,83.0,1
25.5,82.1,0
25.1,72.7,0
22.0,81.4,0
29.1,80.8,1
26.7,78.5,1
25.6,88.2,0
26.0,75.8,0
28.8,68.8,0
32.6,61.4,1
27.1,78.0,1
32.0,75.9,1
27.6,60.2,0
31.6,69.4,1
27.8,51.3,0
30.3,67.0,1
32.7,58.7,1
25.6,75.7,0
29.8,81.9,0
26.6,83.0,0
24.5,71.7,0
30.8,73.0,1
35.7,79.6,1
30.7,85.0,1
25.3,87.7,1
31.6,63.9,1
31.6,74.0,1
32.7,69.6,1
23.0,77.8,1
28.7,89.8,1
27.6,93.2,1
24.8,79.9,0
29.7,90.1,1
33.4,69.1,1
35.9,70.1,1
24.8,98.0,0
29.3,69.5,0
28.1,56.5,1
29.3,61.0,1
29.6,89.5,1
31.5,58.4,1
36.7,81.6,1
26.2,78.2,0
28.7,69.4,0
29.6,85.6,1
29.2,65.4,1
29.9,68.5,0
29.6,78.9,1
37.4,56.7,1
34.6,68.5,1
33.4,72.2,1
23.6,80.5,0
28.5,48.9,1
26.9,62.6,0
28.0,81.8,1
28.2,82.6,1
22.1,73.7,0
29.1,73.5,1
24.5,60.0,0
25.9,90.4,0
34.4,73.7,1
25.9,81.8,0
33.9,68.4,1
25.8,91.3,0
26.4,89.2,0
36.3,64.5,1
23.0,80.6,0
29.8,86.6,1
28.2,86.9,1
32.3,76.2,1
26.0,81.9,0
34.9,77.4,1
34.5,64.2,0
33.4,83.9,1
32.6,70.0,1
25.4,72.4,0
22.7,67.1,0
29.2,71.4,0
26.5,81.2,0
25.0,78.4,0
25.9,69.5,0
34.3,71.8,1
30.6,56.2,1
22.0,98.0,0
25.6,76.8,0
31.3,77.9,1
24.7,85.6,0
31.8,78.5,1
27.1,70.6,0
29.6,82.2,1
37.5,80.1,1
32.6,67.8,1
22.4,66.7,0
23.9,73.5,0
31.9,82.4,1
37.6,65.5,1
35.8,64.5,1
32.7,79.5,1
30.3,61.0,1
23.6,90.5,0
30.1,83.0,1
30.7,69.3,1
25.3,65.7,0
29.8,71.2,1
24.5,61.2,0
28.1,61.1,0
30.9,67.9,1
27.4,93.5,1
35.8,66.7,1
23.6,85.5,0
30.6,90.9,0
27.2,57.5,0
28.0,82.1,1
26.0,79.7,1
26.1,71.0,0
28.5,65.0,0
24.3,67.4,0
25.9,84.2,0
26.6,74.3,0
32.8,60.5,1
25.4,77.0,0
34.5,55.1,1
28.5,72.4,1
27.4,84.3,0
24.6,69.3,0
32.8,63.3,1
28.9,61.7,1
22.0,75.1,0
26.4,94.4,0
23.8,94.3,0
30.5,62.1,1
26.1,62.8,0
28.8,75.7,1
29.0,64.1,1
22.0,76.3,0
22.0,89.4,0
28.1,67.8,0
29.9,64.1,0
29.1,57.3,1
22.1,84.4,0
25.2,66.0,0
25.3,75.9,0
22.0,80.3,0
30.3,80.9,1
22.2,72.0,0
29.3,48.0,1
33.5,76.2,0
31.8,66.0,1
26.8,85.8,0
31.7,66.4,1
32.6,68.0,1
22.9,71.2,0
25.3,77.4,0
29.2,59.7,0
25.1,82.4,0
32.5,72.5,1
27.1,68.0,0
24.2,79.9,0
25.4,89.5,0
30.6,60.6,1
27.4,98.0,1
34.4,81.2,1
31.3,64.1,1
34.6,79.1,1
27.3,73.0,0
27.9,71.9,0
27.9,62.5,0
25.3,78.3,1
22.0,95.3,0
32.7,65.6,1
24.7,80.1,0
26.5,88.9,0
34.4,74.8,1
27.3,66.7,0
23.9,82.1,0
29.6,73.3,0
28.6,97.2,1
25.2,75.7,0
25.6,87.7,0
27.9,74.8,0
23.7,85.7,0
26.7,63.4,0
27.8,65.4,0
30.2,67.5,0
27.3,77.6,1
34.8,73.1,1
22.0,89.4,0
35.3,71.6,1
28.4,95.7,1
32.7,81.1,1
28.6,53.8,1
28.6,82.6,1
36.5,68.7,1
29.1,85.7,1
28.4,69.7,1
30.0,55.1,1
24.2,69.8,0
31.3,61.1,1
27.1,60.9,0
29.7,70.8,0
26.3,86.4,0
22.0,81.8,0
26.4,78.0,0
26.8,69.9,0
25.4,64.7,0
27.2,91.2,1
32.0,70.1,1
33.4,91.6,1
28.9,83.9,1
25.3,74.7,1
22.0,64.6,0
22.0,73.1,0
29.1,75.2,1
22.5,78.1,0
23.1,73.7,0
30.5,75.0,1
29.4,96.8,1
23.9,66.5,0
25.2,86.2,0
22.0,76.4,0
27.3,87.3,1
25.5,69.0,0
31.6,53.9,1
22.2,65.7,0
26.5,71.2,0
25.2,80.4,0
35.6,72.3,1
33.5,78.6,1
27.0,83.1,0
25.6,58.9,0
31.1,72.5,1
28.2,80.6,1
35.5,72.4,0
29.3,64.7,0
33.6,74.5,1
33.7,65.0,1
27.7,61.9,0
31.3,86.6,1
22.0,86.6,0
32.7,77.2,1
30.8,86.0,1
31.5,57.6,1
22.2,98.0,0
34.7,70.2,1
34.6,76.3,1
28.7,76.7,1
33.0,61.7,1
32.8,70.0,1
31.7,69.5,0
29.2,62.6,0
29.9,76.9,1
30.2,55.8,1
23.2,83.7,0
23.9,77.3,0
26.7,77.6,0
36.3,60.7,1
30.7,70.6,1
26.2,87.0,0
30.9,83.4,1
23.2,73.6,0
32.4,71.0,1
25.3,73.9,0
22.0,78.6,0
22.0,84.2,0
28.6,90.3,1
26.5,71.2,0
32.2,84.1,1
32.9,64.2,1
37.4,88.2,1
34.0,66.4,1
37.3,63.3,1
32.6,72.3,1
24.9,82.8,0
25.9,94.7,0
26.7,75.9,1
25.1,84.5,0
27.0,68.0,0
22.0,90.6,0
31.7,58.4,1
22.0,73.7,0
27.3,85.0,1
30.7,84.2,1
29.3,71.4,1
26.0,85.2,0
25.6,98.0,0
35.0,72.6,1
22.0,76.8,0
29.1,76.0,0
23.4,69.4,0
30.4,69.3,1
26.7,85.9,0
22.0,71.9,0
31.2,70.4,1
29.7,77.7,1
36.7,71.3,1
22.0,83.8,0
31.9,78.4,1
33.2,64.3,1
22.0,84.6,0
34.0,69.4,1
27.3,67.4,0
29.7,71.9,0
30.3,71.7,1
30.7,62.7,1
23.2,76.1,0
24.0,85.1,0
30.3,98.0,1
24.7,66.1,0
31.6,82.7,1
22.0,78.4,0
22.0,81.7,0
26.7,80.4,0
37.4,72.3,1
31.0,64.0,1
33.1,71.7,1
22.0,75.0,0
23.4,77.3,0
25.6,77.4,0
28.3,82.5,1
25.6,88.4,0
26.3,65.3,0
27.0,55.4,0
24.3,78.7,0
25.8,85.2,0
31.5,63.9,1
25.9,73.0,0
22.0,80.8,0
30.0,83.1,1
25.7,86.0,0
29.7,59.8,1
32.6,82.8,0
37.7,62.6,1
33.2,68.4,1
31.8,68.2,1
33.6,53.5,1
22.0,85.7,0
25.4,76.3,0
31.8,74.1,1
22.0,81.9,0
28.5,63.4,1
27.4,78.5,1
31.3,50.1,1
32.0,83.3,1
27.4,98.0,1
24.8,80.5,0
26.0,73.4,0
22.0,87.5,0
32.3,60.1,1
28.9,67.0,1
26.1,74.9,0
28.2,64.2,0
28.3,79.8,1
28.9,63.0,1
24.4,94.7,0
27.1,59.0,0
26.9,80.5,0
31.4,83.4,1
31.9,70.9,1
26.2,62.2,0
22.0,91.5,0
26.8,74.2,0
22.0,80.8,1
27.8,92.1,1
22.6,72.1,0
29.3,70.3,0
24.0,86.0,0
25.3,45.7,0
25.3,74.6,0
27.7,62.9,0
28.0,80.6,1
24.7,86.9,0
34.1,78.9,1
31.9,61.7,0
33.4,60.5,0
32.4,70.5,1
22.0,84.0,0
30.9,83.4,1
28.0,75.3,1
30.2,71.8,1
30.1,86.1,1
29.9,61.6,1
26.3,89.0,0
25.3,79.7,0
28.8,79.0,1
30.9,74.0,1
34.4,66.9,1
26.1,75.5,1
32.0,62.5,1
34.5,68.6,1
23.7,81.1,0
26.3,77.0,0
28.4,84.5,1
26.8,74.3,0
25.2,94.6,0
32.6,63.8,1
26.3,71.6,0
32.1,63.2,1
33.0,59.3,1
33.4,58.9,1
25.3,56.5,0
29.6,68.7,0
36.6,71.0,1
22.0,65.0,0
25.4,77.8,0
22.1,84.5,0
25.5,90.7,0
28.9,57.2,0
30.3,74.8,1
25.9,65.2,0
27.0,45.0,0
24.0,86.2,0
32.0,73.0,1
31.0,89.6,1
34.2,77.4,1
22.0,84.0,0
26.9,86.6,0
24.7,80.7,0
22.0,98.0,0
34.5,73.2,1
22.0,83.7,0
24.9,73.4,0
33.5,70.0,0
33.6,72.2,1
29.2,81.8,1
30.2,70.5,1
35.0,69.7,1
23.2,81.3,0
22.0,83.9,0
32.7,81.7,0
28.5,65.2,1
24.3,77.9,0
26.4,84.0,0
28.1,71.6,1
25.1,62.7,0
27.6,63.4,0
22.3,91.0,0
28.3,67.5,0
34.5,78.4,1
33.5,64.8,1
29.3,96.8,1
29.5,91.8,1
23.9,81.7,0
34.5,79.4,1
25.5,77.5,0
22.0,66.8,0
34.0,65.3,1
25.5,84.9,0
35.2,56.1,1
33.4,72.8,1
28.1,66.8,0
26.6,93.7,0
31.7,76.0,1
30.7,77.4,1
36.4,72.4,1
24.6,81.0,0
23.5,68.8,0
25.3,89.1,1
31.6,65.5,1
24.6,73.1,0
25.6,70.0,0
22.1,75.8,0
31.2,64.7,1
32.8,66.7,1
26.5,79.5,0
23.0,84.3,0
29.2,69.4,1
24.7,89.2,0
31.8,66.4,1
31.6,77.9,0
31.3,59.2,1
24.5,89.1,0
22.0,68.8,0
25.8,87.4,0
26.4,61.9,0
23.1,75.4,0
24.7,61.1,0
26.8,72.7,0
34.1,59.5,1
29.2,70.2,0
27.3,80.9,1
22.0,86.1,0
30.7,78.6,1
25.8,77.3,0
29.5,69.4,1
29.6,70.7,0
22.0,70.3,0
29.6,74.1,1
26.2,58.4,0
26.9,69.8,1
22.0,74.6,1
27.8,68.9,0
36.0,74.9,1
25.8,81.7,0
34.7,60.2,1
22.0,83.6,0
34.2,68.8,1
24.6,73.7,0
24.1,93.9,0
24.4,64.8,0
24.9,86.2,0
30.0,75.3,1
29.3,77.2,1
22.0,65.6,0
31.4,79.0,1
27.8,71.7,0
32.5,70.9,1
29.8,75.4,1
22.0,86.1,0
29.2,83.8,1
22.2,86.6,0
29.4,52.2,1
24.3,91.9,0
28.6,81.3,0
32.1,62.9,1
30.5,98.0,1
24.3,45.0,0
27.7,68.7,1
37.5,57.1,1
23.6,87.4,0
28.3,59.7,1
31.6,56.5,1
26.6,75.1,0
25.7,71.8,0
32.9,89.7,1
32.2,60.1,1
22.5,76.3,0
25.5,65.4,0
32.0,73.4,1
24.4,79.1,0
22.0,63.4,0
32.2,81.3,1
30.5,56.8,0
29.1,75.5,1
27.5,65.5,0
26.6,98.0,0
34.8,62.5,1
25.7,66.9,0
25.9,64.1,0
25.7,67.1,0
32.0,77.0,1
31.0,86.1,1
27.1,65.5,0
29.6,78.6,1
24.2,94.6,0
33.2,74.7,1
33.9,69.2,1
22.1,82.8,0
34.9,69.8,1
25.3,83.1,0
36.2,80.3,1
25.2,73.4,0
31.6,72.3,1
30.3,66.8,1
29.9,60.6,1
30.5,72.2,1
31.1,78.6,1
24.3,89.3,0
29.9,79.3,1
32.0,89.7,1
30.7,80.4,1
25.2,64.5,0
23.0,72.2,0
30.6,89.9,1
30.4,65.8,1
34.9,63.1,1
22.0,76.2,1
26.0,70.1,1
27.3,91.7,1
25.8,90.8,0
22.0,68.1,0
24.4,72.1,0
23.9,76.0,0
30.7,64.3,1
23.7,83.0,1
25.8,97.4,1
30.8,73.6,1
34.5,58.7,1
27.6,59.8,1
35.0,67.3,1
31.9,77.0,1
23.1,61.4,0
23.1,87.9,0
26.1,61.7,0
31.4,80.4,1
28.6,88.6,0
22.5,66.4,0
27.6,60.5,0
31.6,57.8,1
23.5,54.8,0
27.7,74.6,0
31.5,71.7,1
27.3,73.7,0
22.0,77.2,0
28.8,80.2,1
22.0,92.7,0
24.4,67.1,0
36.4,81.9,1
29.4,84.8,1
30.4,70.8,1
29.6,87.4,1
25.3,58.3,0
31.6,58.1,1
22.6,64.8,0
24.6,66.1,0
26.8,71.9,0
28.1,86.0,1
29.7,78.4,1
22.8,73.2,0
32.8,70.5,1
32.2,64.5,1
26.4,93.1,0
28.4,69.0,1
32.0,63.8,1
22.4,83.8,1
22.4,87.0,0
26.2,67.8,0
26.6,79.1,0
31.8,86.4,1
25.1,63.7,0
29.5,91.3,0
31.1,65.9,1
30.1,66.0,1
22.4,63.5,0
22.0,76.0,0
30.1,66.7,1
30.3,75.5,1
24.9,71.7,0
24.8,76.5,0
29.6,65.6,0
29.0,79.3,0
23.1,82.9,0
29.9,68.8,1
31.2,80.4,1
29.1,89.3,1
24.6,77.9,0
22.5,84.4,0
22.3,84.4,0
32.8,64.2,1
24.8,79.4,0
23.7,84.3,0
30.2,73.2,0
26.6,77.6,0
23.0,84.1,0
26.6,81.2,0
23.3,78.3,0
25.2,83.3,0
26.8,65.1,0
25.0,91.8,0
22.1,55.3,0
26.1,96.2,0
24.1,94.2,0
24.6,75.4,0
22.0,80.8,0
33.1,74.7,1
27.2,60.3,0
31.2,70.9,1
26.5,75.9,0
27.5,69.2,0
22.0,66.1,1
31.8,71.0,1
30.1,72.8,1
24.5,71.9,0
23.6,62.7,0
30.3,75.6,1
33.4,74.3,1
25.7,73.1,0
22.0,95.1,0
28.9,66.4,1
35.8,75.9,1
38.7,80.3,1
34.5,90.3,0
30.4,71.6,1
33.3,53.2,1
34.1,74.8,1
24.7,67.5,0
30.4,69.7,1
31.4,82.0,1
35.1,77.2,1
31.6,62.5,1
26.6,67.5,1
27.6,69.2,0
23.4,89.7,0
26.4,76.5,0
30.7,91.8,0
22.4,89.5,0
33.1,64.4,1
24.3,86.1,0
24.7,82.6,0
27.3,86.9,1
24.8,78.1,0
29.2,86.3,1
26.3,64.6,0
22.0,90.3,0
29.7,66.9,0
30.8,65.3,1
31.7,61.4,0
33.2,65.8,1
32.0,74.4,1
30.1,71.7,1
32.5,56.0,1
28.0,80.1,1
33.4,59.9,1
29.6,70.9,0
38.4,69.8,1
22.0,75.8,1
32.7,66.7,1
25.3,86.6,1
25.0,68.0,0
29.2,72.3,0
32.3,75.3,1
23.6,77.4,0
29.9,62.3,1
30.1,89.0,1
23.5,73.8,0
28.9,74.7,1
33.6,71.3,0
22.4,92.6,0
24.4,84.2,0
35.5,73.9,1
34.7,56.9,1
30.6,92.3,1
31.5,70.9,1
28.0,61.2,0
31.2,86.9,1
26.0,74.9,0
24.5,76.0,0
33.3,76.9,1
28.9,82.4,1
29.3,75.0,1
28.0,61.4,0
26.1,59.8,0
32.8,57.5,1
23.1,80.7,0
26.4,84.9,0
25.8,69.7,0
26.9,78.4,0
22.0,90.6,0
27.9,78.7,1
27.2,65.7,0
26.0,81.6,0
22.0,65.7,0
29.8,87.8,1
35.8,63.0,0
29.1,81.6,1
28.8,72.2,1
31.1,57.4,1
24.4,80.4,0
30.0,62.8,0
34.5,65.8,1
30.8,85.2,1
33.3,72.1,1
22.4,88.0,0
23.8,89.5,0
28.1,92.7,1
29.8,89.2,1
31.7,81.7,1
32.6,95.7,1
23.4,76.8,0
27.4,75.5,1
26.2,85.3,0
24.9,76.5,0
32.2,81.8,1
29.0,87.7,1
33.8,61.5,1
24.6,63.1,1
22.7,68.0,0
22.0,95.5,0
23.5,81.8,0
32.6,73.2,1
31.7,64.1,1
29.6,72.8,0
27.8,66.7,0
22.0,68.8,0
27.0,69.8,0
27.8,64.8,0
37.5,74.3,1
33.3,48.0,1
26.4,88.6,0
30.4,67.3,1
30.6,79.0,1
24.4,97.2,0
35.0,69.3,1
22.1,98.0,0
31.5,57.4,1
33.3,72.5,1
29.6,51.9,1
28.8,77.5,1
25.8,68.5,0
23.5,75.9,0
31.3,83.7,1
24.4,81.8,0
32.0,47.7,0
33.6,70.4,1
26.6,83.2,0
30.9,68.6,1
22.0,83.9,0
26.8,58.7,0
22.0,69.1,0
32.0,71.1,0
22.0,92.4,1
26.5,78.2,0
28.9,76.1,1
35.0,72.1,1
22.0,63.6,0
28.0,81.4,1
24.4,69.2,0
37.7,61.2,1
31.0,70.7,1
28.1,69.6,1
29.6,78.8,1
23.0,82.3,0
30.2,50.6,1
24.1,75.6,0
30.9,68.6,1
28.2,73.9,0
28.0,82.6,1
25.9,68.9,0
27.4,77.6,1
29.1,81.3,1
27.2,77.3,1
27.2,88.2,1
32.5,74.6,1
22.3,61.3,0
36.9,65.9,1
31.8,80.8,1
28.8,75.3,1
22.0,72.6,0
26.7,75.6,1
24.3,87.3,0
25.4,74.4,0
34.6,80.9,1
34.2,46.9,1
27.5,77.9,1
24.4,60.4,0
23.5,91.3,0
26.1,77.3,0
27.8,93.5,1
32.3,73.3,1
27.1,81.5,1
23.7,84.4,0
24.5,76.1,0
25.4,62.0,0
24.0,73.9,0
22.7,75.6,0
31.7,69.7,1
26.1,70.3,0
29.9,76.1,0
24.8,88.9,0
27.6,67.8,0
24.9,87.2,0
29.7,60.4,0
35.1,60.8,1
22.4,78.8,0
30.1,48.3,1
25.8,69.5,0
24.5,74.6,0
24.8,89.4,0
24.7,76.6,0
32.6,86.7,1
25.1,78.2,0
30.0,76.6,1
22.0,86.8,0
26.4,69.2,0
22.0,88.0,0
23.2,68.7,0
28.8,82.8,0
28.5,78.7,1
29.5,74.8,0
26.3,75.9,0
31.4,77.8,1
30.0,86.3,1
35.7,64.7,1
24.8,67.9,0
28.7,67.3,0
22.0,83.2,1
29.0,67.8,1
25.3,69.2,0
24.7,85.8,0
34.1,76.1,1
35.9,66.3,1
29.5,45.0,1
30.1,72.0,1
26.7,73.5,0
24.9,66.6,0
25.3,76.5,0
28.0,76.1,1
22.1,75.6,0
22.0,81.4,0
30.7,62.9,1
34.4,71.6,1
32.1,62.8,1
30.0,83.4,1
25.5,70.0,0
26.5,64.6,0
36.4,61.5,1
34.6,57.5,1
28.5,73.9,0
25.4,72.8,0
31.0,89.0,1
28.8,82.6,1
26.1,78.7,0
26.2,78.8,0
25.3,91.2,0
26.6,78.7,0
28.1,78.1,1
24.8,66.5,0
27.3,61.9,0
37.2,65.6,1
22.0,87.3,0
28.2,69.2,0
25.8,74.2,0
25.8,68.4,0
27.0,80.6,1
22.0,98.0,0
33.4,63.0,1
26.7,83.5,0
32.9,68.5,1
22.0,76.4,0
30.2,85.6,1
28.9,69.6,0
34.3,97.5,1
28.4,67.2,0
27.1,59.1,1
26.5,98.0,0
32.3,70.9,1
27.7,78.3,1
29.0,65.6,1
25.7,60.5,0
23.8,66.1,0
23.2,66.1,1
31.4,77.9,1
22.0,79.1,0
22.0,56.8,0
23.4,87.7,0
28.3,91.0,1
31.4,74.7,1
26.3,72.5,0
28.1,85.3,0
31.4,73.0,1
30.0,95.1,1
22.0,83.6,0
31.9,84.8,1
35.5,76.8,1
28.7,89.5,1
28.1,67.9,1
27.5,77.0,1
23.2,92.6,0
23.7,75.7,0
24.4,95.8,0
29.7,77.0,1
22.0,88.5,0
32.0,55.1,1
28.2,64.1,0
22.0,75.3,0
30.6,57.0,1
30.3,61.7,1
23.0,77.9,0
31.9,80.1,1
22.4,89.5,0
31.0,57.9,0
33.5,85.6,1
32.6,67.7,1
27.3,84.0,1
24.1,89.9,0
22.3,85.7,0
22.0,73.7,0
33.2,85.6,1
32.0,59.1,1
22.0,88.2,0
22.0,76.1,0
22.9,84.3,0
22.0,74.4,0
22.9,64.5,0
22.0,71.3,0
27.2,84.9,1
22.0,72.9,0
24.0,84.4,0
31.7,75.6,1
30.3,80.4,1
28.2,80.2,1
34.4,90.6,0
36.8,66.0,1
35.1,63.7,1
24.8,67.0,0
29.2,87.0,1
22.0,84.3,0
37.4,86.7,1
33.6,55.7,1
33.2,64.0,1
26.5,89.6,0
25.3,68.0,0
30.1,55.9,1
28.2,92.0,1
30.9,71.6,0
25.3,81.6,0
34.5,62.2,1
24.1,79.7,1
28.9,66.2,1
25.7,87.4,0
32.7,65.7,1
30.7,85.4,1
29.2,68.6,1
30.0,73.6,1
24.9,77.1,0
27.8,78.0,0
26.6,59.1,0
31.4,86.9,1
24.2,79.5,0
26.6,91.9,0
27.3,71.0,0
31.8,77.6,1
22.7,77.5,0
30.5,74.9,1
31.7,68.5,1
25.6,92.5,0
27.9,92.9,1
30.5,75.8,1
25.2,63.2,0
27.7,78.0,1
25.1,92.3,0
25.8,74.7,0
26.3,95.1,0
25.4,66.2,1
31.7,79.4,1
31.8,76.7,1
33.6,71.2,1
27.8,91.1,1
24.4,94.2,0
31.2,83.7,0
26.5,78.0,0
28.4,70.7,1
26.8,94.5,0
22.0,95.7,0
28.4,77.7,1
25.9,79.3,0
30.4,66.6,1
22.3,90.0,0
31.8,60.4,1
22.5,78.1,0
22.0,87.5,0
32.3,45.0,1
29.6,57.1,1
27.7,72.7,0
29.8,64.3,1
30.7,62.4,1
26.2,65.5,0
22.0,64.4,0
27.0,94.2,0
28.7,77.2,1
24.1,54.8,0
28.9,74.4,1
36.3,60.1,1
24.6,74.0,0
32.9,83.0,1
34.0,70.8,1
25.0,86.3,0
28.6,60.3,1
22.0,80.0,0
32.7,64.5,1
28.7,65.3,0
35.6,98.0,1
30.9,63.4,1
30.0,73.3,0
25.2,81.5,0
30.2,67.1,1
24.7,82.2,0
28.0,73.7,0
29.6,62.1,1
26.8,75.2,0
29.3,84.1,0
25.5,70.4,0
22.1,93.8,0
22.0,74.6,0
26.0,80.4,0
26.2,71.8,0
29.0,87.2,1
31.7,68.0,1
25.3,82.1,0
27.7,96.9,1
23.9,85.4,0
33.0,76.6,1
26.8,82.5,0
30.7,58.8,1
31.6,89.7,1
31.3,58.7,1
26.0,76.8,0
32.1,68.8,1
32.7,72.0,1
33.0,69.9,0
30.2,65.1,1
23.9,98.0,0
30.3,83.7,1
39.0,66.1,1
33.0,73.5,1
24.6,83.6,0
22.0,74.9,0
22.0,88.2,0
28.3,83.2,1
29.6,83.7,1
24.8,75.6,0
30.1,82.6,1
28.7,63.3,1
22.0,66.5,0
28.7,66.3,1
33.5,58.9,1
31.4,78.4,1
28.6,66.0,0
23.6,78.0,0
25.2,67.0,0
29.2,82.0,1
31.1,64.0,1
30.1,81.7,1
24.8,86.0,0
29.3,80.6,1
27.1,88.1,1
27.6,84.9,1
34.2,72.9,1
27.6,77.3,1
28.2,88.8,1
22.0,66.7,0
31.5,76.5,1
26.2,61.0,0
27.0,64.5,0
23.5,80.7,0
22.3,94.8,0
27.2,88.7,1
34.4,69.3,1
24.1,79.4,0
25.8,82.1,0
22.0,70.9,0
30.6,55.6,1
27.2,59.8,0
22.5,91.4,0
30.4,62.2,1
24.7,75.8,0
22.5,78.2,0
29.4,56.5,0
23.7,79.0,0
28.5,56.2,1
31.0,72.3,1
27.6,86.5,1
27.9,69.6,0
33.6,80.0,1
24.7,79.4,0
30.2,86.7,1
25.0,89.5,1
29.2,63.0,0
28.7,85.5,1
33.9,83.9,0
23.2,71.2,0
30.7,76.4,1
23.2,78.4,1
22.0,79.8,0
31.5,93.2,1
26.9,55.3,0
34.7,82.4,0
32.0,65.3,1
23.8,94.1,0
32.4,65.2,1
24.3,90.4,0
29.0,85.2,1
22.3,76.9,0
22.9,60.8,0
30.5,62.3,1
33.5,62.5,1
22.3,76.1,0
28.0,94.4,1
26.3,68.6,0
28.7,45.0,1
32.6,78.8,0
30.4,71.0,1
38.0,46.7,1
32.7,52.7,1
25.6,75.2,0
25.1,66.3,0
27.9,76.8,1
28.2,62.9,0
22.1,84.9,0
31.7,81.9,1
24.3,89.7,1
32.2,52.3,1
22.0,75.5,0
30.3,73.8,1
33.8,90.7,1
29.1,70.0,1
33.8,82.1,1
22.0,84.4,0
30.0,85.5,1
24.1,69.5,0
24.9,77.6,0
25.7,87.4,0
23.4,82.4,0
23.6,76.5,0
29.7,66.7,0
32.0,76.5,1
31.8,76.9,1
27.5,87.0,1
33.9,67.1,1
30.6,95.3,0
25.1,54.4,0
25.5,76.3,0
32.9,77.9,1
31.6,75.0,1
28.0,73.1,0
33.5,85.1,1
23.9,94.2,0
25.3,94.2,0
32.2,88.9,1
26.0,70.1,0
24.5,90.2,0
22.4,76.4,0
34.4,72.6,1
30.3,76.6,1
35.2,77.2,1
22.0,81.3,0
24.5,84.8,0
24.5,78.3,0
34.5,78.6,1
28.0,91.1,1
34.4,75.4,1
29.0,79.9,1
31.7,61.7,1
33.5,70.9,1
26.7,77.8,0
25.4,73.7,0
31.5,59.0,1
27.3,92.0,1
34.2,75.2,1
27.3,71.6,1
27.5,85.6,1
24.3,82.5,0
32.1,67.4,1
25.5,72.7,0
23.1,82.8,0
29.3,66.2,1
22.9,75.9,0
27.8,72.1,1
27.5,73.7,0
27.3,90.7,1
25.3,60.7,0
33.7,73.0,1
28.0,69.6,1
28.4,66.6,1
23.1,80.7,0
26.4,82.4,0
29.3,69.4,0
26.1,52.4,0
33.2,58.9,1
31.4,66.7,1
25.4,83.2,0
27.3,54.7,0
27.2,65.9,0
29.3,65.6,0
33.7,93.5,1
30.1,64.1,1
29.4,75.1,1
26.0,85.5,0
27.0,85.6,0
34.3,70.3,1
32.1,81.7,1
29.0,74.0,0
32.8,79.3,1
25.4,83.7,0
34.8,80.4,1
26.3,80.1,0
24.2,79.7,0
31.3,63.7,0
28.5,71.5,0
24.8,68.0,0
31.6,64.9,1
28.1,74.8,1
38.8,63.3,1
22.7,81.2,0
22.3,80.5,0
30.5,71.7,1
26.8,62.2,0
29.6,84.7,1
29.3,68.6,0
23.3,92.4,0
26.9,68.2,0
31.7,67.1,0
26.3,70.1,0
29.6,61.3,0
22.0,68.2,0
32.5,80.2,1
33.2,77.3,0
29.0,53.0,1
25.1,64.0,0
23.8,84.9,0
28.4,68.1,0
31.9,72.1,1
33.2,72.5,1
24.1,63.9,0
32.7,62.1,1
31.6,72.4,1
25.6,83.3,0
26.2,95.7,0
29.3,52.2,1
33.5,72.8,1
29.9,74.1,0
28.7,59.6,1
29.7,80.2,1
28.3,94.8,1
28.4,58.8,1
25.2,83.9,0
32.4,86.0,1
23.3,82.7,1
28.1,77.9,1
26.4,66.8,0
24.0,80.8,0
33.0,65.0,1
32.6,68.5,1
27.1,79.5,0
22.3,76.8,0
26.2,80.5,0
36.0,70.3,1
35.4,84.9,1
32.6,73.3,1
22.7,62.2,0
25.7,60.9,0
26.5,77.2,0
22.0,71.4,0
28.4,78.1,1
22.0,85.1,0
28.9,72.5,1
25.5,74.3,0
31.6,64.7,1
22.5,59.5,0
23.9,75.0,0
30.2,63.6,1
23.6,92.3,0
25.3,80.9,0
26.3,86.7,1
24.9,86.6,0
30.5,80.6,1
37.3,90.8,1
22.0,85.2,0
25.8,83.4,0
29.7,74.5,0
22.0,98.0,0
22.0,84.8,0
32.5,65.9,1
25.3,98.0,0
27.9,88.6,1
30.8,84.7,1
31.9,86.2,1
28.8,57.7,1
33.1,79.2,1
26.9,82.2,0
25.0,79.2,0
26.3,92.7,0
30.0,70.3,0
29.0,80.8,0
32.1,80.2,1
31.4,73.9,1
28.9,76.5,1
24.3,82.2,0
28.8,62.0,1
26.0,87.6,0
25.6,45.7,0
28.2,81.9,1
30.6,66.8,1
30.2,77.0,1
31.6,66.7,1
31.1,76.6,1
24.6,80.9,0
23.8,66.2,0
28.4,63.3,0
26.1,63.6,0
34.9,74.9,1
23.0,82.9,0
28.4,76.7,1
22.0,64.4,0
30.5,71.4,1
22.0,85.3,0
28.3,83.2,1
29.9,61.2,0
28.2,94.2,1
22.0,73.5,0
23.0,86.1,0
31.6,68.5,1
31.3,82.0,1
23.1,77.7,0
31.8,72.6,0
28.9,72.2,1
30.3,70.8,1
26.3,86.3,0
27.6,86.6,1
26.0,69.1,0
28.9,80.7,1
22.0,87.8,0
22.6,87.3,0
36.8,76.2,1
24.4,76.6,0
29.2,67.2,0
35.0,72.0,1
27.9,68.8,0
22.5,66.5,0
22.0,71.1,0
25.7,74.1,0
29.7,73.9,1
23.5,67.5,0
31.0,65.6,1
29.9,74.8,0
28.0,76.5,1
31.6,81.1,1
31.0,75.2,1
28.8,66.8,0
30.5,76.6,1
22.2,89.6,0
33.5,70.8,1
22.0,70.1,0
33.4,63.4,0
27.2,84.6,1
33.7,56.5,1
31.2,60.7,1
22.1,86.4,0
37.3,55.2,1
23.3,82.1,0
31.4,65.2,1
31.2,87.3,1
36.3,68.1,1
26.2,56.2,0
31.8,57.0,1
27.5,84.8,1
34.2,54.0,1
29.7,59.1,1
29.4,78.1,1
27.7,78.2,1
26.8,67.8,0
22.0,85.3,0
30.1,66.2,1
24.6,90.6,0
22.0,65.2,0
30.1,59.6,0
23.6,67.1,0
29.7,71.4,1
27.7,75.0,1
24.9,71.5,0
32.3,79.0,1
22.0,77.5,0
23.7,81.4,0
25.8,75.6,0
29.8,55.0,1
27.0,71.1,0
28.3,61.5,0
22.4,79.4,0
30.7,91.2,0
34.0,67.4,1
24.5,91.7,0
24.9,73.6,0
30.1,70.6,1
25.2,72.2,0
28.3,81.3,1
30.3,56.4,1
25.6,88.9,0
22.2,89.2,0
35.4,70.3,1
22.0,82.9,0
27.4,96.7,1
30.2,71.6,1
25.6,82.2,1
29.9,71.5,1
29.4,68.0,1
30.0,66.8,1
28.4,92.1,1
25.7,74.8,0
28.8,63.9,0
32.3,47.8,1
31.6,69.0,1
26.7,78.3,0
27.4,77.6,1
23.5,89.7,0
38.1,62.3,1
36.1,65.2,1
32.0,83.6,1
25.8,80.6,0
28.6,89.1,1
22.4,92.6,0
32.9,58.9,1
36.5,68.5,1
30.1,79.3,1
27.8,72.6,0
33.5,61.8,1
33.3,71.5,1
31.6,64.7,1
32.2,81.1,1
30.4,77.9,1
31.8,73.9,1
31.0,64.4,1
29.0,64.9,0
28.3,77.3,0
32.5,61.7,1
28.6,63.4,1
23.2,68.0,0
31.3,69.2,0
22.8,83.5,0
34.4,68.4,1
22.0,88.3,0
33.8,72.1,1
24.2,89.7,0
29.3,83.2,1
22.5,92.4,0
33.5,57.9,1
23.7,80.7,0
25.9,90.0,0
37.0,72.6,0
22.2,89.5,0
29.6,83.7,1
23.2,70.8,0
22.0,62.4,0
25.4,86.6,0
28.9,78.9,1
33.5,70.6,1
23.0,98.0,0
33.4,58.0,1
26.0,78.0,0
22.0,79.4,0
22.0,89.6,0
26.5,73.0,0
33.1,60.9,1
31.1,71.0,1
28.1,84.3,1
23.0,78.6,0
30.9,74.1,0
31.4,97.4,0
23.5,69.7,0
31.8,75.3,1
22.3,75.1,0
32.3,71.7,1
24.6,79.2,0
23.8,89.1,0
31.8,68.3,1
32.9,64.6,1
27.7,60.8,0
24.0,71.5,1
28.6,62.3,1
31.5,61.3,1
28.2,64.3,1
29.9,82.8,1
23.3,68.4,1
25.8,86.0,0
26.7,65.1,0
36.7,74.1,1
31.3,76.7,1
32.1,86.1,0
22.0,88.8,0
29.4,84.3,1
29.9,76.2,1
35.6,74.9,1
29.7,60.0,0
32.0,58.5,0
29.6,70.0,1
24.3,77.5,0
29.0,88.1,1
30.5,52.1,1
29.2,60.0,1
24.8,84.0,0
26.6,85.1,0
27.5,67.3,0
31.4,45.0,1
27.6,75.3,1
30.5,89.4,1
32.9,74.0,1
33.2,66.4,1
22.2,76.8,0
35.5,72.2,1
22.0,85.6,0
24.8,88.1,0
28.3,86.8,1
27.1,77.5,1
29.3,62.9,1
23.9,77.8,0
24.9,65.7,0
25.5,78.3,0
27.7,70.4,0
22.0,80.1,0
22.1,95.9,0
31.4,67.5,1
35.3,75.0,1
31.1,53.9,1
29.0,66.5,0
22.0,75.4,0
29.7,59.7,1
33.6,77.5,1
30.2,59.6,1
34.4,65.4,1
27.3,86.6,1
28.7,86.1,1
28.2,82.0,1
24.3,67.8,0
26.7,88.7,0
22.0,80.5,0
28.0,78.0,1
28.7,92.7,1
24.3,86.1,0
25.5,63.5,0
26.2,86.3,0
29.5,78.6,1
32.9,64.9,1
36.6,73.6,0
27.0,67.4,0
25.8,76.7,0
22.0,64.9,1
34.6,68.6,1
29.5,62.5,1
31.0,80.7,1
27.3,79.7,1
33.2,73.7,1
29.0,59.5,1
25.7,76.6,0
30.7,72.2,1
29.2,78.2,1
27.0,73.8,0
29.9,79.1,1
30.2,64.2,0
22.2,85.6,0
28.0,62.9,0
23.5,72.8,0
31.9,73.6,1
29.1,78.1,1
30.5,76.1,1
31.9,75.7,1
24.5,77.7,0
28.7,69.5,1
30.9,70.7,1
29.4,72.0,1
24.0,90.3,0
26.2,91.2,0
25.6,91.9,0
22.8,98.0,0
29.7,69.3,1
23.3,81.5,0
30.9,79.6,1
29.5,93.5,1
27.3,60.0,0
28.1,49.8,1
22.8,61.4,0
33.9,76.6,1
25.0,88.4,0
30.2,83.4,1
34.4,83.6,1
31.3,74.9,1
29.2,77.8,1
33.3,69.9,1
26.2,90.8,0
33.4,76.0,1
29.5,70.2,1
22.4,86.5,0
30.0,59.8,0
22.0,86.5,0
28.9,87.9,1
24.6,69.7,0
29.5,66.1,1
29.0,72.8,0
27.4,56.7,0
34.7,66.8,0
27.3,98.0,1
24.7,59.7,0
22.0,90.3,0
24.0,71.6,0
26.5,81.9,0
33.1,66.6,1
28.9,70.0,0
36.4,83.0,1
36.5,64.0,0
26.6,87.1,0
31.4,71.1,1
23.1,56.2,0
29.6,69.9,1
27.9,70.1,0
26.4,89.7,0
23.0,70.9,0
31.7,57.4,1
29.8,70.5,0
32.2,64.8,1
22.0,98.0,0
29.2,97.6,1
30.1,77.9,0
28.9,72.1,0
29.4,79.8,1
22.0,75.7,0
33.0,64.5,1
32.2,88.9,1
30.2,67.6,1
22.0,95.2,0
22.0,73.8,0
25.3,76.4,0
27.3,88.9,1
32.9,72.7,1
29.2,81.1,1
25.4,88.8,0
28.9,79.3,1
26.8,88.5,0
29.3,86.0,1
31.9,84.0,0
23.5,88.3,0
22.0,76.6,0
30.7,98.0,1
25.7,72.0,0
25.6,75.2,0
27.7,74.6,0
26.3,82.5,0
26.2,87.4,0
24.4,87.6,0
30.5,61.7,1
23.4,79.1,0
23.7,59.1,0
22.0,71.6,0
33.5,72.4,1
24.9,84.8,0
29.7,76.3,0
33.3,73.0,0
31.8,67.5,1
33.1,73.6,1
31.4,87.9,0
25.6,88.3,0
34.5,69.1,1
27.0,62.9,0
27.8,75.1,1
29.0,57.3,1
24.4,82.3,0
27.4,88.1,1
30.7,91.5,1
27.1,75.9,1
27.8,98.0,0
30.4,71.4,1
23.5,84.4,0
29.6,75.8,1
29.0,94.5,1
24.0,80.5,0
35.3,93.0,1
28.6,81.0,0
30.7,88.3,1
25.5,80.3,0
29.9,70.4,1
31.8,67.2,1
27.4,76.7,1
33.1,62.1,0
24.2,77.1,0
30.8,65.5,1
25.4,69.1,0
29.7,70.4,0
32.3,66.9,1
25.8,72.1,0
33.1,67.8,1
32.1,74.0,1
24.6,77.1,0
28.4,84.4,1
24.8,91.4,0
30.7,74.6,0
30.5,76.5,0
22.0,78.5,0
25.3,61.1,0
23.0,75.6,0
23.0,93.9,0
26.3,82.4,0
32.3,89.2,1
25.7,95.9,0
25.2,70.3,0
28.3,68.0,0
27.0,70.2,0
27.1,92.4,1
31.4,57.2,1
28.8,60.6,0
28.9,81.3,1
30.2,63.8,1
25.1,52.1,1
31.3,71.0,1
30.5,87.5,1
28.0,83.2,1
27.7,56.7,0
26.3,74.1,0
29.2,56.5,1
26.0,74.0,0
35.8,75.6,1
34.4,79.6,1
29.1,82.3,0
32.6,78.3,0
32.9,69.0,1
32.0,69.6,1
37.1,63.3,1
28.7,59.4,0
34.1,59.1,1
26.8,88.3,0
29.3,68.2,0
35.5,77.7,1
25.5,90.6,0
27.6,66.1,0
31.1,65.3,1
27.4,75.4,1
25.0,71.8,0
29.3,69.6,0
30.7,87.1,1
31.6,72.4,1
22.5,75.2,1
28.9,82.2,0
32.6,67.4,1
22.0,87.7,1
23.0,78.2,0
32.0,82.1,1
22.0,82.8,0
24.7,59.8,0
30.9,78.0,1
22.7,78.9,0
27.3,75.1,1
33.0,74.1,1
24.4,63.0,0
29.9,89.3,1
24.9,77.4,0
34.4,70.4,1
22.0,95.4,0
27.1,79.3,1
25.7,80.9,0
28.1,74.5,0
29.3,71.0,0
28.7,57.5,1
22.0,68.7,0
28.6,77.1,1
29.6,66.3,1
27.6,80.3,1
29.0,67.0,0
22.7,91.9,0
22.0,79.1,0
23.8,78.0,0
30.5,51.5,1
28.9,67.1,0
26.9,88.2,0
26.3,72.3,0
24.9,73.1,0
25.4,82.8,1
25.2,79.6,1
31.3,73.6,1
24.1,85.9,0
34.8,62.9,1
23.8,70.4,0
30.0,69.3,1
23.2,66.2,1
23.9,68.5,0
29.9,82.6,1
28.9,77.7,1
24.6,87.1,0
28.4,76.1,1
29.2,84.3,1
22.8,93.3,0
31.2,88.8,1
26.4,77.0,0
22.8,91.6,0
31.3,62.6,1
29.6,84.8,1
27.0,69.5,0
30.8,65.2,1
25.5,82.1,0
31.4,95.3,1
26.1,77.0,0
26.2,71.2,0
27.9,57.6,0
30.1,66.0,1
23.0,84.6,0
30.8,93.9,1
26.2,81.1,0
26.1,82.5,0
27.8,82.3,1
26.9,72.7,0
28.9,78.2,1
32.8,70.0,1
31.7,63.3,1
28.8,88.3,1
32.3,79.7,1
22.3,69.5,0
24.6,84.7,0
29.6,61.8,1
29.9,74.9,0
31.4,64.2,1
27.8,97.0,1
27.8,69.9,0
30.7,59.7,1
27.7,83.8,1
32.8,75.2,1
28.2,83.0,1
23.7,79.5,0
26.9,82.4,0
34.2,79.9,0
27.3,84.2,0
33.3,68.5,1
28.3,87.7,1
27.1,61.3,1
35.2,83.9,1
33.6,80.6,0
34.5,62.9,1
33.9,73.0,0
36.1,61.9,1
25.2,52.9,0
26.1,84.6,0
33.1,62.2,1
27.5,82.2,1
30.7,79.2,1
36.3,64.9,1
23.2,76.8,0
28.1,80.5,1
22.0,81.2,0
35.1,87.0,1
22.7,94.6,0
28.8,64.2,0
31.1,61.5,1
31.6,66.8,1
30.5,73.4,0
24.2,70.7,0
27.8,93.6,1
23.1,56.1,0
27.1,62.8,1
22.0,89.3,0
29.5,70.7,0
29.8,51.8,0
26.0,78.1,0
34.3,75.9,1
22.0,81.5,0
34.7,69.7,1
28.4,71.8,0
28.9,74.0,0
35.9,60.3,0
30.6,59.3,1
22.0,78.4,0
30.4,50.9,1
29.8,93.0,1
22.0,76.8,1
23.6,73.2,0
23.9,69.8,0
23.4,74.9,1
31.4,77.6,0
30.1,67.6,1
29.6,78.4,1
29.4,66.4,0
26.4,83.6,0
35.8,53.4,1
26.5,70.3,1
27.5,72.2,0
25.7,54.6,0
32.4,78.3,1
29.2,66.9,0
24.1,83.7,0
24.4,68.3,1
27.8,92.1,1
25.7,49.3,0
29.3,81.4,1
26.5,79.7,0
31.0,72.7,0
24.8,55.4,0
31.1,77.4,1
29.3,82.6,1
22.6,83.9,0
27.1,94.8,1
25.2,77.9,0
31.6,65.0,1
30.2,73.0,0
28.1,91.5,1
22.9,63.4,0
28.1,60.2,1
25.4,97.3,0
26.0,75.7,0
22.6,72.4,0
26.7,64.1,0
27.4,86.2,1
30.3,87.8,1
22.0,81.1,0
26.0,82.5,0
22.0,86.7,0
32.0,66.8,1
33.3,79.7,1
27.7,85.8,1
27.3,80.3,0
33.5,73.0,1
25.9,74.6,0
30.0,53.4,1
27.0,62.1,0
28.0,82.6,1
22.0,94.9,0
31.0,68.7,1
34.8,70.1,1
22.0,87.2,0
27.3,52.4,0
25.1,69.8,0
29.5,73.8,0
27.3,65.3,0
28.2,81.8,1
30.8,70.9,1
26.1,67.7,0
32.2,74.1,1
29.4,80.0,1
27.7,84.5,0
28.3,75.5,1
25.3,93.3,0
29.9,53.0,1
22.0,82.0,0
30.3,69.6,1
24.1,68.2,0
25.8,75.8,0
22.0,66.5,0
33.6,61.7,1
26.6,79.1,0
31.4,75.7,1
27.7,70.4,0
28.8,83.7,1
25.9,68.8,1
27.1,81.3,1
24.9,82.1,1
22.7,83.4,0
30.2,65.7,1
32.7,82.6,1
25.9,68.0,0
22.8,95.5,0
32.8,89.7,1
23.9,85.3,0
28.4,77.4,1
24.8,80.2,0
22.0,83.3,0
23.2,73.4,1
23.5,77.4,0
38.1,84.6,1
31.5,81.8,1
31.3,85.8,1
22.7,77.7,0
28.1,75.7,1
26.3,84.3,0
33.4,68.2,1
33.6,68.9,1
23.1,83.4,0
26.7,56.0,0
31.2,68.1,1
28.2,86.2,1
22.0,78.9,0
27.2,79.5,1
30.3,77.7,1
31.9,73.6,1
36.6,69.2,1
26.5,65.0,0
32.2,61.8,1
27.5,65.1,0
24.1,61.8,0
32.5,68.8,1
30.9,74.4,1
29.9,74.8,0
29.4,92.8,1
22.0,73.7,1
28.2,78.3,1
34.1,73.5,1
34.5,64.3,1
30.2,73.1,1
28.1,67.0,1
27.9,76.1,1
29.7,70.4,0
32.1,68.3,1
36.5,64.3,1
24.1,83.7,0
25.8,76.7,0
25.1,81.0,0
27.9,74.7,0
22.0,77.5,0
31.4,64.1,1
26.3,85.8,0
24.9,90.0,0
31.0,73.7,1
27.6,81.5,1
22.0,73.2,0
29.1,76.4,1
28.5,75.9,1
22.0,90.5,0
25.9,65.9,0
26.7,76.8,0
32.1,76.1,0
25.1,87.7,0
32.5,63.6,1
28.1,68.8,1
31.3,60.0,1
27.0,78.7,0
28.2,84.2,1
32.6,64.7,1
32.7,90.4,1
28.0,76.3,1
33.0,64.1,1
27.4,80.9,1
22.0,82.8,0
22.0,74.9,0
31.9,75.6,1
27.9,85.4,1
31.1,85.3,1
30.6,65.3,1
33.2,92.9,0
28.7,67.1,0
25.7,80.2,1
29.1,69.0,1
29.1,71.0,0
35.3,56.3,1
23.6,67.0,0
28.3,54.9,1
29.9,48.3,1
24.3,83.5,0
32.6,58.7,1
30.0,65.2,1
24.5,69.0,0
25.3,74.0,0
34.4,74.7,1
22.0,81.6,1
27.7,70.1,0
22.0,81.0,0
32.9,71.9,1
27.8,61.5,0
33.4,70.1,1
32.4,62.4,1
28.1,98.0,1
25.2,71.2,0
28.4,89.7,1
34.0,78.1,1
28.5,72.2,0
22.0,73.8,0
32.6,72.5,1
28.8,76.4,1
28.2,65.1,1
27.8,55.9,0
25.5,78.4,0
23.6,76.7,0
27.3,79.0,1
31.6,66.6,1
31.1,54.8,1
33.7,62.7,1
26.9,75.2,0
27.1,65.7,0
31.2,66.1,1
31.0,65.9,1
27.6,90.0,1
28.3,83.7,1
25.0,75.1,0
30.2,50.9,1
29.8,67.4,0
27.2,74.3,0
27.7,74.4,0
28.3,77.3,1
23.4,77.2,1
23.1,90.6,0
25.2,88.4,0
37.1,71.5,1
26.5,82.8,0
22.0,77.9,0
32.3,67.9,1
24.3,94.1,0
35.3,61.0,1
38.7,69.3,1
23.4,70.8,0
27.4,70.8,0
32.2,81.1,1
26.8,71.4,0
31.3,66.0,1
25.2,98.0,0
35.4,69.5,1
22.2,73.1,0
28.1,87.1,1
22.0,69.7,0
37.0,79.4,1
25.5,82.3,0
28.0,70.1,0
30.2,68.5,1
25.4,96.9,0
28.0,80.7,1
28.8,85.7,1
28.1,83.9,1
34.8,68.3,1
30.6,62.1,1
26.8,92.9,0
30.6,75.9,1
26.2,67.9,0
24.0,86.7,0
23.3,75.4,0
32.8,87.1,1
28.0,82.0,1
31.7,58.2,1
25.3,80.6,0
34.3,82.9,1
32.0,57.0,1
24.0,87.1,0
22.8,68.0,1
24.9,65.1,0
23.6,70.1,0
27.3,67.0,0
34.6,82.8,1
25.0,73.4,0
31.6,82.7,1
36.9,80.4,1
28.6,74.3,0
32.0,47.9,0
31.4,64.2,0
37.3,70.0,1
26.8,95.2,0
26.1,80.2,0
24.8,87.3,0
24.9,80.7,0
26.5,89.3,0
30.1,83.6,1
29.5,72.6,1
34.1,84.9,1
26.7,79.7,0
29.6,66.7,1
30.6,74.1,1
32.9,68.9,1
28.8,84.8,1
22.0,69.5,1
34.3,82.0,1
27.1,70.0,0
32.7,61.9,1
27.5,85.2,1
32.7,67.7,1
31.6,79.3,1
25.5,75.3,0
33.7,65.0,1
31.9,49.2,1
26.2,81.1,0
24.9,73.3,0
35.1,56.4,1
25.2,94.1,0
28.9,75.0,1
28.0,65.9,0
30.8,74.4,1
26.6,71.7,0
28.1,72.0,1
32.6,81.9,1
28.6,63.9,0
32.8,88.1,1
29.4,67.7,0
27.5,66.8,1
24.0,64.8,0
28.4,71.9,1
32.8,64.1,1
26.4,58.3,0
30.6,84.6,1
28.2,75.4,1
29.5,57.0,1
31.5,85.0,1
26.8,94.2,0
30.5,74.8,1
30.2,79.0,1
31.3,75.0,0
32.0,64.4,1
23.9,66.4,0
26.8,66.7,1
22.0,78.4,1
33.3,72.4,1
31.9,84.1,1
29.7,98.0,1
26.3,81.1,0
27.5,77.1,0
31.3,72.1,1
26.3,93.6,0
22.0,76.3,0
38.6,70.5,1
26.4,76.4,0
26.8,81.2,0
23.1,80.1,0
33.3,64.6,1
37.5,70.3,1
33.0,61.3,1
25.1,73.9,0
28.8,56.2,1
22.0,87.6,0
29.2,75.7,0
29.0,65.9,0
33.5,62.6,1
27.0,55.4,0
29.2,60.4,1
33.5,75.3,1
26.9,62.5,0
23.8,79.5,0
24.5,94.6,0
33.7,85.0,1
30.1,78.5,1
35.4,64.3,1
36.1,72.1,1
31.2,91.4,1
27.3,68.2,1
30.2,78.9,1
33.7,61.1,1
22.0,74.4,0
26.3,69.1,0
24.9,94.6,0
23.0,80.4,0
34.6,69.9,1
29.0,58.8,1
24.5,89.4,0
26.7,98.0,0
22.6,98.0,0
28.9,64.4,0
28.5,83.1,1
27.5,72.6,0
28.5,61.5,1
22.3,82.3,0
28.2,89.5,1
24.7,74.3,1
26.1,63.8,0
31.2,69.7,1
32.3,76.6,1
22.0,85.2,1
28.3,87.1,1
33.1,73.9,1
26.3,78.1,0
31.9,77.2,1
36.5,88.6,1
30.4,82.1,1
25.4,70.8,0
25.0,89.5,0
23.3,82.7,0
29.6,66.9,1
29.5,72.6,1
27.5,79.9,1
32.1,65.3,1
31.5,72.7,0
31.1,89.9,1
26.8,78.6,0
24.4,89.5,0
22.7,73.1,0
31.0,79.6,1
30.4,66.5,0
34.3,83.8,1
22.0,83.3,0
28.8,54.9,1
32.2,59.3,1
30.4,81.1,1
34.6,61.7,1
37.5,75.3,1
29.1,82.5,1
23.7,72.0,0
26.3,75.3,0
27.0,74.2,0
23.8,61.3,0
28.2,62.0,1
29.1,76.7,0
25.0,82.5,0
33.4,78.2,1
24.4,79.5,0
22.0,67.7,1
26.4,77.4,0
25.9,84.2,0
32.0,70.8,1
22.0,73.3,0
32.7,56.9,1
26.6,82.7,0
29.0,89.6,1
27.7,64.4,0
28.5,75.6,1
32.1,67.9,1
32.4,64.7,1
26.0,90.8,0
26.3,83.4,0
24.0,81.3,0
35.0,85.5,1
27.9,80.8,1
25.0,66.1,0
33.2,76.4,1
30.0,80.6,0
30.0,76.9,0
28.3,79.4,1
24.4,84.7,0
22.0,74.5,0
22.1,90.1,0
34.1,57.1,1
29.0,82.7,1
23.6,75.8,0
22.7,72.2,0
26.6,65.3,0
29.9,78.0,1
32.3,53.5,1
31.8,66.9,1
37.3,79.3,1
27.6,73.3,0
25.1,72.0,0
26.3,82.2,0
23.6,81.9,0
25.2,77.3,1
34.6,67.2,1
26.0,60.3,0
28.4,81.9,1
36.5,77.0,1
32.0,88.6,0
29.5,71.0,1
25.4,74.7,0
27.7,51.6,0
27.7,83.4,1
28.2,78.2,1
26.3,68.9,0
24.6,86.2,0
23.9,83.2,0
25.2,82.6,1
28.6,63.1,1
30.3,83.1,1
35.9,55.9,1
31.7,64.8,1
32.3,89.1,1
27.4,66.3,0
30.2,80.1,1
22.3,73.2,0
26.6,95.0,0
31.8,84.7,1
31.6,60.0,1
36.0,77.0,1
26.9,83.8,0
22.7,73.5,0
34.1,72.1,1
23.9,79.8,0
23.0,84.0,0
26.0,89.6,0
35.4,74.9,1
33.6,61.5,1
24.9,67.5,0
31.2,70.4,1
24.5,76.2,0
33.7,67.8,1
26.7,70.0,0
23.6,80.5,0
30.7,57.5,1
22.0,86.0,0
30.8,78.8,1
24.0,78.8,0
27.5,70.7,0
22.0,95.1,0
25.9,68.3,0
33.3,84.9,1
30.7,81.2,1
32.9,82.4,1
29.1,78.5,1
23.9,84.7,1
31.0,79.9,1
31.1,97.0,1
32.9,55.8,1
25.9,84.5,1
32.8,59.0,1
31.7,83.5,1
27.9,75.0,1
24.7,84.1,0
33.4,68.6,1
24.7,73.4,0
26.8,84.3,0
22.0,81.3,0
36.4,74.6,1
22.0,72.0,0
23.1,88.4,0
26.3,91.9,0
22.0,71.5,0
33.5,64.4,1
24.0,81.8,0
29.8,76.1,1
29.4,74.2,0
28.8,79.0,1
31.6,52.9,1
31.0,94.1,1
29.6,97.0,1
31.4,91.6,0
27.2,72.0,0
32.2,49.1,1
29.5,90.9,1
32.2,80.9,1
34.3,74.5,1
28.7,74.7,1
28.0,79.9,1
38.3,74.0,0
29.9,66.5,1
29.0,82.0,1
23.2,79.4,0
23.8,61.4,0
28.2,72.9,1
32.7,63.7,1
33.0,55.7,1
27.3,87.5,1
33.6,78.8,1
29.3,69.9,0
22.7,65.0,0
26.6,62.7,0
24.1,73.3,0
26.1,73.2,0
26.2,69.5,0
22.9,90.0,0
24.1,85.4,0
24.5,74.4,0
22.0,83.5,0
31.6,71.2,1
33.5,70.0,1
22.0,78.7,0
27.0,77.6,0
25.4,83.8,0
33.8,74.9,0
36.3,88.6,1
33.8,65.7,1
24.1,79.6,0
36.0,71.0,1
24.3,87.1,0
29.5,56.8,1
27.1,83.9,1
22.5,91.9,0
29.0,75.5,1
25.2,87.4,0
35.8,70.2,0
29.9,75.7,1
32.7,57.4,1
23.4,86.3,0
23.6,64.5,0
28.8,66.0,1
27.7,62.5,0
37.9,69.9,1
31.6,69.6,1
31.6,58.7,1
30.5,65.0,1
28.4,71.2,1
25.9,56.2,0
32.3,73.8,1
28.5,84.6,1
31.2,58.1,1
32.5,79.4,1
24.8,98.0,0
23.2,72.9,0
28.2,76.4,1
32.7,69.1,1
24.7,55.5,0
29.9,70.8,1
26.9,70.3,1
23.3,79.6,0
26.6,73.2,0
25.6,86.2,0
27.1,63.9,0
28.4,81.8,1
25.3,78.9,0
31.6,61.2,1
26.0,62.4,0
27.8,60.1,0
37.0,76.4,1
34.1,67.1,0
26.1,75.9,0
32.0,61.5,1
26.6,79.0,0
22.0,88.7,0
31.1,66.6,1
24.9,70.2,0
32.6,69.3,1
33.1,68.9,0
30.9,62.8,1
32.5,69.1,1
27.7,70.0,0
37.9,72.9,1
28.6,78.8,1
28.0,76.9,1
29.0,87.1,0
35.0,79.4,1
31.9,65.7,1
28.0,65.0,0
28.8,76.8,1
27.3,61.4,0
28.0,77.9,1
31.0,61.0,1
23.7,77.3,0
37.2,67.3,1
32.0,94.9,1
28.3,61.2,1
28.7,77.0,1
29.7,75.5,1
35.3,76.2,1
35.3,66.2,1
27.2,75.8,1
32.3,62.9,1
22.2,79.6,1
27.9,87.3,1
22.7,77.7,0
28.9,78.3,1
24.2,65.4,0
22.0,90.9,0
28.3,84.2,1
27.2,76.9,1
35.2,69.2,1
32.5,63.9,1
31.8,68.0,1
28.4,86.1,1
22.0,89.4,0
31.3,64.6,1
24.7,79.1,0
28.3,67.9,0
31.3,73.5,1
33.1,69.4,1
25.9,86.1,0
27.8,72.1,0
27.2,74.0,0
30.8,77.8,1
24.1,89.4,0
30.8,70.1,1
33.0,65.8,1
31.0,88.1,1
23.3,73.7,0
25.9,84.2,0
32.5,69.6,1
28.7,75.3,0
29.9,69.5,0
28.1,77.0,1
27.5,76.6,1
25.2,68.5,0
31.2,80.9,1
27.7,74.6,0
29.8,90.6,1
26.6,87.1,0
27.4,58.8,0
30.9,84.7,1
26.0,78.1,0
25.6,83.9,0
26.5,74.0,0
31.6,75.2,1
25.5,66.1,0
27.4,68.5,0
23.3,68.9,0
29.2,86.7,1
22.0,78.1,0
26.0,68.5,0
34.3,67.3,1
29.2,71.1,0
33.3,68.2,1
27.7,57.5,0
25.9,70.0,0
28.6,71.3,1
27.8,75.1,0
29.2,91.7,0
30.3,91.3,1
35.7,79.5,1
25.5,75.6,1
26.4,87.0,0
29.2,46.5,0
31.4,77.6,1
28.5,71.7,1
33.6,78.4,1
25.7,76.3,0
26.4,78.4,0
26.1,78.3,0
24.5,84.3,0
27.3,76.2,0
27.8,93.3,1
27.9,62.5,0
32.6,96.4,1
34.0,78.2,1
24.9,83.2,0
29.4,54.4,1
33.8,73.2,1
22.0,92.6,0
33.0,78.3,1
22.6,90.4,0
26.6,70.2,0
35.5,61.5,1
26.6,77.3,0
32.0,78.5,1
29.0,77.9,1
25.5,88.8,0
32.2,50.7,1
30.6,83.2,1
24.0,64.8,0
28.9,61.6,1
29.6,83.4,1
28.7,67.7,0
32.4,58.2,0
28.4,48.2,1
26.0,75.2,0
36.5,69.8,1
23.3,69.8,0
33.0,64.6,1
27.9,84.5,1
25.9,97.6,0
24.5,70.8,0
25.6,78.4,0
28.0,63.3,0
27.4,75.8,1
32.4,65.6,1
27.9,51.6,0
28.4,87.9,1
22.0,74.0,0
34.0,76.2,1
28.2,72.7,0
26.2,68.3,0
25.2,72.8,0
32.0,71.4,0
37.6,62.6,1
30.6,69.9,1
28.6,65.6,1
30.3,68.0,1
26.8,65.2,0
32.3,65.6,1
27.2,69.0,0
26.9,71.5,0
29.1,71.2,1
30.0,88.6,1
22.0,66.8,0
28.8,66.4,0
22.0,91.0,0
24.0,87.6,0
33.2,66.6,1
22.0,71.4,0
35.2,67.9,1
27.9,88.4,1
27.9,75.3,1
37.4,73.7,0
25.0,80.6,0
26.1,70.7,1
24.7,81.8,0
28.1,77.1,1
25.8,58.9,0
22.0,69.9,0
32.2,78.3,1
27.7,86.9,1
36.0,90.4,1
23.5,80.5,0
25.6,85.3,0
22.0,88.1,0
22.0,81.5,0
25.5,76.7,0
22.0,81.2,0
25.3,88.0,0
26.8,91.3,0
35.8,85.4,1
28.4,77.0,1
35.1,74.3,1
31.6,69.6,1
30.8,86.9,1
24.5,64.9,0
31.9,74.4,0
23.9,71.2,0
30.4,75.3,1
26.5,88.3,0
26.7,88.1,0
37.3,69.0,1
30.2,94.7,1
27.8,71.0,0
22.0,88.5,0
36.3,69.0,1
30.9,78.0,1
26.7,94.8,0
24.4,96.7,0
22.2,63.2,0
26.5,47.1,0
28.0,61.1,0
28.4,57.5,1
23.0,81.5,0
29.0,79.6,1
34.8,86.9,0
31.0,57.8,1
30.2,69.7,1
25.2,67.0,0
33.8,69.1,1
28.6,54.4,1
35.7,79.9,1
34.7,79.6,1
28.0,78.2,1
26.7,76.2,0
33.2,68.5,1
30.5,56.5,1
28.2,79.7,1
22.0,88.1,0
30.5,65.0,0
30.4,93.5,1
33.8,59.7,1
26.2,74.6,0
27.4,90.0,1
30.4,94.9,1
25.7,51.2,0
31.4,76.1,1
35.0,65.2,0
26.4,86.2,0
24.2,97.2,0
28.6,65.0,0
23.0,89.8,0
22.8,79.5,1
26.2,77.6,0
23.2,90.3,0
22.0,64.1,0
33.9,78.9,1
34.3,62.6,1
28.4,86.4,1
30.7,65.6,1
23.9,71.7,0
27.5,71.6,0
33.7,47.9,1
22.0,96.3,0
25.7,71.3,0
33.8,58.0,1
32.5,68.3,1
28.4,86.6,0
27.9,65.3,0
29.7,61.6,1
24.6,79.5,1
34.2,86.9,1
35.5,76.6,1
26.9,85.1,0
30.3,68.2,1
25.8,66.9,0
30.9,60.1,1
25.4,83.2,0
22.8,69.1,0
26.7,75.7,0
35.5,46.0,1
23.5,80.4,0
28.4,88.4,1
23.7,79.8,0
25.5,88.6,0
27.1,74.3,0
26.3,80.8,0
25.9,65.8,0
37.9,90.3,1
28.4,71.9,0
31.8,71.0,1
25.4,92.0,0
35.5,72.1,1
34.4,76.5,1
23.8,74.7,0
26.6,70.7,0
34.8,69.4,1
26.3,63.7,0
22.0,79.2,0
31.7,65.1,1
22.0,84.1,0
28.6,67.5,1
29.7,84.4,1
32.7,75.7,0
26.8,93.8,0
22.0,86.9,0
28.4,70.1,0
22.5,84.9,0
35.0,75.0,1
25.5,59.7,0
25.6,74.7,0
32.4,63.3,1
33.3,62.0,1
23.3,59.8,0
27.1,65.2,0
25.9,83.4,0
28.8,81.9,1
28.4,77.0,1
29.6,63.1,1
29.3,72.1,1
22.7,81.8,0
33.1,63.1,1
31.3,71.5,0
33.2,75.0,0
31.3,58.4,1
32.7,75.7,1
31.4,77.4,1
25.9,82.1,0
22.0,62.9,0
28.3,92.2,1
27.9,73.2,1
29.0,63.9,1
28.8,69.6,1
25.4,86.0,0
29.4,79.2,1
22.0,87.0,0
24.2,94.1,0
28.6,73.8,0
30.2,76.9,1
32.5,61.4,0
34.8,77.0,1
32.6,84.8,1
33.7,62.2,0
26.6,77.4,0
25.2,85.9,0
23.7,66.4,1
24.8,93.2,0
24.2,98.0,0
25.6,90.0,0
22.0,82.1,0
28.9,64.0,0
31.0,64.0,1
26.1,72.4,0
25.6,75.0,0
22.0,81.7,0
28.9,84.5,1
26.9,77.8,1
28.9,63.6,1
27.4,72.6,0
32.6,48.4,1
27.5,73.9,0
32.9,69.6,1
28.1,69.7,0
28.0,79.3,1
25.0,89.6,0
29.6,77.3,1
29.8,67.6,0
26.3,84.6,0
23.8,65.4,0
22.0,62.3,0
28.7,69.4,1
30.4,68.2,1
29.9,69.1,1
36.4,59.2,1
29.7,45.0,1
25.3,85.1,0
28.3,70.0,1
26.8,84.6,0
29.2,80.9,1
34.3,82.6,0
31.1,66.5,1
22.6,73.7,0
27.6,75.4,1
33.2,79.7,1
34.0,86.2,1
31.2,66.5,1
26.2,65.6,0
33.3,80.4,1
27.3,95.5,1
25.9,82.5,0
25.7,86.2,0
32.0,52.1,1
27.8,61.5,0
26.3,68.1,0
24.8,68.5,0
33.4,65.7,1
28.7,66.0,0
24.0,73.2,0
30.0,60.3,0
23.1,62.8,0
28.6,74.2,0
24.3,83.2,0
34.4,68.5,1
33.6,72.9,1
28.1,70.1,1
24.2,75.8,0
25.3,73.1,0
27.4,79.5,1
22.0,92.6,0
22.0,59.6,0
34.3,71.7,1
22.0,65.3,0
25.8,81.2,1
23.6,84.2,0
24.5,85.9,0
28.4,66.3,0
23.1,86.7,0
30.3,81.1,1
24.9,92.0,0
22.0,87.8,0
23.6,76.0,0
22.0,55.4,0
28.8,71.3,1
22.0,66.1,0
27.0,74.7,0
30.0,67.4,1
30.0,67.9,1
28.0,77.6,1
22.8,67.6,0
33.7,71.4,1
25.5,68.5,0
28.9,85.8,1
28.4,70.9,0
32.9,67.4,1
25.3,82.5,0
22.0,76.7,0
31.8,79.1,1
27.1,92.7,1
25.1,72.1,0
34.7,66.0,1
24.6,58.1,0
28.3,79.7,1
29.0,87.6,1
22.0,88.2,0
28.1,64.0,1
33.0,74.8,1
26.2,96.5,0
31.1,89.8,1
28.6,75.5,1
23.5,98.0,0
31.1,70.3,1
27.7,72.2,0
27.9,83.5,1
33.2,68.2,1
28.3,82.7,1
26.6,83.4,0
30.9,71.0,1
22.0,90.3,1
23.9,67.7,0
22.0,73.3,0
33.1,73.0,1
29.3,80.7,0
34.3,77.1,1
22.6,94.3,0
22.0,81.9,0
23.1,81.2,0
26.5,69.9,1
22.0,85.7,0
24.3,80.3,0
25.8,86.3,0
32.4,66.8,1
23.3,73.0,0
27.7,67.7,0
27.9,63.2,0
29.3,67.4,1
27.1,70.8,0
26.5,86.6,0
25.3,73.3,0
30.4,62.9,1
28.7,69.0,1
31.9,84.0,1
25.6,74.3,0
34.0,95.9,1
31.6,68.8,1
27.7,68.6,0
29.0,64.0,1
26.4,63.5,0
35.9,66.1,1
28.0,76.0,1
27.1,73.8,0
27.1,92.2,1
32.4,83.2,0
23.8,90.2,0
34.0,65.5,1
30.8,87.7,1
24.7,90.6,0
28.9,59.3,1
26.9,85.2,0
31.0,90.5,0
28.9,83.9,1
25.9,82.6,0
30.7,53.2,1
30.6,69.4,1
26.7,70.5,0
27.1,87.8,1
26.7,83.9,0
22.5,71.7,0
28.7,82.5,1
32.7,51.8,1
22.9,85.2,0
23.8,85.7,0
34.4,64.3,1
22.8,77.0,0
27.5,80.8,1
28.4,54.2,1
29.6,61.0,1
29.9,62.2,1
33.7,59.8,1
32.2,58.7,1
24.9,74.6,0
27.9,57.1,0
27.7,64.9,0
31.5,57.6,1
22.0,71.6,0
32.8,66.3,1
30.2,82.8,1
28.9,78.5,1
31.3,71.6,0
24.1,75.6,0
24.8,73.9,0
32.6,60.6,1
33.5,66.1,1
32.0,61.9,1
27.3,66.7,0
27.6,68.8,0
30.3,74.9,1
25.4,70.5,0
25.7,76.1,0
24.9,95.3,0
31.6,57.1,1
34.5,71.1,0
24.7,62.6,0
30.1,75.6,1
25.2,84.9,0
30.2,46.9,0
26.4,73.2,0
26.6,87.1,0
32.3,72.7,1
27.7,55.4,0
30.6,83.8,1
22.1,91.1,0
24.1,76.7,0
24.7,82.5,0
23.3,77.8,0
31.1,64.7,1
31.8,80.6,1
27.2,88.2,1
22.0,74.5,0
28.5,82.3,1
34.1,82.6,1
27.1,89.3,1
29.0,57.0,1
22.0,79.3,0
26.9,77.4,0
30.8,87.0,1
25.6,60.0,0
30.0,71.7,0
31.4,66.9,1
25.8,83.0,0
26.4,84.0,1
34.4,85.8,1
30.3,71.2,1
28.4,77.0,1
31.1,67.2,1
23.4,86.7,0
26.6,68.5,1
30.0,66.7,1
22.7,79.1,0
28.9,79.1,1
29.3,74.0,1
31.6,82.1,1
36.9,71.9,1
33.6,76.7,1
25.3,70.6,0
24.5,98.0,0
25.9,71.9,1
28.2,57.9,0
27.6,71.5,0
29.1,81.2,1
31.9,79.1,0
32.1,61.7,1
27.2,71.0,1
33.1,76.1,1
22.0,67.3,0
26.6,57.5,0
31.9,62.1,1
31.9,85.3,1
27.1,60.2,0
27.6,57.3,0
31.7,84.0,1
30.2,70.7,1
31.9,70.4,1
23.7,94.5,0
26.6,70.4,0
30.7,87.7,1
32.3,62.4,1
31.0,92.0,1
32.3,71.9,1
22.0,83.0,0
28.3,81.8,1
34.9,61.8,1
33.4,98.0,1
30.3,66.9,0
22.0,75.2,0
28.9,70.8,1
23.6,79.9,0
22.0,83.1,0
23.9,90.4,0
28.2,77.9,1
31.0,79.1,1
29.8,66.9,0
25.1,94.9,1
24.8,70.0,0
32.2,73.7,1
33.2,70.1,1
29.2,82.2,1
25.5,75.3,0
28.1,63.0,0
31.9,71.4,1
29.8,70.2,1
30.3,57.2,1
27.7,86.1,1
29.5,73.1,1
33.3,90.0,1
30.3,64.7,1
33.1,66.8,1
29.6,66.6,0
31.6,56.5,1
37.5,67.9,1
26.5,57.2,0
24.0,89.8,1
23.9,70.1,0
22.4,81.0,0
26.9,59.9,0
28.2,83.8,1
22.0,75.0,1
22.0,82.5,1
26.9,75.6,0
35.1,63.5,1
31.9,75.5,1
22.4,70.1,0
26.5,72.6,0
24.1,65.8,1
27.2,79.0,1
23.0,75.4,0
22.0,86.8,0
28.0,95.1,1
29.3,65.5,0
33.8,85.4,1
24.8,65.0,0
31.3,68.9,1
27.6,72.1,1
35.9,66.4,1
26.1,81.2,0
32.5,60.5,1
26.2,81.7,0
25.7,73.7,0
28.0,67.7,0
22.0,78.1,0
38.8,67.7,1
22.6,73.8,0
31.0,73.9,1
26.3,78.9,0
25.9,75.6,0
29.7,74.9,0
28.7,75.7,1
23.5,79.6,0
31.7,88.9,1
32.9,83.5,1
23.8,73.5,0
31.0,70.0,1
29.2,70.4,1
35.6,72.7,1
28.0,89.7,1
22.0,74.5,0
37.3,67.6,1
29.1,77.7,1
25.8,58.8,0
28.1,87.3,1
26.4,75.7,0
29.0,87.4,1
23.5,81.3,0
22.0,92.3,1
24.7,72.0,0
27.4,81.5,0
29.7,89.8,1
29.7,85.0,1
34.8,54.6,1
25.1,62.1,0
34.0,61.8,1
27.2,80.7,1
23.9,66.8,0
25.0,82.6,0
28.5,89.8,1
25.7,81.4,0
30.7,62.0,1
34.8,59.4,1
27.6,79.6,0
27.5,71.8,0
23.5,75.8,0
28.7,78.2,1
29.9,79.3,1
28.2,62.2,1
27.4,64.5,0
24.8,68.8,0
27.4,83.4,1
26.1,52.5,0
32.1,56.2,1
28.7,64.8,0
33.4,66.1,1
29.6,76.8,1
26.6,66.3,0
26.1,94.4,0
24.0,62.4,0
31.2,77.5,1
32.1,59.7,1
37.3,70.2,0
31.9,69.1,1
28.6,73.4,1
27.0,71.3,0
24.4,90.2,0
34.4,68.7,1
29.1,64.9,1
24.2,69.9,0
26.6,78.2,1
32.0,90.1,1
31.6,59.0,1
33.7,86.0,1
22.0,73.1,0
26.4,79.7,0
23.1,71.8,0
23.3,70.8,0
22.3,81.7,0
24.7,74.9,0
24.0,75.5,0
26.4,88.9,0
24.4,67.0,0
22.0,77.6,0
32.2,72.0,1
26.5,90.7,0
28.7,69.3,1
31.9,67.2,1
22.0,68.3,0
32.5,81.5,1
35.3,72.8,1
31.7,82.9,1
29.6,81.4,1
25.7,86.8,0
31.5,71.5,1
32.8,71.2,1
30.1,78.2,1
29.5,73.5,0
22.0,77.1,0
24.7,64.6,1
33.1,78.5,0
32.6,79.2,1
29.9,61.1,1
22.0,79.9,0
26.0,81.0,0
25.6,75.9,0
25.5,74.6,1
28.6,79.0,1
29.3,56.0,1
23.7,66.0,0
28.5,81.6,1
22.9,72.9,0
29.9,67.6,0
28.9,74.6,1
30.0,70.2,1
25.7,65.7,0
25.0,70.2,0
32.8,80.4,1
22.0,75.4,0
25.0,71.4,0
27.6,68.3,0
29.1,86.1,1
25.6,77.4,0
26.5,91.7,0
31.5,74.9,1
27.2,73.9,0
31.8,75.7,1
35.2,71.7,1
26.1,93.1,0
28.6,68.7,1
29.6,72.7,0
24.8,74.0,0
22.0,67.2,0
34.7,85.9,1
23.1,62.1,0
22.0,79.2,0
25.1,72.2,0
29.1,83.4,1
24.1,56.7,0
26.8,58.4,0
31.4,96.2,1
26.9,87.3,0
23.1,60.5,1
27.0,80.6,0
26.1,82.4,0
29.2,67.5,1
22.0,72.8,0
31.9,50.4,1
27.1,72.8,1
33.4,51.9,1
29.9,65.2,0
24.0,66.0,0
25.0,80.3,0
26.5,70.8,1
29.5,76.2,1
22.0,64.4,0
25.9,71.5,0
29.5,76.9,1
29.1,57.8,1
29.1,85.8,1
32.2,69.4,1
30.8,70.2,1
26.3,74.6,0
33.7,68.9,1
31.8,69.1,1
29.2,60.9,1
24.4,82.5,0
30.8,71.5,0
27.4,62.8,0
32.8,86.1,1
28.5,85.3,1
23.8,79.2,0
26.9,72.7,0
26.2,59.4,0
33.2,73.3,1
34.1,81.3,0
25.6,75.8,1
31.8,61.1,1
28.3,54.0,0
22.0,88.8,0
27.7,79.2,1
30.3,93.0,1
28.5,72.1,1
34.3,77.9,1
23.6,80.9,0
32.6,71.3,1
30.1,73.8,1
24.8,91.7,1
29.6,61.3,0
30.2,57.4,1
26.4,75.3,0
22.0,76.2,1
32.9,68.7,1
26.7,80.1,0
29.1,62.8,1
28.7,68.3,0
29.7,64.5,1
22.0,74.5,0
24.5,96.8,1
29.0,75.9,1
35.5,72.1,1
29.8,82.3,1
30.6,84.1,1
29.7,66.1,0
30.3,84.9,1
28.0,52.5,1
25.1,70.0,1
32.8,62.1,1
32.4,64.7,1
27.4,76.4,1
27.9,77.5,1
26.8,71.8,0
27.5,90.5,1
30.2,65.3,1
27.1,68.9,0
30.9,74.7,1
30.5,57.0,1
26.9,82.5,1
29.0,89.4,1
22.0,70.0,0
30.9,86.4,1
22.0,78.1,0
26.6,83.7,0
26.2,62.1,0
31.3,63.1,0
26.7,95.8,0
31.9,92.0,1
29.6,64.4,0
30.9,70.5,1
29.7,98.0,0
28.4,81.2,1
33.7,68.7,1
26.6,79.1,0
29.5,72.2,1
29.0,59.5,0
31.2,86.3,1
25.4,97.7,0
25.2,72.6,0
25.2,76.3,0
25.2,57.2,0
28.4,70.8,1
28.1,85.4,1
30.1,91.0,0
30.5,67.7,1
29.7,74.5,0
25.6,65.2,0
34.9,54.4,1
22.0,78.1,0
26.1,78.6,0
28.6,67.2,0
27.2,85.1,1
24.8,67.8,0
31.8,81.8,1
23.5,81.3,0
24.9,59.2,0
28.8,54.4,1
32.2,77.2,1
23.7,75.5,0
23.3,68.1,0
28.6,75.9,1
24.0,81.5,0
31.7,84.6,1
22.0,70.5,0
29.9,82.4,1
26.1,67.2,0
33.9,67.7,0
24.6,76.3,0
33.6,72.5,1
25.3,79.5,0
27.5,45.0,0
33.5,71.4,1
27.7,68.9,0
27.7,69.8,0
28.3,66.0,0
29.5,63.2,0
32.8,77.8,1
31.5,77.2,1
23.5,86.3,1
27.8,68.3,0
26.7,62.5,0
26.6,91.5,0
26.9,70.3,0
27.8,63.6,0
31.4,86.2,1
28.8,58.1,1
35.0,68.2,1
26.5,96.9,0
25.0,62.0,0
22.0,76.3,0
28.7,70.5,1
22.7,86.4,0
30.4,76.7,0
30.7,68.4,1
31.7,64.0,1
30.7,83.8,1
24.5,54.9,0
30.0,65.7,1
33.5,71.8,1
33.5,63.4,1
29.1,57.9,1
33.6,58.6,1
24.1,62.3,1
25.8,81.0,1
26.1,81.8,0
30.2,84.1,1
29.6,55.7,1
26.1,84.9,0
26.8,69.5,0
32.6,77.9,1
35.0,70.0,1
25.9,64.8,1
32.2,64.4,1
26.9,74.3,0
29.7,76.8,1
31.3,76.4,1
34.2,72.9,1
23.0,69.7,0
24.0,83.1,0
22.0,80.2,0
25.5,81.0,0
24.7,87.9,0
22.0,78.6,0
31.3,76.4,1
35.8,70.7,1
22.0,68.4,0
22.0,68.3,0
27.4,65.0,0
27.6,78.6,1
30.0,75.6,1
35.3,73.3,1
25.6,78.3,0
22.0,87.8,0
29.1,92.2,1
22.0,66.0,0
32.7,63.7,1
26.0,74.3,0
29.8,62.4,1
32.3,64.3,1
22.0,74.5,0
25.6,73.4,0
28.3,98.0,1
23.1,94.8,0
35.6,70.7,1
28.0,76.3,0
22.0,73.9,0
25.6,61.7,0
40.2,85.8,1
30.4,85.2,0
30.0,76.5,1
27.9,78.7,1
23.6,78.8,0
28.7,82.1,1
31.4,85.3,1
27.9,70.0,0
31.1,68.2,1
28.6,57.5,1
33.1,59.0,1
27.8,77.3,1
32.2,66.3,1
33.1,73.9,1
30.1,66.8,1
31.3,79.0,1
28.3,78.5,1
23.5,82.3,0
30.8,74.6,1
29.8,74.1,0
29.2,86.5,1
29.6,75.3,1
22.0,86.8,0
26.9,62.2,0
22.0,67.0,0
28.0,79.6,1
29.5,71.6,0
31.9,79.7,1
23.3,88.8,0
34.0,86.9,1
29.8,89.2,1
25.1,85.3,0
27.5,64.7,0
29.5,82.2,1
29.5,72.6,0
28.9,64.6,0
39.2,56.3,1
34.1,74.4,1
33.0,83.5,0
33.5,68.3,1
30.9,62.6,1
29.4,86.8,1
34.1,77.2,1
29.4,66.6,0
22.2,82.6,1
27.8,74.6,0
31.1,79.8,1
25.3,97.1,0
22.0,77.0,0
24.9,60.1,0
35.6,63.9,1
22.0,94.7,0
27.2,87.9,1
31.0,83.4,1
27.9,87.7,1
26.8,68.7,0
28.3,82.3,1
29.9,65.7,0
30.0,83.8,1
32.3,89.3,1
33.7,83.4,1
26.7,81.2,0
31.1,61.9,1
25.1,86.0,0
30.4,74.2,1
29.2,84.3,1
32.6,62.6,1
22.1,98.0,0
27.9,76.7,1
25.3,63.9,0
28.0,68.2,0
29.2,61.4,1
22.0,89.0,0
31.0,54.2,1
28.2,69.1,1
32.1,68.6,1
28.8,85.8,1
31.1,56.0,1
26.1,51.7,0
22.0,93.0,0
27.4,78.7,1
32.6,85.5,1
32.8,79.6,1
26.3,70.9,0
27.5,83.9,1
25.5,92.3,0
30.0,77.5,1
31.7,85.9,1
29.1,92.4,1
22.0,92.8,0
26.1,87.3,0
26.2,72.8,0
27.5,81.6,1
28.5,71.6,0
24.5,69.4,0
31.2,73.2,1
32.0,64.7,1
22.0,95.2,0
23.0,62.6,0
30.0,49.3,1
24.5,95.5,0
32.2,80.4,1
27.5,82.8,1
22.0,73.7,0
29.9,49.9,1
28.7,77.1,1
26.7,89.2,0
24.0,68.4,0
31.4,63.7,1
35.7,51.7,1
34.4,92.1,1
31.6,71.9,1
28.6,84.1,1
26.8,70.9,0
31.7,96.1,1
22.0,66.7,0
35.3,55.8,1
25.9,83.2,0
31.7,82.1,1
33.8,77.8,1
29.9,71.1,1
29.9,83.3,1
31.2,86.8,1
31.2,75.1,1
30.8,82.8,1
28.6,59.9,1
29.1,86.0,1
26.9,78.7,0
25.5,76.6,0
31.6,65.6,1
23.2,65.9,1
34.6,62.8,1
30.5,82.7,1
24.1,62.5,1
35.6,62.2,1
32.0,45.0,1
29.2,65.6,0
22.0,70.3,0
24.3,63.8,0
24.0,74.3,0
29.3,63.4,0
30.7,76.4,1
28.3,71.3,1
26.8,65.5,0
33.9,66.7,0
30.1,59.7,1
30.8,67.4,1
31.1,67.9,1
24.1,69.2,0
30.1,86.1,1
33.4,79.1,1
27.0,85.7,1
34.4,88.3,1
26.5,86.9,0
30.4,75.1,1
22.0,86.4,0
27.8,71.4,0
28.2,71.2,0
27.9,80.9,1
28.0,59.9,1
27.2,66.8,0
33.3,82.1,0
25.0,80.7,0
30.3,60.0,1
28.5,73.7,0
29.4,76.6,1
29.1,59.1,1
29.9,78.2,1
26.0,77.7,0
26.3,60.9,0
35.6,84.8,1
35.8,55.5,1
30.0,68.6,1
33.5,56.6,1
31.4,57.5,1
33.8,74.7,1
30.1,65.2,1
30.2,57.5,1
31.5,67.7,1
33.5,72.3,1
31.3,74.4,1
34.8,88.2,1
26.0,86.3,0
27.8,85.8,1
22.2,97.0,0
28.9,79.3,1
24.7,94.3,0
28.2,71.6,0
22.0,81.8,0
26.4,79.4,0
27.1,69.1,0
27.8,63.9,0
32.7,70.8,1
30.5,78.7,1
27.5,67.1,0
26.8,70.8,0
23.2,89.9,0
22.0,81.5,0
28.5,86.8,1
28.1,81.0,0
24.4,75.4,0
34.5,77.5,1
31.1,76.5,1
24.9,57.2,0
29.3,79.7,1
22.0,80.7,0
22.2,98.0,0
30.0,98.0,1
28.7,77.1,1
31.5,73.8,1
32.5,87.8,1
28.5,69.0,0
33.8,67.8,1
33.9,90.2,1
39.6,52.5,1
25.5,70.4,1
28.8,64.7,1
35.4,74.8,1
28.2,85.2,1
22.7,94.4,0
32.6,75.1,1
25.7,76.2,0
29.9,70.9,1
32.1,82.7,1
30.7,74.1,1
28.5,94.9,1
31.9,71.3,1
35.2,78.0,1
25.9,93.7,0
30.9,62.2,1
22.0,77.8,0
23.8,65.2,0
27.2,78.2,1
27.2,80.7,1
22.4,86.5,0
24.3,73.6,0
30.1,88.7,1
22.9,91.9,0
26.9,72.4,0
35.8,71.3,0
27.8,93.3,1
34.2,69.6,1
26.9,88.9,0
23.3,90.7,0
25.3,73.6,0
29.4,71.3,0
33.1,75.0,0
23.5,79.4,0
34.0,75.0,1
27.6,54.2,0
31.8,74.4,1
34.5,73.5,1
27.4,56.5,0
24.1,70.8,0
27.0,81.5,0
25.5,81.3,0
22.9,78.3,0
25.8,71.7,0
32.8,80.4,0
34.1,63.2,1
23.5,88.0,0
22.6,76.7,0
32.7,80.7,1
27.1,95.8,1
36.8,79.9,1
27.4,88.6,1
33.2,64.1,1
23.1,96.9,0
23.4,90.8,1
24.6,66.3,0
23.2,92.0,0
23.2,84.5,0
31.5,80.4,1
32.5,62.1,1
22.0,64.9,0
30.6,59.2,1
35.1,66.9,1
28.1,69.1,1
26.4,64.0,0
23.8,60.0,0
24.5,77.1,0
32.2,82.5,1
36.6,66.9,1
22.7,54.3,0
28.3,79.9,1
22.3,80.3,0
22.9,74.0,0
22.6,80.1,0
23.9,95.0,0
31.5,78.8,1
22.0,75.9,0
22.0,75.1,0
31.6,78.8,1
22.0,83.2,0
25.9,80.5,0
25.5,85.2,0
27.1,83.0,1
31.4,72.1,1
34.8,64.7,1
32.3,67.3,1
31.1,73.4,1
26.4,81.2,0
29.4,91.5,1
22.0,83.1,0
30.6,64.5,1
33.1,68.4,1
22.7,81.4,0
29.9,73.8,0
28.8,71.0,1
23.7,79.1,0
23.0,77.9,1
35.9,58.9,1
25.6,59.9,0
34.9,63.0,0
28.1,88.5,1
27.3,85.0,1
24.7,81.6,0
29.9,92.3,1
23.3,98.0,0
33.4,78.3,1
30.4,85.0,1
22.0,80.3,0
27.3,90.7,1
27.4,80.7,1
31.8,77.8,1
33.2,97.9,1
32.1,78.6,1
28.0,73.1,1
29.2,70.5,1
32.8,68.5,1
29.5,76.6,1
32.4,72.6,1
31.1,74.4,1
27.5,71.0,0
25.9,68.1,0
26.9,66.9,0
22.0,97.4,1
23.0,81.7,0
22.7,75.3,1
34.4,77.3,1
31.3,71.3,1
32.9,88.5,1
35.3,66.1,1
30.1,70.8,1
25.2,82.2,0
29.9,56.3,0
32.2,88.0,1
29.4,86.3,1
23.6,81.8,0
32.3,64.3,0
22.0,82.3,0
30.9,74.9,1
22.0,87.1,0
33.3,77.5,1
22.0,64.5,0
33.4,87.1,1
28.4,60.2,1
30.3,93.8,1
34.5,66.2,1
22.6,87.1,0
27.6,71.1,0
22.0,86.1,0
29.9,80.7,1
32.8,65.7,1
32.0,77.9,1
34.9,74.6,1
36.0,64.7,1
30.0,63.1,1
29.9,61.4,1
22.0,76.3,0
27.6,72.2,0
32.6,62.3,1
22.0,71.2,0
34.6,69.1,1
33.1,47.5,1
24.1,69.9,0
24.6,80.6,0
30.6,74.5,1
27.4,75.1,1
34.6,64.8,1
27.1,76.1,1
27.0,87.3,1
22.0,87.0,0
25.1,78.7,0
37.4,75.7,1
25.9,75.2,0
22.4,75.8,1
31.8,69.0,1
25.0,84.2,0
24.1,84.6,0
31.5,61.7,1
24.0,71.1,0
34.2,71.2,1
25.9,88.3,0
24.0,67.9,0
22.8,78.9,0
26.2,95.3,0
25.3,71.9,0
26.1,73.8,0
23.5,80.8,0
22.1,87.1,0
27.8,76.3,1
29.7,80.5,1
31.3,76.4,1
33.0,61.0,1
33.1,79.9,1
37.4,78.8,1
22.0,98.0,0
22.8,76.3,0
22.0,94.0,0
28.6,72.0,1
32.4,64.4,1
31.5,60.0,1
26.1,64.6,0
34.3,79.6,1
34.3,67.8,1
23.4,73.0,0
26.5,95.4,0
38.0,75.8,1
25.2,92.3,0
22.0,83.2,0
23.7,88.2,0
33.8,84.4,1
30.7,52.9,1
32.9,68.9,1
35.0,76.3,1
33.7,96.1,1
25.5,63.7,0
28.9,90.1,1
29.0,63.1,0
36.6,72.9,1
27.6,74.2,0
31.6,66.5,0
22.0,78.3,0
28.2,74.9,0
22.6,80.4,0
30.5,81.2,1
28.0,86.6,1
32.6,81.5,1
23.6,62.8,0
23.2,74.3,0
25.7,61.4,1
30.7,65.7,1
31.4,60.9,1
25.2,88.6,0
29.5,60.7,1
25.2,65.7,0
24.9,68.5,0
29.1,84.2,0
23.9,72.0,0
29.7,63.2,0
34.8,64.4,0
26.6,91.2,0
33.3,69.7,1
28.9,76.0,1
30.9,77.9,1
25.6,65.8,0
25.7,80.5,0
23.9,86.0,0
29.1,65.4,1
30.9,98.0,1
29.1,85.0,1
28.5,67.7,1
29.3,68.6,0
33.6,56.8,1
27.5,75.1,1
27.5,94.2,1
22.0,97.7,0
27.6,57.3,0
31.7,71.7,1
25.3,93.1,0
24.9,69.7,0
25.7,92.2,0
29.8,71.5,0
27.9,71.5,0
22.0,78.0,0
29.9,84.4,1
29.8,81.4,1
29.5,74.8,0
22.4,79.6,0
28.4,71.5,0
34.7,59.4,1
28.3,80.5,1
29.1,75.5,1
27.7,73.1,0
22.0,72.1,0
33.0,71.6,1
28.7,73.2,0
35.9,70.5,1
26.5,72.0,0
22.3,77.5,0
32.2,68.6,1
32.5,72.8,1
22.0,76.6,0
23.5,85.2,0
25.6,70.6,0
31.5,87.0,1
23.7,90.1,0
22.0,74.0,0
22.0,70.1,0
32.2,86.0,1
27.5,79.4,1
29.2,74.8,0
29.6,72.8,0
29.4,72.5,0
31.3,68.1,1
22.8,90.9,0
25.7,93.5,0
24.5,80.8,0
22.0,78.4,0
28.0,63.5,0
29.0,62.2,1
25.6,90.2,1
29.5,78.0,1
25.5,83.8,0
29.9,66.2,1
32.5,76.0,1
26.5,63.2,0
31.6,86.3,1
31.0,95.0,0
22.0,68.5,0
31.8,64.6,0
30.1,64.6,1
22.0,77.9,0
24.8,68.6,0
28.5,75.3,1
28.7,50.5,1
30.5,49.9,1
25.8,78.6,0
22.5,78.1,0
22.7,75.7,0
32.0,56.8,1
33.7,75.4,1
33.2,76.3,1
22.7,87.6,0
33.8,66.9,1
26.7,55.8,0
28.4,72.3,1
24.1,70.1,0
30.6,78.8,1
30.1,70.5,1
22.0,68.2,0
26.6,76.9,1
27.7,94.4,1
29.1,66.2,1
32.8,76.6,1
33.3,75.4,1
23.0,87.7,0
23.8,78.6,0
23.2,96.5,0
22.0,66.3,0
28.8,83.6,1
26.6,77.2,0
22.0,73.6,0
25.1,63.4,0
30.5,74.9,1
28.2,89.0,1
30.0,89.6,1
29.3,59.7,1
34.0,69.2,1
23.8,70.2,0
29.9,57.5,1
22.0,75.3,0
24.6,69.2,0
29.5,76.4,1
32.2,76.6,0
29.8,84.5,1
36.1,75.7,0
31.7,88.8,1
24.4,72.0,0
32.6,67.4,1
27.6,73.2,0
36.2,52.7,1
25.5,66.4,0
26.8,84.3,1
23.6,69.5,0
29.1,67.6,1
36.2,67.5,1
30.1,90.3,1
30.4,70.2,1
34.1,62.3,1
24.3,80.3,0
31.0,69.2,1
28.7,59.2,1
26.5,75.5,0
29.8,75.4,1
36.0,61.2,0
22.0,84.9,1
28.6,62.7,1
28.6,62.8,0
24.6,76.3,0
24.5,74.6,0
26.3,75.4,0
34.2,70.4,1
25.5,82.1,0
32.4,98.0,1
32.8,79.1,1
28.4,88.8,1
24.3,98.0,0
27.2,73.7,0
27.4,64.7,0
34.6,66.5,1
29.6,66.8,0
34.4,69.0,1
31.7,73.3,1
31.1,73.9,1
28.4,90.9,1
33.2,66.2,1
30.6,45.0,1
24.1,67.3,0
33.3,60.8,1
32.0,69.6,1
29.0,65.6,1
28.0,87.2,1
25.4,88.0,0
30.0,66.9,1
24.3,81.8,0
34.3,80.4,1
28.0,72.3,0
31.6,50.3,0
29.5,77.4,1
25.3,80.5,0
33.4,74.9,1
27.7,73.4,0
36.9,70.0,1
26.3,75.9,0
22.0,60.0,0
29.0,93.1,1
25.8,53.7,0
23.4,81.9,0
31.2,68.1,1
31.0,68.4,1
29.5,65.2,1
30.4,86.3,1
22.0,85.8,0
23.5,85.5,0
31.1,73.7,1
23.5,77.4,0
35.0,51.0,1
24.3,60.1,0
30.5,81.0,1
27.1,87.6,1
30.6,80.4,1
26.2,69.9,0
29.8,73.9,1
26.7,73.3,0
26.5,63.7,0
28.1,66.9,1
22.0,78.5,0
26.7,58.1,0
26.3,66.0,0
31.3,77.4,1
25.8,63.8,0
27.4,76.3,1
32.0,67.9,1
32.9,73.7,1
22.8,59.3,0
25.6,86.3,1
22.8,67.2,0
25.3,80.6,0
29.4,69.0,1
33.5,74.9,1
27.4,73.7,0
30.3,81.1,1
27.9,83.6,1
33.5,72.5,1
31.4,76.3,1
30.8,79.5,1
23.5,98.0,0
33.5,68.9,1
31.8,72.1,1
25.5,86.3,0
29.7,59.1,0
26.9,88.6,0
35.3,75.9,1
28.7,74.7,0
22.6,65.7,0
25.7,87.1,0
26.1,97.8,0
30.9,81.7,1
35.4,65.3,1
33.2,96.1,1
32.2,79.6,1
33.3,62.7,1
25.0,62.2,0
35.3,83.8,1
26.6,79.4,0
22.0,80.7,0
30.9,80.4,1
30.5,65.8,1
22.0,88.5,0
23.5,87.0,1
31.2,71.3,1
29.5,76.0,1
27.5,56.1,0
24.7,85.6,0
32.7,72.9,1
33.3,88.1,1
22.0,80.7,1
30.4,95.4,1
25.9,80.3,0
32.1,75.9,0
27.7,88.7,1
24.9,60.3,1
24.6,95.7,0
29.5,75.2,1
24.3,85.4,0
30.3,82.0,1
23.6,79.4,0
37.2,63.5,1
23.9,65.8,0
26.0,58.9,0
29.8,59.5,0
34.4,76.5,1
22.2,97.0,0
30.1,94.2,1
25.5,72.8,0
29.0,71.3,0
25.0,77.4,0
28.0,73.1,0
29.9,65.8,1
23.4,91.3,0
29.3,77.7,1
24.9,82.7,0
26.7,72.4,0
24.6,66.8,0
23.4,95.7,0
29.2,92.2,0
34.5,66.2,1
27.9,77.4,1
34.9,77.3,1
30.7,69.6,1
28.0,74.9,0
29.3,67.6,0
26.6,86.8,0
32.6,63.7,1
33.6,61.3,1
23.7,71.3,0
28.8,65.2,1
25.0,95.5,0
33.3,64.4,1
30.8,69.4,1
31.5,49.5,1
30.8,92.2,1
27.1,73.7,0
29.1,68.1,1
33.1,68.1,1
22.2,89.7,0
22.2,86.3,0
27.6,85.3,1
27.1,66.7,0
30.6,90.4,1
22.5,89.8,0
28.2,82.2,1
29.9,90.8,1
30.1,66.9,1
28.7,81.2,1
26.1,84.8,1
22.0,69.9,0
23.1,94.5,0
29.2,83.5,1
29.6,87.3,1
32.9,93.7,1
22.0,89.6,0
31.7,74.1,1
29.6,84.4,1
25.4,87.4,0
22.0,84.6,0
33.2,59.6,1
30.9,64.8,1
32.6,65.4,1
32.7,84.6,1
25.7,87.1,0
28.3,85.6,1
24.3,75.9,0
30.3,85.3,1
31.9,70.1,1
30.4,90.3,1
35.5,88.5,1
30.3,72.8,1
31.5,61.6,1
32.8,79.3,0
30.4,56.8,1
27.2,60.5,0
30.6,75.9,1
33.1,67.8,1
26.0,93.7,0
34.1,62.3,1
28.3,66.6,1
26.4,72.2,0
30.9,52.7,1
27.3,82.4,0
29.8,85.3,1
22.0,72.9,0
33.1,53.2,0
22.7,65.0,0
25.7,85.8,1
28.2,82.5,1
31.1,58.6,0
26.1,60.2,0
30.0,90.7,1
25.5,75.9,0
31.4,67.1,1
37.8,75.5,1
29.1,78.5,1
22.0,78.4,0
25.0,82.5,1
22.0,71.0,0
29.3,69.2,0
24.8,76.5,0
27.4,85.7,1
28.9,75.6,1
26.4,71.2,0
22.0,90.3,0
23.7,83.5,1
26.7,72.7,0
31.1,88.8,1
28.5,98.0,1
25.2,79.4,0
32.9,66.0,1
26.9,82.8,0
31.4,77.1,1
35.9,71.2,1
31.5,60.3,1
28.4,77.2,1
28.9,75.2,1
31.5,71.9,1
28.6,76.3,1
34.0,63.3,1
29.0,50.2,1
30.4,71.1,1
27.1,87.5,1
32.7,72.6,1
29.9,67.2,1
33.7,76.5,1
31.9,92.5,1
38.7,72.2,1
27.7,78.6,1
36.4,69.6,1
32.2,61.6,1
33.0,85.6,1
31.8,74.4,1
23.8,83.8,1
28.4,80.7,1
24.5,74.5,0
26.6,70.0,0
26.4,85.6,0
27.0,71.0,0
28.6,70.4,1
22.0,83.6,0
30.4,83.6,1
25.5,86.1,0
26.6,80.3,0
32.0,78.2,1
35.5,68.9,1
28.3,73.2,1
24.7,90.3,0
25.1,98.0,0
25.0,83.2,0
29.3,79.0,1
29.3,66.7,1
22.3,68.4,0
27.4,72.5,0
30.0,78.8,1
26.3,82.1,0
30.2,80.1,1
34.9,84.1,1
22.0,68.5,0
30.1,76.7,1
28.6,68.4,1
33.0,65.7,1
25.1,78.2,0
27.8,73.2,0
33.0,57.7,1
25.9,58.3,0
23.3,68.5,0
24.7,61.8,0
33.3,97.2,1
32.5,71.0,1
24.3,72.2,0
33.6,71.7,1
22.3,87.6,0
24.6,82.8,0
37.2,71.4,1
24.1,94.4,0
29.7,68.5,1
27.3,62.3,0
33.4,61.5,1
31.2,61.6,1
28.3,76.5,1
23.8,83.9,0
27.4,79.5,1
32.3,90.8,1
35.2,58.4,0
27.3,75.2,1
34.6,64.3,1
27.5,77.5,1
27.9,77.4,1
32.5,74.4,1
22.0,94.6,0
27.5,74.8,0
35.5,58.4,1
32.2,60.2,1
30.5,65.4,1
30.6,81.5,1
29.2,74.2,1
34.5,89.7,1
29.6,59.7,1
32.8,64.8,1
26.7,77.0,0
30.0,62.7,1
35.8,70.3,0
24.3,80.9,0
26.4,80.5,0
22.7,80.4,0
28.8,54.7,1
31.5,73.3,1
32.9,70.8,1
27.9,97.3,1
27.6,73.5,0
23.9,94.7,0
25.8,75.9,0
24.5,98.0,0
29.6,87.2,1
31.6,84.3,1
29.0,91.1,1
24.8,54.1,0
31.6,65.2,1
30.2,65.1,1
32.4,77.2,1
32.3,66.7,1
28.7,64.4,0
27.8,72.4,0
29.5,92.6,1
25.0,64.7,0
25.8,64.4,0
25.9,86.6,1
26.7,65.5,0
25.7,80.7,0
23.9,95.6,0
31.9,72.4,1
30.2,81.1,1
40.0,80.4,1
26.1,71.8,0
22.0,87.1,0
30.4,78.1,1
31.8,69.1,1
30.6,85.2,1
29.6,62.1,1
24.8,82.7,0
22.3,87.7,0
25.4,80.6,0
29.3,73.6,0
28.2,89.2,0
28.9,87.5,1
28.9,66.2,0
28.5,80.4,1
31.6,84.8,1
25.4,93.1,0
28.5,75.1,1
32.5,73.3,1
22.0,84.7,0
30.7,72.0,1
30.3,84.5,1
24.8,76.7,0
28.0,91.1,1
35.1,65.5,1
34.2,76.3,1
24.2,74.3,0
22.6,83.6,0
30.9,81.5,1
24.1,82.6,0
26.0,65.5,0
28.3,68.3,0
32.5,67.5,0
32.1,83.9,0
27.4,75.3,1
33.8,76.4,1
29.8,95.8,1
27.4,81.4,1
26.2,64.0,0
32.0,74.5,1
35.2,74.3,1
32.8,64.5,1
22.0,82.7,0
31.0,63.5,1
26.8,67.3,0
23.6,55.9,1
24.0,72.7,0
32.6,73.2,1
28.3,79.3,1
25.1,68.6,0
33.4,64.7,1
26.9,61.1,0
32.0,78.3,0
27.5,78.5,1
31.8,67.3,1
28.1,70.8,0
28.0,55.5,1
25.3,77.1,0
32.9,64.6,1
25.5,85.8,0
33.7,60.1,1
24.3,66.0,0
22.0,70.4,0
24.8,90.6,0
28.2,61.3,1
26.2,79.7,0
30.5,65.1,0
33.6,78.7,1
30.7,81.4,0
27.7,65.8,0
25.2,73.3,0
29.7,98.0,0
30.2,62.5,1
23.5,83.9,0
27.8,58.8,0
30.7,55.6,1
28.5,67.2,0
27.7,64.3,0
25.9,81.5,0
22.0,78.3,0
29.7,93.7,0
23.2,62.7,1
26.8,73.3,0
33.2,72.3,1
24.0,78.2,0
27.9,61.9,0
28.0,83.4,1
22.8,86.8,0
22.9,71.1,0
35.5,63.2,1
26.3,70.8,0
26.9,77.0,0
34.0,77.6,1
22.0,78.8,0
31.1,75.6,1
26.9,79.8,0
22.5,94.7,0
22.1,82.2,0
30.9,75.1,1
29.1,89.4,1
31.5,62.4,1
35.9,97.1,1
26.6,56.9,0
32.7,75.6,1
29.4,61.8,1
30.5,84.2,1
32.4,79.2,1
27.3,63.4,1
23.0,85.4,0
27.7,45.0,0
22.0,81.0,0
30.1,80.4,1
22.0,76.0,0
22.3,76.1,0
32.9,65.4,1
29.8,79.2,1
30.8,75.0,1
33.2,94.7,0
26.5,88.4,0
27.7,77.9,1
31.6,75.3,0
27.7,61.8,0
22.0,66.8,0
31.2,76.3,0
31.3,62.4,1
24.6,94.4,0
30.3,92.0,0
33.2,74.6,1
26.3,71.7,0
24.4,68.7,0
28.5,82.5,1
27.2,76.6,1
27.8,72.5,0
24.2,81.1,0
25.7,68.2,0
26.7,76.5,0
27.7,76.8,1
29.0,68.6,1
26.8,57.2,1
29.6,87.1,1
25.4,50.2,0
31.5,66.5,0
30.3,58.3,1
31.0,68.0,1
29.9,71.0,0
33.3,56.8,1
32.7,78.5,1
32.6,75.1,1
24.2,87.6,0
24.6,63.5,0
22.3,64.7,0
32.7,57.7,1
30.6,70.6,1
22.0,61.8,0
24.0,98.0,0
24.1,85.0,0
28.6,72.7,0
32.2,56.6,1
22.0,75.0,0
23.5,69.3,0
30.8,71.4,1
32.4,63.9,1
31.7,69.6,1
31.3,77.4,1
22.6,74.0,0
24.6,91.7,0
25.9,58.9,1
22.8,77.8,0
26.2,85.6,0
25.9,63.1,0
22.0,72.5,0
24.8,73.1,0
28.8,69.1,1
31.2,60.5,1
30.9,70.0,1
26.6,73.0,0
22.0,77.2,0
24.6,60.5,0
32.8,67.2,1
25.2,92.7,1
22.0,81.0,0
22.5,75.9,0
27.7,88.7,0
22.0,67.9,0
31.9,86.2,0
28.2,76.3,1
22.0,76.6,0
31.7,82.1,1
35.0,62.8,1
36.2,69.9,1
22.1,85.4,0
33.0,55.3,1
34.6,69.4,0
26.5,81.6,0
29.4,66.2,1
25.5,75.4,0
27.4,72.5,0
28.6,63.1,1
29.0,69.6,0
25.1,64.0,0
28.4,75.3,1
29.9,69.2,1
28.9,75.1,1
26.7,81.2,0
23.2,98.0,0
24.1,89.4,0
28.9,61.3,0
22.0,71.6,0
24.9,74.8,0
23.2,62.7,0
22.0,77.9,0
26.4,69.3,0
22.0,97.1,0
28.0,60.6,0
34.4,70.4,1
31.8,68.4,0
28.5,56.6,1
32.1,73.4,1
32.1,86.1,0
26.1,80.8,0
24.6,98.0,0
27.1,63.6,0
30.7,78.7,1
23.1,84.1,0
25.8,77.3,0
35.6,78.3,0
25.9,63.3,0
22.2,94.9,0
34.8,82.8,1
35.7,74.2,1
26.1,89.6,0
27.6,71.3,0
33.9,82.8,1
22.0,60.5,0
33.0,71.0,0
31.3,72.1,1
28.3,55.2,1
32.1,81.1,1
29.4,64.3,0
35.8,57.3,1
24.6,84.3,0
27.0,85.4,1
32.1,79.1,1
30.7,65.0,1
34.6,72.7,1
24.8,87.6,1
31.2,76.9,1
28.6,68.1,1
22.2,78.0,0
30.7,78.4,1
27.8,68.1,0
33.3,73.0,1
24.6,94.0,0
27.7,83.9,1
35.0,82.9,1
34.3,77.6,1
33.2,66.4,1
30.3,67.3,1
28.2,73.8,1
27.6,59.6,0
37.1,79.4,1
26.9,67.5,0
24.5,74.5,0
28.2,59.6,1
31.0,76.8,1
22.5,88.8,0
22.0,69.7,0
32.1,67.7,1
25.7,90.9,0
27.4,83.5,1
25.7,72.4,0
25.7,77.1,0
28.0,72.4,1
25.7,60.2,0
26.4,78.0,1
27.4,82.0,0
23.7,67.4,0
23.1,64.8,0
28.0,89.6,1
25.1,92.7,0
30.2,83.6,1
25.2,91.1,0
24.9,80.4,0
22.0,79.5,0
27.9,89.1,1
30.5,80.7,1
22.0,89.0,1
32.0,69.3,1
30.5,67.2,1
27.3,87.6,1
30.8,65.2,1
25.2,78.0,0
31.8,69.9,1
29.7,81.3,1
26.0,75.7,0
27.5,68.5,0
25.3,84.9,0
29.9,85.6,1
26.4,81.4,1
30.1,93.5,1
36.3,67.3,1
28.9,84.3,1
32.1,72.5,1
26.8,82.0,0
25.5,93.1,0
25.8,72.5,0
31.7,77.6,1
31.7,69.0,1
32.5,86.4,1
22.0,77.6,0
24.0,56.1,0
27.6,78.1,1
23.5,84.6,0
32.1,71.9,1
25.0,87.1,0
22.1,80.2,0
33.0,78.1,1
27.7,88.5,1
24.7,91.4,0
27.5,74.1,0
33.1,84.5,1
30.1,66.0,1
35.2,70.3,1
25.7,85.6,0
32.1,76.8,1
24.5,80.4,0
34.5,77.7,1
27.5,82.8,0
28.5,85.2,1
24.2,90.6,0
37.5,73.3,1
22.4,81.7,0
23.4,83.2,1
25.6,84.1,0
33.5,81.8,1
23.5,77.2,1
23.9,66.4,0
29.5,64.6,1
36.1,73.6,1
34.2,78.0,1
30.5,70.3,1
30.0,69.8,1
27.1,63.0,0
22.0,77.3,0
22.0,78.0,0
25.3,67.5,0
24.6,72.2,0
32.0,74.9,1
29.5,84.2,1
35.7,74.4,1
29.8,67.3,1
25.8,66.2,0
31.7,80.6,1
27.4,80.3,1
28.7,65.4,0
26.4,67.1,0
24.9,71.1,0
36.3,58.6,1
29.8,82.1,1
32.3,75.3,1
27.7,76.1,1
25.3,76.7,0
22.0,87.9,0
29.0,84.5,1
24.4,82.0,0
31.3,76.7,1
25.4,85.8,0
26.0,96.6,0
32.2,86.8,1
28.4,59.8,1
23.2,68.7,0
27.8,63.6,0
22.2,78.4,0
35.1,59.1,1
30.0,76.8,1
30.5,71.3,0
33.6,87.5,1
24.9,73.2,0
22.0,82.0,0
30.6,68.6,1
24.2,63.5,0
25.2,70.9,0
33.2,55.6,1
26.3,72.8,0
24.3,92.8,0
31.6,75.6,1
26.9,74.7,0
33.0,76.8,1
22.0,76.5,0
30.8,88.6,1
33.9,54.7,1
26.6,74.4,0
34.0,86.1,0
30.2,56.2,1
30.9,79.0,1
26.0,81.8,1
22.7,74.0,0
26.4,75.1,0
28.7,76.9,1
31.2,79.0,1
22.0,75.0,0
29.9,57.5,1
28.2,74.0,1
23.2,81.9,0
29.5,74.0,1
27.5,79.1,1
31.1,69.8,1
22.0,72.3,0
25.4,85.4,0
22.0,81.4,0
29.9,92.6,1
32.4,69.3,1
31.6,57.6,1
30.4,80.5,1
24.8,85.1,0
28.4,70.7,1
32.6,65.6,1
29.0,51.0,1
24.1,98.0,0
22.0,82.3,0
28.0,98.0,1
28.9,66.9,1
29.2,76.6,1
22.0,69.9,0
34.8,78.8,1
26.1,90.0,0
28.2,74.9,0
25.8,69.5,0
34.4,73.4,0
30.7,83.5,0
30.1,94.6,1
22.0,92.0,0
25.2,70.0,0
26.2,70.3,0
23.4,75.2,0
32.9,62.5,1
28.8,85.4,1
29.6,74.6,0
32.6,70.0,1
31.8,67.8,1
27.2,78.1,1
33.5,81.7,0
30.8,75.1,1
22.0,65.5,0
27.0,69.1,0
27.9,70.3,1
25.1,79.0,0
22.0,70.8,0
24.2,86.3,0
33.2,72.3,1
32.8,67.7,1
34.0,66.6,1
30.4,68.9,1
27.7,74.4,1
24.8,81.1,0
35.7,62.3,1
26.2,82.7,0
34.0,69.4,1
22.0,79.6,0
29.3,79.9,1
28.3,77.9,1
27.4,79.8,1
27.4,93.8,1
29.6,72.5,0
23.8,94.6,0
22.5,83.5,0
25.0,61.2,0
25.2,71.8,0
23.8,78.9,0
23.2,80.4,1
35.3,60.5,1
34.5,77.3,1
33.6,77.6,1
33.2,74.4,1
25.3,78.1,0
29.6,59.8,0
37.3,53.6,1
29.4,72.9,0
26.8,62.2,0
30.1,69.7,1
32.1,50.3,1
27.2,94.7,1
31.4,89.5,1
33.7,77.3,1
27.9,79.7,1
23.7,88.5,0
22.0,86.6,0
23.9,97.9,0
25.4,72.9,0
26.2,73.9,0
27.7,72.7,0
28.2,66.8,1
28.0,65.8,1
25.4,88.9,0
26.2,59.1,0
31.9,77.0,1
23.0,67.8,0
27.8,60.0,0
24.3,73.2,0
29.6,96.7,1
28.6,85.3,1
22.0,96.2,0
26.9,82.6,1
22.7,85.4,0
26.5,73.3,0
33.8,78.8,1
30.2,55.9,1
22.0,82.5,0
22.6,81.3,0
30.7,65.0,1
22.4,88.7,0
28.4,77.9,1
29.7,88.8,1
26.9,60.7,0
31.5,73.6,0
30.3,61.9,1
22.0,85.7,0
28.3,86.9,1
22.7,60.9,1
23.4,89.3,0
