Light_Intensity,Temperature,PIR,Minute_Of_Day,Room_Occupancy_Count,LED_On
62.0,24.9075,0,649,1,1
61.75,24.9225,0,650,1,1
62.0,24.9225,0,650,1,1
62.0,24.9375,0,651,1,1
62.25,24.9375,0,651,1,1
62.25,24.9525,0,652,1,1
62.0,24.9375,1,652,1,1
62.5,24.9525,0,653,1,1
64.0,24.9675,0,653,1,1
58.75,24.9675,1,654,1,1
64.25,24.967499999999998,1,654,1,1
64.75,24.982499999999998,1,655,1,1
64.5,25.0175,1,655,1,1
64.75,25.015,1,656,1,1
65.0,25.0325,1,656,1,1
65.0,25.0325,1,657,1,1
64.75,25.0325,0,657,1,1
64.5,25.015,1,658,1,1
65.0,25.015,1,658,1,1
65.25,25.0175,0,659,1,1
65.0,25.035,0,659,1,1
64.75,25.0325,0,660,1,1
65.25,25.05,0,660,1,1
65.25,25.05,0,661,1,1
65.75,25.035,0,661,1,1
65.25,25.05,1,662,1,1
65.25,25.05,1,662,1,1
65.0,25.065,1,663,1,1
65.0,25.065,1,663,1,1
65.25,25.065,1,664,1,1
65.0,25.080000000000002,0,665,1,1
65.25,25.080000000000002,0,665,1,1
65.0,25.080000000000002,1,666,1,1
65.0,25.080000000000002,0,666,1,1
65.0,25.1125,0,667,1,1
64.75,25.0975,0,667,1,1
64.75,25.0975,0,668,1,1
65.0,25.095000000000002,0,668,1,1
65.0,25.080000000000002,0,669,1,1
64.5,25.095000000000002,0,669,1,1
64.75,25.11,0,670,1,1
65.5,25.1125,0,670,1,1
65.75,25.127499999999998,0,671,1,1
65.5,25.1125,1,671,1,1
65.5,25.0975,0,672,1,1
66.25,25.127499999999998,0,672,1,1
67.0,25.127499999999998,0,673,1,1
66.75,25.1425,1,673,1,1
66.75,25.1425,0,674,1,1
66.5,25.125,0,674,1,1
65.5,25.1575,0,675,1,1
65.5,25.1425,0,675,1,1
66.5,25.1425,1,676,1,1
65.75,25.1425,0,676,1,1
65.75,25.1575,1,677,1,1
65.75,25.1575,0,677,1,1
65.5,25.1575,0,678,1,1
65.75,25.1425,0,678,1,1
65.5,25.125,0,679,1,1
65.5,25.1725,0,679,1,1
67.0,25.1725,0,680,1,1
67.25,25.1875,1,680,1,1
66.75,25.1725,0,681,1,1
66.0,25.1875,1,681,1,1
66.0,25.2025,0,682,1,1
65.75,25.1875,0,682,1,1
66.25,25.1875,0,683,1,1
66.0,25.2025,0,683,1,1
66.5,25.2175,0,684,1,1
67.75,25.2175,0,684,1,1
68.5,25.2175,0,685,1,1
68.75,25.2025,1,685,1,1
68.25,25.2175,1,686,1,1
65.25,25.2975,1,687,1,1
65.25,25.375,1,687,1,1
112.25,25.33,1,688,2,0
120.25,25.345,1,689,2,0
125.25,25.3625,1,689,2,0
127.25,25.345,1,690,2,0
129.5,25.345,1,690,2,0
130.25,25.3625,1,691,2,0
130.5,25.36,1,691,2,0
131.25,25.3475,1,692,2,0
129.75,25.36,1,692,2,0
130.0,25.33,0,693,2,0
129.75,25.3475,1,693,2,0
129.75,25.3475,1,694,2,0
130.0,25.3625,1,694,2,0
130.25,25.3775,1,695,2,0
130.0,25.3775,1,695,2,0
129.75,25.3775,1,696,2,0
130.0,25.392500000000002,0,696,2,0
128.5,25.3925,1,699,2,0
128.0,25.4075,1,699,2,0
128.75,25.3925,1,700,2,0
128.5,25.4225,1,700,2,0
128.75,25.4375,1,701,2,0
129.5,25.4225,1,701,2,0
129.5,25.4375,1,702,2,0
129.0,25.4375,0,702,2,0
129.0,25.455,1,703,2,0
128.75,25.4375,1,703,2,0
128.5,25.4525,1,704,2,0
128.25,25.4375,0,704,2,0
128.25,25.455000000000002,1,705,2,0
129.0,25.47,0,705,2,0
129.25,25.487499999999997,1,706,2,0
129.0,25.47,1,706,2,0
129.5,25.47,1,707,2,0
129.0,25.4525,1,707,2,0
129.75,25.47,1,708,2,0
129.5,25.47,1,708,2,0
129.5,25.485,1,709,2,0
129.75,25.5475,0,709,2,0
129.25,25.515,0,710,2,0
129.25,25.485,0,710,2,0
129.25,25.515,1,711,2,0
129.5,25.515,1,711,2,0
129.75,25.515,1,712,2,0
129.75,25.53,1,713,2,0
130.0,25.53,1,713,2,0
129.5,25.5475,1,714,1,0
129.5,25.5325,1,714,1,0
129.5,25.5475,1,715,2,0
130.0,25.5325,1,715,2,0
130.0,25.5625,1,716,2,0
130.0,25.5475,1,716,2,0
129.0,25.5475,1,717,2,0
131.75,25.61,1,717,2,0
133.0,25.72,1,718,2,0
132.25,25.8275,1,718,2,0
132.0,25.827499999999997,1,719,2,0
131.0,25.875,1,719,2,0
131.75,25.89,1,720,2,0
131.75,25.9225,0,720,2,0
132.75,25.9375,0,721,2,0
133.25,26.015,0,721,2,0
133.5,26.03,0,722,2,0
133.5,26.044999999999998,0,722,2,0
133.25,26.0925,1,723,2,0
133.75,26.125,1,723,2,0
134.25,26.0925,0,724,2,0
134.0,26.03,1,724,2,0
133.5,26.03,1,725,2,0
134.0,26.044999999999998,1,725,2,0
134.25,25.985,1,726,2,0
134.0,25.985,1,726,2,0
134.0,25.985,1,727,2,0
134.0,26.002499999999998,0,727,2,0
134.25,26.02,1,728,2,0
134.0,26.0175,0,728,2,0
134.75,26.002499999999998,0,729,2,0
135.25,26.0175,1,729,2,0
134.75,26.0475,1,730,2,0
134.75,26.0325,1,730,2,0
135.0,26.0475,0,731,2,0
135.25,26.0325,1,731,2,0
135.0,26.0475,1,732,2,0
134.5,26.0975,1,732,2,0
135.0,26.0825,1,733,2,0
134.5,26.1425,1,733,2,0
133.25,26.189999999999998,1,734,2,0
132.75,26.2525,0,734,2,0
134.0,26.2225,1,735,2,0
133.75,26.22,1,735,2,0
133.75,26.175,1,736,2,0
134.0,26.1575,1,737,2,0
133.0,26.1425,1,737,2,0
133.5,26.205000000000002,1,738,2,0
134.25,26.205,1,738,2,0
134.75,26.267500000000002,1,739,2,0
135.5,26.2525,1,739,2,0
135.5,26.2525,1,740,2,0
134.25,26.267500000000002,1,740,2,0
133.5,26.267500000000002,1,741,2,0
133.5,26.2525,0,741,2,0
135.25,26.235,1,742,2,0
136.0,26.2375,1,742,2,0
136.5,26.2375,0,743,2,0
135.75,26.2825,0,744,2,0
136.0,26.2975,1,744,2,0
135.75,26.315,1,745,2,0
135.25,26.36,0,745,2,0
135.25,26.345,0,746,2,0
134.75,26.36,0,746,2,0
134.0,26.330000000000002,0,747,2,0
133.75,26.345,0,747,2,0
134.75,26.2825,0,748,2,0
135.75,26.330000000000002,1,748,2,0
135.0,26.330000000000002,1,749,2,0
161.75,26.315,1,749,2,0
163.5,26.330000000000002,1,750,3,0
168.25,26.39,1,750,3,0
171.25,26.405,1,751,3,0
172.0,26.4225,1,751,3,0
173.0,26.42,1,752,3,0
173.5,26.39,1,752,3,0
172.25,26.3425,1,753,3,0
171.0,26.405,1,753,3,0
171.5,26.485,1,754,2,0
171.25,26.4525,1,754,2,0
171.25,26.4375,1,755,2,0
173.5,26.4975,1,755,3,0
174.25,26.4825,1,756,3,0
173.75,26.515,1,756,3,0
173.75,26.515,1,757,3,0
171.0,26.5325,1,757,3,0
172.75,26.564999999999998,1,758,3,0
172.75,26.5475,1,758,3,0
172.5,26.564999999999998,1,759,3,0
173.25,26.5625,1,759,3,0
173.5,26.5475,1,760,3,0
173.5,26.5475,1,760,3,0
172.5,26.5625,1,761,3,0
173.0,26.5475,1,762,3,0
173.5,26.515,1,762,3,0
177.75,26.455,1,788,3,0
178.0,26.439999999999998,1,788,3,0
177.5,26.439999999999998,1,789,3,0
177.75,26.4075,1,789,3,0
177.5,26.439999999999998,1,790,3,0
177.0,26.47,1,790,3,0
176.75,26.455,1,791,3,0
177.0,26.5175,1,791,3,0
176.75,26.439999999999998,1,792,3,0
176.5,26.455,1,792,3,0
177.0,26.47,1,793,3,0
177.0,26.5175,1,793,3,0
177.25,26.47,1,794,3,0
177.25,26.455,1,794,3,0
176.25,26.455,1,795,3,0
176.5,26.502499999999998,1,795,3,0
177.25,26.439999999999998,1,796,3,0
178.0,26.439999999999998,0,796,3,0
178.25,26.439999999999998,1,797,3,0
176.5,26.47,1,797,3,0
177.75,26.47,1,798,3,0
187.0,26.44,1,799,3,0
187.0,26.4225,1,799,3,0
186.5,26.4075,1,800,3,0
187.5,26.3925,1,800,3,0
187.75,26.4075,1,801,3,0
188.0,26.4075,1,801,3,0
189.0,26.4075,1,802,3,0
187.0,26.47,1,802,3,0
190.0,26.4525,1,803,3,0
191.25,26.4375,1,803,3,0
190.0,26.455,1,804,3,0
190.25,26.47,1,804,3,0
189.25,26.47,1,805,3,0
188.5,26.485,0,805,3,0
188.25,26.4525,1,806,3,0
188.5,26.4525,1,806,3,0
187.5,26.4375,0,807,3,0
188.0,26.4225,0,807,3,0
188.0,26.4525,1,808,3,0
183.0,26.4525,1,808,3,0
188.5,26.439999999999998,1,809,2,0
189.0,26.424999999999997,1,810,2,0
190.0,26.439999999999998,1,810,2,0
191.0,26.4225,1,811,2,0
191.5,26.4225,1,812,2,0
192.75,26.4225,1,812,2,0
191.0,26.4225,1,813,2,0
191.0,26.3925,1,813,2,0
191.5,26.4225,1,814,2,0
191.5,26.4225,1,814,2,0
191.5,26.4225,1,815,2,0
192.5,26.3925,1,815,2,0
192.5,26.4075,1,816,2,0
192.25,26.4225,1,816,2,0
185.0,26.39,1,817,2,0
191.25,26.405,1,817,2,0
192.0,26.375,1,818,2,0
190.5,26.39,1,818,3,0
192.75,26.375,1,819,3,0
192.25,26.36,1,819,3,0
191.75,26.375,1,820,3,0
193.25,26.375,1,820,2,0
193.25,26.405,1,821,2,0
193.0,26.4225,1,821,3,0
192.75,26.4225,1,822,3,0
192.25,26.4225,1,822,3,0
191.5,26.39,1,823,3,0
191.5,26.39,1,823,3,0
191.0,26.39,1,824,3,0
191.25,26.39,1,824,3,0
192.25,26.345,1,825,3,0
192.0,26.375,0,825,3,0
191.0,26.3425,0,826,3,0
192.75,26.3125,1,826,3,0
192.0,26.3575,1,827,3,0
191.75,26.3275,1,827,3,0
191.0,26.3775,1,828,3,0
191.0,26.36,1,828,3,0
191.0,26.375,1,829,3,0
191.0,26.3425,1,829,3,0
190.5,26.3425,1,830,3,0
191.0,26.375,1,830,3,0
192.75,26.375,1,831,3,0
191.25,26.3425,1,831,3,0
190.5,26.4075,0,832,3,0
191.0,26.39,1,832,3,0
192.75,26.4075,1,833,3,0
193.75,26.4075,1,834,3,0
192.75,26.3925,1,834,3,0
186.0,26.405,1,835,3,0
191.75,26.3925,1,835,3,0
192.25,26.4075,1,836,3,0
192.5,26.4075,1,836,3,0
192.75,26.4075,1,837,3,0
193.5,26.39,0,837,3,0
193.0,26.4075,1,838,3,0
192.75,26.4075,1,838,3,0
192.25,26.4075,0,839,3,0
193.0,26.424999999999997,0,839,3,0
193.25,26.375,0,840,3,0
193.75,26.375,1,840,3,0
193.75,26.4225,1,841,3,0
193.25,26.439999999999998,1,841,3,0
190.75,26.409999999999997,1,842,3,0
193.5,26.4075,1,842,3,0
191.75,26.424999999999997,1,843,3,0
192.25,26.424999999999997,0,843,3,0
192.5,26.424999999999997,0,844,3,0
193.0,26.4075,0,844,3,0
193.25,26.4375,1,845,3,0
192.75,26.47,1,845,3,0
190.25,26.455,1,846,3,0
189.75,26.455,1,846,3,0
191.0,26.47,1,847,3,0
190.25,26.4525,1,847,3,0
191.25,26.4375,1,848,3,0
190.75,26.4525,0,848,3,0
190.5,26.4525,1,849,3,0
190.5,26.4375,1,849,3,0
190.0,26.47,0,850,3,0
189.75,26.485,1,850,3,0
188.5,26.485,1,851,3,0
188.75,26.485,1,851,3,0
188.25,26.5175,1,852,3,0
187.75,26.502499999999998,1,852,3,0
186.5,26.535,1,853,3,0
187.0,26.502499999999998,1,854,3,0
185.75,26.487499999999997,1,854,3,0
171.0,26.502499999999998,1,855,3,0
49.5,26.502499999999998,1,855,0,0
49.5,26.439999999999998,1,856,0,0
49.5,26.41,1,856,0,0
49.75,26.377499999999998,0,857,0,0
51.75,26.3925,0,858,0,0
51.0,26.377499999999998,0,858,0,0
50.75,26.36,0,859,0,0
50.25,26.375,0,859,0,0
49.5,26.36,0,860,0,0
48.75,26.345,0,860,0,0
49.0,26.345,0,861,0,0
48.75,26.314999999999998,0,861,0,0
48.75,26.299999999999997,0,862,0,0
48.5,26.2825,0,862,0,0
50.0,26.2675,0,863,0,0
50.75,26.2675,0,863,0,0
51.0,26.265,0,864,0,0
51.0,26.2675,0,864,0,0
50.75,26.265,0,865,0,0
50.5,26.2675,0,865,0,0
49.5,26.252499999999998,0,866,0,0
49.75,26.252499999999998,0,866,0,0
50.5,26.2175,0,867,0,0
50.5,26.237499999999997,0,867,0,0
50.25,26.22,0,868,0,0
49.5,26.22,0,868,0,0
49.25,26.205,1,869,0,0
49.25,26.22,0,869,0,0
48.75,26.22,0,870,0,0
48.75,26.205,0,870,0,0
48.5,26.205,0,871,0,0
49.0,26.1725,0,871,0,0
49.5,26.189999999999998,0,872,0,0
50.25,26.174999999999997,0,872,0,0
50.5,26.174999999999997,0,873,0,0
50.5,26.174999999999997,0,873,0,0
50.5,26.174999999999997,0,874,0,0
50.0,26.174999999999997,0,874,0,0
49.25,26.1575,0,875,0,0
49.0,26.1575,0,875,0,0
48.5,26.1575,0,876,0,0
47.25,26.1575,0,876,0,0
47.0,26.1425,0,877,0,0
46.5,26.127499999999998,0,877,0,0
46.25,26.127499999999998,0,878,0,0
46.25,26.1425,0,878,0,0
48.5,26.127499999999998,0,879,0,0
48.0,26.127499999999998,0,879,0,0
47.5,26.127499999999998,0,880,0,0
47.25,26.095,0,880,0,0
47.75,26.0775,0,881,0,0
47.5,26.127499999999998,0,882,0,0
47.25,26.095,0,882,0,0
47.5,26.08,0,883,0,0
48.0,26.112499999999997,0,883,0,0
47.75,26.112499999999997,0,884,0,0
47.0,26.112499999999997,0,884,0,0
47.0,26.095,0,885,0,0
47.25,26.08,0,885,0,0
47.5,26.0775,0,886,0,0
46.75,26.0775,0,886,0,0
47.0,26.0475,0,887,0,0
47.5,26.08,0,887,0,0
47.5,26.065,0,888,0,0
47.75,26.08,0,888,0,0
46.75,26.08,0,889,0,0
47.25,26.08,0,889,0,0
47.0,26.064999999999998,0,890,0,0
46.5,26.0625,0,890,0,0
46.5,26.0625,0,891,0,0
45.75,26.064999999999998,0,891,0,0
45.25,26.0475,0,892,0,0
44.75,26.064999999999998,0,892,0,0
44.5,26.0475,0,893,0,0
44.5,26.064999999999998,0,893,0,0
44.5,26.03,0,894,0,0
44.5,26.015,0,894,0,0
44.25,26.0325,0,895,0,0
44.5,26.0475,0,895,0,0
44.25,26.0325,0,896,0,0
43.0,26.0325,0,896,0,0
42.5,26.015,0,897,0,0
41.75,26.015,0,897,0,0
41.75,26.03,0,898,0,0
41.5,26.015,0,898,0,0
41.25,26.0,0,899,0,0
40.0,26.0325,0,899,0,0
41.25,26.0,0,900,0,0
42.75,26.0,0,900,0,0
42.75,26.0,0,901,0,0
43.0,25.985,0,901,0,0
43.0,26.002499999999998,0,902,0,0
43.25,25.985,0,902,0,0
43.5,25.985,0,903,0,0
42.75,25.985,0,903,0,0
42.75,25.985,0,904,0,0
42.5,25.985,0,904,0,0
42.75,25.985,0,905,0,0
43.75,25.97,0,906,0,0
45.25,25.987499999999997,0,906,0,0
44.25,25.9525,0,907,0,0
43.75,25.97,0,907,0,0
42.5,25.97,0,908,0,0
41.25,25.97,0,908,0,0
40.5,25.97,0,909,0,0
40.0,25.97,0,910,0,0
40.0,25.97,0,910,0,0
39.25,25.97,0,911,0,0
40.0,25.97,0,911,0,0
40.0,25.97,0,912,0,0
39.75,25.9525,0,912,0,0
39.75,25.94,0,913,0,0
39.25,25.9525,0,913,0,0
39.25,25.9225,0,914,0,0
39.0,25.94,0,914,0,0
39.0,25.939999999999998,0,915,0,0
39.0,25.9725,0,915,0,0
39.25,25.9375,0,916,0,0
40.25,25.939999999999998,0,916,0,0
40.5,25.94,0,917,0,0
40.5,25.9375,0,917,0,0
40.0,25.939999999999998,0,918,0,0
40.0,25.9225,0,918,0,0
39.5,25.939999999999998,0,919,0,0
39.5,25.9225,0,919,0,0
39.5,25.94,0,920,0,0
39.5,25.9225,0,920,0,0
39.25,25.9225,0,921,0,0
39.25,25.9225,0,921,0,0
39.5,25.9225,0,922,0,0
39.25,25.939999999999998,0,922,0,0
39.25,25.9225,0,923,0,0
38.5,25.9225,0,923,0,0
66.5,25.9075,1,925,1,1
67.75,25.9225,0,925,1,1
68.5,25.9225,0,926,1,1
69.25,25.94,1,926,1,1
70.25,25.94,0,927,1,1
69.75,25.94,0,927,1,1
69.0,25.925,1,928,1,1
68.25,25.94,1,928,1,1
68.0,25.925,0,929,1,1
67.5,25.925,0,930,1,1
67.5,25.925,0,930,1,1
67.5,25.91,0,931,1,1
67.25,25.9425,0,931,1,1
67.0,25.94,0,932,1,1
67.0,25.94,0,932,1,1
67.0,25.94,0,933,1,1
67.0,25.925,0,933,1,1
67.0,25.94,0,934,1,1
66.5,25.9575,0,934,1,1
65.75,25.89,0,935,1,1
65.5,25.9225,1,935,1,1
66.5,25.939999999999998,1,936,1,1
66.25,25.94,0,936,1,1
65.5,25.94,0,937,1,1
65.25,25.94,0,937,1,1
64.75,25.9225,0,938,1,1
64.75,25.9225,0,938,1,1
63.75,25.9075,0,939,1,1
64.25,25.9225,0,939,1,1
64.5,25.9375,1,940,1,1
64.5,25.9225,1,940,1,1
64.5,25.9225,0,941,1,1
64.0,25.9225,0,941,1,1
64.75,25.939999999999998,0,942,1,1
65.0,25.9375,0,942,1,1
65.25,25.9075,0,943,1,1
66.0,25.9075,0,943,1,1
65.75,25.9225,0,944,1,1
65.5,25.9225,0,944,1,1
65.5,25.9375,0,945,1,1
65.5,25.9225,0,945,1,1
65.0,25.9225,1,946,1,1
65.0,25.9375,0,946,1,1
64.75,25.9375,1,947,1,1
64.5,25.9375,0,947,1,1
64.0,25.9375,0,948,1,1
63.75,25.9375,0,948,1,1
63.75,25.9525,1,949,1,1
63.25,25.9525,0,949,1,1
62.5,25.9675,1,950,1,1
62.25,25.9225,0,950,1,1
62.25,25.9225,0,951,1,1
62.0,25.9225,0,951,1,1
61.75,25.9675,0,952,1,1
61.5,25.9225,1,952,1,1
61.0,25.9225,0,953,1,1
60.5,25.9225,0,953,1,1
60.0,25.9375,0,954,1,1
60.0,25.92,0,955,1,1
59.75,25.939999999999998,0,955,1,1
59.75,25.905,0,956,1,1
59.75,25.9375,0,956,1,1
59.25,25.92,0,957,1,1
58.75,25.92,0,957,1,1
59.0,25.9375,0,958,1,1
59.0,25.905,1,958,1,1
59.0,25.92,1,959,1,1
59.0,25.935,0,959,1,1
59.0,25.905,0,960,1,1
59.0,25.905,0,960,1,1
58.75,25.9375,0,961,1,1
58.5,25.9225,0,961,1,1
58.25,25.92,1,962,1,1
58.25,25.9225,1,962,1,1
58.0,25.9375,0,963,1,1
57.75,25.92,0,964,1,1
57.5,25.905,1,964,1,1
57.0,25.92,1,965,1,1
57.0,25.92,1,965,1,1
57.25,25.92,1,966,1,1
56.75,25.9375,0,966,1,1
56.5,25.92,0,967,1,1
56.0,25.92,0,967,1,1
56.0,25.9375,0,968,1,1
55.75,25.92,0,968,1,1
56.0,25.92,0,969,1,1
56.0,25.92,0,969,1,1
56.0,25.92,0,970,1,1
55.75,25.9375,0,970,1,1
55.75,25.9375,1,971,1,1
55.75,25.9525,1,971,1,1
55.5,25.905,1,972,1,1
55.25,25.92,1,972,1,1
55.0,25.92,0,973,1,1
54.5,25.92,0,973,1,1
54.25,25.9375,0,974,1,1
54.0,25.92,0,974,1,1
53.75,25.9225,0,975,1,1
53.75,25.9375,0,975,1,1
53.5,25.92,1,976,1,1
53.5,25.92,0,976,1,1
53.75,25.92,0,977,1,1
53.5,25.92,0,977,1,1
53.25,25.92,0,978,1,1
52.75,25.92,0,979,1,1
52.5,25.9375,0,979,1,1
52.5,25.905,0,980,1,1
52.25,25.92,1,980,1,1
52.0,25.92,0,981,1,1
51.75,25.9225,0,981,1,1
51.5,25.9375,0,982,1,1
50.75,25.92,0,982,1,1
50.75,25.9375,0,983,1,1
51.0,25.9225,0,983,1,1
50.25,25.92,1,984,1,1
50.5,25.9225,0,984,1,1
50.25,25.9375,1,985,1,1
50.0,25.9375,1,985,1,1
49.75,25.92,0,986,1,1
49.75,25.955,0,986,1,1
49.75,25.9225,1,987,1,1
49.75,25.9225,1,987,1,1
49.75,25.9375,1,988,1,1
49.5,25.939999999999998,1,988,1,1
49.75,25.939999999999998,0,989,1,1
49.5,25.9225,1,989,1,1
49.75,25.92,1,990,1,1
84.75,25.9375,1,990,1,1
85.5,25.905,1,991,2,1
96.0,25.939999999999998,1,992,2,1
95.75,25.9225,1,992,2,1
94.0,25.97,1,993,2,1
94.75,25.9375,1,993,2,1
92.75,25.9525,1,994,2,1
93.25,25.955,1,994,2,1
92.25,25.939999999999998,0,995,2,1
92.0,25.939999999999998,0,995,2,1
91.5,25.939999999999998,0,996,2,1
92.0,25.939999999999998,0,996,2,1
91.75,25.939999999999998,0,997,2,1
90.75,25.939999999999998,1,997,2,1
91.25,25.939999999999998,1,998,2,1
91.0,25.955,1,998,2,1
90.5,25.955,1,999,2,1
90.0,25.955,1,999,2,1
90.0,25.955,1,1000,2,1
89.5,25.939999999999998,1,1000,2,1
89.25,25.97,0,1001,2,1
89.0,25.955,0,1001,2,1
89.0,25.955,1,1002,2,1
89.5,25.987499999999997,0,1003,2,1
88.5,25.985,1,1003,2,1
88.25,25.985,0,1004,2,1
88.25,25.97,0,1004,2,1
88.25,25.97,1,1005,2,1
88.25,25.97,0,1005,2,1
88.0,25.97,0,1006,2,1
87.75,25.97,1,1006,2,1
88.0,25.97,0,1007,2,1
87.75,25.97,0,1007,2,1
87.75,25.985,1,1008,2,1
87.75,25.97,1,1008,2,1
87.0,25.97,1,1009,2,1
86.75,25.97,1,1009,2,1
86.75,25.97,1,1010,2,1
87.25,25.985,1,1010,2,1
86.0,26.0,1,1011,2,1
86.25,26.0,1,1011,2,1
86.0,25.985,1,1012,2,1
86.0,25.97,0,1012,2,1
86.0,25.97,1,1013,2,1
85.75,26.0,1,1013,2,1
86.5,25.97,1,1014,2,1
86.0,25.985,1,1014,2,1
86.0,25.985,0,1015,2,1
85.75,25.985,1,1015,2,1
86.25,25.97,0,1016,2,1
85.5,25.985,1,1016,2,1
85.0,26.0,1,1017,2,1
84.75,25.985,0,1017,2,1
85.0,26.0,1,1018,2,1
85.25,26.0,1,1018,2,1
85.0,26.0,1,1019,2,1
84.75,26.0,1,1020,2,1
84.25,25.985,1,1020,2,1
84.5,26.0,1,1021,2,1
84.25,25.985,1,1021,2,1
84.25,25.985,1,1022,2,1
84.75,26.0175,1,1022,2,1
85.0,26.0,1,1023,2,1
84.0,26.0,1,1023,2,1
83.75,25.985,1,1024,2,1
83.5,26.0,1,1024,2,1
83.5,25.985,1,1025,2,1
83.25,26.0,1,1025,2,1
83.25,26.0175,1,1026,2,1
83.25,26.0,1,1027,2,1
83.25,26.0,1,1027,2,1
83.25,25.985,1,1028,2,1
83.0,26.0,1,1028,2,1
82.75,26.0,1,1029,2,1
82.75,26.0,1,1029,2,1
82.75,26.0,0,1030,2,1
82.75,26.0,1,1030,2,1
82.75,26.0,1,1031,2,1
82.75,26.0175,0,1031,2,1
82.75,26.0325,0,1032,2,1
82.75,26.0325,1,1032,2,1
82.75,26.015,1,1033,2,1
82.5,26.015,1,1033,2,1
82.25,26.015,1,1034,2,1
82.25,26.0325,1,1034,2,1
82.25,26.0475,1,1035,2,1
82.5,26.0475,1,1035,2,1
82.25,26.0175,1,1036,2,1
82.0,26.03,1,1036,2,1
81.75,26.015,1,1037,2,1
82.0,26.0,0,1037,2,1
81.5,26.015,0,1038,2,1
81.75,26.015,1,1038,2,1
81.25,26.015,1,1039,2,1
81.25,26.0325,1,1039,2,1
81.25,26.0325,1,1040,2,1
81.5,26.015,1,1040,2,1
81.25,26.015,1,1041,2,1
81.25,26.015,1,1041,2,1
81.0,26.015,1,1042,2,1
81.25,26.015,1,1042,2,1
81.0,26.03,1,1043,2,1
80.75,26.015,0,1043,2,1
81.0,26.03,0,1044,2,1
81.0,26.0,1,1044,2,1
81.0,26.015,1,1045,2,1
81.0,26.015,1,1045,2,1
80.75,26.0,1,1046,2,1
80.75,26.015,1,1046,2,1
80.75,26.03,1,1047,2,1
80.75,26.015,1,1047,2,1
81.0,26.03,1,1048,2,1
81.0,26.015,1,1048,2,1
81.0,26.015,1,1049,2,1
80.5,26.015,1,1049,2,1
81.0,26.03,1,1050,2,1
80.75,26.03,1,1051,2,1
81.5,26.0475,1,1051,2,1
81.5,26.0625,1,1052,2,1
81.75,26.0475,1,1052,2,1
81.5,26.0325,1,1053,2,1
81.75,26.0175,1,1053,2,1
133.5,26.0475,1,1054,3,0
141.25,26.08,1,1054,3,0
144.5,26.05,1,1055,3,0
146.0,26.0325,1,1055,3,0
146.0,26.0625,0,1056,3,0
146.0,26.0625,1,1056,3,0
145.5,26.08,1,1057,3,0
145.5,26.08,1,1057,3,0
145.5,26.0625,1,1058,3,0
145.25,26.0975,1,1058,3,0
145.25,26.095,1,1059,3,0
145.25,26.095,1,1059,3,0
145.0,26.112499999999997,1,1060,3,0
145.25,26.080000000000002,1,1060,3,0
145.0,26.08,1,1061,3,0
144.75,26.08,0,1061,3,0
144.5,26.08,1,1062,3,0
144.5,26.080000000000002,1,1062,3,0
144.25,26.097499999999997,1,1063,3,0
144.0,26.097499999999997,1,1063,3,0
143.75,26.097499999999997,1,1064,3,0
144.0,26.0825,1,1064,3,0
145.0,26.112499999999997,1,1065,3,0
145.0,26.112499999999997,1,1065,3,0
144.5,26.080000000000002,1,1066,3,0
144.75,26.095,1,1066,3,0
144.75,26.080000000000002,1,1067,3,0
144.5,26.08,0,1067,3,0
144.25,26.11,1,1068,3,0
144.25,26.127499999999998,1,1068,3,0
144.5,26.11,1,1069,3,0
144.25,26.112499999999997,0,1069,3,0
143.75,26.1425,1,1070,3,0
143.25,26.127499999999998,1,1070,3,0
143.25,26.22,1,1071,3,0
144.0,26.2675,1,1071,3,0
143.75,26.3125,1,1072,3,0
143.5,26.377499999999998,1,1072,3,0
143.0,26.424999999999997,1,1073,3,0
143.25,26.5,1,1074,3,0
142.75,26.5175,1,1075,3,0
143.0,26.439999999999998,1,1075,3,0
142.5,26.377499999999998,1,1076,3,0
143.0,26.345,1,1076,3,0
142.75,26.345,1,1077,3,0
142.5,26.299999999999997,1,1077,3,0
142.0,26.2825,1,1078,3,0
143.0,26.3125,1,1078,3,0
142.75,26.2675,1,1079,3,0
142.75,26.2825,1,1079,3,0
142.75,26.2825,1,1080,3,0
142.75,26.2675,1,1080,3,0
143.0,26.2675,1,1081,3,0
143.0,26.2825,1,1082,3,0
143.25,26.252499999999998,1,1082,3,0
143.75,26.2675,0,1083,3,0
143.0,26.2675,0,1083,3,0
142.5,26.235,1,1084,3,0
142.25,26.2675,0,1084,3,0
142.25,26.2825,0,1085,3,0
142.25,26.2825,1,1085,3,0
142.5,26.2825,1,1086,3,0
142.5,26.2975,1,1086,3,0
142.75,26.2825,1,1087,3,0
142.25,26.252499999999998,0,1087,3,0
142.5,26.252499999999998,1,1088,3,0
142.25,26.25,1,1088,3,0
142.5,26.2825,1,1089,3,0
142.25,26.2675,1,1089,3,0
142.5,26.25,1,1090,3,0
142.5,26.2675,1,1091,3,0
142.5,26.235,0,1091,3,0
143.0,26.2675,0,1092,3,0
142.5,26.25,1,1092,3,0
142.75,26.252499999999998,1,1093,3,0
143.0,26.235,1,1093,3,0
142.75,26.2175,1,1094,3,0
142.75,26.265,1,1094,3,0
142.5,26.25,1,1095,3,0
142.5,26.252499999999998,1,1095,3,0
143.0,26.25,1,1096,3,0
143.0,26.2675,0,1096,3,0
143.0,26.2975,1,1097,3,0
142.5,26.2675,1,1097,3,0
143.0,26.237499999999997,1,1098,3,0
142.25,26.252499999999998,1,1099,3,0
142.5,26.25,1,1099,3,0
142.25,26.252499999999998,1,1100,3,0
142.0,26.2825,1,1100,3,0
142.75,26.25,0,1101,3,0
142.5,26.235,1,1101,3,0
142.5,26.235,1,1102,3,0
142.75,26.25,1,1102,3,0
142.75,26.2975,1,1103,3,0
143.25,26.252499999999998,0,1103,3,0
143.25,26.2675,1,1104,3,0
143.75,26.2825,1,1104,3,0
144.0,26.345,0,1105,3,0
143.25,26.345,1,1105,3,0
143.5,26.314999999999998,1,1106,3,0
143.25,26.299999999999997,1,1106,3,0
143.25,26.314999999999998,1,1107,3,0
143.75,26.2825,1,1107,3,0
144.0,26.2975,1,1108,3,0
144.0,26.2825,1,1108,3,0
144.0,26.33,1,1109,3,0
144.0,26.299999999999997,1,1109,3,0
144.25,26.314999999999998,1,1110,3,0
144.0,26.314999999999998,1,1110,3,0
144.0,26.314999999999998,1,1111,3,0
144.0,26.299999999999997,1,1111,3,0
143.75,26.33,1,1112,3,0
143.75,26.2825,1,1112,3,0
143.75,26.299999999999997,1,1113,3,0
143.75,26.33,1,1113,3,0
144.0,26.299999999999997,1,1114,3,0
144.0,26.314999999999998,0,1114,3,0
144.0,26.33,1,1115,3,0
144.0,26.33,1,1115,3,0
144.25,26.345,1,1116,3,0
144.0,26.33,1,1116,3,0
144.0,26.33,1,1117,3,0
138.5,26.36,1,1117,3,0
143.75,26.36,1,1118,3,0
144.0,26.36,1,1118,3,0
143.75,26.375,1,1119,3,0
144.0,26.39,1,1119,3,0
144.0,26.375,1,1120,3,0
144.5,26.345,0,1120,3,0
144.25,26.345,0,1121,3,0
143.5,26.345,1,1121,3,0
143.75,26.345,1,1122,3,0
144.0,26.375,1,1122,3,0
144.25,26.33,1,1123,3,0
144.0,26.345,1,1124,3,0
144.0,26.33,0,1124,3,0
144.0,26.36,0,1125,3,0
144.0,26.345,0,1125,3,0
143.75,26.36,1,1126,3,0
143.5,26.36,1,1126,3,0
143.75,26.36,1,1127,3,0
144.25,26.4225,1,1127,3,0
144.5,26.455,1,1128,3,0
144.5,26.5325,1,1129,3,0
144.75,26.5625,0,1129,3,0
144.25,26.61,1,1130,3,0
144.25,26.5625,1,1130,3,0
144.5,26.5775,0,1131,3,0
144.5,26.5625,0,1131,3,0
144.75,26.5625,0,1132,3,0
144.0,26.5625,0,1132,3,0
144.25,26.577499999999997,0,1133,3,0
144.5,26.592499999999998,1,1133,3,0
144.25,26.61,1,1134,3,0
145.0,26.61,0,1134,3,0
145.0,26.61,1,1135,3,0
145.0,26.625,1,1135,3,0
145.25,26.61,1,1136,3,0
145.0,26.61,1,1136,3,0
145.25,26.625,0,1137,3,0
145.25,26.64,1,1137,3,0
145.25,26.654999999999998,1,1138,3,0
145.0,26.654999999999998,0,1138,3,0
144.5,26.6575,0,1139,3,0
144.75,26.6725,0,1139,3,0
144.75,26.6875,1,1140,3,0
145.5,26.6875,1,1140,3,0
145.0,26.6725,1,1141,3,0
145.25,26.6575,1,1141,3,0
144.75,26.6725,1,1142,3,0
145.25,26.7025,1,1142,3,0
145.5,26.6875,1,1143,3,0
145.25,26.7025,1,1143,3,0
145.0,26.705,1,1144,3,0
145.0,26.6875,0,1144,3,0
145.25,26.7025,0,1145,3,0
145.25,26.6875,1,1145,3,0
145.0,26.6875,1,1146,3,0
145.25,26.6725,1,1146,3,0
145.25,26.6875,0,1147,3,0
145.25,26.6725,0,1148,3,0
145.25,26.705,0,1148,3,0
144.75,26.6725,0,1149,3,0
145.5,26.6725,1,1149,3,0
145.75,26.6875,1,1150,3,0
145.25,26.6875,1,1150,3,0
145.5,26.6875,0,1151,3,0
145.75,26.6875,0,1151,3,0
145.25,26.6725,0,1152,3,0
145.5,26.6875,1,1152,3,0
145.25,26.689999999999998,1,1153,3,0
145.25,26.705,0,1153,3,0
145.25,26.7025,0,1154,3,0
145.25,26.6725,1,1154,3,0
145.75,26.6875,1,1155,3,0
145.25,26.6875,1,1155,3,0
144.75,26.6875,1,1156,3,0
145.25,26.735,1,1156,3,0
144.75,26.735,1,1157,3,0
144.75,26.7825,1,1157,3,0
144.25,26.78,1,1158,3,0
140.75,26.7825,1,1158,3,0
138.0,26.799999999999997,1,1159,3,0
136.75,26.77,1,1159,3,0
136.75,26.7825,1,1160,3,0
137.0,26.785,1,1160,3,0
137.25,26.7675,1,1161,3,0
137.5,26.7375,1,1161,3,0
137.25,26.72,1,1162,3,0
137.0,26.705,1,1162,3,0
137.5,26.72,1,1163,3,0
137.25,26.72,1,1163,3,0
137.25,26.735,1,1164,3,0
137.5,26.72,1,1164,3,0
137.0,26.735,1,1165,3,0
137.25,26.705,0,1165,3,0
138.0,26.752499999999998,0,1166,3,0
138.0,26.752499999999998,0,1167,3,0
138.0,26.735,0,1167,3,0
137.75,26.735,0,1168,3,0
138.0,26.72,0,1168,3,0
138.25,26.752499999999998,1,1169,3,0
138.0,26.705,1,1169,3,0
137.75,26.752499999999998,1,1170,3,0
138.0,26.755,1,1170,3,0
138.0,26.785,1,1171,3,0
138.5,26.785,1,1172,3,0
139.5,26.595,1,1175,3,0
102.0,26.612499999999997,1,1176,3,0
0.0,26.595,1,1176,3,1
0.0,26.435,0,1179,0,0
0.0,26.4375,0,1180,0,0
0.0,26.435,0,1180,0,0
0.0,26.4075,0,1181,0,0
0.0,26.4075,0,1181,0,0
0.0,26.3925,0,1182,0,0
0.0,26.375,0,1182,0,0
0.0,26.375,0,1183,0,0
0.0,26.375,0,1183,0,0
0.0,26.3275,0,1184,0,0
0.0,26.3275,0,1185,0,0
0.0,26.3275,0,1185,0,0
0.0,26.2825,0,1186,0,0
0.0,26.2825,0,1186,0,0
0.0,26.2825,0,1187,0,0
0.0,26.2825,0,1187,0,0
0.0,26.2525,0,1188,0,0
0.0,26.2525,0,1188,0,0
0.0,26.2375,0,1189,0,0
0.0,26.2525,0,1189,0,0
0.0,26.2675,0,1190,0,0
0.0,26.252499999999998,0,1190,0,0
0.0,26.252499999999998,0,1191,0,0
0.0,26.2025,0,1191,0,0
0.0,26.22,0,1192,0,0
0.0,26.22,0,1192,0,0
0.0,26.205,0,1193,0,0
0.0,26.175,0,1193,0,0
0.0,26.1725,0,1194,0,0
0.0,26.1725,0,1194,0,0
0.0,26.1725,0,1195,0,0
0.0,26.1725,0,1196,0,0
0.0,26.1575,0,1196,0,0
0.0,26.1725,0,1197,0,0
0.0,26.1575,0,1197,0,0
0.0,26.1575,0,1198,0,0
0.0,26.1425,0,1198,0,0
0.0,26.11,0,1199,0,0
0.0,26.095,0,1199,0,0
0.0,26.112499999999997,0,1200,0,0
0.0,26.11,0,1200,0,0
0.0,26.0775,0,1201,0,0
0.0,26.107499999999998,0,1201,0,0
0.0,26.107499999999998,0,1202,0,0
0.0,26.0775,0,1202,0,0
0.0,26.092499999999998,0,1203,0,0
0.0,26.0775,0,1203,0,0
0.0,26.107499999999998,0,1204,0,0
0.0,26.0775,0,1204,0,0
0.0,26.0475,0,1205,0,0
0.0,26.0625,0,1205,0,0
0.0,26.0475,0,1206,0,0
0.0,26.0625,0,1206,0,0
0.0,26.0475,0,1207,0,0
0.0,26.0325,0,1207,0,0
0.0,26.0325,0,1208,0,0
0.0,26.0325,0,1208,0,0
0.0,26.0325,0,1209,0,0
0.0,26.002499999999998,0,1209,0,0
0.0,26.0325,0,1210,0,0
0.0,26.0175,0,1210,0,0
0.0,26.0175,0,1211,0,0
0.0,26.0175,0,1211,0,0
0.0,26.002499999999998,0,1212,0,0
0.0,26.002499999999998,0,1212,0,0
0.0,26.002499999999998,0,1213,0,0
0.0,26.002499999999998,0,1213,0,0
0.0,25.97,0,1214,0,0
0.0,25.955000000000002,0,1214,0,0
0.0,25.972499999999997,0,1215,0,0
0.0,25.9575,0,1215,0,0
0.0,25.9725,0,1216,0,0
0.0,25.9875,0,1216,0,0
0.0,25.9725,0,1217,0,0
0.0,25.9725,0,1217,0,0
0.0,25.9725,0,1218,0,0
0.0,25.9575,0,1218,0,0
0.0,25.9575,0,1219,0,0
0.0,25.939999999999998,0,1220,0,0
0.0,25.9225,0,1220,0,0
0.0,25.9225,0,1221,0,0
0.0,25.939999999999998,0,1221,0,0
0.0,25.9225,0,1222,0,0
0.0,25.9225,0,1222,0,0
0.0,25.9225,0,1223,0,0
0.0,25.9225,0,1223,0,0
0.0,25.905,0,1224,0,0
0.0,25.9075,0,1224,0,0
0.0,25.89,0,1225,0,0
0.0,25.9075,0,1225,0,0
0.0,25.905,0,1226,0,0
0.0,25.875,0,1226,0,0
0.0,25.875,0,1227,0,0
0.0,25.875,0,1228,0,0
0.0,25.875,0,1228,0,0
0.0,25.875,0,1229,0,0
0.0,25.875,0,1229,0,0
0.0,25.875,0,1230,0,0
0.0,25.9075,0,1230,0,0
0.0,25.924999999999997,0,1231,0,0
0.0,25.8925,0,1231,0,0
0.0,25.8925,0,1232,0,0
0.0,25.8925,0,1232,0,0
0.0,25.877499999999998,0,1233,0,0
0.0,25.86,0,1233,0,0
0.0,25.875,0,1234,0,0
0.0,25.877499999999998,0,1234,0,0
0.0,25.86,0,1235,0,0
0.0,25.8925,0,1235,0,0
0.0,25.86,0,1236,0,0
0.0,25.86,0,1236,0,0
0.0,25.8575,0,1237,0,0
0.0,25.8275,0,1237,0,0
0.0,25.86,0,1238,0,0
0.0,25.8425,0,1239,0,0
0.0,25.862499999999997,0,1239,0,0
0.0,25.8425,0,1240,0,0
0.0,25.862499999999997,0,1240,0,0
0.0,25.845,0,1241,0,0
0.0,25.8275,0,1241,0,0
0.0,25.8275,0,1242,0,0
0.0,25.8275,0,1242,0,0
0.0,25.8275,0,1243,0,0
0.0,25.845,0,1244,0,0
0.0,25.845,0,1244,0,0
0.0,25.7975,0,1245,0,0
0.0,25.7975,0,1245,0,0
0.0,25.7975,0,1246,0,0
0.0,25.8125,0,1246,0,0
0.0,25.8125,0,1247,0,0
0.0,25.7975,0,1247,0,0
0.0,25.8125,0,1248,0,0
0.0,25.7825,0,1248,0,0
0.0,25.8125,0,1249,0,0
0.0,25.7975,0,1249,0,0
0.0,25.7825,0,1250,0,0
0.0,25.7975,0,1250,0,0
0.0,25.7975,0,1251,0,0
0.0,25.7825,0,1251,0,0
0.0,25.8125,0,1252,0,0
0.0,25.7675,0,1252,0,0
0.0,25.7825,0,1253,0,0
0.0,25.7825,0,1253,0,0
0.0,25.7975,0,1254,0,0
0.0,25.7825,0,1254,0,0
0.0,25.7825,0,1255,0,0
0.0,25.7975,0,1255,0,0
0.0,25.7825,0,1256,0,0
0.0,25.78,0,1256,0,0
0.0,25.7825,0,1257,0,0
0.0,25.75,0,1257,0,0
0.0,25.7675,0,1258,0,0
0.0,25.75,0,1258,0,0
0.0,25.752499999999998,0,1259,0,0
0.0,25.75,0,1259,0,0
0.0,25.75,0,1260,0,0
0.0,25.735,0,1260,0,0
0.0,25.735,0,1261,0,0
0.0,25.735,0,1261,0,0
0.0,25.735,0,1262,0,0
0.0,25.72,0,1262,0,0
0.0,25.75,0,1263,0,0
0.0,25.72,0,1263,0,0
0.0,25.72,0,1264,0,0
0.0,25.72,0,1264,0,0
0.0,25.72,0,1265,0,0
0.0,25.72,0,1265,0,0
0.0,25.705,0,1266,0,0
0.0,25.705,0,1266,0,0
0.0,25.735,0,1267,0,0
0.0,25.72,0,1268,0,0
0.0,25.72,0,1268,0,0
0.0,25.705,0,1269,0,0
0.0,25.72,0,1269,0,0
0.0,25.72,0,1270,0,0
0.0,25.72,0,1270,0,0
0.0,25.705,0,1271,0,0
0.0,25.689999999999998,0,1271,0,0
0.0,25.705,0,1272,0,0
0.0,25.705,0,1272,0,0
0.0,25.689999999999998,0,1273,0,0
0.0,25.689999999999998,0,1273,0,0
0.0,25.689999999999998,0,1274,0,0
0.0,25.674999999999997,0,1274,0,0
0.0,25.689999999999998,0,1275,0,0
0.0,25.689999999999998,0,1275,0,0
0.0,25.689999999999998,0,1276,0,0
0.0,25.705,0,1276,0,0
0.0,25.705,0,1277,0,0
0.0,25.689999999999998,0,1277,0,0
0.0,25.674999999999997,0,1278,0,0
0.0,25.674999999999997,0,1278,0,0
0.0,25.674999999999997,0,1279,0,0
0.0,25.689999999999998,0,1279,0,0
0.0,25.674999999999997,0,1280,0,0
0.0,25.674999999999997,0,1280,0,0
0.0,25.674999999999997,0,1281,0,0
0.0,25.6725,0,1281,0,0
0.0,25.6725,0,1282,0,0
0.0,25.674999999999997,0,1282,0,0
0.0,25.674999999999997,0,1283,0,0
0.0,25.6725,0,1283,0,0
0.0,25.6725,0,1284,0,0
0.0,25.6725,0,1284,0,0
0.0,25.689999999999998,0,1285,0,0
0.0,25.6425,0,1285,0,0
0.0,25.6425,0,1286,0,0
0.0,25.6425,0,1286,0,0
0.0,25.6425,0,1287,0,0
0.0,25.6425,0,1287,0,0
0.0,25.6425,0,1288,0,0
0.0,25.6425,0,1288,0,0
0.0,25.6425,0,1289,0,0
0.0,25.6575,0,1289,0,0
0.0,25.6425,0,1290,0,0
0.0,25.6425,0,1290,0,0
0.0,25.6425,0,1291,0,0
0.0,25.6575,0,1292,0,0
0.0,25.6425,0,1292,0,0
0.0,25.6425,0,1293,0,0
0.0,25.6425,0,1293,0,0
0.0,25.627499999999998,0,1294,0,0
0.0,25.6575,0,1294,0,0
0.0,25.6425,0,1295,0,0
0.0,25.6425,0,1296,0,0
0.0,25.6425,0,1296,0,0
0.0,25.61,0,1297,0,0
0.0,25.627499999999998,0,1297,0,0
0.0,25.627499999999998,0,1298,0,0
0.0,25.612499999999997,0,1298,0,0
0.0,25.612499999999997,0,1299,0,0
0.0,25.627499999999998,0,1299,0,0
0.0,25.627499999999998,0,1300,0,0
0.0,25.627499999999998,0,1300,0,0
0.0,25.625,0,1301,0,0
0.0,25.612499999999997,0,1301,0,0
0.0,25.627499999999998,0,1302,0,0
0.0,25.612499999999997,0,1302,0,0
0.0,25.612499999999997,0,1303,0,0
0.0,25.597499999999997,0,1303,0,0
0.0,25.612499999999997,0,1304,0,0
0.0,25.612499999999997,0,1304,0,0
0.0,25.597499999999997,0,1305,0,0
0.0,25.627499999999998,0,1305,0,0
0.0,25.612499999999997,0,1306,0,0
0.0,25.597499999999997,0,1306,0,0
0.0,25.612499999999997,0,1307,0,0
0.0,25.612499999999997,0,1307,0,0
0.0,25.58,0,1308,0,0
0.0,25.595,0,1308,0,0
0.0,25.612499999999997,0,1309,0,0
0.0,25.597499999999997,0,1309,0,0
0.0,25.597499999999997,0,1310,0,0
0.0,25.597499999999997,0,1310,0,0
0.0,25.612499999999997,0,1311,0,0
0.0,25.597499999999997,0,1311,0,0
0.0,25.597499999999997,0,1312,0,0
0.0,25.597499999999997,0,1312,0,0
0.0,25.58,0,1313,0,0
0.0,25.58,0,1313,0,0
0.0,25.565,0,1314,0,0
0.0,25.58,0,1314,0,0
0.0,25.58,0,1315,0,0
0.0,25.597499999999997,0,1315,0,0
0.0,25.58,0,1316,0,0
0.0,25.58,0,1317,0,0
0.0,25.565,0,1317,0,0
0.0,25.58,0,1318,0,0
0.0,25.58,0,1318,0,0
0.0,25.5825,0,1319,0,0
0.0,25.565,0,1319,0,0
0.0,25.58,0,1320,0,0
0.0,25.58,0,1320,0,0
0.0,25.565,0,1321,0,0
0.0,25.58,0,1321,0,0
0.0,25.565,0,1322,0,0
0.0,25.597499999999997,0,1322,0,0
0.0,25.564999999999998,0,1323,0,0
0.0,25.58,0,1323,0,0
0.0,25.5475,0,1324,0,0
0.0,25.5625,0,1324,0,0
0.0,25.58,0,1325,0,0
0.0,25.564999999999998,0,1325,0,0
0.0,25.565,0,1326,0,0
0.0,25.5825,0,1326,0,0
0.0,25.597499999999997,0,1327,0,0
0.0,25.595,0,1327,0,0
0.0,25.58,0,1328,0,0
0.0,25.5475,0,1328,0,0
0.0,25.58,0,1329,0,0
0.0,25.564999999999998,0,1329,0,0
0.0,25.58,0,1330,0,0
0.0,25.5825,0,1330,0,0
0.0,25.58,0,1331,0,0
0.0,25.58,0,1331,0,0
0.0,25.564999999999998,0,1332,0,0
0.0,25.5475,0,1332,0,0
0.0,25.564999999999998,0,1333,0,0
0.0,25.5475,0,1333,0,0
0.0,25.565,0,1334,0,0
0.0,25.5475,0,1334,0,0
0.0,25.53,0,1335,0,0
0.0,25.53,0,1335,0,0
0.0,25.5475,0,1336,0,0
0.0,25.5475,0,1336,0,0
0.0,25.5475,0,1337,0,0
0.0,25.564999999999998,0,1337,0,0
0.0,25.53,0,1338,0,0
0.0,25.53,0,1338,0,0
0.0,25.53,0,1339,0,0
0.0,25.53,0,1339,0,0
0.0,25.515,0,1340,0,0
0.0,25.515,0,1341,0,0
0.0,25.564999999999998,0,1341,0,0
0.0,25.5475,0,1342,0,0
0.0,25.53,0,1342,0,0
0.0,25.53,0,1343,0,0
0.0,25.5325,0,1343,0,0
0.0,25.5475,0,1344,0,0
0.0,25.5325,0,1344,0,0
0.0,25.5325,0,1345,0,0
0.0,25.53,0,1345,0,0
0.0,25.5325,0,1346,0,0
0.0,25.515,0,1346,0,0
0.0,25.5325,0,1347,0,0
0.0,25.5625,0,1347,0,0
0.0,25.515,0,1348,0,0
0.0,25.5175,0,1348,0,0
0.0,25.515,0,1349,0,0
0.0,25.515,0,1349,0,0
0.0,25.515,0,1350,0,0
0.0,25.5325,0,1350,0,0
0.0,25.5325,0,1351,0,0
0.0,25.5175,0,1351,0,0
0.0,25.5175,0,1352,0,0
0.0,25.5175,0,1353,0,0
0.0,25.5,0,1353,0,0
0.0,25.5325,0,1354,0,0
0.0,25.5325,0,1354,0,0
0.0,25.5175,0,1355,0,0
0.0,25.5175,0,1355,0,0
0.0,25.515,0,1356,0,0
0.0,25.5,0,1356,0,0
0.0,25.515,0,1357,0,0
0.0,25.515,0,1357,0,0
0.0,25.5,0,1358,0,0
0.0,25.5175,0,1358,0,0
0.0,25.5175,0,1359,0,0
0.0,25.502499999999998,0,1359,0,0
0.0,25.5175,0,1360,0,0
0.0,25.5325,0,1360,0,0
0.0,25.5,0,1361,0,0
0.0,25.5,0,1361,0,0
0.0,25.502499999999998,0,1362,0,0
0.0,25.5325,0,1362,0,0
0.0,25.5325,0,1363,0,0
0.0,25.5175,0,1363,0,0
0.0,25.5,0,1364,0,0
0.0,25.5175,0,1365,0,0
0.0,25.485,0,1365,0,0
0.0,25.5,0,1366,0,0
0.0,25.5,0,1366,0,0
0.0,25.485,0,1367,0,0
0.0,25.502499999999998,0,1367,0,0
0.0,25.502499999999998,0,1368,0,0
0.0,25.5175,0,1368,0,0
0.0,25.502499999999998,0,1369,0,0
0.0,25.485,0,1369,0,0
0.0,25.485,0,1370,0,0
0.0,25.485,0,1370,0,0
0.0,25.4675,0,1371,0,0
0.0,25.502499999999998,0,1371,0,0
0.0,25.5,0,1372,0,0
0.0,25.502499999999998,0,1372,0,0
0.0,25.502499999999998,0,1373,0,0
0.0,25.502499999999998,0,1373,0,0
0.0,25.4675,0,1374,0,0
0.0,25.4675,0,1374,0,0
0.0,25.4675,0,1375,0,0
0.0,25.4675,0,1375,0,0
0.0,25.4675,0,1376,0,0
0.0,25.4675,0,1376,0,0
0.0,25.47,0,1377,0,0
0.0,25.4675,0,1377,0,0
0.0,25.4675,0,1378,0,0
0.0,25.47,0,1378,0,0
0.0,25.485,0,1379,0,0
0.0,25.485,0,1379,0,0
0.0,25.485,0,1380,0,0
0.0,25.485,0,1380,0,0
0.0,25.4675,0,1381,0,0
0.0,25.485,0,1381,0,0
0.0,25.485,0,1382,0,0
0.0,25.47,0,1382,0,0
0.0,25.4525,0,1383,0,0
0.0,25.4675,0,1383,0,0
0.0,25.4675,0,1384,0,0
0.0,25.47,0,1384,0,0
0.0,25.485,0,1385,0,0
0.0,25.485,0,1385,0,0
0.0,25.4675,0,1386,0,0
0.0,25.4675,0,1386,0,0
0.0,25.47,0,1387,0,0
0.0,25.4675,0,1387,0,0
0.0,25.4675,0,1388,0,0
0.0,25.485,0,1389,0,0
0.0,25.4675,0,1389,0,0
0.0,25.4675,0,1390,0,0
0.0,25.485,0,1390,0,0
0.0,25.4675,0,1391,0,0
0.0,25.47,0,1391,0,0
0.0,25.4525,0,1392,0,0
0.0,25.4525,0,1392,0,0
0.0,25.4675,0,1393,0,0
0.0,25.4525,0,1393,0,0
0.0,25.4525,0,1394,0,0
0.0,25.4375,0,1394,0,0
0.0,25.4525,0,1395,0,0
0.0,25.4375,0,1395,0,0
0.0,25.4375,0,1396,0,0
0.0,25.4525,0,1396,0,0
0.0,25.4525,0,1397,0,0
0.0,25.4675,0,1397,0,0
0.0,25.4375,0,1398,0,0
0.0,25.4375,0,1398,0,0
0.0,25.4375,0,1399,0,0
0.0,25.4075,0,1399,0,0
0.0,25.4225,0,1400,0,0
0.0,25.4075,0,1400,0,0
0.0,25.4225,0,1401,0,0
0.0,25.4375,0,1401,0,0
0.0,25.4075,0,1402,0,0
0.0,25.4075,0,1402,0,0
0.0,25.4225,0,1403,0,0
0.0,25.4075,0,1403,0,0
0.0,25.3925,0,1404,0,0
0.0,25.3925,0,1404,0,0
0.0,25.4375,0,1405,0,0
0.0,25.3925,0,1405,0,0
0.0,25.4075,0,1406,0,0
0.0,25.4225,0,1406,0,0
0.0,25.4225,0,1407,0,0
0.0,25.4075,0,1407,0,0
0.0,25.4225,0,1408,0,0
0.0,25.4225,0,1409,0,0
0.0,25.4375,0,1409,0,0
0.0,25.4375,0,1410,0,0
0.0,25.4225,0,1410,0,0
0.0,25.4225,0,1411,0,0
0.0,25.4225,0,1411,0,0
0.0,25.4375,0,1412,0,0
0.0,25.4375,0,1413,0,0
0.0,25.4225,0,1413,0,0
0.0,25.4225,0,1414,0,0
0.0,25.4375,0,1414,0,0
0.0,25.4225,0,1415,0,0
0.0,25.4225,0,1415,0,0
0.0,25.4225,0,1416,0,0
0.0,25.4225,0,1416,0,0
0.0,25.4225,0,1417,0,0
0.0,25.455,0,1417,0,0
0.0,25.4225,0,1418,0,0
0.0,25.4225,0,1418,0,0
0.0,25.4225,0,1419,0,0
0.0,25.4225,0,1419,0,0
0.0,25.4225,0,1420,0,0
0.0,25.4225,0,1420,0,0
0.0,25.4075,0,1421,0,0
0.0,25.4075,0,1421,0,0
0.0,25.4075,0,1422,0,0
0.0,25.4075,0,1422,0,0
0.0,25.4075,0,1423,0,0
0.0,25.4075,0,1423,0,0
0.0,25.4075,0,1424,0,0
0.0,25.4225,0,1424,0,0
0.0,25.4225,0,1425,0,0
0.0,25.4075,0,1425,0,0
0.0,25.3925,0,1426,0,0
0.0,25.3925,0,1426,0,0
0.0,25.3925,0,1427,0,0
0.0,25.3925,0,1427,0,0
0.0,25.4075,0,1428,0,0
0.0,25.4225,0,1428,0,0
0.0,25.4225,0,1429,0,0
0.0,25.4225,0,1429,0,0
0.0,25.4075,0,1430,0,0
0.0,25.4225,0,1430,0,0
0.0,25.4075,0,1431,0,0
0.0,25.4225,0,1431,0,0
0.0,25.4075,0,1432,0,0
0.0,25.4075,0,1432,0,0
0.0,25.4075,0,1433,0,0
0.0,25.4075,0,1433,0,0
0.0,25.4075,0,1434,0,0
0.0,25.4075,0,1434,0,0
0.0,25.4225,0,1435,0,0
0.0,25.392500000000002,0,1435,0,0
0.0,25.3925,0,1436,0,0
0.0,25.4075,0,1437,0,0
0.0,25.4075,0,1437,0,0
0.0,25.3925,0,1438,0,0
0.0,25.392500000000002,0,1438,0,0
0.0,25.4225,0,1439,0,0
0.0,25.407500000000002,0,1439,0,0
0.0,25.407500000000002,0,0,0,0
0.0,25.4075,0,1,0,0
0.0,25.4075,0,1,0,0
0.0,25.4075,0,2,0,0
0.0,25.4075,0,2,0,0
0.0,25.4075,0,3,0,0
0.0,25.3925,0,3,0,0
0.0,25.3925,0,4,0,0
0.0,25.4075,0,4,0,0
0.0,25.3775,0,5,0,0
0.0,25.4075,0,5,0,0
0.0,25.4225,0,6,0,0
0.0,25.3925,0,6,0,0
0.0,25.377499999999998,0,7,0,0
0.0,25.3925,0,7,0,0
0.0,25.4075,0,8,0,0
0.0,25.3925,0,8,0,0
0.0,25.3775,0,9,0,0
0.0,25.392500000000002,0,9,0,0
0.0,25.3775,0,10,0,0
0.0,25.3925,0,10,0,0
0.0,25.3775,0,11,0,0
0.0,25.392500000000002,0,11,0,0
0.0,25.3775,0,12,0,0
0.0,25.3775,0,12,0,0
0.0,25.3925,0,13,0,0
0.0,25.407500000000002,0,13,0,0
0.0,25.3775,0,14,0,0
0.0,25.3775,0,14,0,0
0.0,25.392500000000002,0,15,0,0
0.0,25.3775,0,15,0,0
0.0,25.407500000000002,0,16,0,0
0.0,25.409999999999997,0,16,0,0
0.0,25.409999999999997,0,17,0,0
0.0,25.3925,0,17,0,0
0.0,25.3775,0,18,0,0
0.0,25.392500000000002,0,18,0,0
0.0,25.3625,0,19,0,0
0.0,25.3625,0,19,0,0
0.0,25.3775,0,20,0,0
0.0,25.3775,0,21,0,0
0.0,25.3775,0,21,0,0
0.0,25.3775,0,22,0,0
0.0,25.3625,0,22,0,0
0.0,25.3625,0,23,0,0
0.0,25.3775,0,23,0,0
0.0,25.3625,0,24,0,0
0.0,25.3625,0,25,0,0
0.0,25.3775,0,25,0,0
0.0,25.3475,0,26,0,0
0.0,25.3625,0,26,0,0
0.0,25.3625,0,27,0,0
0.0,25.3475,0,27,0,0
0.0,25.3625,0,28,0,0
0.0,25.3475,0,28,0,0
0.0,25.3475,0,29,0,0
0.0,25.3475,0,29,0,0
0.0,25.3475,0,30,0,0
0.0,25.3475,0,30,0,0
0.0,25.3325,0,31,0,0
0.0,25.3475,0,31,0,0
0.0,25.3625,0,32,0,0
0.0,25.3625,0,32,0,0
0.0,25.3625,0,33,0,0
0.0,25.3775,0,33,0,0
0.0,25.3475,0,34,0,0
0.0,25.3475,0,34,0,0
0.0,25.3475,0,35,0,0
0.0,25.3625,0,35,0,0
0.0,25.3475,0,36,0,0
0.0,25.3475,0,36,0,0
0.0,25.3475,0,37,0,0
0.0,25.314999999999998,0,37,0,0
0.0,25.3475,0,38,0,0
0.0,25.3475,0,38,0,0
0.0,25.3325,0,39,0,0
0.0,25.3325,0,39,0,0
0.0,25.3175,0,40,0,0
0.0,25.3625,0,41,0,0
0.0,25.3625,0,41,0,0
0.0,25.345,0,42,0,0
0.0,25.3775,0,42,0,0
0.0,25.3625,0,43,0,0
0.0,25.3775,0,43,0,0
0.0,25.3625,0,44,0,0
0.0,25.3625,0,45,0,0
0.0,25.3625,0,45,0,0
0.0,25.3475,0,46,0,0
0.0,25.3475,0,46,0,0
0.0,25.3625,0,47,0,0
0.0,25.3625,0,47,0,0
0.0,25.3625,0,48,0,0
0.0,25.3475,0,48,0,0
0.0,25.3325,0,49,0,0
0.0,25.3625,0,49,0,0
0.0,25.33,0,50,0,0
0.0,25.345,0,50,0,0
0.0,25.33,0,51,0,0
0.0,25.36,0,51,0,0
0.0,25.3625,0,52,0,0
0.0,25.3625,0,52,0,0
0.0,25.3625,0,53,0,0
0.0,25.3475,0,53,0,0
0.0,25.3475,0,54,0,0
0.0,25.3625,0,54,0,0
0.0,25.3775,0,55,0,0
0.0,25.3475,0,55,0,0
0.0,25.3475,0,56,0,0
0.0,25.3625,0,56,0,0
0.0,25.3625,0,57,0,0
0.0,25.3475,0,57,0,0
0.0,25.3775,0,58,0,0
0.0,25.3625,0,58,0,0
0.0,25.36,0,59,0,0
0.0,25.33,0,59,0,0
0.0,25.3475,0,60,0,0
0.0,25.3625,0,60,0,0
0.0,25.33,0,61,0,0
0.0,25.3625,0,61,0,0
0.0,25.3275,0,62,0,0
0.0,25.33,0,62,0,0
0.0,25.33,0,63,0,0
0.0,25.3475,0,63,0,0
0.0,25.3475,0,64,0,0
0.0,25.33,0,64,0,0
0.0,25.33,0,65,0,0
0.0,25.3475,0,65,0,0
0.0,25.33,0,66,0,0
0.0,25.345,0,66,0,0
0.0,25.3475,0,67,0,0
0.0,25.3625,0,67,0,0
0.0,25.33,0,68,0,0
0.0,25.33,0,68,0,0
0.0,25.33,0,69,0,0
0.0,25.33,0,70,0,0
0.0,25.33,0,70,0,0
0.0,25.33,0,71,0,0
0.0,25.3475,0,71,0,0
0.0,25.3125,0,72,0,0
0.0,25.38,0,72,0,0
0.0,25.3625,0,73,0,0
0.0,25.33,0,73,0,0
0.0,25.33,0,74,0,0
0.0,25.3475,0,74,0,0
0.0,25.345,0,75,0,0
0.0,25.3625,0,75,0,0
0.0,25.3475,0,76,0,0
0.0,25.3475,0,76,0,0
0.0,25.33,0,77,0,0
0.0,25.33,0,77,0,0
0.0,25.33,0,78,0,0
0.0,25.3125,0,78,0,0
0.0,25.33,0,79,0,0
0.0,25.3125,0,79,0,0
0.0,25.3125,0,80,0,0
0.0,25.3125,0,81,0,0
0.0,25.3125,0,81,0,0
0.0,25.314999999999998,0,82,0,0
0.0,25.2975,0,82,0,0
0.0,25.3475,0,83,0,0
0.0,25.33,0,83,0,0
0.0,25.314999999999998,0,84,0,0
0.0,25.345,0,84,0,0
0.0,25.33,0,85,0,0
0.0,25.3125,0,85,0,0
0.0,25.3125,0,86,0,0
0.0,25.3125,0,86,0,0
0.0,25.314999999999998,0,87,0,0
0.0,25.2975,0,87,0,0
0.0,25.3125,0,88,0,0
0.0,25.279999999999998,0,88,0,0
0.0,25.2975,0,89,0,0
0.0,25.3125,0,89,0,0
0.0,25.3125,0,90,0,0
0.0,25.3125,0,90,0,0
0.0,25.3125,0,91,0,0
0.0,25.3125,0,91,0,0
0.0,25.3125,0,92,0,0
0.0,25.3125,0,92,0,0
0.0,25.3275,0,93,0,0
0.0,25.31,0,94,0,0
0.0,25.294999999999998,0,94,0,0
0.0,25.294999999999998,0,95,0,0
0.0,25.294999999999998,0,95,0,0
0.0,25.3125,0,96,0,0
0.0,25.3125,0,96,0,0
0.0,25.294999999999998,0,97,0,0
0.0,25.3125,0,97,0,0
0.0,25.3125,0,98,0,0
0.0,25.3125,0,98,0,0
0.0,25.2975,0,99,0,0
0.0,25.31,0,99,0,0
0.0,25.294999999999998,0,100,0,0
0.0,25.294999999999998,0,100,0,0
0.0,25.3125,0,101,0,0
0.0,25.3125,0,101,0,0
0.0,25.3125,0,102,0,0
0.0,25.33,0,102,0,0
0.0,25.294999999999998,0,103,0,0
0.0,25.279999999999998,0,103,0,0
0.0,25.31,0,104,0,0
0.0,25.3125,0,104,0,0
0.0,25.3125,0,105,0,0
0.0,25.3125,0,105,0,0
0.0,25.279999999999998,0,106,0,0
0.0,25.3125,0,106,0,0
0.0,25.2975,0,107,0,0
0.0,25.3125,0,107,0,0
0.0,25.314999999999998,0,108,0,0
0.0,25.2975,0,108,0,0
0.0,25.33,0,109,0,0
0.0,25.2975,0,109,0,0
0.0,25.2975,0,110,0,0
0.0,25.294999999999998,0,110,0,0
0.0,25.3125,0,111,0,0
0.0,25.294999999999998,0,111,0,0
0.0,25.279999999999998,0,112,0,0
0.0,25.2975,0,112,0,0
0.0,25.2975,0,113,0,0
0.0,25.2975,0,113,0,0
0.0,25.2975,0,114,0,0
0.0,25.279999999999998,0,114,0,0
0.0,25.2975,0,115,0,0
0.0,25.2975,0,115,0,0
0.0,25.31,0,116,0,0
0.0,25.3125,0,116,0,0
0.0,25.294999999999998,0,117,0,0
0.0,25.279999999999998,0,118,0,0
0.0,25.279999999999998,0,118,0,0
0.0,25.279999999999998,0,119,0,0
0.0,25.294999999999998,0,119,0,0
0.0,25.2975,0,120,0,0
0.0,25.2975,0,120,0,0
0.0,25.294999999999998,0,121,0,0
0.0,25.279999999999998,0,121,0,0
0.0,25.279999999999998,0,122,0,0
0.0,25.279999999999998,0,123,0,0
0.0,25.279999999999998,0,123,0,0
0.0,25.279999999999998,0,124,0,0
0.0,25.279999999999998,0,124,0,0
0.0,25.265,0,125,0,0
0.0,25.294999999999998,0,125,0,0
0.0,25.279999999999998,0,126,0,0
0.0,25.279999999999998,0,126,0,0
0.0,25.294999999999998,0,127,0,0
0.0,25.279999999999998,0,127,0,0
0.0,25.279999999999998,0,128,0,0
0.0,25.294999999999998,0,128,0,0
0.0,25.294999999999998,0,129,0,0
0.0,25.294999999999998,0,129,0,0
0.0,25.279999999999998,0,130,0,0
0.0,25.279999999999998,0,130,0,0
0.0,25.279999999999998,0,131,0,0
0.0,25.279999999999998,0,131,0,0
0.0,25.279999999999998,0,132,0,0
0.0,25.294999999999998,0,132,0,0
0.0,25.279999999999998,0,133,0,0
0.0,25.279999999999998,0,133,0,0
0.0,25.279999999999998,0,134,0,0
0.0,25.279999999999998,0,134,0,0
0.0,25.279999999999998,0,135,0,0
0.0,25.279999999999998,0,135,0,0
0.0,25.31,0,136,0,0
0.0,25.279999999999998,0,136,0,0
0.0,25.294999999999998,0,137,0,0
0.0,25.265,0,138,0,0
0.0,25.279999999999998,0,138,0,0
0.0,25.279999999999998,0,139,0,0
0.0,25.264999999999997,0,139,0,0
0.0,25.279999999999998,0,140,0,0
0.0,25.279999999999998,0,140,0,0
0.0,25.25,0,141,0,0
0.0,25.264999999999997,0,142,0,0
0.0,25.279999999999998,0,142,0,0
0.0,25.265,0,143,0,0
0.0,25.279999999999998,0,143,0,0
0.0,25.279999999999998,0,144,0,0
0.0,25.264999999999997,0,144,0,0
0.0,25.264999999999997,0,145,0,0
0.0,25.265,0,145,0,0
0.0,25.279999999999998,0,146,0,0
0.0,25.279999999999998,0,146,0,0
0.0,25.265,0,147,0,0
0.0,25.265,0,147,0,0
0.0,25.264999999999997,0,148,0,0
0.0,25.279999999999998,0,148,0,0
0.0,25.265,0,149,0,0
0.0,25.279999999999998,0,149,0,0
0.0,25.279999999999998,0,150,0,0
0.0,25.279999999999998,0,150,0,0
0.0,25.265,0,151,0,0
0.0,25.279999999999998,0,151,0,0
0.0,25.265,0,152,0,0
0.0,25.279999999999998,0,152,0,0
0.0,25.25,0,153,0,0
0.0,25.25,0,153,0,0
0.0,25.279999999999998,0,154,0,0
0.0,25.235,0,154,0,0
0.0,25.25,0,155,0,0
0.0,25.265,0,155,0,0
0.0,25.265,0,156,0,0
0.0,25.265,0,156,0,0
0.0,25.25,0,157,0,0
0.0,25.25,0,157,0,0
0.0,25.25,0,158,0,0
0.0,25.279999999999998,0,158,0,0
0.0,25.265,0,159,0,0
0.0,25.25,0,159,0,0
0.0,25.25,0,160,0,0
0.0,25.235,0,160,0,0
0.0,25.235,0,161,0,0
0.0,25.265,0,161,0,0
0.0,25.235,0,162,0,0
0.0,25.235,0,162,0,0
0.0,25.25,0,163,0,0
0.0,25.25,0,163,0,0
0.0,25.235,0,164,0,0
0.0,25.25,0,164,0,0
0.0,25.235,0,165,0,0
0.0,25.265,0,166,0,0
0.0,25.264999999999997,0,166,0,0
0.0,25.235,0,167,0,0
0.0,25.235,0,167,0,0
0.0,25.235,0,168,0,0
0.0,25.235,0,168,0,0
0.0,25.235,0,169,0,0
0.0,25.22,0,169,0,0
0.0,25.25,0,170,0,0
0.0,25.25,0,170,0,0
0.0,25.25,0,171,0,0
0.0,25.25,0,171,0,0
0.0,25.25,0,172,0,0
0.0,25.235,0,172,0,0
0.0,25.235,0,173,0,0
0.0,25.22,0,173,0,0
0.0,25.22,0,174,0,0
0.0,25.22,0,174,0,0
0.0,25.22,0,175,0,0
0.0,25.22,0,175,0,0
0.0,25.22,0,176,0,0
0.0,25.2025,0,176,0,0
0.0,25.235,0,177,0,0
0.0,25.25,0,177,0,0
0.0,25.25,0,178,0,0
0.0,25.22,0,178,0,0
0.0,25.22,0,179,0,0
0.0,25.22,0,179,0,0
0.0,25.235,0,180,0,0
0.0,25.22,0,180,0,0
0.0,25.235,0,181,0,0
0.0,25.22,0,181,0,0
0.0,25.235,0,182,0,0
0.0,25.22,0,182,0,0
0.0,25.235,0,183,0,0
0.0,25.22,0,183,0,0
0.0,25.22,0,184,0,0
0.0,25.22,0,184,0,0
0.0,25.22,0,185,0,0
0.0,25.22,0,185,0,0
0.0,25.22,0,186,0,0
0.0,25.235,0,186,0,0
0.0,25.235,0,187,0,0
0.0,25.22,0,187,0,0
0.0,25.22,0,188,0,0
0.0,25.22,0,188,0,0
0.0,25.22,0,189,0,0
0.0,25.22,0,190,0,0
0.0,25.22,0,190,0,0
0.0,25.22,0,191,0,0
0.0,25.22,0,191,0,0
0.0,25.22,0,192,0,0
0.0,25.205,0,192,0,0
0.0,25.2025,0,193,0,0
0.0,25.2025,0,194,0,0
0.0,25.2025,0,194,0,0
0.0,25.1875,0,195,0,0
0.0,25.22,0,195,0,0
0.0,25.22,0,196,0,0
0.0,25.2025,0,196,0,0
0.0,25.2025,0,197,0,0
0.0,25.2025,0,197,0,0
0.0,25.22,0,198,0,0
0.0,25.22,0,198,0,0
0.0,25.205,0,199,0,0
0.0,25.22,0,199,0,0
0.0,25.205,0,200,0,0
0.0,25.205,0,200,0,0
0.0,25.22,0,201,0,0
0.0,25.205,0,201,0,0
0.0,25.1725,0,202,0,0
0.0,25.1875,0,202,0,0
0.0,25.1725,0,203,0,0
0.0,25.1725,0,203,0,0
0.0,25.22,0,204,0,0
0.0,25.1875,0,204,0,0
0.0,25.22,0,205,0,0
0.0,25.2025,0,205,0,0
0.0,25.2025,0,206,0,0
0.0,25.2025,0,206,0,0
0.0,25.1575,0,207,0,0
0.0,25.2025,0,207,0,0
0.0,25.1575,0,208,0,0
0.0,25.1725,0,208,0,0
0.0,25.1875,0,209,0,0
0.0,25.1575,0,209,0,0
0.0,25.2025,0,210,0,0
0.0,25.2025,0,210,0,0
0.0,25.1875,0,211,0,0
0.0,25.157500000000002,0,211,0,0
0.0,25.1725,0,212,0,0
0.0,25.1875,0,212,0,0
0.0,25.205,0,213,0,0
0.0,25.205,0,214,0,0
0.0,25.1875,0,214,0,0
0.0,25.1875,0,215,0,0
0.0,25.1875,0,215,0,0
0.0,25.1725,0,216,0,0
0.0,25.1725,0,216,0,0
0.0,25.1725,0,217,0,0
0.0,25.1875,0,217,0,0
0.0,25.1725,0,218,0,0
0.0,25.1725,0,218,0,0
0.0,25.1575,0,219,0,0
0.0,25.1575,0,219,0,0
0.0,25.1575,0,220,0,0
0.0,25.1575,0,220,0,0
0.0,25.1875,0,221,0,0
0.0,25.1725,0,221,0,0
0.0,25.1725,0,222,0,0
0.0,25.1875,0,222,0,0
0.0,25.157500000000002,0,223,0,0
0.0,25.1575,0,223,0,0
0.0,25.1725,0,224,0,0
0.0,25.1725,0,224,0,0
0.0,25.1725,0,225,0,0
0.0,25.1725,0,225,0,0
0.0,25.1725,0,226,0,0
0.0,25.1725,0,226,0,0
0.0,25.142500000000002,0,227,0,0
0.0,25.157500000000002,0,227,0,0
0.0,25.1575,0,228,0,0
0.0,25.1575,0,228,0,0
0.0,25.1725,0,229,0,0
0.0,25.142500000000002,0,229,0,0
0.0,25.142500000000002,0,230,0,0
0.0,25.157500000000002,0,230,0,0
0.0,25.157500000000002,0,231,0,0
0.0,25.1575,0,231,0,0
0.0,25.142500000000002,0,232,0,0
0.0,25.157500000000002,0,232,0,0
0.0,25.1725,0,233,0,0
0.0,25.142500000000002,0,233,0,0
0.0,25.1725,0,234,0,0
0.0,25.157500000000002,0,234,0,0
0.0,25.142500000000002,0,235,0,0
0.0,25.157500000000002,0,235,0,0
0.0,25.157500000000002,0,236,0,0
0.0,25.1725,0,236,0,0
0.0,25.1725,0,237,0,0
0.0,25.142500000000002,0,238,0,0
0.0,25.142500000000002,0,238,0,0
0.0,25.142500000000002,0,239,0,0
0.0,25.157500000000002,0,239,0,0
0.0,25.1725,0,240,0,0
0.0,25.1725,0,240,0,0
0.0,25.157500000000002,0,241,0,0
0.0,25.157500000000002,0,241,0,0
0.0,25.157500000000002,0,242,0,0
0.0,25.157500000000002,0,242,0,0
0.0,25.157500000000002,0,243,0,0
0.0,25.157500000000002,0,243,0,0
0.0,25.157500000000002,0,244,0,0
0.0,25.16,0,244,0,0
0.0,25.157500000000002,0,245,0,0
0.0,25.157500000000002,0,245,0,0
0.0,25.142500000000002,0,246,0,0
0.0,25.142500000000002,0,246,0,0
0.0,25.157500000000002,0,247,0,0
0.0,25.142500000000002,0,247,0,0
0.0,25.142500000000002,0,248,0,0
0.0,25.157500000000002,0,248,0,0
0.0,25.157500000000002,0,249,0,0
0.0,25.157500000000002,0,249,0,0
0.0,25.157500000000002,0,250,0,0
0.0,25.142500000000002,0,251,0,0
0.0,25.142500000000002,0,251,0,0
0.0,25.142500000000002,0,252,0,0
0.0,25.142500000000002,0,252,0,0
0.0,25.157500000000002,0,253,0,0
0.0,25.157500000000002,0,253,0,0
0.0,25.175,0,254,0,0
0.0,25.157500000000002,0,254,0,0
0.0,25.142500000000002,0,255,0,0
0.0,25.1425,0,255,0,0
0.0,25.1425,0,256,0,0
0.0,25.1275,0,256,0,0
0.0,25.157500000000002,0,257,0,0
0.0,25.157500000000002,0,257,0,0
0.0,25.157500000000002,0,258,0,0
0.0,25.1275,0,258,0,0
0.0,25.1275,0,259,0,0
0.0,25.142500000000002,0,259,0,0
0.0,25.142500000000002,0,260,0,0
0.0,25.142500000000002,0,260,0,0
0.0,25.142500000000002,0,261,0,0
0.0,25.142500000000002,0,261,0,0
0.0,25.157500000000002,0,262,0,0
0.0,25.157500000000002,0,263,0,0
0.0,25.1275,0,263,0,0
0.0,25.1275,0,264,0,0
0.0,25.142500000000002,0,264,0,0
0.0,25.142500000000002,0,265,0,0
0.0,25.1125,0,265,0,0
0.0,25.1125,0,266,0,0
0.0,25.1125,0,266,0,0
0.0,25.1275,0,267,0,0
0.0,25.1275,0,267,0,0
0.0,25.1275,0,268,0,0
0.0,25.1275,0,268,0,0
0.0,25.1275,0,269,0,0
0.0,25.1125,0,269,0,0
0.0,25.1125,0,270,0,0
0.0,25.1125,0,270,0,0
0.0,25.1125,0,271,0,0
0.0,25.1125,0,271,0,0
0.0,25.1125,0,272,0,0
0.0,25.1125,0,272,0,0
0.0,25.1125,0,273,0,0
0.0,25.1125,0,273,0,0
0.0,25.1125,0,274,0,0
0.0,25.1125,0,274,0,0
0.0,25.1275,0,275,0,0
0.0,25.1125,0,275,0,0
0.0,25.1125,0,276,0,0
0.0,25.095,0,276,0,0
0.0,25.1125,0,277,0,0
0.0,25.1125,0,277,0,0
0.0,25.1125,0,278,0,0
0.0,25.1125,0,278,0,0
0.0,25.1125,0,279,0,0
0.0,25.0975,0,279,0,0
0.0,25.1125,0,280,0,0
0.0,25.1275,0,280,0,0
0.0,25.1125,0,281,0,0
0.0,25.1125,0,281,0,0
0.0,25.1125,0,282,0,0
0.0,25.1125,0,282,0,0
0.0,25.1125,0,283,0,0
0.0,25.1275,0,283,0,0
0.0,25.1125,0,284,0,0
0.0,25.1275,0,284,0,0
0.0,25.1125,0,285,0,0
0.0,25.0975,0,285,0,0
0.0,25.1125,0,286,0,0
0.0,25.1125,0,287,0,0
0.0,25.1125,0,287,0,0
0.0,25.1275,0,288,0,0
0.0,25.1125,0,288,0,0
0.0,25.1125,0,289,0,0
0.0,25.1125,0,289,0,0
0.0,25.1125,0,290,0,0
0.0,25.1275,0,290,0,0
0.0,25.095,0,291,0,0
0.0,25.1275,0,291,0,0
0.0,25.1275,0,292,0,0
0.0,25.1275,0,292,0,0
0.0,25.1275,0,293,0,0
0.0,25.1275,0,293,0,0
0.0,25.0975,0,294,0,0
0.0,25.0975,0,294,0,0
0.0,25.1125,0,295,0,0
0.0,25.08,0,295,0,0
0.0,25.0975,0,296,0,0
0.0,25.1125,0,296,0,0
0.0,25.095,0,297,0,0
0.0,25.1125,0,297,0,0
0.0,25.0975,0,298,0,0
0.0,25.1125,0,298,0,0
0.0,25.1125,0,299,0,0
0.0,25.0975,0,299,0,0
0.0,25.1125,0,300,0,0
0.0,25.0975,0,300,0,0
0.0,25.08,0,301,0,0
0.0,25.08,0,301,0,0
0.0,25.064999999999998,0,302,0,0
0.0,25.11,0,302,0,0
0.0,25.08,0,303,0,0
0.0,25.08,0,303,0,0
0.0,25.095,0,304,0,0
0.0,25.095,0,304,0,0
0.0,25.095,0,305,0,0
0.0,25.095,0,305,0,0
0.0,25.095,0,306,0,0
0.0,25.1125,0,306,0,0
0.0,25.095,0,307,0,0
0.0,25.0975,0,307,0,0
0.0,25.1275,0,308,0,0
0.0,25.08,0,309,0,0
0.0,25.08,0,309,0,0
0.0,25.0975,0,310,0,0
0.0,25.095,0,311,0,0
0.0,25.08,0,311,0,0
0.0,25.095,0,312,0,0
0.0,25.08,0,312,0,0
0.0,25.095,0,313,0,0
0.0,25.0975,0,313,0,0
0.0,25.095,0,314,0,0
0.0,25.11,0,314,0,0
0.0,25.08,0,315,0,0
0.0,25.0975,0,315,0,0
0.0,25.0825,0,316,0,0
0.0,25.0825,0,316,0,0
0.0,25.08,0,317,0,0
0.0,25.064999999999998,0,317,0,0
0.0,25.08,0,318,0,0
0.0,25.08,0,318,0,0
0.0,25.095,0,319,0,0
0.0,25.064999999999998,0,319,0,0
0.0,25.064999999999998,0,320,0,0
0.0,25.064999999999998,0,320,0,0
0.0,25.08,0,321,0,0
0.0,25.064999999999998,0,321,0,0
0.0,25.08,0,322,0,0
0.0,25.064999999999998,0,322,0,0
0.0,25.095,0,323,0,0
0.0,25.08,0,323,0,0
0.0,25.0975,0,324,0,0
0.0,25.064999999999998,0,324,0,0
0.0,25.064999999999998,0,325,0,0
0.0,25.064999999999998,0,325,0,0
0.0,25.064999999999998,0,326,0,0
0.0,25.095,0,326,0,0
0.0,25.08,0,327,0,0
0.0,25.0825,0,327,0,0
0.0,25.049999999999997,0,328,0,0
0.0,25.049999999999997,0,328,0,0
0.0,25.049999999999997,0,329,0,0
0.0,25.049999999999997,0,329,0,0
0.0,25.0325,0,330,0,0
0.0,25.0175,0,330,0,0
0.0,25.0325,0,331,0,0
0.0,25.0325,0,331,0,0
0.0,25.0325,0,332,0,0
0.0,25.0325,0,332,0,0
0.0,25.0325,0,333,0,0
0.0,25.002499999999998,0,333,0,0
0.0,25.0325,0,334,0,0
0.0,25.0325,0,335,0,0
0.0,25.0175,0,335,0,0
0.0,25.0175,0,336,0,0
0.0,25.0325,0,336,0,0
0.0,25.0175,0,337,0,0
0.0,25.0175,0,337,0,0
0.0,25.002499999999998,0,338,0,0
0.0,25.0175,0,338,0,0
0.0,25.0325,0,339,0,0
0.0,25.034999999999997,0,339,0,0
0.0,25.0175,0,340,0,0
0.0,25.0175,0,340,0,0
0.0,25.0175,0,341,0,0
0.0,25.0325,0,341,0,0
0.0,25.0475,0,342,0,0
0.0,25.049999999999997,0,342,0,0
0.0,25.034999999999997,0,343,0,0
0.0,25.0175,0,343,0,0
0.0,25.0325,0,344,0,0
0.0,25.0325,0,344,0,0
0.0,25.0325,0,345,0,0
0.0,25.049999999999997,0,345,0,0
0.0,25.049999999999997,0,346,0,0
0.0,25.0325,0,346,0,0
0.0,25.0325,0,347,0,0
0.0,25.049999999999997,0,347,0,0
0.0,25.049999999999997,0,348,0,0
0.0,25.0325,0,348,0,0
0.0,25.0325,0,349,0,0
0.0,25.0325,0,349,0,0
0.0,25.0175,0,350,0,0
0.0,25.049999999999997,0,350,0,0
0.0,25.015,0,351,0,0
0.0,25.049999999999997,0,351,0,0
0.0,25.0175,0,352,0,0
0.0,25.0175,0,352,0,0
0.0,25.0175,0,353,0,0
0.0,25.0175,0,353,0,0
0.0,25.0175,0,354,0,0
0.0,25.034999999999997,0,354,0,0
0.0,25.0175,0,355,0,0
0.0,25.0175,0,355,0,0
0.0,25.0175,0,356,0,0
0.0,25.0325,0,356,0,0
0.0,25.002499999999998,0,357,0,0
0.0,25.002499999999998,0,357,0,0
0.0,25.0175,0,358,0,0
0.0,25.002499999999998,0,359,0,0
0.0,25.002499999999998,0,359,0,0
0.0,25.0175,0,360,0,0
0.0,25.0,0,360,0,0
0.0,25.0,0,361,0,0
0.0,24.982499999999998,0,361,0,0
0.0,25.0175,0,362,0,0
0.0,25.002499999999998,0,362,0,0
0.0,25.002499999999998,0,363,0,0
0.0,25.002499999999998,0,363,0,0
0.0,24.9675,0,364,0,0
0.0,25.002499999999998,0,364,0,0
0.0,24.985,0,365,0,0
0.0,24.985,0,366,0,0
0.0,24.9675,0,366,0,0
0.0,24.9525,0,367,0,0
0.0,24.985,0,367,0,0
0.0,24.97,0,368,0,0
0.0,24.985,0,368,0,0
0.0,25.0,0,369,0,0
0.0,25.0,0,369,0,0
0.0,24.955,0,370,0,0
0.0,24.955,0,370,0,0
0.0,24.985,0,371,0,0
0.0,24.985,0,371,0,0
0.0,24.97,0,372,0,0
0.0,24.97,0,372,0,0
0.0,24.955,0,373,0,0
0.0,24.955,0,373,0,0
0.0,24.9675,0,374,0,0
0.0,24.9525,0,374,0,0
0.0,24.97,0,375,0,0
0.0,24.97,0,375,0,0
0.0,24.955,0,376,0,0
0.0,24.9525,0,376,0,0
0.0,24.985,0,377,0,0
0.0,24.985,0,377,0,0
0.0,24.97,0,378,0,0
0.0,24.955,0,378,0,0
0.0,24.9225,0,379,0,0
0.0,24.9375,0,379,0,0
0.0,24.9225,0,380,0,0
0.0,24.9375,0,380,0,0
0.0,24.9525,0,381,0,0
0.0,24.9375,0,381,0,0
0.0,24.9675,0,382,0,0
0.0,24.9375,0,383,0,0
0.0,24.9375,0,383,0,0
0.0,24.9375,0,384,0,0
0.0,24.97,0,384,0,0
0.0,24.9525,0,385,0,0
0.0,24.9525,0,385,0,0
0.0,24.985,0,386,0,0
0.0,24.9675,0,386,0,0
0.0,24.9675,0,387,0,0
0.0,24.9825,0,387,0,0
0.0,24.9825,0,388,0,0
0.0,25.0,0,388,0,0
0.0,24.9825,0,389,0,0
0.0,24.9825,0,389,0,0
0.0,24.9825,0,390,0,0
0.0,24.9825,0,390,0,0
0.0,25.0,0,391,0,0
0.0,24.9675,0,391,0,0
0.0,24.9675,0,392,0,0
0.0,24.9675,0,392,0,0
0.0,24.9675,0,393,0,0
0.0,24.9675,0,393,0,0
0.0,24.9675,0,394,0,0
0.0,24.9675,0,394,0,0
0.0,24.9525,0,395,0,0
0.0,24.9525,0,395,0,0
0.0,24.9675,0,396,0,0
0.0,24.9675,0,396,0,0
0.0,24.985,0,397,0,0
0.0,24.985,0,397,0,0
0.0,24.9675,0,398,0,0
0.0,24.985,0,398,0,0
0.0,24.9675,0,399,0,0
0.0,24.985,0,399,0,0
0.0,25.0,0,400,0,0
0.0,24.9825,0,400,0,0
0.0,24.9675,0,401,0,0
0.0,24.9675,0,401,0,0
0.0,24.9675,0,402,0,0
0.0,24.985,0,402,0,0
0.0,24.9675,0,403,0,0
0.0,24.9675,0,403,0,0
0.0,24.9825,0,404,0,0
0.0,24.9675,0,404,0,0
0.0,24.9525,0,405,0,0
0.0,24.985,0,406,0,0
0.0,24.9675,0,407,0,0
0.0,24.9675,0,407,0,0
0.25,24.9675,0,408,0,0
0.25,24.9675,0,408,0,0
0.5,24.9675,0,409,0,0
0.5,24.9675,0,409,0,0
0.5,24.9675,0,410,0,0
0.5,24.9675,0,410,0,0
0.5,24.985,0,411,0,0
0.5,24.985,0,411,0,0
0.5,24.9675,0,412,0,0
0.5,24.9825,0,412,0,0
0.5,24.9675,0,413,0,0
0.5,24.9675,0,413,0,0
0.75,24.985,0,414,0,0
0.75,24.985,0,414,0,0
0.75,24.9675,0,415,0,0
0.75,24.9675,0,415,0,0
0.75,24.9675,0,416,0,0
1.0,24.9675,0,416,0,0
1.0,24.985,0,417,0,0
1.0,24.9675,0,417,0,0
1.25,24.9675,0,418,0,0
1.25,24.985,0,418,0,0
1.25,25.0,0,419,0,0
1.25,24.985,0,419,0,0
1.25,24.9525,0,420,0,0
1.25,24.97,0,420,0,0
1.25,24.985,0,421,0,0
1.25,24.985,0,421,0,0
1.5,24.985,0,422,0,0
1.75,24.985,0,423,0,0
1.75,24.985,0,423,0,0
1.75,24.985,0,424,0,0
1.75,24.9675,0,424,0,0
1.75,24.9675,0,425,0,0
2.0,24.985,0,425,0,0
2.0,24.97,0,426,0,0
2.0,24.9675,0,426,0,0
2.0,24.9675,0,427,0,0
2.0,24.985,0,427,0,0
2.0,24.9525,0,428,0,0
2.25,24.9525,0,428,0,0
2.25,24.9525,0,429,0,0
2.25,24.9675,0,429,0,0
2.25,24.9675,0,430,0,0
2.25,24.9675,0,431,0,0
2.25,24.985,0,431,0,0
2.5,24.9675,0,432,0,0
2.5,24.97,0,432,0,0
2.75,24.9675,0,433,0,0
2.5,24.9675,0,433,0,0
3.0,24.9675,0,434,0,0
3.0,24.9675,0,434,0,0
3.5,24.9825,0,435,0,0
3.5,24.9525,0,435,0,0
3.5,24.9525,0,436,0,0
3.5,24.97,0,436,0,0
3.5,24.9525,0,437,0,0
3.5,25.0,0,437,0,0
3.75,25.0,0,438,0,0
3.75,24.9675,0,438,0,0
3.75,24.9825,0,439,0,0
3.75,24.985,0,439,0,0
3.75,24.9525,0,440,0,0
3.75,25.0,0,440,0,0
4.0,24.9675,0,441,0,0
4.0,24.955,0,441,0,0
4.0,24.9675,0,442,0,0
4.0,24.985,0,442,0,0
4.5,24.9675,0,443,0,0
4.5,24.9675,0,443,0,0
4.5,24.9825,0,444,0,0
4.5,24.9675,0,444,0,0
4.5,24.985,0,445,0,0
4.5,24.9675,0,445,0,0
4.5,24.985,0,446,0,0
4.5,24.985,0,446,0,0
4.5,24.985,0,447,0,0
4.5,24.985,0,447,0,0
4.75,24.9675,0,448,0,0
5.25,24.9675,0,448,0,0
5.5,24.9675,0,449,0,0
5.5,24.985,0,450,0,0
5.5,24.985,0,450,0,0
5.5,24.9525,0,451,0,0
5.75,24.985,0,451,0,0
5.75,24.9525,0,452,0,0
6.0,24.9675,0,452,0,0
6.0,24.9675,0,453,0,0
6.25,24.9675,0,454,0,0
6.25,24.9675,0,454,0,0
6.25,24.9675,0,455,0,0
6.25,24.985,0,456,0,0
6.25,24.985,0,456,0,0
6.75,24.985,0,457,0,0
6.75,24.985,0,457,0,0
6.75,24.985,0,458,0,0
6.75,24.9675,0,458,0,0
6.75,24.97,0,459,0,0
6.75,24.9525,0,459,0,0
7.0,24.9525,0,460,0,0
7.0,24.9675,0,460,0,0
7.0,24.9675,0,461,0,0
7.5,24.9525,0,461,0,0
7.75,24.9525,0,462,0,0
7.75,24.985,0,462,0,0
7.75,24.97,0,463,0,0
8.0,25.0,0,463,0,0
8.0,24.97,0,464,0,0
8.25,24.985,0,464,0,0
8.5,24.955,0,465,0,0
8.5,24.97,0,465,0,0
8.5,24.9675,0,466,0,0
8.75,24.9525,0,466,0,0
8.75,24.9375,0,467,0,0
9.0,24.9375,0,467,0,0
9.25,24.9375,0,468,0,0
9.25,24.9525,0,468,0,0
9.5,24.97,0,469,0,0
9.5,24.9375,0,469,0,0
9.75,24.97,0,470,0,0
10.25,24.97,0,470,0,0
10.25,24.97,0,471,0,0
10.5,24.9525,0,471,0,0
10.5,24.97,0,472,0,0
10.5,24.97,0,472,0,0
10.5,24.97,0,473,0,0
10.5,24.97,0,473,0,0
10.5,24.9375,0,474,0,0
10.5,24.97,0,474,0,0
10.75,24.9675,0,475,0,0
10.75,24.985,0,475,0,0
11.0,24.985,0,476,0,0
11.25,24.97,0,476,0,0
11.25,24.97,0,477,0,0
11.25,24.9675,0,477,0,0
11.25,24.9525,0,478,0,0
11.75,24.9525,0,478,0,0
11.75,24.9525,0,479,0,0
11.75,24.9675,0,480,0,0
12.25,24.9525,0,481,0,0
12.25,24.9525,0,481,0,0
12.5,24.9525,0,482,0,0
12.5,24.9675,0,482,0,0
12.5,24.9675,0,483,0,0
12.5,24.9675,0,483,0,0
12.5,24.9675,0,484,0,0
12.5,24.985,0,484,0,0
12.5,24.985,0,485,0,0
12.75,24.985,0,485,0,0
12.75,24.985,0,486,0,0
13.0,24.985,0,486,0,0
13.0,24.97,0,487,0,0
13.25,24.9675,0,487,0,0
13.5,24.97,0,488,0,0
13.5,24.9825,0,488,0,0
13.5,24.9525,0,489,0,0
13.5,24.9675,0,489,0,0
13.5,24.985,0,490,0,0
13.5,24.9675,0,490,0,0
13.5,24.985,0,491,0,0
13.75,24.985,0,491,0,0
13.75,24.97,0,492,0,0
13.75,24.985,0,492,0,0
13.75,24.9675,0,493,0,0
13.75,24.97,0,493,0,0
13.75,24.985,0,494,0,0
14.0,24.985,0,494,0,0
14.0,25.0,0,495,0,0
14.25,25.0,0,495,0,0
14.25,24.9825,0,496,0,0
14.25,24.985,0,496,0,0
14.25,25.0,0,497,0,0
14.25,24.9825,0,497,0,0
14.25,24.9825,0,498,0,0
14.25,24.9825,0,498,0,0
14.25,25.0,0,499,0,0
14.5,25.015,0,499,0,0
14.75,24.985,0,500,0,0
14.75,24.9825,0,500,0,0
14.75,24.985,0,501,0,0
14.75,24.9675,0,501,0,0
14.75,24.9825,0,502,0,0
14.75,24.9825,0,502,0,0
14.75,24.9675,0,503,0,0
14.75,24.9825,0,504,0,0
14.75,24.9825,0,504,0,0
14.75,24.9675,0,505,0,0
14.75,24.985,0,505,0,0
14.75,24.985,0,506,0,0
14.75,25.0,0,506,0,0
15.0,24.9675,0,507,0,0
15.25,24.9525,0,507,0,0
15.25,24.9525,0,508,0,0
15.25,24.9825,0,508,0,0
15.25,24.9675,0,509,0,0
15.25,24.9675,0,509,0,0
15.75,24.9825,0,510,0,0
15.75,24.985,0,510,0,0
15.75,25.0,0,511,0,0
15.5,24.985,0,511,0,0
15.25,24.9675,0,512,0,0
15.5,24.9675,0,512,0,0
15.5,24.9525,0,513,0,0
15.25,24.9525,0,513,0,0
15.5,24.9675,0,514,0,0
15.75,24.9375,0,514,0,0
15.75,24.9525,0,515,0,0
15.5,24.9675,0,515,0,0
15.75,24.9825,0,516,0,0
15.5,24.9675,0,516,0,0
16.0,24.9825,0,517,0,0
16.0,24.985,0,517,0,0
16.0,25.0,0,518,0,0
15.75,24.985,0,518,0,0
16.0,24.9675,0,519,0,0
16.25,24.9975,0,519,0,0
16.25,24.9525,0,520,0,0
16.0,24.9825,0,520,0,0
16.0,25.0,0,521,0,0
16.0,24.985,0,521,0,0
16.0,24.985,0,522,0,0
16.25,25.0,0,522,0,0
16.5,25.014999999999997,0,523,0,0
16.75,24.9825,0,523,0,0
16.75,24.9675,0,524,0,0
16.75,24.9525,0,524,0,0
16.5,24.9675,0,525,0,0
16.5,24.9675,0,525,0,0
16.75,24.9975,0,526,0,0
16.75,24.985,0,526,0,0
16.25,24.9825,0,527,0,0
16.25,24.9675,0,528,0,0
16.25,24.9825,0,528,0,0
16.0,24.9825,0,529,0,0
16.0,24.9825,0,529,0,0
16.0,24.9525,0,530,0,0
16.0,24.9675,0,530,0,0
16.5,24.9525,0,531,0,0
16.25,24.9375,0,531,0,0
16.0,24.9525,0,532,0,0
16.0,24.9675,0,532,0,0
16.0,25.014999999999997,0,533,0,0
16.0,24.9975,0,533,0,0
16.0,24.9825,0,534,0,0
16.0,24.985,0,534,0,0
16.0,24.982499999999998,0,535,0,0
16.0,24.985,0,535,0,0
15.75,25.015,0,536,0,0
16.0,25.029999999999998,0,537,0,0
16.0,25.014999999999997,0,537,0,0
16.25,25.0,0,538,0,0
16.25,24.9825,0,538,0,0
16.25,24.9975,0,539,0,0
16.25,24.9975,0,539,0,0
16.5,25.014999999999997,0,540,0,0
16.25,24.9975,0,540,0,0
16.25,24.9825,0,541,0,0
16.5,24.982499999999998,0,541,0,0
16.5,24.9825,0,542,0,0
16.5,25.014999999999997,0,542,0,0
16.5,25.014999999999997,0,543,0,0
16.5,24.9825,0,543,0,0
16.5,24.9975,0,544,0,0
16.5,24.9675,0,544,0,0
16.5,24.9525,0,545,0,0
16.5,24.9525,0,545,0,0
17.0,24.9675,0,546,0,0
17.0,24.9675,0,546,0,0
17.0,24.9825,0,547,0,0
17.0,24.982499999999998,0,547,0,0
17.0,24.982499999999998,0,548,0,0
16.5,24.9975,0,548,0,0
17.0,25.014999999999997,0,549,0,0
17.0,24.9975,0,549,0,0
17.25,24.9975,0,550,0,0
17.75,25.014999999999997,0,550,0,0
17.25,24.9975,0,551,0,0
17.0,24.9975,0,552,0,0
17.25,24.9825,0,552,0,0
17.5,25.0,0,553,0,0
17.0,24.982499999999998,0,553,0,0
17.5,24.982499999999998,0,554,0,0
17.75,24.9675,0,554,0,0
17.75,24.982499999999998,0,555,0,0
17.75,25.0,0,555,0,0
17.75,24.982499999999998,0,556,0,0
17.75,24.982499999999998,0,556,0,0
17.75,24.9675,0,557,0,0
18.0,24.982499999999998,0,557,0,0
18.25,24.9675,0,558,0,0
18.25,24.9825,0,558,0,0
18.25,25.0,0,559,0,0
17.75,25.014999999999997,0,559,0,0
18.0,25.0175,0,560,0,0
18.25,25.014999999999997,0,560,0,0
18.25,25.015,0,561,0,0
18.5,25.015,0,561,0,0
18.5,25.0,0,562,0,0
18.25,25.015,0,562,0,0
18.25,25.015,0,563,0,0
17.75,25.0325,0,563,0,0
18.25,25.015,0,564,0,0
18.75,25.0325,0,564,0,0
18.75,25.0325,0,565,0,0
18.75,25.0325,0,565,0,0
18.75,25.0325,0,566,0,0
18.75,25.0325,0,566,0,0
18.75,25.0325,0,567,0,0
18.5,25.0325,0,567,0,0
18.5,25.0325,0,568,0,0
18.5,25.015,0,568,0,0
18.75,25.015,0,569,0,0
18.75,25.0,0,569,0,0
18.75,25.015,0,570,0,0
18.5,25.015,0,570,0,0
18.75,25.015,0,571,0,0
18.75,25.015,0,571,0,0
18.75,25.015,0,572,0,0
18.75,25.015,0,572,0,0
19.5,25.015,0,573,0,0
19.5,25.0,0,573,0,0
19.5,25.015,0,574,0,0
19.5,25.015,0,574,0,0
20.0,25.0475,0,575,0,0
20.0,25.0475,0,576,0,0
20.25,25.0475,0,576,0,0
20.0,25.0475,0,577,0,0
20.0,25.0775,0,577,0,0
20.25,25.0475,0,578,0,0
20.5,25.0475,0,578,0,0
20.5,25.0625,0,579,0,0
20.5,25.064999999999998,0,579,0,0
20.0,25.0475,0,580,0,0
20.0,25.0475,0,580,0,0
20.0,25.0325,0,581,0,0
20.25,25.0625,0,581,0,0
20.75,25.0475,0,582,0,0
20.5,25.0475,0,582,0,0
20.5,25.0475,0,583,0,0
20.5,25.0475,0,583,0,0
20.5,25.0475,0,584,0,0
20.5,25.0475,0,584,0,0
20.5,25.0475,0,585,0,0
20.5,25.0325,0,585,0,0
20.5,25.0325,0,586,0,0
20.5,25.0325,0,586,0,0
20.75,25.0325,0,587,0,0
20.75,25.0325,0,587,0,0
21.0,25.0325,0,588,0,0
21.5,25.049999999999997,0,588,0,0
21.5,25.049999999999997,0,589,0,0
21.5,25.0475,0,589,0,0
21.5,25.0475,0,590,0,0
21.5,25.0625,0,590,0,0
21.25,25.0625,0,591,0,0
21.5,25.0625,0,591,0,0
21.5,25.0625,0,592,0,0
21.5,25.0475,0,592,0,0
21.5,25.064999999999998,0,593,0,0
22.0,25.064999999999998,0,594,0,0
22.25,25.0325,0,594,0,0
22.25,25.015,0,595,0,0
22.75,25.03,0,595,0,0
23.0,25.0325,0,596,0,0
22.5,25.064999999999998,0,596,0,0
22.0,25.064999999999998,0,597,0,0
22.0,25.0625,0,597,0,0
22.25,25.0625,0,598,0,0
22.5,25.08,0,598,0,0
22.5,25.0775,0,599,0,0
22.25,25.1125,0,600,0,0
22.5,25.095,0,600,0,0
21.75,25.11,0,601,0,0
22.0,25.11,0,601,0,0
22.5,25.1275,0,602,0,0
23.0,25.1275,0,602,0,0
23.25,25.11,0,603,0,0
23.0,25.0925,0,603,0,0
23.0,25.0925,0,604,0,0
23.0,25.0775,0,604,0,0
23.25,25.0925,0,605,0,0
23.5,25.0925,0,605,0,0
23.5,25.08,0,606,0,0
23.5,25.0625,0,606,0,0
23.5,25.095,0,607,0,0
23.5,25.1125,0,607,0,0
23.5,25.1275,0,608,0,0
23.5,25.1125,0,608,0,0
23.5,25.095,0,609,0,0
23.5,25.095,0,609,0,0
23.5,25.145,0,610,0,0
23.75,25.159999999999997,0,610,0,0
23.5,25.1425,0,611,0,0
24.25,25.1275,0,611,0,0
24.25,25.125,0,612,0,0
24.25,25.127499999999998,0,612,0,0
24.0,25.159999999999997,0,613,0,0
24.0,25.159999999999997,0,613,0,0
24.0,25.1275,0,614,0,0
23.5,25.159999999999997,0,614,0,0
23.5,25.1425,0,615,0,0
23.5,25.125,0,615,0,0
23.5,25.174999999999997,0,616,0,0
23.5,25.127499999999998,0,616,0,0
24.25,25.16,0,617,0,0
24.5,25.1425,0,617,0,0
24.5,25.145,0,618,0,0
24.75,25.1425,0,618,0,0
24.75,25.145,0,619,0,0
25.0,25.159999999999997,0,619,0,0
25.25,25.127499999999998,0,620,0,0
25.5,25.174999999999997,0,620,0,0
26.0,25.125,0,621,0,0
25.75,25.159999999999997,0,621,0,0
25.75,25.127499999999998,0,622,0,0
25.5,25.145,0,622,0,0
25.25,25.125,0,623,0,0
25.0,25.159999999999997,0,624,0,0
24.75,25.159999999999997,0,624,0,0
25.25,25.1425,0,625,0,0
25.25,25.174999999999997,0,625,0,0
25.25,25.159999999999997,0,626,0,0
25.0,25.174999999999997,0,626,0,0
25.0,25.174999999999997,0,627,0,0
25.25,25.174999999999997,0,627,0,0
25.25,25.174999999999997,0,628,0,0
25.75,25.174999999999997,0,628,0,0
25.75,25.174999999999997,0,629,0,0
26.0,25.205,0,629,0,0
26.25,25.174999999999997,0,630,0,0
26.0,25.174999999999997,0,630,0,0
26.0,25.189999999999998,0,631,0,0
26.0,25.159999999999997,0,631,0,0
26.5,25.159999999999997,0,632,0,0
26.25,25.174999999999997,0,632,0,0
26.0,25.159999999999997,0,633,0,0
26.25,25.159999999999997,0,633,0,0
27.0,25.174999999999997,0,634,0,0
27.25,25.159999999999997,0,634,0,0
28.0,25.159999999999997,0,635,0,0
28.25,25.174999999999997,0,635,0,0
28.25,25.174999999999997,0,636,0,0
28.25,25.1725,0,636,0,0
28.0,25.159999999999997,0,637,0,0
28.0,25.174999999999997,0,637,0,0
28.0,25.159999999999997,0,638,0,0
26.5,25.159999999999997,0,638,0,0
26.5,25.174999999999997,0,639,0,0
27.0,25.205,0,639,0,0
26.75,25.205,0,640,0,0
26.25,25.189999999999998,0,640,0,0
26.25,25.22,0,641,0,0
26.5,25.189999999999998,0,641,0,0
26.5,25.189999999999998,0,642,0,0
27.0,25.189999999999998,0,642,0,0
27.0,25.174999999999997,0,643,0,0
27.0,25.22,0,643,0,0
26.75,25.205,0,644,0,0
27.0,25.189999999999998,0,644,0,0
27.25,25.205,0,645,0,0
27.0,25.189999999999998,0,645,0,0
26.5,25.205,0,646,0,0
26.5,25.22,0,646,0,0
26.0,25.189999999999998,0,647,0,0
26.25,25.205,0,647,0,0
27.0,25.189999999999998,0,648,0,0
27.0,25.189999999999998,0,649,0,0
28.0,25.189999999999998,0,650,0,0
28.5,25.205,0,650,0,0
28.0,25.205,0,651,0,0
27.0,25.22,0,651,0,0
27.25,25.189999999999998,0,652,0,0
28.0,25.205,0,652,0,0
28.0,25.189999999999998,0,653,0,0
28.25,25.22,0,653,0,0
28.0,25.189999999999998,0,654,0,0
27.75,25.22,0,654,0,0
28.25,25.22,0,655,0,0
28.75,25.25,0,655,0,0
29.0,25.235,0,656,0,0
29.0,25.205,0,656,0,0
29.0,25.25,0,657,0,0
30.75,25.205,0,657,0,0
32.25,25.205,0,658,0,0
31.5,25.189999999999998,0,658,0,0
30.75,25.205,0,659,0,0
31.0,25.22,0,659,0,0
31.75,25.235,0,660,0,0
31.0,25.235,0,660,0,0
29.25,25.205,0,661,0,0
30.0,25.22,0,661,0,0
30.75,25.235,0,662,0,0
31.0,25.22,0,662,0,0
30.75,25.2375,0,663,0,0
29.25,25.22,0,663,0,0
29.5,25.205,0,664,0,0
29.0,25.2375,0,664,0,0
29.25,25.2525,0,665,0,0
28.75,25.2525,0,665,0,0
28.75,25.235,0,666,0,0
29.75,25.2525,0,666,0,0
30.5,25.235,0,667,0,0
29.75,25.2525,0,667,0,0
30.0,25.2525,0,668,0,0
30.75,25.267500000000002,0,668,0,0
30.75,25.2525,0,669,0,0
32.5,25.2525,0,669,0,0
33.25,25.267500000000002,0,670,0,0
32.0,25.267500000000002,0,670,0,0
32.0,25.2525,0,671,0,0
32.0,25.267500000000002,0,671,0,0
32.0,25.267500000000002,0,672,0,0
32.5,25.267500000000002,0,673,0,0
32.25,25.267500000000002,0,673,0,0
32.0,25.285,0,674,0,0
31.75,25.267500000000002,0,674,0,0
31.5,25.282500000000002,0,675,0,0
30.75,25.285,0,675,0,0
31.25,25.267500000000002,0,676,0,0
31.75,25.267500000000002,0,676,0,0
32.0,25.267500000000002,0,677,0,0
32.0,25.267500000000002,0,677,0,0
31.75,25.3,0,678,0,0
31.75,25.285,0,678,0,0
32.0,25.285,0,679,0,0
32.75,25.282500000000002,0,679,0,0
33.25,25.282500000000002,0,680,0,0
33.5,25.267500000000002,0,680,0,0
34.25,25.2525,0,681,0,0
34.75,25.282500000000002,0,681,0,0
34.75,25.3,0,682,0,0
34.5,25.267500000000002,0,682,0,0
34.75,25.267500000000002,0,683,0,0
34.75,25.267500000000002,0,683,0,0
34.75,25.282500000000002,0,684,0,0
35.0,25.267500000000002,0,684,0,0
35.0,25.267500000000002,0,685,0,0
34.5,25.267500000000002,0,685,0,0
34.5,25.282500000000002,0,686,0,0
34.5,25.282500000000002,0,686,0,0
34.5,25.267500000000002,0,687,0,0
34.25,25.267500000000002,0,687,0,0
34.25,25.282500000000002,0,688,0,0
34.75,25.282500000000002,0,688,0,0
34.75,25.282500000000002,0,689,0,0
35.0,25.282500000000002,0,689,0,0
35.0,25.282500000000002,0,690,0,0
34.75,25.285,0,690,0,0
34.75,25.282500000000002,0,691,0,0
35.25,25.282500000000002,0,691,0,0
35.25,25.282500000000002,0,692,0,0
35.25,25.282500000000002,0,692,0,0
35.25,25.3,0,693,0,0
35.25,25.282500000000002,0,693,0,0
35.0,25.282500000000002,0,694,0,0
34.75,25.282500000000002,0,694,0,0
34.25,25.282500000000002,0,695,0,0
34.0,25.3,0,695,0,0
33.75,25.282500000000002,0,696,0,0
34.25,25.282500000000002,0,697,0,0
33.75,25.3,0,697,0,0
33.75,25.282500000000002,0,698,0,0
33.75,25.3,0,698,0,0
34.5,25.314999999999998,0,699,0,0
34.75,25.282500000000002,0,699,0,0
35.25,25.3,0,700,0,0
35.25,25.282500000000002,0,700,0,0
35.0,25.282500000000002,0,701,0,0
35.25,25.2975,0,701,0,0
35.25,25.2975,0,702,0,0
35.25,25.2975,0,702,0,0
35.25,25.314999999999998,0,703,0,0
35.25,25.2975,0,703,0,0
35.5,25.282500000000002,0,704,0,0
35.75,25.3125,0,704,0,0
35.75,25.3275,0,705,0,0
34.75,25.314999999999998,0,706,0,0
34.75,25.33,0,706,0,0
34.75,25.314999999999998,0,707,0,0
34.25,25.33,0,707,0,0
34.0,25.3125,0,708,0,0
33.25,25.33,1,708,0,0
58.0,25.33,1,709,1,1
62.75,25.3275,1,709,1,1
65.25,25.36,1,710,1,1
65.75,25.3575,1,710,1,1
66.75,25.375,0,711,1,1
68.5,25.3275,0,711,1,1
68.0,25.36,0,712,1,1
69.25,25.3425,0,712,1,1
69.0,25.345,0,713,1,1
67.75,25.3425,0,713,1,1
66.75,25.36,0,714,1,1
66.5,25.36,0,714,1,1
67.5,25.36,1,715,1,1
67.25,25.36,1,715,1,1
68.25,25.36,1,716,1,1
69.0,25.3925,1,716,1,1
69.25,25.375,0,717,1,1
68.5,25.377499999999998,1,717,1,1
68.0,25.36,0,718,1,1
67.5,25.375,1,718,1,1
67.75,25.377499999999998,0,719,1,1
67.5,25.3925,1,719,1,1
67.25,25.4075,0,720,1,1
66.25,25.3925,0,721,1,1
67.5,25.4075,1,721,1,1
66.75,25.4075,0,722,1,1
67.5,25.4075,0,722,1,1
67.75,25.4075,1,723,1,1
68.75,25.4225,0,723,1,1
69.75,25.4225,1,724,1,1
70.25,25.3925,0,724,1,1
71.0,25.4225,0,725,1,1
71.5,25.4225,0,725,1,1
70.25,25.4225,0,726,1,1
70.25,25.4225,0,726,1,1
70.25,25.4225,0,727,1,1
70.25,25.4225,0,727,1,1
70.75,25.4375,1,728,1,1
70.75,25.4375,1,728,1,1
70.25,25.4375,1,729,1,1
70.75,25.4375,1,729,1,1
70.5,25.4375,1,730,1,1
70.0,25.455,0,730,1,1
70.0,25.4375,1,731,1,1
69.5,25.4375,0,731,1,1
67.75,25.4375,0,732,1,1
68.5,25.455,1,732,1,1
68.0,25.47,1,733,1,1
69.0,25.4375,0,733,1,1
69.25,25.4525,1,734,1,1
68.75,25.4375,0,734,1,1
68.75,25.4375,1,735,1,1
68.25,25.4375,1,735,1,1
68.5,25.467499999999998,0,736,1,1
68.0,25.467499999999998,1,736,1,1
67.5,25.467499999999998,1,737,1,1
68.5,25.485,0,737,1,1
69.0,25.485,1,738,1,1
69.25,25.47,0,738,1,1
70.75,25.485,0,739,1,1
71.5,25.485,0,739,1,1
71.0,25.47,1,740,1,1
71.5,25.47,1,740,1,1
71.0,25.47,1,741,1,1
71.0,25.452499999999997,0,741,1,1
71.25,25.485,0,742,1,1
71.25,25.485,0,742,1,1
71.5,25.485,0,743,1,1
72.0,25.502499999999998,1,743,1,1
72.25,25.485,1,744,1,1
72.0,25.485,1,745,1,1
71.5,25.485,0,745,1,1
70.5,25.502499999999998,0,746,1,1
69.5,25.502499999999998,1,746,1,1
69.25,25.502499999999998,0,747,1,1
69.5,25.502499999999998,1,747,1,1
69.5,25.5175,1,748,1,1
69.5,25.5175,1,748,1,1
69.5,25.502499999999998,0,749,1,1
69.5,25.502499999999998,1,749,1,1
69.25,25.505,1,750,1,1
69.25,25.52,0,750,1,1
69.0,25.52,0,751,1,1
69.75,25.535,0,751,1,1
70.25,25.535,1,752,1,1
69.25,25.55,0,752,1,1
69.0,25.55,0,753,1,1
68.5,25.55,0,753,1,1
69.5,25.565,0,754,1,1
70.25,25.55,0,754,1,1
71.5,25.55,0,755,1,1
73.0,25.55,0,755,1,1
73.5,25.55,0,756,1,1
73.25,25.55,0,756,1,1
73.75,25.55,0,757,1,1
73.75,25.55,1,757,1,1
73.25,25.565,0,758,1,1
72.5,25.55,1,758,1,1
71.0,25.55,1,759,1,1
70.5,25.55,0,759,1,1
70.5,25.565,0,760,1,1
70.25,25.55,0,760,1,1
69.75,25.565,0,761,1,1
70.5,25.565,0,762,1,1
71.5,25.565,1,762,1,1
73.25,25.55,1,763,1,1
72.25,25.565,0,763,1,1
72.25,25.55,1,764,1,1
72.5,25.565,0,764,1,1
73.0,25.565,1,765,1,1
72.75,25.565,1,765,1,1
73.25,25.565,0,766,1,1
73.25,25.565,1,766,1,1
73.25,25.565,1,767,1,1
73.25,25.565,0,767,1,1
70.0,25.565,1,768,1,1
68.75,25.580000000000002,1,769,2,1
108.0,25.595,1,769,2,0
124.25,25.58,1,770,2,0
129.0,25.595,1,770,2,0
130.75,25.61,1,771,2,0
131.25,25.61,1,771,2,0
132.25,25.625,1,772,2,0
132.75,25.64,1,772,2,0
133.0,25.61,1,773,2,0
133.25,25.625,1,773,2,0
134.0,25.64,1,774,2,0
133.5,25.655,1,774,2,0
132.75,25.655,0,775,2,0
132.75,25.6725,1,775,2,0
132.75,25.689999999999998,0,776,2,0
133.25,25.6875,1,776,2,0
133.25,25.6725,0,777,2,0
134.5,25.6875,0,777,2,0
135.0,25.689999999999998,0,778,2,0
136.0,25.6725,1,778,2,0
138.0,25.6725,1,779,2,0
138.0,25.72,1,780,2,0
137.0,25.705,1,780,2,0
137.0,25.705,1,781,2,0
136.5,25.72,0,781,2,0
136.5,25.72,0,782,2,0
136.5,25.72,1,782,2,0
137.0,25.72,1,783,2,0
136.5,25.72,1,783,2,0
135.0,25.7025,1,784,2,0
134.75,25.72,1,784,2,0
135.5,25.752499999999998,0,785,2,0
135.25,25.7025,0,785,2,0
135.25,25.735,1,786,2,0
135.0,25.7825,1,786,2,0
133.5,25.75,1,787,2,0
134.0,25.765,1,787,2,0
134.0,25.7675,1,788,2,0
134.75,25.795,0,788,2,0
135.75,25.78,1,789,2,0
136.25,25.7675,1,789,2,0
137.0,25.7825,0,790,2,0
137.0,25.7825,0,790,2,0
137.0,25.7975,1,791,2,0
135.5,25.7975,0,791,2,0
136.0,25.799999999999997,1,792,2,0
136.5,25.814999999999998,1,793,2,0
137.0,25.7975,0,793,2,0
136.5,25.7975,1,794,2,0
136.5,25.7825,1,794,2,0
136.75,25.814999999999998,1,795,2,0
137.0,25.83,1,795,2,0
137.25,25.814999999999998,1,796,2,0
135.25,25.83,1,796,2,0
135.5,25.814999999999998,0,797,2,0
135.75,25.814999999999998,0,797,2,0
136.0,25.8325,0,798,2,0
137.0,25.8325,0,798,2,0
136.75,25.83,0,799,2,0
134.75,25.83,0,799,2,0
133.75,25.83,0,800,2,0
134.0,25.83,0,800,2,0
134.5,25.8625,1,801,2,0
135.5,25.8475,1,801,2,0
136.75,25.814999999999998,0,802,2,0
136.75,25.8475,1,802,2,0
137.0,25.8475,1,803,2,0
136.25,25.8475,1,803,2,0
135.75,25.8775,0,804,2,0
136.0,25.8775,0,804,2,0
136.25,25.8775,0,805,2,0
137.0,25.8475,1,805,2,0
138.75,25.8775,1,806,2,0
139.0,25.86,1,806,2,0
139.0,25.845,1,807,2,0
139.0,25.83,1,807,2,0
139.25,25.83,1,808,2,0
140.25,25.8475,1,808,2,0
140.25,25.83,0,809,2,0
140.75,25.845,0,809,2,0
140.25,25.8625,0,810,2,0
140.25,25.845,0,810,2,0
140.25,25.8775,0,811,2,0
139.5,25.8475,1,811,2,0
139.5,25.8625,0,812,2,0
138.75,25.892500000000002,1,812,2,0
138.75,25.8775,0,813,2,0
138.75,25.8925,1,813,2,0
139.0,25.8925,1,814,2,0
139.5,25.8925,1,814,2,0
139.75,25.9075,0,815,2,0
139.0,25.877499999999998,0,815,2,0
139.25,25.8925,0,816,2,0
140.75,25.892500000000002,1,817,2,0
140.25,25.892500000000002,0,818,2,0
139.75,25.892500000000002,1,818,2,0
138.75,25.8925,1,819,2,0
138.25,25.9225,1,819,2,0
138.25,25.9075,0,820,2,0
137.75,25.9075,0,820,2,0
138.0,25.9075,0,821,2,0
138.0,25.9075,0,821,2,0
139.0,25.9225,0,822,2,0
138.75,25.9075,0,822,2,0
139.0,25.9225,1,823,2,0
139.75,25.9225,1,823,2,0
139.0,25.9525,0,824,2,0
139.5,26.0,1,824,2,0
139.25,26.0625,1,825,2,0
140.0,26.08,1,825,2,0
141.0,26.08,1,826,2,0
141.25,26.11,0,826,2,0
141.5,26.14,0,827,2,0
140.75,26.1575,0,827,2,0
139.75,26.1575,1,828,2,0
139.25,26.1725,1,828,2,0
138.75,26.1875,1,829,2,0
139.0,26.1575,0,829,2,0
139.0,26.1725,1,830,2,0
139.0,26.1875,1,830,2,0
139.0,26.205,1,831,2,0
138.5,26.2025,0,831,2,0
138.75,26.1875,1,832,2,0
138.5,26.1875,0,832,2,0
136.75,26.2175,1,833,2,0
136.5,26.2175,1,833,2,0
136.25,26.235,1,834,2,0
136.5,26.2325,1,834,2,0
137.0,26.2175,1,835,2,0
136.5,26.2175,1,835,2,0
135.75,26.2325,0,836,2,0
136.25,26.2325,1,836,2,0
136.75,26.2325,0,837,2,0
135.0,26.2325,0,837,2,0
135.5,26.2325,0,838,2,0
135.25,26.2325,0,838,2,0
134.75,26.2175,0,839,2,0
133.75,26.2325,0,839,2,0
133.5,26.2325,0,840,2,0
133.5,26.25,0,840,2,0
133.25,26.25,0,841,2,0
133.5,26.25,0,842,2,0
133.25,26.2825,0,842,2,0
134.0,26.2675,0,843,2,0
136.5,26.2675,0,843,2,0
136.5,26.2975,1,844,2,0
136.75,26.2825,0,844,2,0
136.25,26.252499999999998,1,845,2,0
136.5,26.2675,1,845,2,0
135.5,26.284999999999997,1,846,2,0
135.75,26.2675,1,847,2,0
135.0,26.284999999999997,0,847,2,0
134.5,26.284999999999997,0,848,2,0
134.25,26.284999999999997,1,848,2,0
134.5,26.284999999999997,1,849,2,0
133.75,26.2975,1,849,2,0
39.25,26.299999999999997,1,850,0,0
38.0,26.2975,1,850,0,0
38.0,26.2825,0,851,0,0
37.5,26.25,0,851,0,0
38.0,26.2675,0,852,0,0
38.75,26.2825,0,852,0,0
38.25,26.25,0,853,0,0
38.25,26.265,0,853,0,0
37.75,26.2675,0,854,0,0
39.0,26.2675,0,854,0,0
39.5,26.25,0,855,0,0
40.0,26.235,0,855,0,0
40.0,26.25,0,856,0,0
40.0,26.2325,0,856,0,0
40.0,26.2325,0,857,0,0
39.5,26.235,0,857,0,0
39.0,26.2175,0,858,0,0
39.5,26.2175,0,858,0,0
39.25,26.25,0,859,0,0
40.0,26.2325,0,859,0,0
39.0,26.25,0,860,0,0
39.0,26.2175,0,860,0,0
38.75,26.2175,0,861,0,0
38.25,26.2025,0,861,0,0
37.5,26.2025,0,862,0,0
37.25,26.1575,0,862,0,0
37.0,26.2025,0,863,0,0
37.0,26.2025,0,863,0,0
36.75,26.1875,0,864,0,0
36.25,26.2025,0,864,0,0
35.75,26.205,0,865,0,0
36.0,26.1875,0,866,0,0
36.75,26.1875,0,866,0,0
37.25,26.2025,0,867,0,0
36.25,26.1725,0,867,0,0
36.0,26.1875,0,868,0,0
36.25,26.1875,0,868,0,0
36.25,26.1575,0,869,0,0
37.0,26.1875,0,869,0,0
36.75,26.1875,0,870,0,0
36.25,26.1725,0,870,0,0
36.0,26.1725,0,871,0,0
36.5,26.1725,0,871,0,0
37.0,26.1725,0,872,0,0
37.5,26.1875,0,873,0,0
39.0,26.2025,0,873,0,0
38.5,26.1575,0,874,0,0
38.25,26.1725,0,874,0,0
38.5,26.1725,0,875,0,0
38.5,26.1725,0,875,0,0
38.0,26.1725,0,876,0,0
37.25,26.1575,0,876,0,0
37.5,26.1725,0,877,0,0
37.75,26.1575,0,877,0,0
38.0,26.189999999999998,0,878,0,0
38.0,26.1725,0,878,0,0
38.25,26.1725,0,879,0,0
38.5,26.1425,0,879,0,0
37.75,26.1575,0,880,0,0
38.5,26.1425,0,880,0,0
36.75,26.1425,0,881,0,0
38.0,26.1425,0,881,0,0
38.25,26.1575,0,882,0,0
37.25,26.1425,0,882,0,0
36.25,26.1425,1,883,0,0
36.25,26.125,1,883,0,0
36.25,26.1725,1,884,0,0
36.0,26.127499999999998,1,884,0,0
34.75,26.1425,0,885,0,0
34.0,26.1725,0,885,0,0
34.0,26.1725,0,886,0,0
34.75,26.1725,0,886,0,0
34.0,26.14,0,887,0,0
33.5,26.1575,0,887,0,0
32.5,26.1425,0,888,0,0
32.25,26.1425,0,888,0,0
33.0,26.1575,0,889,0,0
32.75,26.155,0,890,0,0
32.75,26.1725,0,890,0,0
33.25,26.1575,0,891,0,0
34.75,26.1425,0,891,0,0
34.75,26.11,0,892,0,0
34.75,26.1425,0,892,0,0
34.0,26.11,0,893,0,0
34.0,26.127499999999998,0,893,0,0
33.0,26.125,0,894,0,0
33.0,26.125,0,895,0,0
33.0,26.11,0,895,0,0
32.75,26.125,0,896,0,0
32.5,26.11,0,896,0,0
32.5,26.11,0,897,0,0
32.0,26.11,0,897,0,0
31.75,26.11,0,898,0,0
31.25,26.11,0,898,0,0
31.0,26.11,0,899,0,0
30.75,26.125,1,899,0,0
31.25,26.11,0,900,0,0
31.5,26.11,0,900,0,0
31.25,26.11,0,901,0,0
30.5,26.11,0,901,0,0
31.25,26.11,0,902,0,0
31.5,26.125,0,902,0,0
31.75,26.11,0,903,0,0
32.0,26.0925,0,903,0,0
32.75,26.0925,0,904,0,0
33.0,26.125,0,904,0,0
32.75,26.125,0,905,0,0
32.75,26.125,0,905,0,0
31.75,26.125,0,906,0,0
31.0,26.125,0,906,0,0
31.0,26.107499999999998,0,907,0,0
30.5,26.0925,0,907,0,0
30.25,26.125,0,908,0,0
29.75,26.1225,0,908,0,0
29.5,26.1225,0,909,0,0
29.5,26.107499999999998,0,909,0,0
29.5,26.107499999999998,0,910,0,0
29.5,26.0925,0,910,0,0
29.5,26.107499999999998,0,911,0,0
29.5,26.0775,0,911,0,0
29.75,26.0775,0,912,0,0
29.75,26.1075,0,912,0,0
29.75,26.0925,0,913,0,0
29.75,26.0775,0,914,0,0
29.75,26.1075,0,914,0,0
29.5,26.0775,0,915,0,0
29.5,26.0925,0,915,0,0
29.25,26.095,0,916,0,0
29.5,26.0925,0,916,0,0
29.25,26.0925,0,917,0,0
28.75,26.0775,0,917,0,0
28.5,26.0775,0,918,0,0
28.5,26.0775,0,918,0,0
28.25,26.0775,0,919,0,0
27.75,26.0775,0,919,0,0
27.5,26.0475,0,920,0,0
27.0,26.0625,0,920,0,0
26.5,26.0625,0,921,0,0
26.5,26.0625,0,921,0,0
25.75,26.0775,0,922,0,0
26.5,26.0775,0,922,0,0
25.75,26.0625,0,923,0,0
26.25,26.0775,0,923,0,0
25.75,26.0925,0,924,0,0
25.75,26.0775,0,924,0,0
25.5,26.0775,0,925,0,0
25.75,26.0625,0,925,0,0
49.75,26.0775,1,926,0,0
53.75,26.0925,1,926,1,1
55.25,26.0775,0,927,1,1
56.25,26.0925,0,928,1,1
56.5,26.0925,0,928,1,1
56.75,26.0775,0,929,1,1
57.0,26.1075,0,929,1,1
57.25,26.1075,0,930,1,1
57.0,26.0925,0,930,1,1
57.0,26.1075,1,931,1,1
57.25,26.1075,0,931,1,1
57.5,26.0925,0,932,1,1
57.0,26.11,0,932,1,1
57.25,26.11,0,933,1,1
57.5,26.11,0,933,1,1
57.25,26.11,1,934,1,1
57.0,26.0925,0,934,1,1
57.25,26.11,0,935,1,1
57.75,26.11,0,935,1,1
57.75,26.125,0,936,1,1
58.0,26.125,1,936,1,1
57.75,26.125,0,937,1,1
58.0,26.125,0,938,1,1
58.0,26.14,1,938,1,1
58.0,26.11,0,939,1,1
58.0,26.11,0,939,1,1
58.0,26.125,1,940,1,1
57.75,26.11,0,940,1,1
57.75,26.125,0,941,1,1
57.75,26.095,0,941,1,1
57.5,26.125,0,942,1,1
57.25,26.11,0,942,1,1
56.75,26.11,0,943,1,1
56.75,26.125,1,943,1,1
56.75,26.125,1,944,1,1
57.0,26.14,0,944,1,1
56.5,26.14,0,945,1,1
56.25,26.14,1,945,1,1
56.0,26.1425,1,946,1,1
55.75,26.14,0,946,1,1
56.0,26.125,0,947,1,1
56.0,26.125,0,947,1,1
56.0,26.125,1,948,1,1
56.0,26.125,0,948,1,1
55.25,26.14,0,949,1,1
54.5,26.14,1,949,1,1
54.25,26.125,0,950,1,1
54.0,26.125,0,950,1,1
54.5,26.155,1,951,1,1
54.75,26.1725,0,951,1,1
54.5,26.1725,1,952,1,1
54.25,26.14,1,952,1,1
54.25,26.14,0,953,1,1
54.0,26.125,1,953,1,1
53.5,26.14,1,954,1,1
53.5,26.14,1,954,1,1
53.0,26.14,0,955,1,1
53.0,26.14,0,955,1,1
53.0,26.155,0,956,1,1
53.0,26.155,0,956,1,1
52.75,26.14,0,957,1,1
52.5,26.14,0,957,1,1
52.25,26.14,0,958,1,1
52.25,26.155,0,958,1,1
52.25,26.1725,1,959,1,1
51.75,26.155,1,959,1,1
51.75,26.14,1,960,1,1
51.5,26.14,1,960,1,1
51.5,26.155,1,961,1,1
51.5,26.14,1,962,1,1
51.0,26.14,1,962,1,1
50.75,26.14,1,963,1,1
50.75,26.14,0,963,1,1
50.5,26.17,0,964,1,1
50.5,26.155,0,964,1,1
50.5,26.1875,1,965,1,1
50.0,26.155,0,965,1,1
50.0,26.14,0,966,1,1
50.0,26.17,0,966,1,1
49.75,26.17,0,967,1,1
49.75,26.1725,0,967,1,1
49.5,26.17,0,968,1,1
49.25,26.17,0,968,1,1
49.0,26.185,0,969,1,1
49.0,26.169999999999998,0,969,1,1
49.25,26.155,0,970,1,1
49.5,26.17,0,970,1,1
48.75,26.17,0,971,1,1
49.0,26.14,1,971,1,1
48.5,26.155,1,972,1,1
48.5,26.155,0,972,1,1
48.5,26.17,0,973,1,1
48.25,26.202499999999997,0,973,1,1
47.75,26.185,0,974,1,1
47.5,26.1875,0,974,1,1
47.5,26.2025,0,975,1,1
47.5,26.202499999999997,0,975,1,1
47.25,26.202499999999997,1,976,1,1
47.0,26.1875,0,976,1,1
46.75,26.202499999999997,1,977,1,1
46.75,26.17,1,977,1,1
46.5,26.17,1,978,1,1
46.25,26.185,0,978,1,1
46.25,26.1875,1,979,1,1
46.25,26.17,0,979,1,1
46.5,26.17,0,980,1,1
46.25,26.202499999999997,0,980,1,1
46.5,26.202499999999997,1,981,1,1
46.25,26.1875,0,981,1,1
46.0,26.17,0,982,1,1
46.0,26.185,0,982,1,1
45.75,26.155,0,983,1,1
45.5,26.185,0,984,1,1
45.5,26.202499999999997,0,984,1,1
45.25,26.185,1,985,1,1
45.25,26.185,1,986,1,1
45.25,26.17,0,986,1,1
45.25,26.17,1,987,1,1
45.25,26.17,0,987,1,1
44.75,26.185,1,988,1,1
44.75,26.185,1,988,1,1
44.25,26.155,0,989,1,1
44.25,26.17,0,989,1,1
44.25,26.155,0,990,1,1
44.25,26.205,1,990,1,1
44.25,26.202499999999997,1,991,1,1
44.0,26.1875,0,991,1,1
43.75,26.17,0,992,1,1
44.0,26.185,0,992,1,1
43.5,26.17,0,993,1,1
44.0,26.17,0,993,1,1
43.75,26.1875,0,994,1,1
43.75,26.1875,1,994,1,1
43.25,26.1875,0,995,1,1
42.75,26.1875,0,995,1,1
42.5,26.17,0,996,1,1
42.5,26.1875,0,996,1,1
42.5,26.185,1,997,1,1
44.0,26.17,1,997,1,1
92.5,26.064999999999998,1,1000,2,1
91.5,26.0475,1,1000,2,1
91.0,26.0325,0,1001,2,1
90.75,26.0175,0,1001,2,1
90.5,26.0,0,1002,2,1
90.25,25.97,1,1002,2,1
90.25,25.985,1,1003,2,1
90.0,25.97,1,1003,2,1
90.0,25.985,0,1004,2,1
90.0,25.97,0,1004,2,1
89.5,25.955,1,1005,2,1
89.75,25.97,1,1005,2,1
88.75,25.97,1,1006,2,1
88.75,25.97,0,1006,2,1
88.75,25.97,0,1007,2,1
88.75,25.97,1,1007,2,1
88.75,25.9525,1,1008,2,1
88.5,25.955,0,1008,2,1
88.5,25.97,1,1009,2,1
88.25,25.9525,0,1010,2,1
88.25,25.97,1,1010,2,1
88.25,25.97,0,1011,2,1
88.25,25.9525,1,1011,2,1
88.5,25.97,1,1012,2,1
88.25,25.9525,1,1012,2,1
88.0,25.97,1,1013,2,1
87.75,25.955,0,1013,2,1
87.75,25.9525,1,1014,2,1
87.75,25.987499999999997,1,1014,2,1
87.75,25.987499999999997,1,1015,2,1
87.75,25.987499999999997,1,1015,2,1
87.5,25.987499999999997,0,1016,2,1
87.25,25.987499999999997,0,1016,2,1
87.0,25.97,0,1017,2,1
87.25,25.987499999999997,1,1017,2,1
87.0,25.97,1,1018,2,1
87.25,25.97,1,1018,2,1
87.25,25.97,1,1019,2,1
87.0,25.9875,0,1019,2,1
87.0,25.97,0,1020,2,1
87.0,25.97,0,1020,2,1
86.75,25.97,1,1021,2,1
87.0,25.9875,1,1021,2,1
87.25,26.002499999999998,1,1022,2,1
87.0,25.985,0,1022,2,1
87.25,25.985,1,1023,2,1
86.75,25.97,1,1023,2,1
86.25,26.002499999999998,1,1024,2,1
86.25,26.02,1,1024,2,1
86.0,25.985,1,1025,2,1
86.0,25.987499999999997,0,1025,2,1
86.0,26.002499999999998,0,1026,2,1
86.0,26.035,0,1026,2,1
85.75,26.02,0,1027,2,1
85.75,26.0175,0,1027,2,1
85.25,26.0,0,1028,2,1
85.25,26.0175,0,1028,2,1
85.75,26.0175,0,1029,2,1
85.75,26.0,0,1029,2,1
85.25,26.017500000000002,1,1030,2,1
85.25,26.0,1,1030,2,1
85.5,26.017500000000002,1,1031,2,1
85.25,26.0,0,1031,2,1
85.25,26.0,0,1032,2,1
85.5,26.0,0,1032,2,1
85.0,26.017500000000002,0,1033,2,1
85.0,26.0,0,1034,2,1
84.75,26.0,1,1034,2,1
84.5,26.017500000000002,1,1035,2,1
84.75,26.0,1,1035,2,1
85.0,26.017500000000002,1,1036,2,1
84.75,26.0,0,1036,2,1
84.75,26.002499999999998,0,1037,2,1
84.75,26.035,0,1037,2,1
85.0,26.0,0,1038,2,1
84.75,26.0,1,1038,2,1
84.25,26.0,1,1039,2,1
84.25,26.049999999999997,1,1040,2,1
84.0,26.0,0,1040,2,1
83.75,26.0,1,1041,2,1
83.75,26.0175,1,1041,2,1
83.5,26.015,0,1042,2,1
83.75,26.017500000000002,1,1042,2,1
83.75,26.0175,1,1043,2,1
83.5,26.035,1,1043,2,1
83.75,26.0325,1,1044,2,1
83.75,26.0325,0,1044,2,1
83.5,26.0025,1,1045,2,1
83.5,26.0175,1,1045,2,1
83.25,26.0325,1,1046,2,1
83.5,26.015,0,1046,2,1
83.5,26.0325,0,1047,2,1
83.0,26.0325,0,1047,2,1
83.5,26.0325,0,1048,2,1
83.5,26.0325,0,1048,2,1
83.25,26.015,0,1049,2,1
83.5,26.015,0,1049,2,1
83.25,26.0175,0,1050,2,1
83.25,26.015,0,1050,2,1
83.5,26.0175,0,1051,2,1
83.5,26.0175,0,1051,2,1
83.5,26.0325,0,1052,2,1
83.25,26.0325,0,1052,2,1
83.75,26.015,0,1053,2,1
83.5,26.015,0,1053,2,1
132.5,26.0325,1,1054,3,0
143.25,26.0625,1,1054,3,0
147.25,26.0475,1,1055,3,0
148.0,26.0625,1,1055,3,0
148.25,26.0475,1,1056,3,0
148.5,26.0625,1,1056,3,0
148.25,26.08,1,1057,3,0
147.5,26.0625,0,1057,3,0
147.5,26.0625,0,1058,3,0
147.25,26.0625,0,1059,3,0
147.0,26.0625,0,1059,3,0
146.5,26.0625,1,1060,3,0
146.75,26.0775,1,1060,3,0
146.75,26.0625,1,1061,3,0
145.75,26.0775,1,1061,3,0
145.5,26.0775,1,1062,3,0
145.25,26.0775,1,1062,3,0
145.5,26.1075,1,1063,3,0
146.25,26.1075,1,1063,3,0
146.0,26.11,1,1064,3,0
146.25,26.0925,0,1064,3,0
146.25,26.0925,0,1065,3,0
146.0,26.0925,0,1065,3,0
146.25,26.11,1,1066,3,0
145.5,26.11,1,1066,3,0
145.75,26.11,0,1067,3,0
145.75,26.127499999999998,0,1067,3,0
146.0,26.127499999999998,1,1068,3,0
145.5,26.11,1,1068,3,0
145.25,26.127499999999998,1,1069,3,0
145.75,26.1425,0,1069,3,0
145.5,26.145,1,1070,3,0
145.75,26.127499999999998,1,1070,3,0
145.5,26.11,1,1071,3,0
145.75,26.159999999999997,1,1071,3,0
145.75,26.125,1,1072,3,0
146.0,26.1275,1,1072,3,0
146.0,26.1275,1,1073,3,0
145.5,26.11,1,1073,3,0
145.5,26.11,0,1074,3,0
145.5,26.11,0,1074,3,0
144.75,26.125,1,1075,3,0
144.75,26.1425,1,1075,3,0
144.75,26.125,1,1076,3,0
144.5,26.125,1,1076,3,0
145.0,26.14,1,1077,3,0
144.75,26.1425,1,1077,3,0
144.75,26.1575,1,1078,3,0
144.75,26.1575,1,1078,3,0
145.0,26.14,1,1079,3,0
144.75,26.1575,1,1079,3,0
145.5,26.1575,1,1080,3,0
145.25,26.11,1,1080,3,0
145.75,26.1575,1,1081,3,0
145.5,26.1575,1,1081,3,0
145.0,26.1575,0,1082,3,0
145.0,26.1575,0,1083,3,0
145.25,26.1575,1,1083,3,0
145.25,26.1575,1,1084,3,0
145.25,26.1575,1,1084,3,0
145.0,26.1575,0,1085,3,0
144.5,26.1575,0,1085,3,0
144.75,26.174999999999997,1,1086,3,0
144.75,26.1575,0,1086,3,0
144.75,26.1575,0,1087,3,0
145.0,26.174999999999997,0,1087,3,0
145.0,26.174999999999997,1,1088,3,0
144.75,26.189999999999998,0,1088,3,0
144.5,26.189999999999998,0,1089,3,0
144.5,26.189999999999998,1,1089,3,0
144.25,26.174999999999997,1,1090,3,0
144.5,26.174999999999997,0,1090,3,0
144.5,26.189999999999998,0,1091,3,0
144.5,26.189999999999998,0,1091,3,0
144.5,26.205,1,1092,3,0
144.0,26.174999999999997,0,1092,3,0
144.5,26.189999999999998,0,1093,3,0
144.5,26.174999999999997,0,1093,3,0
144.5,26.1725,1,1094,3,0
144.5,26.1725,1,1095,3,0
144.5,26.1575,0,1095,3,0
144.25,26.1725,1,1096,3,0
144.5,26.205,0,1096,3,0
144.75,26.189999999999998,0,1097,3,0
144.5,26.1725,0,1097,3,0
144.5,26.189999999999998,1,1098,3,0
144.5,26.1725,0,1098,3,0
144.25,26.189999999999998,1,1099,3,0
144.5,26.189999999999998,1,1099,3,0
144.5,26.22,1,1100,3,0
144.5,26.189999999999998,1,1100,3,0
144.75,26.189999999999998,1,1101,3,0
144.75,26.205,0,1101,3,0
144.75,26.22,1,1102,3,0
144.75,26.205,0,1102,3,0
144.5,26.205,0,1103,3,0
144.5,26.1875,0,1104,3,0
144.75,26.22,1,1104,3,0
144.75,26.22,1,1105,3,0
144.5,26.2025,0,1105,3,0
145.0,26.1875,1,1106,3,0
145.0,26.22,0,1107,3,0
145.0,26.205,0,1107,3,0
145.25,26.1875,0,1108,3,0
145.0,26.1875,1,1108,3,0
144.5,26.2025,1,1109,3,0
145.25,26.205,1,1109,3,0
145.0,26.235,0,1110,3,0
145.0,26.22,1,1110,3,0
145.0,26.205,1,1111,3,0
145.25,26.22,0,1111,3,0
145.75,26.205,0,1112,3,0
145.25,26.22,0,1112,3,0
145.5,26.205,0,1113,3,0
145.5,26.205,1,1113,3,0
145.25,26.205,1,1114,3,0
145.25,26.205,1,1114,3,0
145.5,26.222499999999997,0,1115,3,0
145.5,26.222499999999997,1,1115,3,0
145.25,26.222499999999997,1,1116,3,0
145.0,26.237499999999997,1,1116,3,0
144.75,26.222499999999997,0,1117,3,0
144.75,26.22,0,1117,3,0
144.5,26.222499999999997,0,1118,3,0
145.0,26.237499999999997,0,1118,3,0
145.5,26.205,0,1119,3,0
145.5,26.235,1,1119,3,0
145.5,26.22,1,1120,3,0
145.5,26.237499999999997,1,1120,3,0
145.25,26.237499999999997,1,1121,3,0
89.75,26.2675,1,1121,2,1
81.5,26.235,1,1122,2,1
81.5,26.2675,1,1122,2,1
81.75,26.2675,0,1123,2,1
81.5,26.22,0,1123,2,1
81.75,26.237499999999997,1,1124,2,1
81.5,26.22,1,1124,2,1
81.5,26.22,0,1125,2,1
81.5,26.252499999999998,1,1125,2,1
81.75,26.237499999999997,0,1126,2,1
81.75,26.22,0,1126,2,1
81.5,26.205,0,1127,2,1
81.75,26.235,0,1127,2,1
82.0,26.235,1,1128,2,1
81.75,26.237499999999997,1,1128,2,1
81.5,26.2025,0,1129,2,1
81.75,26.237499999999997,0,1129,2,1
81.5,26.2025,1,1130,2,1
80.25,26.2025,1,1131,2,1
79.25,26.205,1,1131,2,1
78.75,26.2025,1,1132,2,1
79.0,26.22,0,1132,2,1
78.5,26.2025,0,1133,2,1
78.75,26.2025,1,1133,2,1
78.5,26.2025,0,1134,2,1
79.0,26.2025,0,1134,2,1
79.0,26.2025,0,1135,2,1
78.75,26.22,0,1135,2,1
79.25,26.22,0,1136,2,1
79.5,26.2025,0,1136,2,1
79.5,26.205,1,1137,2,1
79.5,26.22,1,1137,2,1
79.0,26.2025,0,1138,2,1
79.25,26.1875,0,1138,2,1
79.75,26.1875,1,1139,2,1
79.75,26.1875,1,1139,2,1
80.0,26.1875,1,1140,2,1
80.0,26.205,0,1140,2,1
79.75,26.1875,0,1141,2,1
80.0,26.1875,1,1141,2,1
80.0,26.1875,1,1142,2,1
79.75,26.1875,1,1142,2,1
79.75,26.1875,1,1143,2,1
80.0,26.1875,1,1143,2,1
79.75,26.1875,0,1144,2,1
79.75,26.1725,1,1144,2,1
79.75,26.1725,1,1145,2,1
80.0,26.1725,0,1145,2,1
80.0,26.1725,0,1146,2,1
79.75,26.1875,0,1146,2,1
79.75,26.1875,1,1147,2,1
80.0,26.22,0,1147,2,1
79.75,26.1875,1,1148,2,1
79.5,26.205,1,1149,2,1
79.5,26.1875,0,1149,2,1
80.0,26.205,0,1150,2,1
79.5,26.189999999999998,0,1150,2,1
79.75,26.1725,0,1151,2,1
79.75,26.1875,0,1151,2,1
80.0,26.2025,0,1152,2,1
80.0,26.1725,0,1152,2,1
79.75,26.1725,0,1153,2,1
80.0,26.1725,1,1153,2,1
80.0,26.157500000000002,0,1154,2,1
80.0,26.1725,0,1155,2,1
80.0,26.1725,1,1155,2,1
79.75,26.1725,0,1156,2,1
80.0,26.1875,1,1156,2,1
79.75,26.205,0,1157,2,1
80.0,26.157500000000002,0,1157,2,1
79.75,26.157500000000002,0,1158,2,1
80.0,26.189999999999998,0,1158,2,1
79.75,26.1725,0,1159,2,1
79.75,26.1875,1,1159,2,1
79.75,26.1875,1,1160,2,1
80.0,26.1875,1,1160,2,1
79.75,26.1875,1,1161,2,1
80.0,26.1725,0,1161,2,1
79.75,26.1575,0,1162,2,1
80.0,26.1725,0,1162,2,1
80.0,26.1875,0,1163,2,1
80.0,26.1875,0,1163,2,1
80.0,26.1725,1,1164,2,1
80.0,26.1875,1,1164,2,1
79.75,26.1725,1,1165,2,1
80.0,26.1575,1,1165,2,1
79.75,26.1575,0,1166,2,1
80.0,26.1875,0,1166,2,1
80.0,26.1575,0,1167,2,1
80.0,26.1725,0,1167,2,1
80.0,26.1575,1,1168,2,1
80.0,26.1725,0,1168,2,1
80.0,26.1725,0,1169,2,1
80.0,26.1725,0,1169,2,1
80.0,26.1575,0,1170,2,1
80.0,26.1575,0,1170,2,1
80.0,26.1575,0,1171,2,1
80.0,26.1425,1,1171,2,1
80.0,26.1575,1,1172,2,1
80.0,26.1425,0,1172,2,1
80.0,26.1575,0,1173,2,1
80.0,26.1575,0,1173,2,1
80.0,26.1275,0,1174,2,1
80.0,26.1425,0,1174,2,1
80.0,26.1425,0,1175,2,1
80.0,26.1275,0,1175,2,1
80.0,26.142500000000002,0,1176,2,1
80.0,26.1425,0,1176,2,1
80.0,26.1425,0,1177,2,1
80.0,26.1275,1,1177,2,1
80.25,26.1275,0,1178,2,1
80.25,26.1275,0,1179,2,1
80.0,26.1275,0,1179,2,1
80.0,26.142500000000002,1,1180,2,1
80.0,26.1275,0,1180,2,1
80.5,26.1275,0,1181,2,1
80.25,26.1275,0,1181,2,1
80.5,26.1275,0,1182,2,1
80.5,26.1425,0,1182,2,1
80.5,26.1425,0,1183,2,1
80.5,26.1275,0,1183,2,1
80.25,26.1275,0,1184,2,1
80.25,26.1275,0,1184,2,1
80.25,26.1425,0,1185,2,1
80.0,26.1425,0,1185,2,1
80.25,26.1425,1,1186,2,1
80.25,26.1425,1,1186,2,1
80.25,26.1575,1,1187,2,1
80.25,26.1575,1,1187,2,1
80.5,26.142500000000002,1,1188,2,1
80.25,26.1275,1,1188,2,1
80.5,26.1275,1,1189,2,1
80.75,26.1425,1,1189,2,1
80.5,26.1575,1,1190,2,1
80.5,26.1575,1,1190,2,1
80.0,26.157500000000002,1,1191,2,1
80.75,26.1725,1,1191,2,1
7.0,26.157500000000002,1,1192,0,0
0.0,26.142500000000002,1,1192,0,0
0.0,26.142500000000002,0,1193,0,0
0.0,26.142500000000002,0,1193,0,0
0.0,26.142500000000002,0,1194,0,0
0.0,26.11,0,1194,0,0
0.0,26.11,0,1195,0,0
0.0,26.11,0,1195,0,0
0.0,26.095,0,1196,0,0
0.0,26.11,0,1196,0,0
0.0,26.095,0,1197,0,0
0.0,26.095,0,1197,0,0
0.0,26.08,0,1198,0,0
0.0,26.0625,0,1198,0,0
0.0,26.08,0,1199,0,0
0.0,26.0475,0,1199,0,0
0.0,26.0475,0,1200,0,0
0.0,26.0475,0,1200,0,0
0.0,26.0475,0,1201,0,0
0.0,26.0475,0,1201,0,0
0.0,26.0475,0,1202,0,0
0.0,26.0325,0,1203,0,0
0.0,26.0175,0,1203,0,0
0.0,26.0325,0,1204,0,0
0.0,25.985,0,1204,0,0
0.0,25.987499999999997,0,1205,0,0
0.0,26.0175,0,1206,0,0
0.0,25.985,0,1206,0,0
0.0,25.985,0,1207,0,0
0.0,25.985,0,1207,0,0
0.0,25.97,0,1208,0,0
0.0,25.97,0,1208,0,0
0.0,25.955,0,1209,0,0
0.0,25.97,0,1209,0,0
0.0,25.955,0,1210,0,0
0.0,25.955,0,1210,0,0
0.0,25.97,0,1211,0,0
0.0,25.939999999999998,0,1211,0,0
0.0,25.955,0,1212,0,0
0.0,25.955,0,1212,0,0
0.0,25.924999999999997,0,1213,0,0
0.0,25.924999999999997,0,1213,0,0
0.0,25.924999999999997,0,1214,0,0
0.0,25.924999999999997,0,1214,0,0
0.0,25.939999999999998,0,1215,0,0
0.0,25.924999999999997,0,1215,0,0
0.0,25.924999999999997,0,1216,0,0
0.0,25.955,0,1216,0,0
0.0,25.924999999999997,0,1217,0,0
0.0,25.8925,0,1217,0,0
0.0,25.9075,0,1218,0,0
0.0,25.8925,0,1218,0,0
0.0,25.909999999999997,0,1219,0,0
0.0,25.909999999999997,0,1219,0,0
0.0,25.909999999999997,0,1220,0,0
0.0,25.8925,0,1220,0,0
0.0,25.909999999999997,0,1221,0,0
0.0,25.924999999999997,0,1221,0,0
0.0,25.909999999999997,0,1222,0,0
0.0,25.909999999999997,0,1222,0,0
0.0,25.909999999999997,0,1223,0,0
0.0,25.924999999999997,0,1223,0,0
0.0,25.8925,0,1224,0,0
0.0,25.909999999999997,0,1224,0,0
0.0,25.8775,0,1225,0,0
0.0,25.8775,0,1225,0,0
0.0,25.8925,0,1226,0,0
0.0,25.8925,0,1227,0,0
0.0,25.86,0,1227,0,0
0.0,25.895,0,1228,0,0
0.0,25.895,0,1228,0,0
0.0,25.86,0,1229,0,0
0.0,25.8425,0,1229,0,0
0.0,25.8425,0,1230,0,0
0.0,25.8425,0,1230,0,0
0.0,25.8425,0,1231,0,0
0.0,25.8425,0,1231,0,0
0.0,25.8425,0,1232,0,0
0.0,25.8425,0,1232,0,0
0.0,25.8425,0,1233,0,0
0.0,25.86,0,1233,0,0
0.0,25.86,0,1234,0,0
0.0,25.8425,0,1234,0,0
0.0,25.8425,0,1235,0,0
0.0,25.8425,0,1235,0,0
0.0,25.8425,0,1236,0,0
0.0,25.8275,0,1236,0,0
0.0,25.8125,0,1237,0,0
0.0,25.8425,0,1237,0,0
0.0,25.8425,0,1238,0,0
0.0,25.8275,0,1238,0,0
0.0,25.8275,0,1239,0,0
0.0,25.8125,0,1239,0,0
0.0,25.8125,0,1240,0,0
0.0,25.8125,0,1240,0,0
0.0,25.7975,0,1241,0,0
0.0,25.7975,0,1241,0,0
0.0,25.78,0,1242,0,0
0.0,25.795,0,1242,0,0
0.0,25.8125,0,1243,0,0
0.0,25.845,0,1243,0,0
0.0,25.8125,0,1244,0,0
0.0,25.8125,0,1244,0,0
0.0,25.7975,0,1245,0,0
0.0,25.83,0,1245,0,0
0.0,25.8125,0,1246,0,0
0.0,25.7975,0,1246,0,0
0.0,25.7975,0,1247,0,0
0.0,25.7975,0,1247,0,0
0.0,25.7675,0,1248,0,0
0.0,25.7975,0,1248,0,0
0.0,25.7975,0,1249,0,0
0.0,25.7975,0,1249,0,0
0.0,25.7975,0,1250,0,0
0.0,25.78,0,1250,0,0
0.0,25.7975,0,1251,0,0
0.0,25.7675,0,1252,0,0
0.0,25.78,0,1252,0,0
0.0,25.78,0,1253,0,0
0.0,25.7975,0,1253,0,0
0.0,25.7825,0,1254,0,0
0.0,25.8125,0,1254,0,0
0.0,25.8125,0,1255,0,0
0.0,25.7825,0,1255,0,0
0.0,25.7975,0,1256,0,0
0.0,25.7825,0,1256,0,0
0.0,25.765,0,1257,0,0
0.0,25.7825,0,1257,0,0
0.0,25.7825,0,1258,0,0
0.0,25.7825,0,1258,0,0
0.0,25.799999999999997,0,1259,0,0
0.0,25.7825,0,1259,0,0
0.0,25.7825,0,1260,0,0
0.0,25.765,0,1261,0,0
0.0,25.765,0,1261,0,0
0.0,25.765,0,1262,0,0
0.0,25.765,0,1262,0,0
0.0,25.765,0,1263,0,0
0.0,25.765,0,1263,0,0
0.0,25.765,0,1264,0,0
0.0,25.7675,0,1264,0,0
0.0,25.765,0,1265,0,0
0.0,25.765,0,1265,0,0
0.0,25.75,0,1266,0,0
0.0,25.72,0,1266,0,0
0.0,25.735,0,1267,0,0
0.0,25.72,0,1267,0,0
0.0,25.75,0,1268,0,0
0.0,25.72,0,1268,0,0
0.0,25.75,0,1269,0,0
0.0,25.72,0,1269,0,0
0.0,25.72,0,1270,0,0
0.0,25.735,0,1270,0,0
0.0,25.75,0,1271,0,0
0.0,25.735,0,1271,0,0
0.0,25.735,0,1272,0,0
0.0,25.735,0,1272,0,0
0.0,25.75,0,1273,0,0
0.0,25.735,0,1273,0,0
0.0,25.735,0,1274,0,0
0.0,25.75,0,1274,0,0
0.0,25.72,0,1275,0,0
0.0,25.735,0,1276,0,0
0.0,25.735,0,1276,0,0
0.0,25.72,0,1277,0,0
0.0,25.72,0,1277,0,0
0.0,25.705,0,1278,0,0
0.0,25.689999999999998,0,1278,0,0
0.0,25.689999999999998,0,1279,0,0
0.0,25.689999999999998,0,1279,0,0
0.0,25.689999999999998,0,1280,0,0
0.0,25.6725,0,1280,0,0
0.0,25.6725,0,1281,0,0
0.0,25.6725,0,1281,0,0
0.0,25.6725,0,1282,0,0
0.0,25.6875,0,1282,0,0
0.0,25.6875,0,1283,0,0
0.0,25.6575,0,1283,0,0
0.0,25.6575,0,1284,0,0
0.0,25.6575,0,1284,0,0
0.0,25.6425,0,1285,0,0
0.0,25.6575,0,1285,0,0
0.0,25.6425,0,1286,0,0
0.0,25.6425,0,1286,0,0
0.0,25.625,0,1287,0,0
0.0,25.625,0,1288,0,0
0.0,25.6425,0,1288,0,0
0.0,25.6575,0,1289,0,0
0.0,25.627499999999998,0,1289,0,0
0.0,25.6425,0,1290,0,0
0.0,25.6425,0,1290,0,0
0.0,25.6425,0,1291,0,0
0.0,25.6425,0,1291,0,0
0.0,25.6425,0,1292,0,0
0.0,25.627499999999998,0,1292,0,0
0.0,25.6425,0,1293,0,0
0.0,25.6425,0,1293,0,0
0.0,25.625,0,1294,0,0
0.0,25.6575,0,1294,0,0
0.0,25.627499999999998,0,1295,0,0
0.0,25.6425,0,1295,0,0
0.0,25.61,0,1296,0,0
0.0,25.61,0,1296,0,0
0.0,25.627499999999998,0,1297,0,0
0.0,25.61,0,1297,0,0
0.0,25.595,0,1298,0,0
0.0,25.612499999999997,0,1298,0,0
0.0,25.595,0,1299,0,0
0.0,25.612499999999997,0,1300,0,0
0.0,25.61,0,1300,0,0
0.0,25.595,0,1301,0,0
0.0,25.61,0,1301,0,0
0.0,25.595,0,1302,0,0
0.0,25.595,0,1302,0,0
0.0,25.58,0,1303,0,0
0.0,25.58,0,1303,0,0
0.0,25.595,0,1304,0,0
0.0,25.58,0,1304,0,0
0.0,25.595,0,1305,0,0
0.0,25.61,0,1305,0,0
0.0,25.595,0,1306,0,0
0.0,25.61,0,1306,0,0
0.0,25.595,0,1307,0,0
0.0,25.61,0,1307,0,0
0.0,25.612499999999997,0,1308,0,0
0.0,25.595,0,1308,0,0
0.0,25.595,0,1309,0,0
0.0,25.595,0,1309,0,0
0.0,25.612499999999997,0,1310,0,0
0.0,25.597499999999997,0,1310,0,0
0.0,25.58,0,1311,0,0
0.0,25.597499999999997,0,1311,0,0
0.0,25.58,0,1312,0,0
0.0,25.58,0,1312,0,0
0.0,25.58,0,1313,0,0
0.0,25.58,0,1313,0,0
0.0,25.597499999999997,0,1314,0,0
0.0,25.564999999999998,0,1314,0,0
0.0,25.5825,0,1315,0,0
0.0,25.565,0,1315,0,0
0.0,25.565,0,1316,0,0
0.0,25.564999999999998,0,1317,0,0
0.0,25.58,0,1317,0,0
0.0,25.58,0,1318,0,0
0.0,25.564999999999998,0,1318,0,0
0.0,25.564999999999998,0,1319,0,0
0.0,25.55,0,1319,0,0
0.0,25.55,0,1320,0,0
0.0,25.564999999999998,0,1320,0,0
0.0,25.55,0,1321,0,0
0.0,25.55,0,1321,0,0
0.0,25.55,0,1322,0,0
0.0,25.564999999999998,0,1322,0,0
0.0,25.55,0,1323,0,0
0.0,25.55,0,1324,0,0
0.0,25.58,0,1324,0,0
0.0,25.565,0,1325,0,0
0.0,25.55,0,1325,0,0
0.0,25.5325,0,1326,0,0
0.0,25.564999999999998,0,1326,0,0
0.0,25.55,0,1327,0,0
0.0,25.565,0,1327,0,0
0.0,25.5325,0,1328,0,0
0.0,25.55,0,1328,0,0
0.0,25.53,0,1329,0,0
0.0,25.55,0,1329,0,0
0.0,25.55,0,1330,0,0
0.0,25.565,0,1330,0,0
0.0,25.565,0,1331,0,0
0.0,25.53,0,1331,0,0
0.0,25.565,0,1332,0,0
0.0,25.5475,0,1332,0,0
0.0,25.565,0,1333,0,0
0.0,25.515,0,1333,0,0
0.0,25.5475,0,1334,0,0
0.0,25.5325,0,1334,0,0
0.0,25.5475,0,1335,0,0
0.0,25.515,0,1335,0,0
0.0,25.515,0,1336,0,0
0.0,25.5,0,1336,0,0
0.0,25.5,0,1337,0,0
0.0,25.515,0,1337,0,0
0.0,25.53,0,1338,0,0
0.0,25.5325,0,1338,0,0
0.0,25.5475,0,1339,0,0
0.0,25.5,0,1339,0,0
0.0,25.5,0,1340,0,0
0.0,25.5,0,1340,0,0
0.0,25.5,0,1341,0,0
0.0,25.47,0,1341,0,0
0.0,25.485,0,1342,0,0
0.0,25.515,0,1342,0,0
0.0,25.5,0,1343,0,0
0.0,25.5,0,1343,0,0
0.0,25.485,0,1344,0,0
0.0,25.47,0,1344,0,0
0.0,25.485,0,1345,0,0
0.0,25.485,0,1345,0,0
0.0,25.485,0,1346,0,0
0.0,25.485,0,1346,0,0
0.0,25.47,0,1347,0,0
0.0,25.47,0,1348,0,0
0.0,25.455,0,1348,0,0
0.0,25.455,0,1349,0,0
0.0,25.485,0,1349,0,0
0.0,25.485,0,1350,0,0
0.0,25.5,0,1350,0,0
0.0,25.485,0,1351,0,0
0.0,25.485,0,1351,0,0
0.0,25.485,0,1352,0,0
0.0,25.47,0,1352,0,0
0.0,25.5,0,1353,0,0
0.0,25.47,0,1353,0,0
0.0,25.455,0,1354,0,0
0.0,25.455,0,1354,0,0
0.0,25.455,0,1355,0,0
0.0,25.47,0,1355,0,0
0.0,25.47,0,1356,0,0
0.0,25.5325,0,1356,0,0
0.0,25.485,0,1357,0,0
0.0,25.47,0,1357,0,0
0.0,25.485,0,1358,0,0
0.0,25.455,0,1358,0,0
0.0,25.485,0,1359,0,0
0.0,25.47,0,1359,0,0
0.0,25.439999999999998,0,1360,0,0
0.0,25.439999999999998,0,1360,0,0
0.0,25.439999999999998,0,1361,0,0
0.0,25.455,0,1361,0,0
0.0,25.4375,0,1362,0,0
0.0,25.4225,0,1362,0,0
0.0,25.439999999999998,0,1363,0,0
0.0,25.439999999999998,0,1363,0,0
0.0,25.47,0,1364,0,0
0.0,25.4375,0,1364,0,0
0.0,25.5,0,1365,0,0
0.0,25.467499999999998,0,1365,0,0
0.0,25.47,0,1366,0,0
0.0,25.455,0,1366,0,0
0.0,25.467499999999998,0,1367,0,0
0.0,25.4375,0,1367,0,0
0.0,25.4375,0,1368,0,0
0.0,25.455,0,1368,0,0
0.0,25.4525,0,1369,0,0
0.0,25.452499999999997,0,1369,0,0
0.0,25.4375,0,1370,0,0
0.0,25.4525,0,1370,0,0
0.0,25.452499999999997,0,1371,0,0
0.0,25.455,0,1372,0,0
0.0,25.455,0,1372,0,0
0.0,25.4375,0,1373,0,0
0.0,25.405,0,1373,0,0
0.0,25.405,0,1374,0,0
0.0,25.405,0,1375,0,0
0.0,25.4225,0,1375,0,0
0.0,25.4225,0,1376,0,0
0.0,25.4225,0,1376,0,0
0.0,25.4225,0,1377,0,0
0.0,25.4225,0,1377,0,0
0.0,25.4225,0,1378,0,0
0.0,25.4225,0,1378,0,0
0.0,25.4375,0,1379,0,0
0.0,25.4225,0,1379,0,0
0.0,25.4375,0,1380,0,0
0.0,25.439999999999998,0,1380,0,0
0.0,25.4375,0,1381,0,0
0.0,25.4225,0,1381,0,0
0.0,25.4375,0,1382,0,0
0.0,25.4225,0,1382,0,0
0.0,25.4225,0,1383,0,0
0.0,25.4225,0,1383,0,0
0.0,25.4225,0,1384,0,0
0.0,25.4375,0,1384,0,0
0.0,25.4375,0,1385,0,0
0.0,25.4375,0,1385,0,0
0.0,25.4225,0,1386,0,0
0.0,25.4225,0,1386,0,0
0.0,25.4075,0,1387,0,0
0.0,25.4075,0,1387,0,0
0.0,25.4075,0,1388,0,0
0.0,25.36,0,1388,0,0
0.0,25.39,0,1389,0,0
0.0,25.405,0,1389,0,0
0.0,25.3925,0,1390,0,0
0.0,25.4075,0,1390,0,0
0.0,25.4075,0,1391,0,0
0.0,25.39,0,1391,0,0
0.0,25.4075,0,1392,0,0
0.0,25.39,0,1392,0,0
0.0,25.4075,0,1393,0,0
0.0,25.375,0,1393,0,0
0.0,25.375,0,1394,0,0
0.0,25.4075,0,1394,0,0
0.0,25.39,0,1395,0,0
0.0,25.405,0,1396,0,0
0.0,25.4075,0,1396,0,0
0.0,25.4075,0,1397,0,0
0.0,25.4075,0,1397,0,0
0.0,25.405,0,1398,0,0
0.0,25.405,0,1398,0,0
0.0,25.39,0,1399,0,0
0.0,25.375,0,1399,0,0
0.0,25.375,0,1400,0,0
0.0,25.375,0,1400,0,0
0.0,25.375,0,1401,0,0
0.0,25.375,0,1401,0,0
0.0,25.36,0,1402,0,0
0.0,25.36,0,1402,0,0
0.0,25.36,0,1403,0,0
0.0,25.375,0,1403,0,0
0.0,25.345,0,1404,0,0
0.0,25.345,0,1404,0,0
0.0,25.36,0,1405,0,0
0.0,25.377499999999998,0,1405,0,0
0.0,25.375,0,1406,0,0
0.0,25.36,0,1406,0,0
0.0,25.375,0,1407,0,0
0.0,25.36,0,1407,0,0
0.0,25.36,0,1408,0,0
0.0,25.36,0,1408,0,0
0.0,25.345,0,1409,0,0
0.0,25.36,0,1409,0,0
0.0,25.36,0,1410,0,0
0.0,25.36,0,1410,0,0
0.0,25.36,0,1411,0,0
0.0,25.345,0,1411,0,0
0.0,25.36,0,1412,0,0
0.0,25.36,0,1412,0,0
0.0,25.377499999999998,0,1413,0,0
0.0,25.345,0,1413,0,0
0.0,25.377499999999998,0,1414,0,0
0.0,25.377499999999998,0,1414,0,0
0.0,25.3925,0,1415,0,0
0.0,25.377499999999998,0,1415,0,0
0.0,25.36,0,1416,0,0
0.0,25.377499999999998,0,1416,0,0
0.0,25.36,0,1417,0,0
0.0,25.36,0,1417,0,0
0.0,25.36,0,1418,0,0
0.0,25.36,0,1418,0,0
0.0,25.377499999999998,0,1419,0,0
0.0,25.36,0,1420,0,0
0.0,25.345,0,1420,0,0
0.0,25.345,0,1421,0,0
0.0,25.36,0,1421,0,0
0.0,25.345,0,1422,0,0
0.0,25.345,0,1422,0,0
0.0,25.345000000000002,0,1423,0,0
0.0,25.36,0,1423,0,0
0.0,25.36,0,1424,0,0
0.0,25.345000000000002,0,1424,0,0
0.0,25.345000000000002,0,1425,0,0
0.0,25.330000000000002,0,1425,0,0
0.0,25.345000000000002,0,1426,0,0
0.0,25.330000000000002,0,1426,0,0
0.0,25.345000000000002,0,1427,0,0
0.0,25.345,0,1427,0,0
0.0,25.36,0,1428,0,0
0.0,25.36,0,1428,0,0
0.0,25.345,0,1429,0,0
0.0,25.330000000000002,0,1429,0,0
0.0,25.345,0,1430,0,0
0.0,25.345000000000002,0,1431,0,0
0.0,25.36,0,1431,0,0
0.0,25.345000000000002,0,1432,0,0
0.0,25.36,0,1432,0,0
0.0,25.345000000000002,0,1433,0,0
0.0,25.345000000000002,0,1433,0,0
0.0,25.330000000000002,0,1434,0,0
0.0,25.330000000000002,0,1434,0,0
0.0,25.315,0,1435,0,0
0.0,25.345000000000002,0,1436,0,0
0.0,25.330000000000002,0,1436,0,0
0.0,25.3625,0,1437,0,0
0.0,25.3625,0,1437,0,0
0.0,25.347499999999997,0,1438,0,0
0.0,25.345000000000002,0,1438,0,0
0.0,25.3625,0,1439,0,0
0.0,25.345000000000002,0,1439,0,0
0.0,25.3625,0,0,0,0
0.0,25.36,0,1,0,0
0.0,25.377499999999998,0,1,0,0
0.0,25.36,0,2,0,0
0.0,25.36,0,2,0,0
0.0,25.345000000000002,0,3,0,0
0.0,25.330000000000002,0,3,0,0
0.0,25.345000000000002,0,4,0,0
0.0,25.345000000000002,0,5,0,0
0.0,25.345000000000002,0,5,0,0
0.0,25.3625,0,6,0,0
0.0,25.3625,0,6,0,0
0.0,25.3625,0,7,0,0
0.0,25.3625,0,7,0,0
0.0,25.392500000000002,0,8,0,0
0.0,25.3925,0,8,0,0
0.0,25.377499999999998,0,9,0,0
0.0,25.3625,0,9,0,0
0.0,25.3625,0,10,0,0
0.0,25.3625,0,10,0,0
0.0,25.3625,0,11,0,0
0.0,25.3775,0,11,0,0
0.0,25.3925,0,12,0,0
0.0,25.3775,0,12,0,0
0.0,25.377499999999998,0,13,0,0
0.0,25.3775,0,13,0,0
0.0,25.3775,0,14,0,0
0.0,25.377499999999998,0,14,0,0
0.0,25.3925,0,15,0,0
0.0,25.3925,0,15,0,0
0.0,25.3925,0,16,0,0
0.0,25.3925,0,16,0,0
0.0,25.3925,0,17,0,0
0.0,25.3925,0,17,0,0
0.0,25.3775,0,18,0,0
0.0,25.3775,0,18,0,0
0.0,25.3925,0,19,0,0
0.0,25.3775,0,19,0,0
0.0,25.3775,0,20,0,0
0.0,25.3775,0,20,0,0
0.0,25.392500000000002,0,21,0,0
0.0,25.392500000000002,0,21,0,0
0.0,25.3925,0,22,0,0
0.0,25.3775,0,22,0,0
0.0,25.3775,0,23,0,0
0.0,25.3775,0,23,0,0
0.0,25.3775,0,24,0,0
0.0,25.392500000000002,0,24,0,0
0.0,25.3775,0,25,0,0
0.0,25.3775,0,25,0,0
0.0,25.3775,0,26,0,0
0.0,25.3925,0,26,0,0
0.0,25.3475,0,27,0,0
0.0,25.3775,0,27,0,0
0.0,25.3925,0,28,0,0
0.0,25.3625,0,29,0,0
0.0,25.3475,0,29,0,0
0.0,25.3625,0,30,0,0
0.0,25.3775,0,30,0,0
0.0,25.3775,0,31,0,0
0.0,25.3625,0,31,0,0
0.0,25.3775,0,32,0,0
0.0,25.3775,0,32,0,0
0.0,25.3625,0,33,0,0
0.0,25.3625,0,33,0,0
0.0,25.3775,0,34,0,0
0.0,25.3775,0,34,0,0
0.0,25.3775,0,35,0,0
0.0,25.392500000000002,0,35,0,0
0.0,25.392500000000002,0,36,0,0
0.0,25.407500000000002,0,36,0,0
0.0,25.392500000000002,0,37,0,0
0.0,25.3775,0,37,0,0
0.0,25.3625,0,38,0,0
0.0,25.3775,0,38,0,0
0.0,25.3775,0,39,0,0
0.0,25.3775,0,39,0,0
0.0,25.3775,0,40,0,0
0.0,25.3775,0,40,0,0
0.0,25.3775,0,41,0,0
0.0,25.392500000000002,0,42,0,0
0.0,25.3775,0,42,0,0
0.0,25.3775,0,43,0,0
0.0,25.3925,0,43,0,0
0.0,25.392500000000002,0,44,0,0
0.0,25.392500000000002,0,44,0,0
0.0,25.392500000000002,0,45,0,0
0.0,25.3775,0,45,0,0
0.0,25.3775,0,46,0,0
0.0,25.3625,0,47,0,0
0.0,25.392500000000002,0,47,0,0
0.0,25.392500000000002,0,48,0,0
0.0,25.392500000000002,0,48,0,0
0.0,25.3775,0,49,0,0
0.0,25.392500000000002,0,49,0,0
0.0,25.392500000000002,0,50,0,0
0.0,25.3775,0,50,0,0
0.0,25.407500000000002,0,51,0,0
0.0,25.392500000000002,0,51,0,0
0.0,25.392500000000002,0,52,0,0
0.0,25.3625,0,53,0,0
0.0,25.3625,0,53,0,0
0.0,25.392500000000002,0,54,0,0
0.0,25.3775,0,54,0,0
0.0,25.3775,0,55,0,0
0.0,25.392500000000002,0,55,0,0
0.0,25.3775,0,56,0,0
0.0,25.3625,0,56,0,0
0.0,25.3775,0,57,0,0
0.0,25.3625,0,57,0,0
0.0,25.3625,0,58,0,0
0.0,25.3625,0,58,0,0
0.0,25.3625,0,59,0,0
0.0,25.3625,0,59,0,0
0.0,25.3475,0,60,0,0
0.0,25.3625,0,60,0,0
0.0,25.3475,0,61,0,0
0.0,25.3625,0,61,0,0
0.0,25.3475,0,62,0,0
0.0,25.3625,0,62,0,0
0.0,25.3775,0,63,0,0
0.0,25.3325,0,63,0,0
0.0,25.3775,0,64,0,0
0.0,25.392500000000002,0,64,0,0
0.0,25.3625,0,65,0,0
0.0,25.3775,0,65,0,0
0.0,25.3625,0,66,0,0
0.0,25.3475,0,66,0,0
0.0,25.3625,0,67,0,0
0.0,25.3475,0,67,0,0
0.0,25.3475,0,68,0,0
0.0,25.3775,0,68,0,0
0.0,25.3775,0,69,0,0
0.0,25.3625,0,69,0,0
0.0,25.3775,0,70,0,0
0.0,25.3475,0,70,0,0
0.0,25.3475,0,71,0,0
0.0,25.3625,0,71,0,0
0.0,25.3625,0,72,0,0
0.0,25.3625,0,72,0,0
0.0,25.3325,0,73,0,0
0.0,25.3625,0,73,0,0
0.0,25.3475,0,74,0,0
0.0,25.3625,0,74,0,0
0.0,25.3475,0,75,0,0
0.0,25.3475,0,75,0,0
0.0,25.3625,0,76,0,0
0.0,25.3475,0,77,0,0
0.0,25.3475,0,77,0,0
0.0,25.3475,0,78,0,0
0.0,25.3475,0,78,0,0
0.0,25.3625,0,79,0,0
0.0,25.3475,0,79,0,0
0.0,25.3625,0,80,0,0
0.0,25.3625,0,80,0,0
0.0,25.3475,0,81,0,0
0.0,25.3325,0,81,0,0
0.0,25.3625,0,82,0,0
0.0,25.3625,0,82,0,0
0.0,25.3625,0,83,0,0
0.0,25.3625,0,83,0,0
0.0,25.3625,0,84,0,0
0.0,25.3475,0,84,0,0
0.0,25.3475,0,85,0,0
0.0,25.3475,0,85,0,0
0.0,25.3475,0,86,0,0
0.0,25.3475,0,86,0,0
0.0,25.3475,0,87,0,0
0.0,25.3475,0,87,0,0
0.0,25.3475,0,88,0,0
0.0,25.3775,0,88,0,0
0.0,25.3775,0,89,0,0
0.0,25.3775,0,89,0,0
0.0,25.3475,0,90,0,0
0.0,25.3475,0,90,0,0
0.0,25.3775,0,91,0,0
0.0,25.3625,0,91,0,0
0.0,25.3625,0,92,0,0
0.0,25.3475,0,92,0,0
0.0,25.33,0,93,0,0
0.0,25.3475,0,93,0,0
0.0,25.3625,0,94,0,0
0.0,25.3475,0,94,0,0
0.0,25.3475,0,95,0,0
0.0,25.3475,0,95,0,0
0.0,25.3475,0,96,0,0
0.0,25.3475,0,96,0,0
0.0,25.3775,0,97,0,0
0.0,25.3775,0,97,0,0
0.0,25.3625,0,98,0,0
0.0,25.3475,0,98,0,0
0.0,25.3325,0,99,0,0
0.0,25.3325,0,99,0,0
0.0,25.3325,0,100,0,0
0.0,25.3475,0,101,0,0
0.0,25.3475,0,101,0,0
0.0,25.3475,0,102,0,0
0.0,25.3325,0,103,0,0
0.0,25.3475,0,103,0,0
0.0,25.3475,0,104,0,0
0.0,25.3475,0,104,0,0
0.0,25.3475,0,105,0,0
0.0,25.3625,0,105,0,0
0.0,25.3625,0,106,0,0
0.0,25.3475,0,106,0,0
0.0,25.3625,0,107,0,0
0.0,25.3625,0,107,0,0
0.0,25.3475,0,108,0,0
0.0,25.3475,0,108,0,0
0.0,25.3325,0,109,0,0
0.0,25.3475,0,109,0,0
0.0,25.3475,0,110,0,0
0.0,25.3475,0,110,0,0
0.0,25.3475,0,111,0,0
0.0,25.3325,0,111,0,0
0.0,25.3325,0,112,0,0
0.0,25.3325,0,112,0,0
0.0,25.3325,0,113,0,0
0.0,25.3325,0,113,0,0
0.0,25.3325,0,114,0,0
0.0,25.3325,0,114,0,0
0.0,25.3325,0,115,0,0
0.0,25.3325,0,115,0,0
0.0,25.3475,0,116,0,0
0.0,25.3475,0,116,0,0
0.0,25.3475,0,117,0,0
0.0,25.3475,0,117,0,0
0.0,25.3475,0,118,0,0
0.0,25.3475,0,118,0,0
0.0,25.3475,0,119,0,0
0.0,25.33,0,119,0,0
0.0,25.314999999999998,0,120,0,0
0.0,25.3325,0,120,0,0
0.0,25.3325,0,121,0,0
0.0,25.3325,0,121,0,0
0.0,25.314999999999998,0,122,0,0
0.0,25.33,0,122,0,0
0.0,25.3475,0,123,0,0
0.0,25.3475,0,123,0,0
0.0,25.3475,0,124,0,0
0.0,25.33,0,125,0,0
0.0,25.3625,0,125,0,0
0.0,25.3475,0,126,0,0
0.0,25.3475,0,126,0,0
0.0,25.3475,0,127,0,0
0.0,25.3475,0,127,0,0
0.0,25.3475,0,128,0,0
0.0,25.33,0,128,0,0
0.0,25.3475,0,129,0,0
0.0,25.3475,0,129,0,0
0.0,25.33,0,130,0,0
0.0,25.33,0,130,0,0
0.0,25.3475,0,131,0,0
0.0,25.2975,0,131,0,0
0.0,25.33,0,132,0,0
0.0,25.3475,0,132,0,0
0.0,25.3475,0,133,0,0
0.0,25.33,0,133,0,0
0.0,25.3475,0,134,0,0
0.0,25.314999999999998,0,134,0,0
0.0,25.33,0,135,0,0
0.0,25.3475,0,135,0,0
0.0,25.33,0,136,0,0
0.0,25.3475,0,136,0,0
0.0,25.33,0,137,0,0
0.0,25.3475,0,137,0,0
0.0,25.3325,0,138,0,0
0.0,25.314999999999998,0,138,0,0
0.0,25.33,0,139,0,0
0.0,25.3475,0,139,0,0
0.0,25.3475,0,140,0,0
0.0,25.33,0,140,0,0
0.0,25.33,0,141,0,0
0.0,25.3125,0,141,0,0
0.0,25.314999999999998,0,142,0,0
0.0,25.3125,0,142,0,0
0.0,25.3475,0,143,0,0
0.0,25.3325,0,143,0,0
0.0,25.3125,0,144,0,0
0.0,25.2975,0,144,0,0
0.0,25.3325,0,145,0,0
0.0,25.314999999999998,0,145,0,0
0.0,25.314999999999998,0,146,0,0
0.0,25.2975,0,146,0,0
0.0,25.314999999999998,0,147,0,0
0.0,25.314999999999998,0,147,0,0
0.0,25.2825,0,148,0,0
0.0,25.314999999999998,0,149,0,0
0.0,25.279999999999998,0,149,0,0
0.0,25.294999999999998,0,150,0,0
0.0,25.314999999999998,0,150,0,0
0.0,25.2975,0,151,0,0
0.0,25.294999999999998,0,151,0,0
0.0,25.294999999999998,0,152,0,0
0.0,25.279999999999998,0,152,0,0
0.0,25.2975,0,153,0,0
0.0,25.2975,0,153,0,0
0.0,25.2975,0,154,0,0
0.0,25.2975,0,154,0,0
0.0,25.279999999999998,0,155,0,0
0.0,25.279999999999998,0,155,0,0
0.0,25.2975,0,156,0,0
0.0,25.2975,0,156,0,0
0.0,25.2975,0,157,0,0
0.0,25.2975,0,157,0,0
0.0,25.2975,0,158,0,0
0.0,25.2975,0,158,0,0
0.0,25.2975,0,159,0,0
0.0,25.279999999999998,0,160,0,0
0.0,25.2975,0,160,0,0
0.0,25.2975,0,161,0,0
0.0,25.2975,0,161,0,0
0.0,25.2975,0,162,0,0
0.0,25.2975,0,162,0,0
0.0,25.2975,0,163,0,0
0.0,25.2975,0,163,0,0
0.0,25.2975,0,164,0,0
0.0,25.279999999999998,0,164,0,0
0.0,25.279999999999998,0,165,0,0
0.0,25.279999999999998,0,165,0,0
0.0,25.279999999999998,0,166,0,0
0.0,25.265,0,166,0,0
0.0,25.279999999999998,0,167,0,0
0.0,25.279999999999998,0,167,0,0
0.0,25.279999999999998,0,168,0,0
0.0,25.279999999999998,0,168,0,0
0.0,25.2825,0,169,0,0
0.0,25.264999999999997,0,169,0,0
0.0,25.2975,0,170,0,0
0.0,25.279999999999998,0,170,0,0
0.0,25.2675,0,171,0,0
0.0,25.279999999999998,0,171,0,0
0.0,25.2825,0,172,0,0
0.0,25.279999999999998,0,173,0,0
0.0,25.2975,0,173,0,0
0.0,25.279999999999998,0,174,0,0
0.0,25.265,0,174,0,0
0.0,25.2825,0,175,0,0
0.0,25.264999999999997,0,175,0,0
0.0,25.264999999999997,0,176,0,0
0.0,25.279999999999998,0,176,0,0
0.0,25.265,0,177,0,0
0.0,25.264999999999997,0,177,0,0
0.0,25.264999999999997,0,178,0,0
0.0,25.2675,0,178,0,0
0.0,25.2975,0,179,0,0
0.0,25.279999999999998,0,179,0,0
0.0,25.265,0,180,0,0
0.0,25.265,0,180,0,0
0.0,25.279999999999998,0,181,0,0
0.0,25.265,0,181,0,0
0.0,25.264999999999997,0,182,0,0
0.0,25.279999999999998,0,182,0,0
0.0,25.25,0,183,0,0
0.0,25.264999999999997,0,183,0,0
0.0,25.264999999999997,0,184,0,0
0.0,25.264999999999997,0,184,0,0
0.0,25.264999999999997,0,185,0,0
0.0,25.264999999999997,0,185,0,0
0.0,25.279999999999998,0,186,0,0
0.0,25.279999999999998,0,186,0,0
0.0,25.265,0,187,0,0
0.0,25.264999999999997,0,187,0,0
0.0,25.264999999999997,0,188,0,0
0.0,25.264999999999997,0,188,0,0
0.0,25.25,0,189,0,0
0.0,25.2825,0,189,0,0
0.0,25.25,0,190,0,0
0.0,25.25,0,190,0,0
0.0,25.25,0,191,0,0
0.0,25.25,0,191,0,0
0.0,25.25,0,192,0,0
0.0,25.25,0,192,0,0
0.0,25.264999999999997,0,193,0,0
0.0,25.265,0,193,0,0
0.0,25.279999999999998,0,194,0,0
0.0,25.264999999999997,0,194,0,0
0.0,25.264999999999997,0,195,0,0
0.0,25.264999999999997,0,195,0,0
0.0,25.25,0,196,0,0
0.0,25.25,0,196,0,0
0.0,25.25,0,197,0,0
0.0,25.264999999999997,0,198,0,0
0.0,25.25,0,198,0,0
0.0,25.265,0,199,0,0
0.0,25.265,0,199,0,0
0.0,25.264999999999997,0,200,0,0
0.0,25.25,0,200,0,0
0.0,25.264999999999997,0,201,0,0
0.0,25.264999999999997,0,201,0,0
0.0,25.25,0,202,0,0
0.0,25.25,0,202,0,0
0.0,25.265,0,203,0,0
0.0,25.265,0,203,0,0
0.0,25.25,0,204,0,0
0.0,25.25,0,204,0,0
0.0,25.25,0,205,0,0
0.0,25.25,0,205,0,0
0.0,25.235,0,206,0,0
0.0,25.25,0,206,0,0
0.0,25.25,0,207,0,0
0.0,25.235,0,207,0,0
0.0,25.264999999999997,0,208,0,0
0.0,25.25,0,209,0,0
0.0,25.25,0,209,0,0
0.0,25.25,0,210,0,0
0.0,25.235,0,210,0,0
0.0,25.235,0,211,0,0
0.0,25.264999999999997,0,211,0,0
0.0,25.25,0,212,0,0
0.0,25.235,0,212,0,0
0.0,25.25,0,213,0,0
0.0,25.235,0,213,0,0
0.0,25.25,0,214,0,0
0.0,25.235,0,214,0,0
0.0,25.25,0,215,0,0
0.0,25.265,0,216,0,0
0.0,25.25,0,216,0,0
0.0,25.235,0,217,0,0
0.0,25.235,0,217,0,0
0.0,25.25,0,218,0,0
0.0,25.25,0,218,0,0
0.0,25.25,0,219,0,0
0.0,25.235,0,219,0,0
0.0,25.265,0,220,0,0
0.0,25.235,0,220,0,0
0.0,25.235,0,221,0,0
0.0,25.235,0,222,0,0
0.0,25.235,0,222,0,0
0.0,25.235,0,223,0,0
0.0,25.235,0,223,0,0
0.0,25.235,0,224,0,0
0.0,25.25,0,224,0,0
0.0,25.22,0,225,0,0
0.0,25.235,0,225,0,0
0.0,25.235,0,226,0,0
0.0,25.235,0,226,0,0
0.0,25.25,0,227,0,0
0.0,25.22,0,227,0,0
0.0,25.22,0,228,0,0
0.0,25.235,0,228,0,0
0.0,25.25,0,229,0,0
0.0,25.25,0,229,0,0
0.0,25.235,0,230,0,0
0.0,25.235,0,230,0,0
0.0,25.235,0,231,0,0
0.0,25.2025,0,231,0,0
0.0,25.2175,0,232,0,0
0.0,25.2025,0,232,0,0
0.0,25.22,0,233,0,0
0.0,25.25,0,233,0,0
0.0,25.235,0,234,0,0
0.0,25.2175,0,234,0,0
0.0,25.235,0,235,0,0
0.0,25.235,0,235,0,0
0.0,25.2175,0,236,0,0
0.0,25.22,0,236,0,0
0.0,25.2175,0,237,0,0
0.0,25.22,0,237,0,0
0.0,25.22,0,238,0,0
0.0,25.22,0,238,0,0
0.0,25.22,0,239,0,0
0.0,25.1875,0,239,0,0
0.0,25.205,0,240,0,0
0.0,25.205,0,240,0,0
0.0,25.235,0,241,0,0
0.0,25.205,0,241,0,0
0.0,25.235,0,242,0,0
0.0,25.235,0,242,0,0
0.0,25.235,0,243,0,0
0.0,25.235,0,243,0,0
0.0,25.235,0,244,0,0
0.0,25.22,0,244,0,0
0.0,25.205,0,245,0,0
0.0,25.205,0,246,0,0
0.0,25.22,0,246,0,0
0.0,25.22,0,247,0,0
0.0,25.22,0,247,0,0
0.0,25.22,0,248,0,0
0.0,25.205,0,248,0,0
0.0,25.2025,0,249,0,0
0.0,25.1875,0,249,0,0
0.0,25.205,0,250,0,0
0.0,25.205,0,250,0,0
0.0,25.205,0,251,0,0
0.0,25.2175,0,251,0,0
0.0,25.2175,0,252,0,0
0.0,25.2025,0,252,0,0
0.0,25.205,0,253,0,0
0.0,25.22,0,253,0,0
0.0,25.205,0,254,0,0
0.0,25.205,0,254,0,0
0.0,25.205,0,255,0,0
0.0,25.205,0,255,0,0
0.0,25.1875,0,256,0,0
0.0,25.1875,0,256,0,0
0.0,25.2025,0,257,0,0
0.0,25.1875,0,257,0,0
0.0,25.205,0,258,0,0
0.0,25.1875,0,258,0,0
0.0,25.205,0,259,0,0
0.0,25.1875,0,259,0,0
0.0,25.205,0,260,0,0
0.0,25.205,0,260,0,0
0.0,25.205,0,261,0,0
0.0,25.22,0,261,0,0
0.0,25.205,0,262,0,0
0.0,25.1875,0,262,0,0
0.0,25.1875,0,263,0,0
0.0,25.205,0,263,0,0
0.0,25.205,0,264,0,0
0.0,25.189999999999998,0,264,0,0
0.0,25.205,0,265,0,0
0.0,25.1875,0,265,0,0
0.0,25.205,0,266,0,0
0.0,25.189999999999998,0,266,0,0
0.0,25.205,0,267,0,0
0.0,25.1875,0,267,0,0
0.0,25.1875,0,268,0,0
0.0,25.2025,0,268,0,0
0.0,25.1875,0,269,0,0
0.0,25.1875,0,270,0,0
0.0,25.205,0,270,0,0
0.0,25.1875,0,271,0,0
0.0,25.205,0,271,0,0
0.0,25.205,0,272,0,0
0.0,25.1875,0,273,0,0
0.0,25.1875,0,273,0,0
0.0,25.1875,0,274,0,0
0.0,25.1875,0,274,0,0
0.0,25.1875,0,275,0,0
0.0,25.1875,0,275,0,0
0.0,25.1875,0,276,0,0
0.0,25.1875,0,276,0,0
0.0,25.157500000000002,0,277,0,0
0.0,25.1875,0,277,0,0
0.0,25.1725,0,278,0,0
0.0,25.1725,0,278,0,0
0.0,25.205,0,279,0,0
0.0,25.189999999999998,0,279,0,0
0.0,25.1875,0,280,0,0
0.0,25.189999999999998,0,280,0,0
0.0,25.189999999999998,0,281,0,0
0.0,25.1725,0,281,0,0
0.0,25.1725,0,282,0,0
0.0,25.1725,0,282,0,0
0.0,25.1875,0,283,0,0
0.0,25.1725,0,284,0,0
0.0,25.1725,0,284,0,0
0.0,25.1575,0,285,0,0
0.0,25.1875,0,285,0,0
0.0,25.1875,0,286,0,0
0.0,25.1875,0,286,0,0
0.0,25.1725,0,287,0,0
0.0,25.189999999999998,0,287,0,0
0.0,25.1875,0,288,0,0
0.0,25.1725,0,288,0,0
0.0,25.205,0,289,0,0
0.0,25.189999999999998,0,289,0,0
0.0,25.1875,0,290,0,0
0.0,25.1725,0,290,0,0
0.0,25.1725,0,291,0,0
0.0,25.1875,0,291,0,0
0.0,25.1875,0,292,0,0
0.0,25.1875,0,292,0,0
0.0,25.1875,0,293,0,0
0.0,25.1725,0,294,0,0
0.0,25.157500000000002,0,294,0,0
0.0,25.1725,0,295,0,0
0.0,25.205,0,295,0,0
0.0,25.1875,0,296,0,0
0.0,25.1725,0,296,0,0
0.0,25.1575,0,297,0,0
0.0,25.1575,0,297,0,0
0.0,25.1725,0,298,0,0
0.0,25.1575,0,298,0,0
0.0,25.174999999999997,0,299,0,0
0.0,25.1575,0,299,0,0
0.0,25.1575,0,300,0,0
0.0,25.1425,0,300,0,0
0.0,25.1725,0,301,0,0
0.0,25.1725,0,301,0,0
0.0,25.1575,0,302,0,0
0.0,25.1575,0,302,0,0
0.0,25.1425,0,303,0,0
0.0,25.1575,0,303,0,0
0.0,25.1425,0,304,0,0
0.0,25.1725,0,304,0,0
0.0,25.189999999999998,0,305,0,0
0.0,25.1575,0,305,0,0
0.0,25.1425,0,306,0,0
0.0,25.1575,0,306,0,0
0.0,25.1425,0,307,0,0
0.0,25.1575,0,307,0,0
0.0,25.1425,0,308,0,0
0.0,25.1725,0,308,0,0
0.0,25.1575,0,309,0,0
0.0,25.1425,0,309,0,0
0.0,25.1425,0,310,0,0
0.0,25.1425,0,310,0,0
0.0,25.1425,0,311,0,0
0.0,25.1425,0,311,0,0
0.0,25.1425,0,312,0,0
0.0,25.1575,0,312,0,0
0.0,25.1275,0,313,0,0
0.0,25.1575,0,313,0,0
0.0,25.1575,0,314,0,0
0.0,25.142500000000002,0,314,0,0
0.0,25.1275,0,315,0,0
0.0,25.1425,0,315,0,0
0.0,25.157500000000002,0,316,0,0
0.0,25.1575,0,316,0,0
0.0,25.1425,0,317,0,0
0.0,25.1425,0,318,0,0
0.0,25.1275,0,318,0,0
0.0,25.1275,0,319,0,0
0.0,25.1275,0,319,0,0
0.0,25.1275,0,320,0,0
0.0,25.142500000000002,0,320,0,0
0.0,25.1425,0,321,0,0
0.0,25.1425,0,321,0,0
0.0,25.1275,0,322,0,0
0.0,25.1575,0,322,0,0
0.0,25.142500000000002,0,323,0,0
0.0,25.142500000000002,0,323,0,0
0.0,25.1575,0,324,0,0
0.0,25.142500000000002,0,324,0,0
0.0,25.1275,0,325,0,0
0.0,25.1275,0,325,0,0
0.0,25.1425,0,326,0,0
0.0,25.142500000000002,0,326,0,0
0.0,25.1575,0,327,0,0
0.0,25.1425,0,328,0,0
0.0,25.125,0,329,0,0
0.0,25.1275,0,329,0,0
0.0,25.11,0,330,0,0
0.0,25.1275,0,330,0,0
0.0,25.1275,0,331,0,0
0.0,25.1275,0,331,0,0
0.0,25.1275,0,332,0,0
0.0,25.1275,0,332,0,0
0.0,25.1275,0,333,0,0
0.0,25.1275,0,333,0,0
0.0,25.1275,0,334,0,0
0.0,25.1275,0,334,0,0
0.0,25.1275,0,335,0,0
0.0,25.11,0,335,0,0
0.0,25.1275,0,336,0,0
0.0,25.1275,0,336,0,0
0.0,25.1275,0,337,0,0
0.0,25.1275,0,337,0,0
0.0,25.1275,0,338,0,0
0.0,25.1275,0,338,0,0
0.0,25.1275,0,339,0,0
0.0,25.1275,0,339,0,0
0.0,25.1275,0,340,0,0
0.0,25.11,0,340,0,0
0.0,25.142500000000002,0,341,0,0
0.0,25.1275,0,342,0,0
0.0,25.1275,0,342,0,0
0.0,25.1125,0,343,0,0
0.0,25.1275,0,343,0,0
0.0,25.1275,0,344,0,0
0.0,25.1275,0,344,0,0
0.0,25.1425,0,345,0,0
0.0,25.11,0,345,0,0
0.0,25.125,0,346,0,0
0.0,25.1425,0,346,0,0
0.0,25.1275,0,347,0,0
0.0,25.11,0,347,0,0
0.0,25.125,0,348,0,0
0.0,25.11,0,348,0,0
0.0,25.095,0,349,0,0
0.0,25.1275,0,349,0,0
0.0,25.095,0,350,0,0
0.0,25.095,0,350,0,0
0.0,25.1275,0,351,0,0
0.0,25.1275,0,351,0,0
0.0,25.11,0,352,0,0
0.0,25.11,0,352,0,0
0.0,25.1275,0,353,0,0
0.0,25.1275,0,353,0,0
0.0,25.11,0,354,0,0
0.0,25.125,0,354,0,0
0.0,25.1275,0,355,0,0
0.0,25.11,0,355,0,0
0.0,25.11,0,356,0,0
0.0,25.095,0,356,0,0
0.0,25.11,0,357,0,0
0.0,25.11,0,357,0,0
0.0,25.11,0,358,0,0
0.0,25.11,0,358,0,0
0.0,25.095,0,359,0,0
0.0,25.11,0,359,0,0
0.0,25.08,0,360,0,0
0.0,25.11,0,360,0,0
0.0,25.095,0,361,0,0
0.0,25.095,0,361,0,0
0.0,25.11,0,362,0,0
0.0,25.11,0,362,0,0
0.0,25.1275,0,363,0,0
0.0,25.11,0,363,0,0
0.0,25.11,0,364,0,0
0.0,25.125,0,364,0,0
0.0,25.1125,0,365,0,0
0.0,25.1125,0,366,0,0
0.0,25.11,0,366,0,0
0.0,25.095,0,367,0,0
0.0,25.095,0,367,0,0
0.0,25.095,0,368,0,0
0.0,25.08,0,368,0,0
0.0,25.095,0,369,0,0
0.0,25.095,0,369,0,0
0.0,25.1275,0,370,0,0
0.0,25.0975,0,370,0,0
0.0,25.1125,0,371,0,0
0.0,25.095,0,371,0,0
0.0,25.064999999999998,0,372,0,0
0.0,25.08,0,372,0,0
0.0,25.08,0,373,0,0
0.0,25.08,0,373,0,0
0.0,25.095,0,374,0,0
0.0,25.08,0,374,0,0
0.0,25.0975,0,375,0,0
0.0,25.08,0,375,0,0
0.0,25.08,0,376,0,0
0.0,25.095,0,376,0,0
0.0,25.095,0,377,0,0
0.0,25.08,0,377,0,0
0.0,25.064999999999998,0,378,0,0
0.0,25.095,0,378,0,0
0.0,25.095,0,379,0,0
0.0,25.08,0,379,0,0
0.0,25.095,0,380,0,0
0.0,25.095,0,380,0,0
0.0,25.08,0,381,0,0
0.0,25.08,0,381,0,0
0.0,25.095,0,382,0,0
0.0,25.08,0,382,0,0
0.0,25.095,0,383,0,0
0.0,25.095,0,383,0,0
0.0,25.095,0,384,0,0
0.0,25.08,0,384,0,0
0.0,25.08,0,385,0,0
0.0,25.095,0,386,0,0
0.0,25.08,0,386,0,0
0.0,25.095,0,387,0,0
0.0,25.08,0,387,0,0
0.0,25.08,0,388,0,0
0.0,25.095,0,388,0,0
0.0,25.08,0,389,0,0
0.0,25.08,0,390,0,0
0.0,25.08,0,390,0,0
0.0,25.08,0,391,0,0
0.0,25.08,0,391,0,0
0.0,25.064999999999998,0,392,0,0
0.0,25.08,0,392,0,0
0.0,25.08,0,393,0,0
0.0,25.064999999999998,0,393,0,0
0.0,25.064999999999998,0,394,0,0
0.0,25.064999999999998,0,394,0,0
0.0,25.064999999999998,0,395,0,0
0.0,25.064999999999998,0,395,0,0
0.0,25.064999999999998,0,396,0,0
0.0,25.049999999999997,0,396,0,0
0.0,25.08,0,397,0,0
0.0,25.064999999999998,0,397,0,0
0.0,25.08,0,398,0,0
0.0,25.064999999999998,0,398,0,0
0.0,25.049999999999997,0,399,0,0
0.0,25.049999999999997,0,399,0,0
0.0,25.049999999999997,0,400,0,0
0.0,25.049999999999997,0,400,0,0
0.0,25.049999999999997,0,401,0,0
0.0,25.064999999999998,0,401,0,0
0.0,25.08,0,402,0,0
0.0,25.064999999999998,0,402,0,0
0.0,25.049999999999997,0,403,0,0
0.0,25.064999999999998,0,403,0,0
0.0,25.064999999999998,0,404,0,0
0.0,25.064999999999998,0,404,0,0
0.0,25.049999999999997,0,405,0,0
0.0,25.064999999999998,0,405,0,0
0.0,25.064999999999998,0,406,0,0
0.0,25.034999999999997,0,406,0,0
0.0,25.064999999999998,0,407,0,0
0.0,25.049999999999997,0,407,0,0
0.0,25.049999999999997,0,408,0,0
0.0,25.049999999999997,0,408,0,0
0.5,25.049999999999997,0,409,0,0
0.5,25.064999999999998,0,409,0,0
0.5,25.064999999999998,0,410,0,0
0.5,25.049999999999997,0,410,0,0
0.5,25.049999999999997,0,411,0,0
0.5,25.049999999999997,0,411,0,0
0.5,25.049999999999997,0,412,0,0
0.5,25.049999999999997,0,412,0,0
0.5,25.064999999999998,0,413,0,0
0.5,25.049999999999997,0,413,0,0
0.75,25.064999999999998,0,414,0,0
0.75,25.049999999999997,0,415,0,0
0.75,25.049999999999997,0,415,0,0
0.75,25.049999999999997,0,416,0,0
0.75,25.049999999999997,0,416,0,0
0.75,25.049999999999997,0,417,0,0
0.75,25.049999999999997,0,417,0,0
0.75,25.049999999999997,0,418,0,0
1.0,25.049999999999997,0,418,0,0
1.25,25.0325,0,419,0,0
1.25,25.049999999999997,0,419,0,0
1.25,25.049999999999997,0,420,0,0
1.25,25.049999999999997,0,420,0,0
1.25,25.034999999999997,0,421,0,0
1.25,25.0325,0,421,0,0
1.25,25.049999999999997,0,422,0,0
1.5,25.049999999999997,0,422,0,0
1.5,25.034999999999997,0,423,0,0
1.5,25.049999999999997,0,423,0,0
1.75,25.049999999999997,0,424,0,0
1.75,25.049999999999997,0,424,0,0
1.75,25.049999999999997,0,425,0,0
1.75,25.049999999999997,0,425,0,0
2.0,25.034999999999997,0,426,0,0
2.0,25.049999999999997,0,426,0,0
2.0,25.049999999999997,0,427,0,0
2.0,25.034999999999997,0,427,0,0
2.0,25.049999999999997,0,428,0,0
2.0,25.0175,0,428,0,0
2.25,25.0175,0,429,0,0
2.25,25.0175,0,429,0,0
2.25,25.034999999999997,0,430,0,0
2.25,25.034999999999997,0,430,0,0
2.25,25.0325,0,431,0,0
2.25,25.049999999999997,0,431,0,0
2.5,25.049999999999997,0,432,0,0
2.5,25.049999999999997,0,432,0,0
2.5,25.049999999999997,0,433,0,0
2.5,25.0325,0,433,0,0
2.75,25.0475,0,434,0,0
3.25,25.049999999999997,0,434,0,0
3.25,25.049999999999997,0,435,0,0
3.5,25.049999999999997,0,435,0,0
3.5,25.034999999999997,0,436,0,0
3.5,25.049999999999997,0,436,0,0
3.5,25.049999999999997,0,437,0,0
3.75,25.0325,0,437,0,0
3.75,25.0325,0,438,0,0
3.75,25.0325,0,439,0,0
3.75,25.0175,0,439,0,0
3.75,25.0175,0,440,0,0
4.0,25.0175,0,440,0,0
4.0,25.0175,0,441,0,0
4.0,25.034999999999997,0,441,0,0
4.0,25.0325,0,442,0,0
4.5,25.034999999999997,0,443,0,0
4.5,25.0325,0,443,0,0
4.5,25.0175,0,444,0,0
4.5,25.0175,0,444,0,0
4.5,25.0175,0,445,0,0
4.5,25.064999999999998,0,445,0,0
4.5,25.0475,0,446,0,0
4.5,25.0175,0,446,0,0
4.75,25.0325,0,447,0,0
5.25,25.049999999999997,0,447,0,0
5.5,25.0325,0,448,0,0
5.5,25.0325,0,448,0,0
5.5,25.034999999999997,0,449,0,0
5.5,25.0175,0,449,0,0
5.75,25.034999999999997,0,450,0,0
6.0,25.0475,0,450,0,0
6.0,25.0175,0,451,0,0
6.0,25.0325,0,451,0,0
6.0,25.0175,0,452,0,0
6.25,25.0175,0,452,0,0
6.25,25.0325,0,453,0,0
6.25,25.0325,0,453,0,0
6.25,25.0325,0,454,0,0
6.5,25.0475,0,454,0,0
6.75,25.0325,0,455,0,0
6.75,25.0475,0,455,0,0
6.75,25.049999999999997,0,456,0,0
6.75,25.049999999999997,0,456,0,0
6.75,25.0175,0,457,0,0
6.75,25.034999999999997,0,457,0,0
6.75,25.0325,0,458,0,0
7.0,25.064999999999998,0,458,0,0
7.25,25.0475,0,459,0,0
7.25,25.0175,0,459,0,0
7.5,25.0325,0,460,0,0
7.75,25.0325,0,460,0,0
7.75,25.0325,0,461,0,0
7.75,25.0325,0,462,0,0
8.0,25.0475,0,463,0,0
8.0,25.0325,0,463,0,0
8.25,25.0175,0,464,0,0
8.5,25.0325,0,464,0,0
8.5,25.0325,0,465,0,0
8.75,25.0325,0,465,0,0
8.75,25.0325,0,466,0,0
8.75,25.0325,0,466,0,0
9.0,25.0175,0,467,0,0
9.25,25.0175,0,467,0,0
9.25,25.0325,0,468,0,0
9.75,25.0325,0,468,0,0
10.0,25.0325,0,469,0,0
10.0,25.0325,0,469,0,0
10.25,25.0475,0,470,0,0
10.25,25.0325,0,470,0,0
10.5,25.0475,0,471,0,0
10.5,25.0475,0,471,0,0
10.5,25.0325,0,472,0,0
10.5,25.049999999999997,0,472,0,0
10.5,25.049999999999997,0,473,0,0
10.5,25.0325,0,473,0,0
10.5,25.064999999999998,0,474,0,0
10.75,25.049999999999997,0,474,0,0
10.75,25.0175,0,475,0,0
10.75,25.0475,0,475,0,0
11.0,25.0325,0,476,0,0
11.0,25.064999999999998,0,476,0,0
11.25,25.0475,0,477,0,0
11.5,25.0475,0,477,0,0
11.75,25.0325,0,478,0,0
11.75,25.0175,0,478,0,0
12.0,25.0325,0,479,0,0
12.0,25.0475,0,479,0,0
12.25,25.0475,0,480,0,0
12.5,25.0475,0,480,0,0
12.5,25.0625,0,481,0,0
12.5,25.0475,0,481,0,0
12.5,25.0325,0,482,0,0
12.5,25.0325,0,482,0,0
12.5,25.0475,0,483,0,0
13.0,25.0325,0,483,0,0
13.0,25.049999999999997,0,484,0,0
13.0,25.0475,0,484,0,0
13.0,25.034999999999997,0,485,0,0
13.0,25.0175,0,485,0,0
13.25,25.0175,0,486,0,0
13.5,25.0325,0,487,0,0
13.5,25.064999999999998,0,487,0,0
13.5,25.064999999999998,0,488,0,0
13.75,25.0475,0,488,0,0
13.75,25.0475,0,489,0,0
13.75,25.0475,0,489,0,0
13.75,25.0475,0,490,0,0
14.25,25.049999999999997,0,490,0,0
14.25,25.0325,0,491,0,0
14.25,25.064999999999998,0,491,0,0
14.25,25.049999999999997,0,492,0,0
14.25,25.064999999999998,0,492,0,0
14.25,25.0475,0,493,0,0
14.5,25.0475,0,493,0,0
14.5,25.049999999999997,0,494,0,0
14.75,25.0325,0,494,0,0
14.75,25.049999999999997,0,495,0,0
14.75,25.0475,0,495,0,0
14.75,25.0475,0,496,0,0
14.75,25.08,0,496,0,0
14.75,25.064999999999998,0,497,0,0
14.75,25.08,0,497,0,0
14.75,25.064999999999998,0,498,0,0
14.75,25.0475,0,498,0,0
15.25,25.0325,0,499,0,0
15.25,25.08,0,500,0,0
15.25,25.064999999999998,0,500,0,0
15.25,25.0475,0,501,0,0
15.25,25.064999999999998,0,501,0,0
15.25,25.064999999999998,0,502,0,0
15.25,25.0475,0,502,0,0
15.5,25.049999999999997,0,503,0,0
15.5,25.064999999999998,0,503,0,0
15.75,25.064999999999998,0,504,0,0
16.0,25.049999999999997,0,504,0,0
16.0,25.064999999999998,0,505,0,0
16.25,25.064999999999998,0,505,0,0
16.25,25.064999999999998,0,506,0,0
16.25,25.0325,0,506,0,0
16.25,25.064999999999998,0,507,0,0
16.25,25.064999999999998,0,507,0,0
16.25,25.064999999999998,0,508,0,0
16.25,25.0625,0,508,0,0
16.25,25.0775,0,509,0,0
16.25,25.0625,0,509,0,0
16.25,25.064999999999998,0,510,0,0
16.25,25.0475,0,511,0,0
16.5,25.064999999999998,0,511,0,0
16.5,25.08,0,512,0,0
16.75,25.064999999999998,0,512,0,0
16.75,25.064999999999998,0,513,0,0
16.75,25.0675,0,513,0,0
16.75,25.0825,0,514,0,0
17.0,25.049999999999997,0,514,0,0
16.75,25.049999999999997,0,515,0,0
16.75,25.0675,0,515,0,0
17.25,25.0325,0,516,0,0
17.25,25.049999999999997,0,516,0,0
17.5,25.049999999999997,0,517,0,0
17.25,25.049999999999997,0,517,0,0
17.25,25.049999999999997,0,518,0,0
17.5,25.05,0,518,0,0
17.75,25.05,0,519,0,0
17.75,25.0325,0,519,0,0
17.75,25.0325,0,520,0,0
17.75,25.049999999999997,0,520,0,0
17.75,25.049999999999997,0,521,0,0
17.75,25.049999999999997,0,521,0,0
17.75,25.0675,0,522,0,0
17.75,25.0675,0,522,0,0
17.75,25.0325,0,523,0,0
17.75,25.0675,0,523,0,0
17.75,25.0825,0,524,0,0
18.25,25.0825,0,524,0,0
18.0,25.064999999999998,0,525,0,0
18.25,25.0825,0,525,0,0
17.75,25.0825,0,526,0,0
17.75,25.0675,0,526,0,0
17.75,25.0675,0,527,0,0
17.75,25.0675,0,527,0,0
17.75,25.0675,0,528,0,0
17.5,25.0675,0,528,0,0
17.5,25.05,0,529,0,0
17.75,25.0675,0,529,0,0
17.5,25.05,0,530,0,0
17.5,25.0675,0,530,0,0
17.5,25.0675,0,531,0,0
17.5,25.05,0,531,0,0
17.5,25.05,0,532,0,0
17.5,25.0675,0,532,0,0
17.75,25.0825,0,533,0,0
17.75,25.0825,0,533,0,0
18.0,25.0675,0,534,0,0
17.75,25.0825,0,535,0,0
17.75,25.0825,0,535,0,0
17.75,25.0825,0,536,0,0
17.5,25.0825,0,536,0,0
17.5,25.0825,0,537,0,0
17.75,25.0825,0,537,0,0
17.75,25.0825,0,538,0,0
17.75,25.08,0,538,0,0
17.75,25.0825,0,539,0,0
18.0,25.0975,0,539,0,0
18.0,25.0975,0,540,0,0
18.0,25.0975,0,540,0,0
17.75,25.0825,0,541,0,0
18.0,25.0975,0,541,0,0
17.75,25.1125,0,542,0,0
18.0,25.0825,0,542,0,0
18.5,25.0975,0,543,0,0
18.5,25.0975,0,543,0,0
18.5,25.0975,0,544,0,0
18.0,25.0975,0,544,0,0
18.25,25.0825,0,545,0,0
18.5,25.0975,0,545,0,0
18.5,25.1125,0,546,0,0
18.75,25.0675,0,546,0,0
18.5,25.0825,0,547,0,0
18.75,25.0975,0,547,0,0
18.75,25.1125,0,548,0,0
18.5,25.0975,0,548,0,0
18.5,25.0975,0,549,0,0
18.5,25.1125,0,549,0,0
18.75,25.0975,0,550,0,0
18.25,25.0325,0,550,0,0
18.5,24.9525,0,551,0,0
18.5,24.9825,0,552,0,0
18.5,24.985,0,552,0,0
18.5,24.9675,0,553,0,0
18.5,24.9675,0,553,0,0
18.5,24.9675,0,554,0,0
18.25,24.9675,0,554,0,0
18.5,24.9675,0,555,0,0
18.5,24.9825,0,555,0,0
18.5,24.9675,0,556,0,0
18.25,24.9825,0,556,0,0
18.5,24.9675,0,557,0,0
18.5,24.9825,0,557,0,0
18.5,24.9525,0,558,0,0
18.5,24.9675,0,558,0,0
18.5,24.985,0,559,0,0
18.75,24.9675,0,559,0,0
19.0,24.9825,1,560,0,0
18.75,24.985,0,561,0,0
18.5,25.0,0,561,0,0
19.0,25.0,0,562,0,0
19.0,25.0,0,562,0,0
18.75,25.029999999999998,0,563,0,0
19.0,25.015,0,563,0,0
19.0,25.029999999999998,0,564,0,0
18.75,25.029999999999998,0,564,0,0
19.0,25.0175,0,565,0,0
19.0,25.0325,0,566,0,0
19.25,25.015,0,567,0,0
19.0,25.015,0,567,0,0
19.0,25.0475,0,568,0,0
19.0,25.029999999999998,0,568,0,0
19.0,25.0,0,569,0,0
19.0,25.0,0,569,0,0
19.0,25.029999999999998,0,570,0,0
19.5,25.014999999999997,0,570,0,0
19.5,25.014999999999997,0,571,0,0
19.5,25.014999999999997,0,571,0,0
19.5,25.014999999999997,0,572,0,0
19.75,25.029999999999998,0,572,0,0
20.0,25.044999999999998,0,573,0,0
20.0,25.0475,0,573,0,0
20.0,25.0625,0,574,0,0
20.0,25.0475,0,574,0,0
20.5,25.0625,0,575,0,0
20.75,25.044999999999998,0,575,0,0
20.75,25.0475,0,576,0,0
20.25,25.029999999999998,0,576,0,0
19.5,25.029999999999998,0,577,0,0
19.5,25.044999999999998,0,577,0,0
19.5,25.0475,0,578,0,0
20.0,25.0475,0,578,0,0
20.25,25.0475,0,579,0,0
20.75,25.0325,0,579,0,0
20.75,25.015,0,580,0,0
20.75,25.0325,0,580,0,0
20.75,25.0325,0,581,0,0
21.0,25.0325,0,581,0,0
21.0,25.0325,0,582,0,0
21.25,25.0625,0,582,0,0
21.5,25.0475,0,583,0,0
21.5,25.0475,0,583,0,0
21.5,25.0325,0,584,0,0
21.5,25.0325,0,584,0,0
22.0,25.0475,0,585,0,0
22.0,25.0625,0,586,0,0
22.0,25.0625,0,586,0,0
22.0,25.0625,0,587,0,0
22.0,25.0625,0,587,0,0
22.0,25.0325,0,588,0,0
22.5,25.0325,0,588,0,0
22.5,25.0475,0,589,0,0
22.25,25.0625,0,589,0,0
22.0,25.0625,0,590,0,0
21.5,25.0475,0,591,0,0
21.0,25.0625,0,591,0,0
21.0,25.0625,0,592,0,0
21.0,25.0625,0,592,0,0
21.0,25.0925,0,593,0,0
21.0,25.095,0,593,0,0
21.5,25.0925,0,594,0,0
21.5,25.0625,0,594,0,0
22.0,25.0625,0,595,0,0
23.0,25.0775,0,595,0,0
23.5,25.0475,0,596,0,0
23.5,25.0625,0,596,0,0
23.5,25.0625,0,597,0,0
23.5,25.0775,0,597,0,0
23.75,25.0775,0,598,0,0
23.75,25.0775,0,598,0,0
23.5,25.0775,0,599,0,0
23.0,25.0775,0,599,0,0
23.5,25.0925,0,600,0,0
24.25,25.0625,0,600,0,0
24.25,25.0775,0,601,0,0
23.75,25.0625,0,601,0,0
23.5,25.0775,0,602,0,0
23.5,25.0925,0,602,0,0
23.0,25.0925,0,603,0,0
23.25,25.0925,0,603,0,0
23.0,25.11,0,604,0,0
23.0,25.0925,0,604,0,0
23.0,25.125,0,605,0,0
23.0,25.125,0,605,0,0
23.5,25.125,0,606,0,0
23.5,25.125,0,606,0,0
23.25,25.11,0,607,0,0
23.5,25.11,0,607,0,0
23.75,25.11,0,608,0,0
24.0,25.125,0,608,0,0
24.0,25.125,0,609,0,0
23.75,25.11,0,609,0,0
23.25,25.0925,0,610,0,0
23.0,25.0775,0,610,0,0
22.75,25.127499999999998,0,611,0,0
22.75,25.127499999999998,0,611,0,0
22.75,25.0925,0,612,0,0
23.75,25.125,0,612,0,0
24.5,25.1425,0,613,0,0
25.25,25.125,0,613,0,0
25.5,25.14,0,614,0,0
25.5,25.14,0,615,0,0
24.75,25.125,0,615,0,0
25.0,25.1425,0,616,0,0
25.25,25.125,0,616,0,0
25.0,25.11,0,617,0,0
24.5,25.1725,0,617,0,0
24.25,25.1425,0,618,0,0
23.75,25.1425,0,618,0,0
24.25,25.175,0,619,0,0
24.75,25.16,0,619,0,0
25.25,25.16,0,620,0,0
25.75,25.16,0,620,0,0
26.0,25.1425,0,621,0,0
26.0,25.145,0,621,0,0
26.0,25.1425,0,622,0,0
25.75,25.125,0,622,0,0
25.5,25.127499999999998,0,623,0,0
26.0,25.1425,0,623,0,0
26.0,25.1575,0,624,0,0
25.75,25.16,0,624,0,0
25.25,25.1425,0,625,0,0
25.25,25.1425,0,625,0,0
25.0,25.145,0,626,0,0
25.25,25.1575,0,626,0,0
25.75,25.127499999999998,0,627,0,0
25.75,25.1575,0,627,0,0
25.5,25.1575,0,628,0,0
25.5,25.1575,0,628,0,0
25.75,25.1575,0,629,0,0
25.5,25.174999999999997,0,629,0,0
25.75,25.1575,0,630,0,0
26.25,25.19,0,630,0,0
26.75,25.189999999999998,0,631,0,0
26.75,25.189999999999998,0,631,0,0
26.5,25.189999999999998,0,632,0,0
26.25,25.189999999999998,0,632,0,0
26.5,25.189999999999998,0,633,0,0
26.25,25.205,0,633,0,0
26.0,25.205,0,634,0,0
26.5,25.189999999999998,0,634,0,0
26.75,25.189999999999998,0,635,0,0
26.75,25.189999999999998,0,635,0,0
26.5,25.189999999999998,0,636,0,0
26.25,25.189999999999998,0,636,0,0
26.0,25.189999999999998,0,637,0,0
26.5,25.189999999999998,0,637,0,0
26.25,25.189999999999998,0,638,0,0
26.75,25.189999999999998,0,639,0,0
26.5,25.189999999999998,0,639,0,0
26.25,25.189999999999998,0,640,0,0
26.25,25.189999999999998,0,640,0,0
26.25,25.189999999999998,0,641,0,0
26.75,25.189999999999998,0,641,0,0
26.5,25.174999999999997,0,642,0,0
26.75,25.205,0,642,0,0
26.75,25.189999999999998,0,643,0,0
27.25,25.174999999999997,0,644,0,0
27.25,25.189999999999998,0,644,0,0
28.25,25.174999999999997,0,645,0,0
28.5,25.174999999999997,0,645,0,0
28.5,25.205,0,646,0,0
28.5,25.189999999999998,0,646,0,0
28.75,25.189999999999998,0,647,0,0
29.25,25.205,0,647,0,0
29.75,25.205,0,648,0,0
29.5,25.22,0,648,0,0
29.25,25.22,0,649,0,0
28.75,25.22,0,649,0,0
29.0,25.205,0,650,0,0
28.75,25.22,0,650,0,0
28.75,25.22,0,651,0,0
28.5,25.205,0,651,0,0
28.5,25.22,0,652,0,0
28.25,25.22,0,652,0,0
27.25,25.22,0,653,0,0
27.25,25.22,0,653,0,0
27.25,25.22,0,654,0,0
26.75,25.22,0,654,0,0
27.75,25.22,0,655,0,0
29.0,25.205,0,655,0,0
30.0,25.22,0,656,0,0
30.0,25.22,0,656,0,0
29.75,25.205,0,657,0,0
29.75,25.205,0,657,0,0
30.0,25.2375,0,658,0,0
30.5,25.22,0,658,0,0
31.0,25.205,0,659,0,0
31.25,25.2375,0,659,0,0
31.5,25.205,0,660,0,0
31.5,25.189999999999998,0,660,0,0
31.75,25.205,0,661,0,0
32.25,25.189999999999998,0,661,0,0
29.75,25.205,1,662,0,0
30.5,25.205,0,663,0,0
30.25,25.22,0,663,0,0
30.5,25.235,0,664,0,0
30.5,25.235,0,664,0,0
30.5,25.235,0,665,0,0
30.5,25.22,0,665,0,0
30.75,25.205,0,666,0,0
31.25,25.205,0,666,0,0
31.25,25.2375,0,667,0,0
31.5,25.22,0,667,0,0
31.5,25.2525,0,668,0,0
30.25,25.2375,0,668,0,0
30.0,25.267500000000002,0,669,0,0
30.5,25.2525,0,669,0,0
30.75,25.2375,0,670,0,0
30.25,25.2525,0,670,0,0
30.25,25.2525,0,671,0,0
30.0,25.267500000000002,0,671,0,0
30.0,25.2525,0,672,0,0
30.25,25.2525,0,672,0,0
31.75,25.2525,0,673,0,0
32.5,25.2525,0,673,0,0
32.5,25.2525,0,674,0,0
33.0,25.267500000000002,0,674,0,0
33.0,25.2525,0,675,0,0
32.25,25.267500000000002,0,675,0,0
32.25,25.2525,0,676,0,0
32.0,25.2525,0,676,0,0
32.0,25.2525,0,677,0,0
34.25,25.267500000000002,0,677,0,0
34.25,25.267500000000002,0,678,0,0
33.0,25.267500000000002,0,678,0,0
32.0,25.2525,0,679,0,0
31.25,25.2525,0,679,0,0
29.75,25.267500000000002,0,680,0,0
29.75,25.282500000000002,0,680,0,0
29.75,25.282500000000002,0,681,0,0
30.25,25.267500000000002,0,681,0,0
30.75,25.2525,0,682,0,0
31.75,25.2525,0,682,0,0
32.25,25.2525,0,683,0,0
32.0,25.2375,0,683,0,0
31.25,25.2525,0,684,0,0
30.5,25.2525,0,684,0,0
30.5,25.267500000000002,0,685,0,0
31.0,25.2525,0,685,0,0
31.25,25.267500000000002,0,686,0,0
30.75,25.267500000000002,0,687,0,0
30.0,25.282500000000002,0,687,0,0
29.5,25.267500000000002,0,688,0,0
29.5,25.2525,0,688,0,0
30.0,25.267500000000002,0,689,0,0
33.75,25.267500000000002,0,689,0,0
32.25,25.267500000000002,0,690,0,0
31.5,25.3,0,690,0,0
30.5,25.282500000000002,0,691,0,0
30.25,25.2975,0,691,0,0
30.25,25.3,0,692,0,0
30.25,25.282500000000002,0,692,0,0
30.5,25.2825,0,693,0,0
31.25,25.282500000000002,0,693,0,0
31.5,25.2825,0,694,0,0
33.75,25.2975,0,694,0,0
34.25,25.282500000000002,0,695,0,0
34.25,25.282500000000002,0,695,0,0
36.0,25.267500000000002,0,696,0,0
35.25,25.282500000000002,0,696,0,0
34.75,25.267500000000002,0,697,0,0
34.0,25.285,0,697,0,0
32.75,25.282500000000002,0,698,0,0
33.0,25.3,0,699,0,0
33.0,25.3,0,699,0,0
32.25,25.282500000000002,0,700,0,0
31.25,25.282500000000002,0,700,0,0
31.0,25.282500000000002,0,701,0,0
31.0,25.267500000000002,0,701,0,0
32.0,25.282500000000002,0,702,0,0
33.5,25.267500000000002,0,702,0,0
33.25,25.3125,0,703,0,0
33.75,25.2975,0,703,0,0
34.0,25.282500000000002,0,704,0,0
36.0,25.282500000000002,0,704,0,0
36.0,25.282500000000002,0,705,0,0
37.25,25.2825,0,705,0,0
35.0,25.282500000000002,0,706,0,0
33.75,25.282500000000002,0,706,0,0
35.25,25.314999999999998,0,707,0,0
35.75,25.314999999999998,0,707,0,0
35.5,25.314999999999998,0,708,0,0
35.0,25.314999999999998,0,708,0,0
35.0,25.33,0,709,0,0
34.0,25.314999999999998,0,709,0,0
35.0,25.3,0,710,0,0
38.25,25.33,0,711,0,0
37.75,25.314999999999998,0,711,0,0
37.75,25.3125,0,712,0,0
36.75,25.314999999999998,0,712,0,0
36.5,25.3,0,713,0,0
36.75,25.33,0,713,0,0
38.5,25.314999999999998,0,714,0,0
38.25,25.2975,0,714,0,0
37.0,25.2975,0,715,0,0
35.75,25.314999999999998,0,716,0,0
36.5,25.3125,0,716,0,0
35.5,25.3275,0,717,0,0
34.0,25.3125,0,717,0,0
33.5,25.3125,0,718,0,0
36.5,25.33,0,718,0,0
37.5,25.33,0,719,0,0
37.25,25.33,0,719,0,0
37.25,25.314999999999998,0,720,0,0
35.5,25.33,0,720,0,0
35.0,25.3275,0,721,0,0
35.0,25.3275,0,721,0,0
37.25,25.345,0,722,0,0
40.0,25.345,0,722,0,0
39.5,25.2975,0,723,0,0
40.25,25.3125,0,723,0,0
41.25,25.3275,0,724,0,0
41.5,25.3275,0,724,0,0
41.25,25.2975,0,725,0,0
41.25,25.3125,0,725,0,0
39.5,25.2975,0,726,0,0
40.75,25.3275,0,726,0,0
41.0,25.3125,0,727,0,0
41.5,25.3275,0,727,0,0
41.25,25.3275,0,728,0,0
41.0,25.3275,0,728,0,0
40.75,25.3125,0,729,0,0
39.25,25.3275,0,729,0,0
39.0,25.3125,0,730,0,0
40.25,25.3275,0,730,0,0
41.25,25.3275,0,731,0,0
41.5,25.345,0,731,0,0
42.75,25.345,0,732,0,0
41.75,25.3425,0,732,0,0
42.0,25.345,0,733,0,0
41.75,25.345,0,733,0,0
41.75,25.3425,0,734,0,0
41.5,25.3275,0,735,0,0
40.75,25.36,0,735,0,0
42.25,25.36,0,736,0,0
41.5,25.3425,0,736,0,0
42.0,25.36,0,737,0,0
41.0,25.36,0,737,0,0
40.5,25.36,0,738,0,0
41.25,25.36,0,738,0,0
40.25,25.3425,0,739,0,0
38.75,25.3425,0,739,0,0
39.25,25.345,0,740,0,0
38.5,25.345,0,740,0,0
37.75,25.345,0,741,0,0
38.0,25.36,0,741,0,0
37.75,25.3275,0,742,0,0
37.5,25.3425,0,742,0,0
37.5,25.3425,0,743,0,0
37.75,25.345,0,743,0,0
38.0,25.36,0,744,0,0
38.5,25.375,0,744,0,0
40.75,25.345,0,745,0,0
39.75,25.36,0,745,0,0
40.0,25.36,0,746,0,0
41.0,25.36,0,746,0,0
41.25,25.36,0,747,0,0
41.5,25.377499999999998,0,747,0,0
41.5,25.377499999999998,0,748,0,0
41.5,25.36,0,748,0,0
41.5,25.377499999999998,0,749,0,0
41.0,25.36,0,749,0,0
41.0,25.377499999999998,0,750,0,0
41.0,25.36,0,750,0,0
41.5,25.377499999999998,0,751,0,0
41.5,25.3925,0,751,0,0
41.25,25.377499999999998,0,752,0,0
40.75,25.3925,0,752,0,0
40.25,25.377499999999998,0,753,0,0
39.25,25.377499999999998,0,753,0,0
39.75,25.3925,0,754,0,0
41.0,25.377499999999998,0,754,0,0
41.0,25.3925,0,755,0,0
41.0,25.3925,0,755,0,0
40.0,25.377499999999998,0,756,0,0
40.5,25.4075,0,757,0,0
40.75,25.377499999999998,0,757,0,0
40.25,25.377499999999998,0,758,0,0
40.5,25.377499999999998,0,758,0,0
40.75,25.3925,0,759,0,0
40.75,25.3925,0,760,0,0
40.25,25.377499999999998,0,760,0,0
39.25,25.3925,0,761,0,0
38.75,25.377499999999998,0,761,0,0
39.25,25.4075,0,762,0,0
39.25,25.377499999999998,0,762,0,0
38.75,25.3925,0,763,0,0
38.75,25.4075,0,763,0,0
38.75,25.3925,0,764,0,0
39.0,25.4075,0,764,0,0
39.5,25.3925,0,765,0,0
41.0,25.4075,0,765,0,0
41.0,25.3925,0,766,0,0
40.75,25.4075,0,766,0,0
40.75,25.4075,0,767,0,0
40.75,25.4225,0,767,0,0
41.0,25.3925,0,768,0,0
40.0,25.3925,0,768,0,0
40.0,25.3925,0,769,0,0
40.75,25.3925,0,769,0,0
40.75,25.3925,0,770,0,0
40.0,25.377499999999998,0,770,0,0
39.5,25.3925,0,771,0,0
39.75,25.4075,0,771,0,0
41.0,25.3925,0,772,0,0
41.0,25.4075,0,772,0,0
41.25,25.4075,0,773,0,0
41.5,25.4075,0,773,0,0
41.5,25.4075,0,774,0,0
41.5,25.4075,0,774,0,0
41.5,25.4375,0,775,0,0
41.0,25.4075,0,775,0,0
40.75,25.4225,0,776,0,0
40.75,25.4225,0,776,0,0
40.75,25.4075,0,777,0,0
41.0,25.4375,0,777,0,0
41.5,25.4375,0,778,0,0
41.5,25.4225,0,778,0,0
41.5,25.4375,0,779,0,0
41.5,25.4225,0,779,0,0
42.25,25.4375,0,780,0,0
42.75,25.4225,0,780,0,0
42.75,25.4375,0,781,0,0
43.25,25.4225,0,781,0,0
41.75,25.4375,0,782,0,0
41.5,25.4525,0,782,0,0
41.5,25.4525,0,783,0,0
41.0,25.4525,0,784,0,0
40.75,25.4525,0,784,0,0
41.5,25.4375,0,785,0,0
41.5,25.4375,0,785,0,0
41.0,25.4375,0,786,0,0
41.0,25.4375,0,786,0,0
41.0,25.4525,0,787,0,0
40.75,25.4375,0,787,0,0
41.0,25.4375,0,788,0,0
40.75,25.4375,0,788,0,0
41.0,25.4375,0,789,0,0
41.0,25.4375,0,789,0,0
41.0,25.4375,0,790,0,0
40.75,25.4375,0,790,0,0
42.0,25.4375,0,791,0,0
42.5,25.4375,0,791,0,0
41.5,25.4375,0,792,0,0
42.0,25.4375,0,792,0,0
42.0,25.4375,0,793,0,0
41.5,25.4375,0,793,0,0
41.0,25.4375,0,794,0,0
41.0,25.4525,0,794,0,0
41.0,25.4375,0,795,0,0
41.75,25.4525,0,795,0,0
41.75,25.4525,0,796,0,0
41.5,25.4525,0,796,0,0
41.5,25.4675,0,797,0,0
41.0,25.4525,0,797,0,0
40.75,25.4525,0,798,0,0
40.75,25.4375,0,798,0,0
40.75,25.4525,0,799,0,0
40.75,25.4525,0,799,0,0
40.75,25.4525,0,800,0,0
41.5,25.4825,0,800,0,0
41.75,25.4675,0,801,0,0
42.25,25.4675,0,801,0,0
41.5,25.4525,0,802,0,0
41.5,25.4825,0,802,0,0
41.5,25.4675,0,803,0,0
41.25,25.4525,0,803,0,0
41.5,25.4525,0,804,0,0
41.5,25.4675,0,804,0,0
41.0,25.4525,0,805,0,0
40.75,25.4525,0,805,0,0
40.25,25.4525,0,806,0,0
40.75,25.4525,0,806,0,0
40.75,25.4525,0,807,0,0
40.75,25.4525,0,808,0,0
40.0,25.4525,0,808,0,0
40.25,25.4525,0,809,0,0
40.75,25.4525,0,809,0,0
41.0,25.4525,0,810,0,0
41.0,25.4525,0,810,0,0
40.75,25.4525,0,811,0,0
40.75,25.4675,0,811,0,0
39.75,25.4525,0,812,0,0
38.75,25.4525,0,813,0,0
37.5,25.4525,0,813,0,0
37.5,25.4675,0,814,0,0
38.5,25.4525,0,814,0,0
38.0,25.4525,0,815,0,0
37.5,25.4675,0,815,0,0
37.75,25.4675,0,816,0,0
37.5,25.4675,0,816,0,0
37.5,25.485,0,817,0,0
38.0,25.4675,0,817,0,0
39.75,25.485,0,818,0,0
40.5,25.4675,0,818,0,0
40.75,25.485,0,819,0,0
39.5,25.4875,0,819,0,0
39.75,25.47,0,820,0,0
40.5,25.4525,0,820,0,0
42.25,25.485,0,821,0,0
42.5,25.485,0,821,0,0
41.5,25.485,0,822,0,0
40.75,25.4675,0,822,0,0
40.75,25.47,0,823,0,0
41.75,25.487499999999997,0,823,0,0
42.5,25.485,0,824,0,0
42.5,25.502499999999998,0,824,0,0
42.0,25.502499999999998,0,825,0,0
41.0,25.485,0,825,0,0
40.75,25.485,0,826,0,0
40.25,25.485,0,826,0,0
40.0,25.485,0,827,0,0
40.25,25.485,0,827,0,0
42.25,25.5325,0,828,0,0
43.5,25.5,0,828,0,0
43.25,25.5325,0,829,0,0
42.75,25.5175,0,829,0,0
43.0,25.4975,0,830,0,0
44.0,25.502499999999998,0,830,0,0
44.25,25.5175,0,831,0,0
43.75,25.5175,0,832,0,0
44.25,25.5175,0,832,0,0
45.5,25.485,0,833,0,0
45.0,25.5,0,833,0,0
45.75,25.5,0,834,0,0
47.25,25.515,0,834,0,0
47.0,25.5,0,835,0,0
46.5,25.5175,0,835,0,0
46.75,25.515,0,836,0,0
47.0,25.5175,0,836,0,0
46.25,25.5175,0,837,0,0
46.75,25.5175,0,837,0,0
47.0,25.5175,0,838,0,0
47.25,25.515,0,838,0,0
47.75,25.485,0,839,0,0
47.5,25.5175,0,839,0,0
48.0,25.5175,0,840,0,0
47.25,25.5325,0,840,0,0
46.25,25.549999999999997,0,841,0,0
45.5,25.5175,0,841,0,0
45.25,25.5175,0,842,0,0
45.25,25.5325,0,842,0,0
46.25,25.5325,0,843,0,0
45.75,25.5325,0,843,0,0
45.25,25.5175,0,844,0,0
44.75,25.5175,0,844,0,0
45.0,25.5325,0,845,0,0
45.0,25.5325,0,845,0,0
44.75,25.515,0,846,0,0
44.25,25.5325,0,846,0,0
44.25,25.5325,0,847,0,0
44.0,25.5175,0,847,0,0
43.75,25.515,0,848,0,0
43.75,25.5175,0,848,0,0
44.25,25.515,0,849,0,0
45.5,25.5175,0,849,0,0
45.25,25.5175,0,850,0,0
44.5,25.5325,0,850,0,0
44.5,25.5325,0,851,0,0
44.25,25.5325,0,851,0,0
44.75,25.5325,0,852,0,0
45.0,25.515,0,852,0,0
45.5,25.5325,0,853,0,0
45.0,25.5325,0,853,0,0
45.0,25.5325,0,854,0,0
44.25,25.5325,0,854,0,0
44.0,25.5325,0,855,0,0
43.75,25.5325,0,856,0,0
43.0,25.549999999999997,0,856,0,0
43.5,25.5325,0,857,0,0
44.25,25.5325,0,857,0,0
46.75,25.5325,0,858,0,0
48.0,25.5325,0,858,0,0
48.25,25.5325,0,859,0,0
48.0,25.5325,0,859,0,0
47.75,25.5325,0,860,0,0
47.25,25.549999999999997,0,860,0,0
46.25,25.5675,0,861,0,0
45.75,25.55,0,861,0,0
45.75,25.549999999999997,0,862,0,0
45.75,25.5325,0,862,0,0
45.75,25.549999999999997,0,863,0,0
46.0,25.55,0,863,0,0
46.5,25.564999999999998,0,864,0,0
46.75,25.5325,0,864,0,0
47.5,25.5675,0,865,0,0
47.5,25.5675,0,865,0,0
47.75,25.5975,0,866,0,0
48.5,25.5825,0,866,0,0
48.75,25.5825,0,867,0,0
49.25,25.564999999999998,0,867,0,0
48.5,25.5825,0,868,0,0
48.25,25.5975,0,869,0,0
47.75,25.564999999999998,0,869,0,0
47.25,25.5825,0,870,0,0
46.5,25.549999999999997,0,870,0,0
46.5,25.5675,0,871,0,0
46.5,25.55,0,871,0,0
46.5,25.5825,0,872,0,0
46.5,25.564999999999998,0,872,0,0
46.5,25.5825,0,873,0,0
46.5,25.5675,0,873,0,0
46.5,25.565,0,874,0,0
46.0,25.5825,0,874,0,0
46.25,25.5675,0,875,0,0
46.0,25.5975,0,875,0,0
46.25,25.5975,0,876,0,0
45.0,25.6125,1,877,0,0
44.5,25.5825,0,877,0,0
44.5,25.5825,0,878,0,0
44.75,25.5825,0,878,0,0
45.5,25.565,0,879,0,0
45.25,25.5825,0,880,0,0
45.5,25.5825,0,880,0,0
46.0,25.5825,0,881,0,0
45.0,25.5825,0,881,0,0
45.0,25.5975,0,882,0,0
44.5,25.5675,0,882,0,0
44.25,25.5975,0,883,0,0
43.5,25.5825,0,883,0,0
43.5,25.5825,0,884,0,0
42.75,25.5825,0,884,0,0
42.25,25.6125,0,885,0,0
41.5,25.5975,0,885,0,0
41.5,25.5825,0,886,0,0
42.25,25.580000000000002,0,886,0,0
41.25,25.5825,0,887,0,0
41.25,25.5975,0,887,0,0
41.25,25.5975,0,888,0,0
41.0,25.5825,0,888,0,0
40.5,25.6125,0,889,0,0
40.25,25.5825,0,889,0,0
40.25,25.5825,0,890,0,0
40.0,25.5825,0,890,0,0
39.25,25.5975,0,891,0,0
38.75,25.6125,0,891,0,0
38.25,25.6125,0,892,0,0
37.5,25.6125,0,892,0,0
37.25,25.6125,0,893,0,0
37.0,25.6125,0,893,0,0
37.0,25.5825,0,894,0,0
36.5,25.5975,0,894,0,0
36.0,25.5975,0,895,0,0
36.25,25.5975,0,895,0,0
37.0,25.5825,0,896,0,0
37.25,25.5975,0,896,0,0
38.25,25.5825,0,897,0,0
38.75,25.5825,0,897,0,0
39.5,25.5975,0,898,0,0
40.5,25.5975,0,898,0,0
40.75,25.5825,0,899,0,0
40.5,25.6125,0,899,0,0
40.0,25.5975,0,900,0,0
38.5,25.6275,0,900,0,0
38.5,25.5975,0,901,0,0
38.5,25.6125,0,901,0,0
38.5,25.6125,0,902,0,0
38.25,25.5975,0,903,0,0
38.0,25.6125,0,904,0,0
38.0,25.5975,0,904,0,0
38.25,25.6125,0,905,0,0
38.5,25.580000000000002,0,905,0,0
38.25,25.6125,0,906,0,0
38.0,25.5975,0,906,0,0
38.0,25.6125,0,907,0,0
37.5,25.5825,0,907,0,0
37.0,25.5975,0,908,0,0
36.75,25.5975,0,908,0,0
36.25,25.6125,0,909,0,0
36.0,25.5975,0,909,0,0
35.75,25.6125,0,910,0,0
35.25,25.5975,0,910,0,0
35.25,25.6125,0,911,0,0
35.25,25.6125,0,911,0,0
34.75,25.5975,0,912,0,0
34.25,25.6125,0,912,0,0
33.75,25.6125,0,913,0,0
33.5,25.6125,0,913,0,0
33.25,25.6125,0,914,0,0
32.75,25.6275,0,914,0,0
33.5,25.5975,0,915,0,0
33.5,25.6125,0,915,0,0
33.5,25.6125,0,916,0,0
33.25,25.6125,0,916,0,0
33.5,25.6125,0,917,0,0
33.5,25.5975,0,917,0,0
33.25,25.5975,0,918,0,0
32.75,25.6125,0,918,0,0
33.25,25.5975,0,919,0,0
33.0,25.6125,0,919,0,0
32.5,25.627499999999998,0,920,0,0
32.25,25.6125,0,920,0,0
32.0,25.6275,0,921,0,0
31.25,25.6125,0,921,0,0
31.25,25.6125,0,922,0,0
30.5,25.6125,0,923,0,0
30.0,25.6275,0,923,0,0
30.0,25.6125,0,924,0,0
30.0,25.5975,0,924,0,0
30.5,25.5975,0,925,0,0
30.75,25.5825,0,925,0,0
30.75,25.6125,0,926,0,0
30.5,25.5975,0,926,0,0
30.5,25.5975,0,927,0,0
30.0,25.6125,0,928,0,0
29.75,25.6125,0,928,0,0
29.75,25.5975,0,929,0,0
30.0,25.5975,0,929,0,0
30.0,25.5975,0,930,0,0
29.5,25.5825,0,930,0,0
29.25,25.5825,0,931,0,0
29.25,25.6275,0,931,0,0
28.75,25.6125,0,932,0,0
28.0,25.5975,0,932,0,0
27.5,25.6125,0,933,0,0
27.5,25.6125,0,933,0,0
27.25,25.6125,0,934,0,0
27.5,25.5975,0,934,0,0
27.0,25.6125,0,935,0,0
27.0,25.5975,0,935,0,0
27.0,25.6125,0,936,0,0
26.75,25.6125,0,936,0,0
26.75,25.6275,0,937,0,0
26.75,25.5975,0,937,0,0
26.5,25.6125,0,938,0,0
26.5,25.5825,0,938,0,0
26.25,25.6125,0,939,0,0
26.25,25.5825,0,939,0,0
26.0,25.6125,0,940,0,0
25.25,25.5975,0,940,0,0
25.0,25.5975,0,941,0,0
25.0,25.6125,0,941,0,0
24.5,25.5975,0,942,0,0
24.25,25.5975,0,942,0,0
24.25,25.580000000000002,0,943,0,0
24.25,25.6125,0,943,0,0
24.25,25.612499999999997,0,944,0,0
24.0,25.5975,0,944,0,0
24.0,25.6125,0,945,0,0
24.0,25.5975,0,945,0,0
24.0,25.6125,0,946,0,0
24.0,25.6125,0,946,0,0
24.0,25.6125,0,947,0,0
23.75,25.6125,0,947,0,0
23.25,25.5975,0,948,0,0
23.0,25.6125,0,948,0,0
23.0,25.5975,0,949,0,0
23.0,25.6125,0,949,0,0
23.0,25.6275,0,950,0,0
22.5,25.6125,0,950,0,0
22.5,25.6275,0,951,0,0
22.25,25.6275,0,951,0,0
22.25,25.6125,0,952,0,0
22.0,25.6125,0,953,0,0
21.75,25.6125,1,953,0,0
21.75,25.5975,0,954,0,0
21.75,25.6125,0,954,0,0
21.5,25.6125,0,955,0,0
21.25,25.6125,0,955,0,0
21.0,25.6275,0,956,0,0
20.75,25.642500000000002,0,956,0,0
20.75,25.6125,0,957,0,0
20.75,25.6275,0,957,0,0
20.5,25.6275,0,958,0,0
20.5,25.6275,0,958,0,0
20.25,25.6275,0,959,0,0
20.25,25.6425,0,959,0,0
20.0,25.657500000000002,0,960,0,0
20.0,25.6125,0,960,0,0
20.0,25.627499999999998,0,961,0,0
19.75,25.6125,0,961,0,0
19.25,25.6275,0,962,0,0
19.25,25.5975,0,962,0,0
19.25,25.6125,0,963,0,0
19.0,25.6125,0,963,0,0
19.0,25.5975,0,964,0,0
18.75,25.5975,0,964,0,0
18.5,25.5975,0,965,0,0
18.5,25.6125,0,965,0,0
18.5,25.5975,0,966,0,0
18.5,25.6125,0,966,0,0
18.25,25.5975,0,967,0,0
18.25,25.5975,0,967,0,0
18.25,25.5975,0,968,0,0
18.0,25.5975,0,968,0,0
18.0,25.5975,0,969,0,0
18.0,25.5975,0,969,0,0
18.0,25.5975,0,970,0,0
18.0,25.627499999999998,0,970,0,0
18.0,25.5975,0,971,0,0
18.0,25.6275,0,971,0,0
17.5,25.5975,0,972,0,0
17.5,25.5975,0,972,0,0
17.25,25.5975,0,973,0,0
17.0,25.5975,0,973,0,0
16.5,25.5975,0,974,0,0
16.0,25.6125,0,974,0,0
15.75,25.5975,0,975,0,0
15.75,25.595000000000002,0,975,0,0
15.5,25.5975,0,976,0,0
15.25,25.5975,0,977,0,0
15.25,25.580000000000002,0,977,0,0
15.25,25.580000000000002,0,978,0,0
15.0,25.5975,0,978,0,0
15.0,25.5975,0,979,0,0
15.0,25.5975,0,979,0,0
14.5,25.5975,0,980,0,0
14.5,25.5975,0,981,0,0
14.5,25.5975,0,981,0,0
14.25,25.580000000000002,0,982,0,0
14.25,25.5975,0,982,0,0
14.0,25.612499999999997,0,983,0,0
13.75,25.5975,0,983,0,0
13.75,25.580000000000002,0,984,0,0
13.5,25.595000000000002,0,984,0,0
13.25,25.612499999999997,0,985,0,0
13.25,25.580000000000002,0,985,0,0
13.25,25.580000000000002,0,986,0,0
13.0,25.5975,0,986,0,0
12.75,25.6125,0,987,0,0
12.75,25.6125,0,987,0,0
12.75,25.5975,0,988,0,0
12.5,25.5975,0,988,0,0
12.5,25.6125,0,989,0,0
12.5,25.5975,0,989,0,0
12.25,25.6125,0,990,0,0
12.25,25.5975,0,990,0,0
12.25,25.5975,0,991,0,0
12.25,25.5975,0,991,0,0
12.25,25.5975,0,992,0,0
12.0,25.5975,0,992,0,0
12.0,25.5975,0,993,0,0
12.0,25.5975,0,993,0,0
12.25,25.612499999999997,0,994,0,0
12.25,25.5975,0,994,0,0
11.75,25.6125,0,995,0,0
11.5,25.627499999999998,0,995,0,0
11.25,25.5975,0,996,0,0
11.0,25.612499999999997,0,996,0,0
10.5,25.5975,0,997,0,0
10.5,25.5975,0,997,0,0
10.25,25.6125,0,998,0,0
10.25,25.6275,0,998,0,0
10.0,25.6125,0,999,0,0
10.0,25.627499999999998,0,999,0,0
9.75,25.6125,0,1000,0,0
9.75,25.6275,0,1001,0,0
9.5,25.627499999999998,0,1001,0,0
9.5,25.612499999999997,0,1002,0,0
8.75,25.5975,0,1002,0,0
8.75,25.612499999999997,0,1003,0,0
8.75,25.6125,0,1003,0,0
8.5,25.612499999999997,0,1004,0,0
8.25,25.6125,0,1004,0,0
8.25,25.612499999999997,0,1005,0,0
8.0,25.6125,0,1005,0,0
8.0,25.625,0,1006,0,0
8.0,25.5975,0,1006,0,0
7.75,25.5975,0,1007,0,0
7.5,25.612499999999997,0,1007,0,0
7.25,25.5975,0,1008,0,0
7.25,25.5975,0,1008,0,0
7.25,25.5975,0,1009,0,0
7.25,25.6275,0,1009,0,0
7.25,25.5975,0,1010,0,0
7.25,25.6125,0,1010,0,0
7.25,25.595,0,1011,0,0
7.0,25.6125,0,1011,0,0
6.75,25.58,0,1012,0,0
6.5,25.58,0,1012,0,0
6.5,25.58,0,1013,0,0
6.5,25.6125,0,1013,0,0
6.25,25.6125,0,1014,0,0
6.25,25.6125,0,1014,0,0
6.25,25.595,0,1015,0,0
5.75,25.595,0,1015,0,0
5.75,25.58,0,1016,0,0
5.75,25.58,0,1016,0,0
5.75,25.5625,0,1017,0,0
5.25,25.58,0,1017,0,0
5.25,25.61,0,1018,0,0
5.25,25.58,0,1018,0,0
5.0,25.595,0,1019,0,0
5.0,25.595,0,1019,0,0
5.0,25.595,0,1020,0,0
4.75,25.595,0,1020,0,0
4.5,25.595,0,1021,0,0
4.5,25.595,0,1021,0,0
4.25,25.595,0,1022,0,0
4.25,25.595,0,1022,0,0
4.25,25.595,0,1023,0,0
4.25,25.595,0,1023,0,0
4.25,25.595,0,1024,0,0
3.75,25.61,0,1025,0,0
3.75,25.595,0,1025,0,0
3.75,25.58,0,1026,0,0
3.75,25.58,0,1026,0,0
3.75,25.595,0,1027,0,0
3.5,25.564999999999998,0,1027,0,0
3.5,25.58,0,1028,0,0
3.5,25.58,0,1028,0,0
3.5,25.58,0,1029,0,0
3.5,25.5625,0,1029,0,0
3.5,25.58,0,1030,0,0
3.5,25.5625,0,1030,0,0
3.5,25.58,0,1031,0,0
3.25,25.58,0,1031,0,0
3.0,25.564999999999998,0,1032,0,0
3.25,25.5475,0,1032,0,0
3.25,25.58,0,1033,0,0
2.75,25.564999999999998,0,1033,0,0
3.0,25.58,0,1034,0,0
2.25,25.58,0,1034,0,0
2.25,25.564999999999998,0,1035,0,0
2.25,25.564999999999998,0,1035,0,0
2.25,25.564999999999998,0,1036,0,0
2.25,25.564999999999998,0,1037,0,0
2.25,25.58,0,1037,0,0
2.25,25.58,0,1038,0,0
2.25,25.58,0,1038,0,0
2.25,25.564999999999998,0,1039,0,0
2.25,25.5475,0,1039,0,0
2.0,25.58,0,1040,0,0
2.0,25.58,0,1040,0,0
2.0,25.58,0,1041,0,0
2.0,25.5475,0,1041,0,0
1.75,25.5475,0,1042,0,0
1.75,25.5475,0,1042,0,0
1.75,25.564999999999998,0,1043,0,0
1.75,25.58,0,1043,0,0
1.75,25.564999999999998,0,1044,0,0
1.75,25.564999999999998,0,1044,0,0
1.75,25.564999999999998,0,1045,0,0
1.5,25.5475,0,1045,0,0
1.25,25.564999999999998,0,1046,0,0
1.25,25.5475,0,1046,0,0
1.25,25.564999999999998,0,1047,0,0
1.25,25.58,0,1047,0,0
1.25,25.564999999999998,0,1048,0,0
1.25,25.564999999999998,0,1049,0,0
1.25,25.564999999999998,0,1049,0,0
1.25,25.5475,0,1050,0,0
1.25,25.5475,0,1050,0,0
1.0,25.564999999999998,0,1051,0,0
1.0,25.564999999999998,0,1051,0,0
1.0,25.532500000000002,0,1052,0,0
1.0,25.58,0,1052,0,0
0.75,25.564999999999998,0,1053,0,0
0.75,25.564999999999998,0,1053,0,0
0.75,25.564999999999998,0,1054,0,0
0.75,25.5475,0,1054,0,0
0.75,25.58,0,1055,0,0
0.75,25.564999999999998,0,1055,0,0
0.5,25.564999999999998,0,1056,0,0
0.5,25.5475,0,1056,0,0
0.5,25.5475,0,1057,0,0
0.5,25.5475,0,1057,0,0
0.5,25.5475,0,1058,0,0
0.5,25.58,0,1058,0,0
0.5,25.532500000000002,0,1059,0,0
0.5,25.5475,0,1059,0,0
0.5,25.5475,0,1060,0,0
0.5,25.5475,0,1060,0,0
0.5,25.5475,0,1061,0,0
0.5,25.58,0,1061,0,0
0.25,25.564999999999998,0,1062,0,0
0.0,25.564999999999998,0,1062,0,0
0.0,25.5475,0,1063,0,0
0.0,25.5475,0,1063,0,0
0.0,25.5475,0,1064,0,0
0.0,25.5325,0,1064,0,0
0.0,25.564999999999998,0,1065,0,0
0.0,25.5475,0,1065,0,0
0.0,25.5475,0,1066,0,0
0.0,25.5475,0,1066,0,0
0.0,25.564999999999998,0,1067,0,0
0.0,25.5475,0,1067,0,0
0.0,25.532500000000002,0,1068,0,0
0.0,25.5475,0,1068,0,0
0.0,25.5475,0,1069,0,0
0.0,25.5475,0,1069,0,0
0.0,25.55,0,1070,0,0
0.0,25.564999999999998,0,1070,0,0
0.0,25.532500000000002,0,1071,0,0
0.0,25.564999999999998,0,1071,0,0
0.0,25.5475,0,1072,0,0
0.0,25.564999999999998,0,1073,0,0
0.0,25.5475,0,1073,0,0
0.0,25.564999999999998,0,1074,0,0
0.0,25.58,0,1074,0,0
0.0,25.5475,0,1075,0,0
0.0,25.5475,0,1075,0,0
0.0,25.5475,0,1076,0,0
0.0,25.5475,0,1076,0,0
0.0,25.5625,1,1077,0,0
0.0,25.5475,1,1077,0,0
0.0,25.5475,1,1078,0,0
0.0,25.5325,0,1078,0,0
0.0,25.5325,0,1079,0,0
0.0,25.5325,0,1079,0,0
0.0,25.5325,0,1080,0,0
0.0,25.517500000000002,0,1080,0,0
0.0,25.517500000000002,0,1081,0,0
0.0,25.517500000000002,0,1081,0,0
0.0,25.517500000000002,0,1082,0,0
0.0,25.5325,0,1082,0,0
0.0,25.5325,0,1083,0,0
0.0,25.517500000000002,0,1083,0,0
0.0,25.5325,0,1084,0,0
0.0,25.5625,0,1084,0,0
0.0,25.517500000000002,0,1085,0,0
0.0,25.517500000000002,0,1085,0,0
0.0,25.5325,0,1086,0,0
0.0,25.517500000000002,0,1086,0,0
0.0,25.532500000000002,0,1087,0,0
0.0,25.517500000000002,0,1087,0,0
0.0,25.517500000000002,0,1088,0,0
0.0,25.5475,0,1088,0,0
0.0,25.5475,0,1089,0,0
0.0,25.532500000000002,0,1089,0,0
0.0,25.517500000000002,0,1090,0,0
0.0,25.532500000000002,0,1090,0,0
0.0,25.5325,0,1091,0,0
0.0,25.532500000000002,0,1092,0,0
0.0,25.517500000000002,0,1092,0,0
0.0,25.5475,0,1093,0,0
0.0,25.517500000000002,0,1093,0,0
0.0,25.532500000000002,0,1094,0,0
0.0,25.517500000000002,0,1094,0,0
0.0,25.5325,0,1095,0,0
0.0,25.517500000000002,0,1095,0,0
0.0,25.532500000000002,0,1096,0,0
0.0,25.517500000000002,0,1097,0,0
0.0,25.517500000000002,0,1097,0,0
0.0,25.5325,0,1098,0,0
0.0,25.517500000000002,0,1098,0,0
0.0,25.5325,0,1099,0,0
0.0,25.5325,0,1099,0,0
0.0,25.517500000000002,0,1100,0,0
0.0,25.517500000000002,0,1100,0,0
0.0,25.517500000000002,0,1101,0,0
0.0,25.517500000000002,0,1101,0,0
0.0,25.5325,0,1102,0,0
0.0,25.532500000000002,0,1102,0,0
0.0,25.532500000000002,0,1103,0,0
0.0,25.517500000000002,0,1103,0,0
0.0,25.517500000000002,0,1104,0,0
0.0,25.517500000000002,0,1104,0,0
0.0,25.55,0,1105,0,0
0.0,25.532500000000002,0,1105,0,0
0.0,25.532500000000002,0,1106,0,0
0.0,25.517500000000002,0,1106,0,0
0.0,25.517500000000002,0,1107,0,0
0.0,25.517500000000002,0,1107,0,0
0.0,25.532500000000002,0,1108,0,0
0.0,25.532500000000002,0,1108,0,0
0.0,25.532500000000002,0,1109,0,0
0.0,25.517500000000002,0,1109,0,0
0.0,25.517500000000002,0,1110,0,0
0.0,25.5475,0,1110,0,0
0.0,25.517500000000002,0,1111,0,0
0.0,25.532500000000002,0,1111,0,0
0.0,25.517500000000002,0,1112,0,0
0.0,25.517500000000002,0,1112,0,0
0.0,25.517500000000002,0,1113,0,0
0.0,25.517500000000002,0,1113,0,0
0.0,25.517500000000002,0,1114,0,0
0.0,25.5475,0,1114,0,0
0.0,25.532500000000002,0,1115,0,0
0.0,25.532500000000002,0,1115,0,0
0.0,25.532500000000002,0,1116,0,0
0.0,25.517500000000002,0,1116,0,0
0.0,25.532500000000002,0,1117,0,0
0.0,25.517500000000002,0,1117,0,0
0.0,25.55,0,1118,0,0
0.0,25.532500000000002,0,1118,0,0
0.0,25.532500000000002,0,1119,0,0
0.0,25.517500000000002,0,1119,0,0
0.0,25.517500000000002,0,1120,0,0
0.0,25.55,0,1121,0,0
0.0,25.517500000000002,0,1121,0,0
0.0,25.532500000000002,0,1122,0,0
0.0,25.517500000000002,0,1122,0,0
0.0,25.5025,0,1123,0,0
0.0,25.517500000000002,0,1123,0,0
0.0,25.517500000000002,0,1124,0,0
0.0,25.517500000000002,0,1124,0,0
0.0,25.517500000000002,0,1125,0,0
0.0,25.532500000000002,0,1125,0,0
0.0,25.517500000000002,0,1126,0,0
0.0,25.517500000000002,0,1126,0,0
0.0,25.532500000000002,0,1127,0,0
0.0,25.517500000000002,0,1127,0,0
0.0,25.532500000000002,0,1128,0,0
0.0,25.532500000000002,0,1128,0,0
0.0,25.532500000000002,0,1129,0,0
0.0,25.517500000000002,0,1129,0,0
0.0,25.517500000000002,0,1130,0,0
0.0,25.532500000000002,0,1130,0,0
0.0,25.517500000000002,0,1131,0,0
0.0,25.517500000000002,0,1131,0,0
0.0,25.532500000000002,0,1132,0,0
0.0,25.517500000000002,0,1132,0,0
0.0,25.517500000000002,0,1133,0,0
0.0,25.5025,0,1133,0,0
0.0,25.532500000000002,0,1134,0,0
0.0,25.517500000000002,0,1134,0,0
0.0,25.532500000000002,0,1135,0,0
0.0,25.517500000000002,0,1135,0,0
0.0,25.5025,0,1136,0,0
0.0,25.517500000000002,0,1136,0,0
0.0,25.5025,0,1137,0,0
0.0,25.517500000000002,0,1137,0,0
0.0,25.5025,0,1138,0,0
0.0,25.5025,0,1138,0,0
0.0,25.5025,0,1139,0,0
0.0,25.517500000000002,0,1139,0,0
0.0,25.5025,0,1140,0,0
0.0,25.5025,0,1140,0,0
0.0,25.517500000000002,0,1141,0,0
0.0,25.5025,0,1141,0,0
0.0,25.517500000000002,0,1142,0,0
0.0,25.517500000000002,0,1142,0,0
0.0,25.4875,0,1143,0,0
0.0,25.5025,0,1143,0,0
0.0,25.5025,0,1144,0,0
0.0,25.517500000000002,0,1145,0,0
0.0,25.517500000000002,0,1145,0,0
0.0,25.5025,0,1146,0,0
0.0,25.5025,0,1146,0,0
0.0,25.5025,0,1147,0,0
0.0,25.517500000000002,0,1147,0,0
0.0,25.517500000000002,0,1148,0,0
0.0,25.517500000000002,0,1149,0,0
0.0,25.532500000000002,0,1149,0,0
0.0,25.5025,0,1150,0,0
0.0,25.517500000000002,0,1150,0,0
0.0,25.517500000000002,0,1151,0,0
0.0,25.532500000000002,0,1151,0,0
0.0,25.517500000000002,0,1152,0,0
0.0,25.517500000000002,0,1152,0,0
0.0,25.5025,0,1153,0,0
0.0,25.517500000000002,0,1153,0,0
0.0,25.517500000000002,0,1154,0,0
0.0,25.517500000000002,0,1154,0,0
0.0,25.5025,0,1155,0,0
0.0,25.5025,0,1155,0,0
0.0,25.517500000000002,0,1156,0,0
0.0,25.517500000000002,0,1157,0,0
0.0,25.517500000000002,0,1157,0,0
0.0,25.5025,0,1158,0,0
0.0,25.5025,0,1158,0,0
0.0,25.5025,0,1159,0,0
0.0,25.5025,0,1159,0,0
0.0,25.5025,0,1160,0,0
0.0,25.5025,0,1160,0,0
0.0,25.517500000000002,0,1161,0,0
0.0,25.517500000000002,0,1161,0,0
0.0,25.532500000000002,0,1162,0,0
0.0,25.5025,0,1162,0,0
0.0,25.5025,0,1163,0,0
0.0,25.5025,0,1163,0,0
0.0,25.5175,0,1164,0,0
0.0,25.5025,0,1164,0,0
0.0,25.5025,0,1165,0,0
0.0,25.5325,0,1165,0,0
0.0,25.517500000000002,0,1166,0,0
0.0,25.517500000000002,0,1166,0,0
0.0,25.5025,0,1167,0,0
0.0,25.5175,0,1167,0,0
0.0,25.5025,0,1168,0,0
0.0,25.5025,0,1168,0,0
0.0,25.5175,0,1169,0,0
0.0,25.5025,0,1170,0,0
0.0,25.5025,0,1170,0,0
0.0,25.517500000000002,0,1171,0,0
0.0,25.5025,0,1171,0,0
0.0,25.5025,0,1172,0,0
0.0,25.517500000000002,0,1172,0,0
0.0,25.5025,0,1173,0,0
0.0,25.5025,0,1173,0,0
0.0,25.5025,0,1174,0,0
0.0,25.5025,0,1174,0,0
0.0,25.517500000000002,0,1175,0,0
0.0,25.517500000000002,0,1175,0,0
0.0,25.517500000000002,0,1176,0,0
0.0,25.532500000000002,0,1176,0,0
0.0,25.517500000000002,0,1177,0,0
0.0,25.5025,0,1177,0,0
0.0,25.5025,0,1178,0,0
0.0,25.517500000000002,0,1178,0,0
0.0,25.4875,0,1179,0,0
0.0,25.4875,0,1179,0,0
0.0,25.4875,0,1180,0,0
0.0,25.4875,0,1180,0,0
0.0,25.502499999999998,0,1181,0,0
0.0,25.4875,0,1181,0,0
0.0,25.5175,0,1182,0,0
0.0,25.5025,0,1182,0,0
0.0,25.5325,0,1183,0,0
0.0,25.5325,0,1183,0,0
0.0,25.5175,0,1184,0,0
0.0,25.5325,0,1185,0,0
0.0,25.5175,0,1185,0,0
0.0,25.5025,0,1186,0,0
0.0,25.5025,0,1186,0,0
0.0,25.5025,0,1187,0,0
0.0,25.5025,0,1187,0,0
0.0,25.5025,0,1188,0,0
0.0,25.5025,0,1188,0,0
0.0,25.517500000000002,0,1189,0,0
0.0,25.517500000000002,0,1189,0,0
0.0,25.5025,0,1190,0,0
0.0,25.5025,0,1190,0,0
0.0,25.5025,0,1191,0,0
0.0,25.5025,0,1191,0,0
0.0,25.4875,0,1192,0,0
0.0,25.4875,0,1192,0,0
0.0,25.4875,0,1193,0,0
0.0,25.4875,0,1194,0,0
0.0,25.4875,0,1194,0,0
0.0,25.5025,0,1195,0,0
0.0,25.4875,0,1196,0,0
0.0,25.517500000000002,0,1196,0,0
0.0,25.517500000000002,0,1197,0,0
0.0,25.5025,0,1197,0,0
0.0,25.5025,0,1198,0,0
0.0,25.5175,0,1198,0,0
0.0,25.5025,0,1199,0,0
0.0,25.4875,0,1199,0,0
0.0,25.4875,0,1200,0,0
0.0,25.5025,0,1200,0,0
0.0,25.5175,0,1201,0,0
0.0,25.5025,0,1201,0,0
0.0,25.5325,0,1202,0,0
0.0,25.5025,0,1203,0,0
0.0,25.5025,0,1203,0,0
0.0,25.517500000000002,0,1204,0,0
0.0,25.5025,0,1204,0,0
0.0,25.5325,0,1205,0,0
0.0,25.5025,0,1205,0,0
0.0,25.5025,0,1206,0,0
0.0,25.4875,0,1206,0,0
0.0,25.502499999999998,0,1207,0,0
0.0,25.485,0,1207,0,0
0.0,25.5025,0,1208,0,0
0.0,25.5025,0,1208,0,0
0.0,25.5025,0,1209,0,0
0.0,25.515,0,1209,0,0
0.0,25.5175,0,1210,0,0
0.0,25.5175,0,1210,0,0
0.0,25.5,0,1211,0,0
0.0,25.5,0,1211,0,0
0.0,25.5175,0,1212,0,0
0.0,25.485,0,1212,0,0
0.0,25.5025,0,1213,0,0
0.0,25.5175,0,1213,0,0
0.0,25.517500000000002,0,1214,0,0
0.0,25.485,0,1214,0,0
0.0,25.5025,0,1215,0,0
0.0,25.485,0,1215,0,0
0.0,25.5325,0,1216,0,0
0.0,25.485,0,1216,0,0
0.0,25.485,0,1217,0,0
0.0,25.485,0,1218,0,0
0.0,25.485,0,1218,0,0
0.0,25.485,0,1219,0,0
0.0,25.4875,0,1219,0,0
0.0,25.485,0,1220,0,0
0.0,25.4725,0,1220,0,0
0.0,25.502499999999998,0,1221,0,0
0.0,25.47,0,1221,0,0
0.0,25.47,0,1222,0,0
0.0,25.455,0,1222,0,0
0.0,25.485,0,1223,0,0
0.0,25.5025,0,1223,0,0
0.0,25.485,0,1224,0,0
0.0,25.485,0,1224,0,0
0.0,25.5025,0,1225,0,0
0.0,25.5025,0,1225,0,0
0.0,25.5025,0,1226,0,0
0.0,25.485,0,1226,0,0
0.0,25.5025,0,1227,0,0
0.0,25.485,0,1227,0,0
0.0,25.485,0,1228,0,0
0.0,25.4875,0,1228,0,0
0.0,25.4875,0,1229,0,0
0.0,25.502499999999998,0,1229,0,0
0.0,25.4875,0,1230,0,0
0.0,25.4875,0,1230,0,0
0.0,25.4875,0,1231,0,0
0.0,25.455,0,1231,0,0
0.0,25.47,0,1232,0,0
0.0,25.47,0,1232,0,0
0.0,25.4875,0,1233,0,0
0.0,25.502499999999998,0,1233,0,0
0.0,25.4875,0,1234,0,0
0.0,25.485,0,1234,0,0
0.0,25.4875,0,1235,0,0
0.0,25.5025,0,1235,0,0
0.0,25.4875,0,1236,0,0
0.0,25.5175,0,1236,0,0
0.0,25.5025,0,1237,0,0
0.0,25.485,0,1237,0,0
0.0,25.47,0,1238,0,0
0.0,25.485,0,1238,0,0
0.0,25.485,0,1239,0,0
0.0,25.485,0,1239,0,0
0.0,25.4875,0,1240,0,0
0.0,25.485,0,1240,0,0
0.0,25.485,0,1241,0,0
0.0,25.485,0,1242,0,0
0.0,25.485,0,1242,0,0
0.0,25.485,0,1243,0,0
0.0,25.5,0,1243,0,0
0.0,25.4725,0,1244,0,0
0.0,25.47,0,1244,0,0
0.0,25.4875,0,1245,0,0
0.0,25.5025,0,1245,0,0
0.0,25.47,0,1246,0,0
0.0,25.4875,0,1246,0,0
0.0,25.47,0,1247,0,0
0.0,25.4875,0,1247,0,0
0.0,25.47,0,1248,0,0
0.0,25.485,0,1248,0,0
0.0,25.5025,0,1249,0,0
0.0,25.47,0,1249,0,0
0.0,25.455,0,1250,0,0
0.0,25.485,0,1250,0,0
0.0,25.455,0,1251,0,0
0.0,25.47,0,1251,0,0
0.0,25.47,0,1252,0,0
0.0,25.47,0,1252,0,0
0.0,25.47,0,1253,0,0
0.0,25.47,0,1253,0,0
0.0,25.47,0,1254,0,0
0.0,25.455,0,1254,0,0
0.0,25.4875,0,1255,0,0
0.0,25.47,0,1255,0,0
0.0,25.485,0,1256,0,0
0.0,25.455,0,1256,0,0
0.0,25.4875,0,1257,0,0
0.0,25.47,0,1257,0,0
0.0,25.47,0,1258,0,0
0.0,25.47,0,1259,0,0
0.0,25.4725,0,1259,0,0
0.0,25.485,0,1260,0,0
0.0,25.455,0,1260,0,0
0.0,25.47,0,1261,0,0
0.0,25.455,0,1261,0,0
0.0,25.47,0,1262,0,0
0.0,25.455,0,1262,0,0
0.0,25.455,0,1263,0,0
0.0,25.439999999999998,0,1263,0,0
0.0,25.47,0,1264,0,0
0.0,25.47,0,1264,0,0
0.0,25.4725,0,1265,0,0
0.0,25.455,0,1266,0,0
0.0,25.4875,0,1266,0,0
0.0,25.4575,0,1267,0,0
0.0,25.5025,0,1267,0,0
0.0,25.5025,0,1268,0,0
0.0,25.5025,0,1268,0,0
0.0,25.47,0,1269,0,0
0.0,25.485,0,1269,0,0
0.0,25.455,0,1270,0,0
0.0,25.455,0,1270,0,0
0.0,25.455,0,1271,0,0
0.0,25.455,0,1271,0,0
0.0,25.439999999999998,0,1272,0,0
0.0,25.439999999999998,0,1272,0,0
0.0,25.455,0,1273,0,0
0.0,25.4375,0,1273,0,0
0.0,25.455,0,1274,0,0
0.0,25.439999999999998,0,1274,0,0
0.0,25.439999999999998,0,1275,0,0
0.0,25.439999999999998,0,1275,0,0
0.0,25.439999999999998,0,1276,0,0
0.0,25.439999999999998,0,1276,0,0
0.0,25.455,0,1277,0,0
0.0,25.439999999999998,0,1277,0,0
0.0,25.4225,0,1278,0,0
0.0,25.4225,0,1278,0,0
0.0,25.4225,0,1279,0,0
0.0,25.439999999999998,0,1279,0,0
0.0,25.439999999999998,0,1280,0,0
0.0,25.439999999999998,0,1280,0,0
0.0,25.439999999999998,0,1281,0,0
0.0,25.439999999999998,0,1281,0,0
0.0,25.455,0,1282,0,0
0.0,25.455,0,1282,0,0
0.0,25.4725,0,1283,0,0
0.0,25.455,0,1283,0,0
0.0,25.439999999999998,0,1284,0,0
0.0,25.4575,0,1284,0,0
0.0,25.47,0,1285,0,0
0.0,25.455,0,1285,0,0
0.0,25.439999999999998,0,1286,0,0
0.0,25.439999999999998,0,1286,0,0
0.0,25.455,0,1287,0,0
0.0,25.439999999999998,0,1287,0,0
0.0,25.455,0,1288,0,0
0.0,25.439999999999998,0,1288,0,0
0.0,25.439999999999998,0,1289,0,0
0.0,25.439999999999998,0,1290,0,0
0.0,25.439999999999998,0,1290,0,0
0.0,25.455,0,1291,0,0
0.0,25.455,0,1291,0,0
0.0,25.439999999999998,0,1292,0,0
0.0,25.455,0,1292,0,0
0.0,25.439999999999998,0,1293,0,0
0.0,25.439999999999998,0,1293,0,0
0.0,25.439999999999998,0,1294,0,0
0.0,25.439999999999998,0,1294,0,0
0.0,25.439999999999998,0,1295,0,0
0.0,25.455,0,1295,0,0
0.0,25.439999999999998,0,1296,0,0
0.0,25.439999999999998,0,1296,0,0
0.0,25.439999999999998,0,1297,0,0
0.0,25.439999999999998,0,1297,0,0
0.0,25.4225,0,1298,0,0
0.0,25.439999999999998,0,1298,0,0
0.0,25.439999999999998,0,1299,0,0
0.0,25.439999999999998,0,1299,0,0
0.0,25.439999999999998,0,1300,0,0
0.0,25.4225,0,1300,0,0
0.0,25.439999999999998,0,1301,0,0
0.0,25.455,0,1301,0,0
0.0,25.455,0,1302,0,0
0.0,25.455,0,1302,0,0
0.0,25.47,0,1303,0,0
0.0,25.455,0,1303,0,0
0.0,25.439999999999998,0,1304,0,0
0.0,25.439999999999998,0,1304,0,0
0.0,25.424999999999997,0,1305,0,0
0.0,25.439999999999998,0,1305,0,0
0.0,25.439999999999998,0,1306,0,0
0.0,25.439999999999998,0,1306,0,0
0.0,25.4225,0,1307,0,0
0.0,25.439999999999998,0,1307,0,0
0.0,25.439999999999998,0,1308,0,0
0.0,25.439999999999998,0,1308,0,0
0.0,25.439999999999998,0,1309,0,0
0.0,25.439999999999998,0,1309,0,0
0.0,25.439999999999998,0,1310,0,0
0.0,25.439999999999998,0,1310,0,0
0.0,25.439999999999998,0,1311,0,0
0.0,25.4225,0,1311,0,0
0.0,25.4225,0,1312,0,0
0.0,25.439999999999998,0,1312,0,0
0.0,25.4225,0,1313,0,0
0.0,25.439999999999998,0,1314,0,0
0.0,25.439999999999998,0,1315,0,0
0.0,25.439999999999998,0,1315,0,0
0.0,25.439999999999998,0,1316,0,0
0.0,25.455,0,1316,0,0
0.0,25.455,0,1317,0,0
0.0,25.439999999999998,0,1317,0,0
0.0,25.439999999999998,0,1318,0,0
0.0,25.439999999999998,0,1318,0,0
0.0,25.455,0,1319,0,0
0.0,25.439999999999998,0,1319,0,0
0.0,25.439999999999998,0,1320,0,0
0.0,25.439999999999998,0,1320,0,0
0.0,25.439999999999998,0,1321,0,0
0.0,25.4225,0,1321,0,0
0.0,25.439999999999998,0,1322,0,0
0.0,25.439999999999998,0,1322,0,0
0.0,25.455,0,1323,0,0
0.0,25.439999999999998,0,1323,0,0
0.0,25.439999999999998,0,1324,0,0
0.0,25.4225,0,1324,0,0
0.0,25.409999999999997,0,1325,0,0
0.0,25.4375,0,1325,0,0
0.0,25.439999999999998,0,1326,0,0
0.0,25.439999999999998,0,1326,0,0
0.0,25.439999999999998,0,1327,0,0
0.0,25.455,0,1327,0,0
0.0,25.439999999999998,0,1328,0,0
0.0,25.439999999999998,0,1328,0,0
0.0,25.439999999999998,0,1329,0,0
0.0,25.4225,0,1329,0,0
0.0,25.424999999999997,0,1330,0,0
0.0,25.4225,0,1330,0,0
0.0,25.4225,0,1331,0,0
0.0,25.4225,0,1331,0,0
0.0,25.4225,0,1332,0,0
0.0,25.4075,0,1332,0,0
0.0,25.4225,0,1333,0,0
0.0,25.439999999999998,0,1333,0,0
0.0,25.439999999999998,0,1334,0,0
0.0,25.455,0,1334,0,0
0.0,25.439999999999998,0,1335,0,0
0.0,25.424999999999997,0,1335,0,0
0.0,25.424999999999997,0,1336,0,0
0.0,25.409999999999997,0,1336,0,0
0.0,25.4075,0,1337,0,0
0.0,25.439999999999998,0,1338,0,0
0.0,25.455,0,1338,0,0
0.0,25.439999999999998,0,1339,0,0
0.0,25.439999999999998,0,1339,0,0
0.0,25.439999999999998,0,1340,0,0
0.0,25.439999999999998,0,1340,0,0
0.0,25.439999999999998,0,1341,0,0
0.0,25.455,0,1341,0,0
0.0,25.409999999999997,0,1342,0,0
0.0,25.455,0,1342,0,0
0.0,25.439999999999998,0,1343,0,0
0.0,25.455,0,1343,0,0
0.0,25.439999999999998,0,1344,0,0
0.0,25.439999999999998,0,1344,0,0
0.0,25.455,0,1345,0,0
0.0,25.47,0,1345,0,0
0.0,25.47,0,1346,0,0
0.0,25.455,0,1346,0,0
0.0,25.485,0,1347,0,0
0.0,25.485,0,1347,0,0
0.0,25.485,0,1348,0,0
0.0,25.47,0,1348,0,0
0.0,25.5,0,1349,0,0
0.0,25.455,0,1349,0,0
0.0,25.47,0,1350,0,0
0.0,25.47,0,1350,0,0
0.0,25.47,0,1351,0,0
0.0,25.455,0,1351,0,0
0.0,25.455,0,1352,0,0
0.0,25.439999999999998,0,1352,0,0
0.0,25.455,0,1353,0,0
0.0,25.455,0,1353,0,0
0.0,25.47,0,1354,0,0
0.0,25.485,0,1354,0,0
0.0,25.47,0,1355,0,0
0.0,25.47,0,1355,0,0
0.0,25.455,0,1356,0,0
0.0,25.439999999999998,0,1356,0,0
0.0,25.424999999999997,0,1357,0,0
0.0,25.455,0,1357,0,0
0.0,25.47,0,1358,0,0
0.0,25.439999999999998,0,1358,0,0
0.0,25.47,0,1359,0,0
0.0,25.424999999999997,0,1359,0,0
0.0,25.424999999999997,0,1360,0,0
0.0,25.455,0,1360,0,0
0.0,25.439999999999998,0,1361,0,0
0.0,25.439999999999998,0,1361,0,0
0.0,25.455,0,1362,0,0
0.0,25.455,0,1363,0,0
0.0,25.424999999999997,0,1363,0,0
0.0,25.439999999999998,0,1364,0,0
0.0,25.455,0,1364,0,0
0.0,25.47,0,1365,0,0
0.0,25.424999999999997,0,1365,0,0
0.0,25.439999999999998,0,1366,0,0
0.0,25.455,0,1366,0,0
0.0,25.424999999999997,0,1367,0,0
0.0,25.439999999999998,0,1367,0,0
0.0,25.424999999999997,0,1368,0,0
0.0,25.409999999999997,0,1368,0,0
0.0,25.439999999999998,0,1369,0,0
0.0,25.424999999999997,0,1369,0,0
0.0,25.439999999999998,0,1370,0,0
0.0,25.439999999999998,0,1371,0,0
0.0,25.439999999999998,0,1371,0,0
0.0,25.455,0,1372,0,0
0.0,25.47,0,1372,0,0
0.0,25.47,0,1373,0,0
0.0,25.455,0,1373,0,0
0.0,25.455,0,1374,0,0
0.0,25.424999999999997,0,1374,0,0
0.0,25.455,0,1375,0,0
0.0,25.424999999999997,0,1375,0,0
0.0,25.424999999999997,0,1376,0,0
0.0,25.439999999999998,0,1376,0,0
0.0,25.439999999999998,0,1377,0,0
0.0,25.424999999999997,0,1377,0,0
0.0,25.439999999999998,0,1378,0,0
0.0,25.424999999999997,0,1378,0,0
0.0,25.439999999999998,0,1379,0,0
0.0,25.424999999999997,0,1379,0,0
0.0,25.439999999999998,0,1380,0,0
0.0,25.409999999999997,0,1380,0,0
0.0,25.409999999999997,0,1381,0,0
0.0,25.424999999999997,0,1381,0,0
0.0,25.409999999999997,0,1382,0,0
0.0,25.424999999999997,0,1382,0,0
0.0,25.455,0,1383,0,0
0.0,25.439999999999998,0,1383,0,0
0.0,25.409999999999997,0,1384,0,0
0.0,25.409999999999997,0,1384,0,0
0.0,25.424999999999997,0,1385,0,0
0.0,25.424999999999997,0,1385,0,0
0.0,25.409999999999997,0,1386,0,0
0.0,25.424999999999997,0,1387,0,0
0.0,25.439999999999998,0,1387,0,0
0.0,25.409999999999997,0,1388,0,0
0.0,25.424999999999997,0,1388,0,0
0.0,25.424999999999997,0,1389,0,0
0.0,25.439999999999998,0,1389,0,0
0.0,25.439999999999998,0,1390,0,0
0.0,25.424999999999997,0,1390,0,0
0.0,25.424999999999997,0,1391,0,0
0.0,25.409999999999997,0,1391,0,0
0.0,25.409999999999997,0,1392,0,0
0.0,25.455,0,1392,0,0
0.0,25.409999999999997,0,1393,0,0
0.0,25.424999999999997,0,1393,0,0
0.0,25.424999999999997,0,1394,0,0
0.0,25.4075,0,1394,0,0
0.0,25.4225,0,1395,0,0
0.0,25.424999999999997,0,1395,0,0
0.0,25.409999999999997,0,1396,0,0
0.0,25.424999999999997,0,1396,0,0
0.0,25.455,0,1397,0,0
0.0,25.424999999999997,0,1397,0,0
0.0,25.4075,0,1398,0,0
0.0,25.409999999999997,0,1398,0,0
0.0,25.424999999999997,0,1399,0,0
0.0,25.4075,0,1399,0,0
0.0,25.424999999999997,0,1400,0,0
0.0,25.409999999999997,0,1400,0,0
0.0,25.409999999999997,0,1401,0,0
0.0,25.409999999999997,0,1401,0,0
0.0,25.3925,0,1402,0,0
0.0,25.3925,0,1402,0,0
0.0,25.3925,0,1403,0,0
0.0,25.3925,0,1403,0,0
0.0,25.4075,0,1404,0,0
0.0,25.3925,0,1404,0,0
0.0,25.3925,0,1405,0,0
0.0,25.3925,0,1405,0,0
0.0,25.3925,0,1406,0,0
0.0,25.3925,0,1406,0,0
0.0,25.4075,0,1407,0,0
0.0,25.4075,0,1407,0,0
0.0,25.409999999999997,0,1408,0,0
0.0,25.424999999999997,0,1408,0,0
0.0,25.424999999999997,0,1409,0,0
0.0,25.409999999999997,0,1409,0,0
0.0,25.4225,0,1410,0,0
0.0,25.424999999999997,0,1411,0,0
0.0,25.424999999999997,0,1411,0,0
0.0,25.409999999999997,0,1412,0,0
0.0,25.424999999999997,0,1412,0,0
0.0,25.409999999999997,0,1413,0,0
0.0,25.409999999999997,0,1413,0,0
0.0,25.3925,0,1414,0,0
0.0,25.424999999999997,0,1414,0,0
0.0,25.409999999999997,0,1415,0,0
0.0,25.424999999999997,0,1415,0,0
0.0,25.424999999999997,0,1416,0,0
0.0,25.409999999999997,0,1416,0,0
0.0,25.424999999999997,0,1417,0,0
0.0,25.424999999999997,0,1417,0,0
0.0,25.424999999999997,0,1418,0,0
0.0,25.409999999999997,0,1418,0,0
0.0,25.409999999999997,0,1419,0,0
0.0,25.3775,0,1419,0,0
0.0,25.3925,0,1420,0,0
0.0,25.409999999999997,0,1420,0,0
0.0,25.424999999999997,0,1421,0,0
0.0,25.409999999999997,0,1421,0,0
0.0,25.4225,0,1422,0,0
0.0,25.395,0,1422,0,0
0.0,25.4075,0,1423,0,0
0.0,25.4075,0,1423,0,0
0.0,25.3925,0,1424,0,0
0.0,25.3925,0,1424,0,0
0.0,25.4075,0,1425,0,0
0.0,25.3925,0,1425,0,0
0.0,25.3925,0,1426,0,0
0.0,25.3925,0,1427,0,0
0.0,25.395,0,1427,0,0
0.0,25.3925,0,1428,0,0
0.0,25.3925,0,1428,0,0
0.0,25.409999999999997,0,1429,0,0
0.0,25.409999999999997,0,1429,0,0
0.0,25.409999999999997,0,1430,0,0
0.0,25.3925,0,1430,0,0
0.0,25.424999999999997,0,1431,0,0
0.0,25.424999999999997,0,1431,0,0
0.0,25.409999999999997,0,1432,0,0
0.0,25.3775,0,1432,0,0
0.0,25.3925,0,1433,0,0
0.0,25.3925,0,1433,0,0
0.0,25.3925,0,1434,0,0
0.0,25.3925,0,1435,0,0
0.0,25.3925,0,1435,0,0
0.0,25.3925,0,1436,0,0
0.0,25.3925,0,1436,0,0
0.0,25.409999999999997,0,1437,0,0
0.0,25.409999999999997,0,1437,0,0
0.0,25.409999999999997,0,1438,0,0
0.0,25.409999999999997,0,1438,0,0
0.0,25.3775,0,1439,0,0
0.0,25.409999999999997,0,1439,0,0
0.0,25.3925,0,0,0,0
0.0,25.3925,0,1,0,0
0.0,25.409999999999997,0,1,0,0
0.0,25.409999999999997,0,2,0,0
0.0,25.409999999999997,0,2,0,0
0.0,25.409999999999997,0,3,0,0
0.0,25.3925,0,3,0,0
0.0,25.3925,0,4,0,0
0.0,25.3925,0,4,0,0
0.0,25.3925,0,5,0,0
0.0,25.3925,0,5,0,0
0.0,25.4075,0,6,0,0
0.0,25.409999999999997,0,6,0,0
0.0,25.3925,0,7,0,0
0.0,25.3925,0,7,0,0
0.0,25.409999999999997,0,8,0,0
0.0,25.424999999999997,0,8,0,0
0.0,25.3925,0,9,0,0
0.0,25.41,0,9,0,0
0.0,25.3925,0,10,0,0
0.0,25.3775,0,10,0,0
0.0,25.3775,0,11,0,0
0.0,25.3925,0,11,0,0
0.0,25.3925,0,12,0,0
0.0,25.4075,0,12,0,0
0.0,25.4075,0,13,0,0
0.0,25.3925,0,13,0,0
0.0,25.3925,0,14,0,0
0.0,25.409999999999997,0,14,0,0
0.0,25.395,0,15,0,0
0.0,25.41,0,15,0,0
0.0,25.392500000000002,0,16,0,0
0.0,25.3925,0,16,0,0
0.0,25.409999999999997,0,17,0,0
0.0,25.409999999999997,0,17,0,0
0.0,25.395,0,18,0,0
0.0,25.3925,0,19,0,0
0.0,25.3775,0,19,0,0
0.0,25.3925,0,20,0,0
0.0,25.395,0,20,0,0
0.0,25.3925,0,21,0,0
0.0,25.3775,0,21,0,0
0.0,25.3925,0,22,0,0
0.0,25.392500000000002,0,22,0,0
0.0,25.3775,0,23,0,0
0.0,25.3775,0,23,0,0
0.0,25.3775,0,24,0,0
0.0,25.3775,0,24,0,0
0.0,25.3775,0,25,0,0
0.0,25.3775,0,25,0,0
0.0,25.3925,0,26,0,0
0.0,25.3925,0,26,0,0
0.0,25.36,0,27,0,0
0.0,25.3775,0,27,0,0
0.0,25.3775,0,28,0,0
0.0,25.3775,0,28,0,0
0.0,25.3775,0,29,0,0
0.0,25.3775,0,29,0,0
0.0,25.3775,0,30,0,0
0.0,25.3775,0,30,0,0
0.0,25.3925,0,31,0,0
0.0,25.3775,0,31,0,0
0.0,25.3775,0,32,0,0
0.0,25.3925,0,32,0,0
0.0,25.3775,0,33,0,0
0.0,25.3775,0,33,0,0
0.0,25.3775,0,34,0,0
0.0,25.3775,0,34,0,0
0.0,25.3775,0,35,0,0
0.0,25.3775,0,35,0,0
0.0,25.36,0,36,0,0
0.0,25.3775,0,36,0,0
0.0,25.3775,0,37,0,0
0.0,25.3775,0,37,0,0
0.0,25.3775,0,38,0,0
0.0,25.3775,0,38,0,0
0.0,25.3775,0,39,0,0
0.0,25.395,0,39,0,0
0.0,25.3775,0,40,0,0
0.0,25.3775,0,41,0,0
0.0,25.3775,0,41,0,0
0.0,25.3925,0,43,0,0
0.0,25.3925,0,43,0,0
0.0,25.3775,0,44,0,0
0.0,25.3775,0,44,0,0
0.0,25.3775,0,45,0,0
0.0,25.3775,0,45,0,0
0.0,25.3625,0,46,0,0
0.0,25.3625,0,46,0,0
0.0,25.3775,0,47,0,0
0.0,25.3775,0,47,0,0
0.0,25.3775,0,48,0,0
0.0,25.3775,0,48,0,0
0.0,25.3775,0,49,0,0
0.0,25.395,0,49,0,0
0.0,25.395,0,50,0,0
0.0,25.3775,0,50,0,0
0.0,25.3775,0,51,0,0
0.0,25.395,0,51,0,0
0.0,25.395,0,52,0,0
0.0,25.3775,0,52,0,0
0.0,25.395,0,53,0,0
0.0,25.3775,0,53,0,0
0.0,25.3775,0,54,0,0
0.0,25.3775,0,54,0,0
0.0,25.3775,0,55,0,0
0.0,25.3775,0,55,0,0
0.0,25.3775,0,56,0,0
0.0,25.3775,0,56,0,0
0.0,25.3775,0,57,0,0
0.0,25.3775,0,57,0,0
0.0,25.3625,0,58,0,0
0.0,25.3625,0,58,0,0
0.0,25.3775,0,59,0,0
0.0,25.3775,0,59,0,0
0.0,25.3775,0,60,0,0
0.0,25.3775,0,60,0,0
0.0,25.3775,0,61,0,0
0.0,25.3775,0,61,0,0
0.0,25.3775,0,62,0,0
0.0,25.3775,0,62,0,0
0.0,25.36,0,63,0,0
0.0,25.3775,0,63,0,0
0.0,25.3775,0,64,0,0
0.0,25.3775,0,64,0,0
0.0,25.3775,0,65,0,0
0.0,25.3775,0,65,0,0
0.0,25.3775,0,66,0,0
0.0,25.3625,0,67,0,0
0.0,25.3775,0,67,0,0
0.0,25.3775,0,68,0,0
0.0,25.3775,0,68,0,0
0.0,25.3625,0,69,0,0
0.0,25.3625,0,69,0,0
0.0,25.3775,0,70,0,0
0.0,25.3775,0,70,0,0
0.0,25.395,0,71,0,0
0.0,25.3775,0,71,0,0
0.0,25.3775,0,72,0,0
0.0,25.3775,0,72,0,0
0.0,25.3775,0,73,0,0
0.0,25.395,0,73,0,0
0.0,25.395,0,74,0,0
0.0,25.3775,0,74,0,0
0.0,25.3775,0,75,0,0
0.0,25.395,0,75,0,0
0.0,25.3775,0,76,0,0
0.0,25.3775,0,76,0,0
0.0,25.3775,0,77,0,0
0.0,25.3625,0,77,0,0
0.0,25.3775,0,78,0,0
0.0,25.3775,0,78,0,0
0.0,25.395,0,79,0,0
0.0,25.395,0,79,0,0
0.0,25.3775,0,80,0,0
0.0,25.3775,0,80,0,0
0.0,25.3775,0,81,0,0
0.0,25.3775,0,81,0,0
0.0,25.3775,0,82,0,0
0.0,25.3775,0,82,0,0
0.0,25.395,0,83,0,0
0.0,25.3625,0,83,0,0
0.0,25.3625,0,84,0,0
0.0,25.3625,0,85,0,0
0.0,25.3625,0,85,0,0
0.0,25.3775,0,86,0,0
0.0,25.3775,0,86,0,0
0.0,25.395,0,87,0,0
0.0,25.3775,0,87,0,0
0.0,25.3775,0,88,0,0
0.0,25.3775,0,88,0,0
0.0,25.3775,0,89,0,0
0.0,25.3775,0,89,0,0
0.0,25.3625,0,90,0,0
0.0,25.3625,0,91,0,0
0.0,25.3775,0,91,0,0
0.0,25.3625,0,92,0,0
0.0,25.3625,0,92,0,0
0.0,25.3625,0,93,0,0
0.0,25.3775,0,93,0,0
0.0,25.345,0,94,0,0
0.0,25.3625,0,94,0,0
0.0,25.36,0,95,0,0
0.0,25.3625,0,95,0,0
0.0,25.3625,0,96,0,0
0.0,25.3475,0,96,0,0
0.0,25.33,0,97,0,0
0.0,25.3775,0,97,0,0
0.0,25.36,0,98,0,0
0.0,25.3475,0,99,0,0
0.0,25.33,0,99,0,0
0.0,25.3475,0,100,0,0
0.0,25.33,0,100,0,0
0.0,25.33,0,101,0,0
0.0,25.345,0,101,0,0
0.0,25.345,0,102,0,0
0.0,25.3475,0,102,0,0
0.0,25.3775,0,103,0,0
0.0,25.3475,0,103,0,0
0.0,25.3775,0,104,0,0
0.0,25.345,0,104,0,0
0.0,25.36,0,105,0,0
0.0,25.36,0,105,0,0
0.0,25.36,0,106,0,0
0.0,25.3775,0,106,0,0
0.0,25.3625,0,107,0,0
0.0,25.3475,0,107,0,0
0.0,25.3625,0,108,0,0
0.0,25.3475,0,108,0,0
0.0,25.345,0,109,0,0
0.0,25.345,0,109,0,0
0.0,25.3775,0,110,0,0
0.0,25.33,0,110,0,0
0.0,25.345,0,111,0,0
0.0,25.33,0,111,0,0
0.0,25.33,0,112,0,0
0.0,25.345,0,112,0,0
0.0,25.36,0,113,0,0
0.0,25.36,0,113,0,0
0.0,25.3625,0,114,0,0
0.0,25.33,0,115,0,0
0.0,25.33,0,115,0,0
0.0,25.33,0,116,0,0
0.0,25.36,0,116,0,0
0.0,25.345,0,117,0,0
0.0,25.36,0,117,0,0
0.0,25.33,0,118,0,0
0.0,25.33,0,118,0,0
0.0,25.345,0,119,0,0
0.0,25.36,0,119,0,0
0.0,25.3125,0,120,0,0
0.0,25.3775,0,120,0,0
0.0,25.33,0,121,0,0
0.0,25.3275,0,121,0,0
0.0,25.345,0,122,0,0
0.0,25.3125,0,122,0,0
0.0,25.345,0,123,0,0
0.0,25.3275,0,123,0,0
0.0,25.3475,0,124,0,0
0.0,25.345,0,124,0,0
0.0,25.3475,0,125,0,0
0.0,25.3475,0,125,0,0
0.0,25.345,0,126,0,0
0.0,25.36,0,126,0,0
0.0,25.3625,0,127,0,0
0.0,25.33,0,127,0,0
0.0,25.3125,0,128,0,0
0.0,25.345,0,128,0,0
0.0,25.33,0,129,0,0
0.0,25.3125,0,129,0,0
0.0,25.345,0,130,0,0
0.0,25.345,0,130,0,0
0.0,25.33,0,131,0,0
0.0,25.314999999999998,0,131,0,0
0.0,25.3125,0,132,0,0
0.0,25.33,0,132,0,0
0.0,25.345,0,133,0,0
0.0,25.33,0,133,0,0
0.0,25.33,0,134,0,0
0.0,25.33,0,134,0,0
0.0,25.33,0,135,0,0
0.0,25.345,0,135,0,0
0.0,25.33,0,136,0,0
0.0,25.345,0,136,0,0
0.0,25.3625,0,137,0,0
0.0,25.33,0,137,0,0
0.0,25.33,0,138,0,0
0.0,25.3475,0,138,0,0
0.0,25.33,0,139,0,0
0.0,25.33,0,140,0,0
0.0,25.33,0,140,0,0
0.0,25.3125,0,141,0,0
0.0,25.3125,0,141,0,0
0.0,25.33,0,142,0,0
0.0,25.33,0,142,0,0
0.0,25.3475,0,143,0,0
0.0,25.33,0,143,0,0
0.0,25.3125,0,144,0,0
0.0,25.3125,0,144,0,0
0.0,25.33,0,145,0,0
0.0,25.2975,0,145,0,0
0.0,25.3125,0,146,0,0
0.0,25.3125,0,146,0,0
0.0,25.2975,0,147,0,0
0.0,25.3125,0,147,0,0
0.0,25.3125,0,148,0,0
0.0,25.3125,0,148,0,0
0.0,25.33,0,149,0,0
0.0,25.3125,0,149,0,0
0.0,25.3125,0,150,0,0
0.0,25.3125,0,150,0,0
0.0,25.3275,0,151,0,0
0.0,25.3125,0,151,0,0
0.0,25.33,0,152,0,0
0.0,25.3125,0,152,0,0
0.0,25.3125,0,153,0,0
0.0,25.345,0,153,0,0
0.0,25.294999999999998,0,154,0,0
0.0,25.3125,0,155,0,0
0.0,25.3125,0,155,0,0
0.0,25.3275,0,156,0,0
0.0,25.294999999999998,0,156,0,0
0.0,25.33,0,157,0,0
0.0,25.3125,0,157,0,0
0.0,25.3125,0,158,0,0
0.0,25.3125,0,158,0,0
0.0,25.3125,0,159,0,0
0.0,25.3125,0,159,0,0
0.0,25.2975,0,160,0,0
0.0,25.3125,0,160,0,0
0.0,25.33,0,161,0,0
0.0,25.33,0,161,0,0
0.0,25.2975,0,162,0,0
0.0,25.2975,0,162,0,0
0.0,25.2975,0,163,0,0
0.0,25.2975,0,164,0,0
0.0,25.33,0,164,0,0
0.0,25.2975,0,165,0,0
0.0,25.3125,0,165,0,0
0.0,25.2975,0,166,0,0
0.0,25.314999999999998,0,166,0,0
0.0,25.314999999999998,0,167,0,0
0.0,25.314999999999998,0,167,0,0
0.0,25.2975,0,168,0,0
0.0,25.2975,0,168,0,0
0.0,25.314999999999998,0,169,0,0
0.0,25.2975,0,169,0,0
0.0,25.2975,0,170,0,0
0.0,25.2975,0,170,0,0
0.0,25.2975,0,171,0,0
0.0,25.2975,0,171,0,0
0.0,25.2975,0,172,0,0
0.0,25.279999999999998,0,172,0,0
0.0,25.294999999999998,0,173,0,0
0.0,25.294999999999998,0,173,0,0
0.0,25.294999999999998,0,174,0,0
0.0,25.3125,0,174,0,0
0.0,25.3125,0,175,0,0
0.0,25.279999999999998,0,175,0,0
0.0,25.2975,0,176,0,0
0.0,25.314999999999998,0,176,0,0
0.0,25.2975,0,177,0,0
0.0,25.2975,0,177,0,0
0.0,25.3125,0,178,0,0
0.0,25.2975,0,178,0,0
0.0,25.314999999999998,0,179,0,0
0.0,25.3125,0,179,0,0
0.0,25.279999999999998,0,180,0,0
0.0,25.279999999999998,0,180,0,0
0.0,25.279999999999998,0,181,0,0
0.0,25.3125,0,181,0,0
0.0,25.2975,0,182,0,0
0.0,25.2975,0,182,0,0
0.0,25.2975,0,183,0,0
0.0,25.3125,0,183,0,0
0.0,25.3125,0,184,0,0
0.0,25.2975,0,184,0,0
0.0,25.294999999999998,0,185,0,0
0.0,25.3125,0,185,0,0
0.0,25.3125,0,186,0,0
0.0,25.279999999999998,0,186,0,0
0.0,25.3125,0,187,0,0
0.0,25.2975,0,188,0,0
0.0,25.3125,0,188,0,0
0.0,25.279999999999998,0,189,0,0
0.0,25.2975,0,189,0,0
0.0,25.279999999999998,0,190,0,0
0.0,25.294999999999998,0,190,0,0
0.0,25.314999999999998,0,191,0,0
0.0,25.2975,0,191,0,0
0.0,25.279999999999998,0,192,0,0
0.0,25.264999999999997,0,192,0,0
0.0,25.279999999999998,0,193,0,0
0.0,25.279999999999998,0,193,0,0
0.0,25.279999999999998,0,194,0,0
0.0,25.279999999999998,0,194,0,0
0.0,25.279999999999998,0,195,0,0
0.0,25.279999999999998,0,195,0,0
0.0,25.279999999999998,0,196,0,0
0.0,25.279999999999998,0,196,0,0
0.0,25.279999999999998,0,197,0,0
0.0,25.279999999999998,0,197,0,0
0.0,25.279999999999998,0,198,0,0
0.0,25.279999999999998,0,198,0,0
0.0,25.2825,0,199,0,0
0.0,25.2975,0,199,0,0
0.0,25.294999999999998,0,200,0,0
0.0,25.279999999999998,0,200,0,0
0.0,25.279999999999998,0,201,0,0
0.0,25.279999999999998,0,201,0,0
0.0,25.264999999999997,0,202,0,0
0.0,25.279999999999998,0,202,0,0
0.0,25.279999999999998,0,203,0,0
0.0,25.2975,0,203,0,0
0.0,25.279999999999998,0,204,0,0
0.0,25.279999999999998,0,204,0,0
0.0,25.279999999999998,0,205,0,0
0.0,25.279999999999998,0,205,0,0
0.0,25.279999999999998,0,206,0,0
0.0,25.279999999999998,0,206,0,0
0.0,25.279999999999998,0,207,0,0
0.0,25.294999999999998,0,207,0,0
0.0,25.279999999999998,0,208,0,0
0.0,25.279999999999998,0,208,0,0
0.0,25.279999999999998,0,209,0,0
0.0,25.279999999999998,0,209,0,0
0.0,25.25,0,210,0,0
0.0,25.264999999999997,0,211,0,0
0.0,25.279999999999998,0,212,0,0
0.0,25.279999999999998,0,212,0,0
0.0,25.264999999999997,0,213,0,0
0.0,25.265,0,213,0,0
0.0,25.279999999999998,0,214,0,0
0.0,25.279999999999998,0,214,0,0
0.0,25.279999999999998,0,215,0,0
0.0,25.279999999999998,0,215,0,0
0.0,25.279999999999998,0,216,0,0
0.0,25.279999999999998,0,216,0,0
0.0,25.279999999999998,0,217,0,0
0.0,25.279999999999998,0,217,0,0
0.0,25.279999999999998,0,218,0,0
0.0,25.279999999999998,0,218,0,0
0.0,25.279999999999998,0,219,0,0
0.0,25.279999999999998,0,219,0,0
0.0,25.279999999999998,0,220,0,0
0.0,25.279999999999998,0,220,0,0
0.0,25.265,0,221,0,0
0.0,25.279999999999998,0,221,0,0
0.0,25.294999999999998,0,222,0,0
0.0,25.279999999999998,0,222,0,0
0.0,25.279999999999998,0,223,0,0
0.0,25.294999999999998,0,223,0,0
0.0,25.294999999999998,0,224,0,0
0.0,25.279999999999998,0,224,0,0
0.0,25.279999999999998,0,225,0,0
0.0,25.279999999999998,0,225,0,0
0.0,25.279999999999998,0,226,0,0
0.0,25.279999999999998,0,226,0,0
0.0,25.279999999999998,0,227,0,0
0.0,25.279999999999998,0,227,0,0
0.0,25.279999999999998,0,228,0,0
0.0,25.25,0,229,0,0
0.0,25.2825,0,229,0,0
0.0,25.279999999999998,0,230,0,0
0.0,25.279999999999998,0,230,0,0
0.0,25.279999999999998,0,231,0,0
0.0,25.264999999999997,0,231,0,0
0.0,25.279999999999998,0,232,0,0
0.0,25.25,0,232,0,0
0.0,25.265,0,233,0,0
0.0,25.265,0,233,0,0
0.0,25.28,0,234,0,0
0.0,25.279999999999998,0,234,0,0
0.0,25.279999999999998,0,235,0,0
0.0,25.265,0,236,0,0
0.0,25.279999999999998,0,236,0,0
0.0,25.265,0,237,0,0
0.0,25.264999999999997,0,237,0,0
0.0,25.265,0,238,0,0
0.0,25.25,0,238,0,0
0.0,25.279999999999998,0,239,0,0
0.0,25.25,0,239,0,0
0.0,25.279999999999998,0,240,0,0
0.0,25.264999999999997,0,240,0,0
0.0,25.264999999999997,0,241,0,0
0.0,25.264999999999997,0,241,0,0
0.0,25.279999999999998,0,242,0,0
0.0,25.279999999999998,0,242,0,0
0.0,25.279999999999998,0,243,0,0
0.0,25.279999999999998,0,243,0,0
0.0,25.265,0,244,0,0
0.0,25.279999999999998,0,244,0,0
0.0,25.25,0,245,0,0
0.0,25.264999999999997,0,245,0,0
0.0,25.264999999999997,0,246,0,0
0.0,25.279999999999998,0,246,0,0
0.0,25.279999999999998,0,247,0,0
0.0,25.279999999999998,0,247,0,0
0.0,25.279999999999998,0,248,0,0
0.0,25.265,0,248,0,0
0.0,25.279999999999998,0,249,0,0
0.0,25.279999999999998,0,249,0,0
0.0,25.279999999999998,0,250,0,0
0.0,25.25,0,250,0,0
0.0,25.25,0,251,0,0
0.0,25.25,0,251,0,0
0.0,25.25,0,252,0,0
0.0,25.265,0,252,0,0
0.0,25.265,0,253,0,0
0.0,25.279999999999998,0,253,0,0
0.0,25.235,0,254,0,0
0.0,25.279999999999998,0,254,0,0
0.0,25.25,0,255,0,0
0.0,25.265,0,255,0,0
0.0,25.265,0,256,0,0
0.0,25.25,0,256,0,0
0.0,25.25,0,257,0,0
0.0,25.25,0,257,0,0
0.0,25.25,0,258,0,0
0.0,25.279999999999998,0,258,0,0
0.0,25.279999999999998,0,259,0,0
0.0,25.265,0,260,0,0
0.0,25.294999999999998,0,260,0,0
0.0,25.279999999999998,0,261,0,0
0.0,25.25,0,261,0,0
0.0,25.235,0,262,0,0
0.0,25.28,0,262,0,0
0.0,25.25,0,263,0,0
0.0,25.25,0,263,0,0
0.0,25.235,0,264,0,0
0.0,25.25,0,264,0,0
0.0,25.25,0,265,0,0
0.0,25.265,0,265,0,0
0.0,25.22,0,266,0,0
0.0,25.235,0,267,0,0
0.0,25.235,0,267,0,0
0.0,25.25,0,268,0,0
0.0,25.235,0,268,0,0
0.0,25.22,0,269,0,0
0.0,25.25,0,269,0,0
0.0,25.235,0,270,0,0
0.0,25.265,0,270,0,0
0.0,25.265,0,271,0,0
0.0,25.279999999999998,0,271,0,0
0.0,25.25,0,272,0,0
0.0,25.264999999999997,0,272,0,0
0.0,25.22,0,273,0,0
0.0,25.22,0,273,0,0
0.0,25.22,0,274,0,0
0.0,25.25,0,274,0,0
0.0,25.25,0,275,0,0
0.0,25.22,0,275,0,0
0.0,25.25,0,276,0,0
0.0,25.235,0,276,0,0
0.0,25.235,0,277,0,0
0.0,25.235,0,277,0,0
0.0,25.235,0,278,0,0
0.0,25.22,0,278,0,0
0.0,25.235,0,279,0,0
0.0,25.25,0,279,0,0
0.0,25.235,0,280,0,0
0.0,25.235,0,280,0,0
0.0,25.22,0,281,0,0
0.0,25.22,0,281,0,0
0.0,25.22,0,282,0,0
0.0,25.22,0,282,0,0
0.0,25.22,0,283,0,0
0.0,25.22,0,284,0,0
0.0,25.22,0,284,0,0
0.0,25.22,0,285,0,0
0.0,25.25,0,285,0,0
0.0,25.22,0,286,0,0
0.0,25.2025,0,286,0,0
0.0,25.22,0,287,0,0
0.0,25.22,0,287,0,0
0.0,25.22,0,288,0,0
0.0,25.22,0,288,0,0
0.0,25.22,0,289,0,0
0.0,25.22,0,289,0,0
0.0,25.22,0,290,0,0
0.0,25.2175,0,290,0,0
0.0,25.22,0,291,0,0
0.0,25.22,0,291,0,0
0.0,25.22,0,292,0,0
0.0,25.2025,0,292,0,0
0.0,25.2025,0,293,0,0
0.0,25.2175,0,293,0,0
0.0,25.22,0,294,0,0
0.0,25.2025,0,294,0,0
0.0,25.22,0,295,0,0
0.0,25.235,0,295,0,0
0.0,25.22,0,296,0,0
0.0,25.22,0,296,0,0
0.0,25.2025,0,297,0,0
0.0,25.22,0,297,0,0
0.0,25.2025,0,298,0,0
0.0,25.2175,0,298,0,0
0.0,25.2025,0,299,0,0
0.0,25.22,0,299,0,0
0.0,25.22,0,300,0,0
0.0,25.22,0,300,0,0
0.0,25.22,0,301,0,0
0.0,25.22,0,301,0,0
0.0,25.2025,0,302,0,0
0.0,25.205,0,302,0,0
0.0,25.2025,0,303,0,0
0.0,25.2025,0,303,0,0
0.0,25.2025,0,304,0,0
0.0,25.2025,0,304,0,0
0.0,25.2025,0,305,0,0
0.0,25.22,0,305,0,0
0.0,25.22,0,306,0,0
0.0,25.22,0,306,0,0
0.0,25.2025,0,307,0,0
0.0,25.2025,0,308,0,0
0.0,25.2025,0,308,0,0
0.0,25.1875,0,309,0,0
0.0,25.2025,0,309,0,0
0.0,25.2025,0,310,0,0
0.0,25.2025,0,310,0,0
0.0,25.2025,0,311,0,0
0.0,25.2025,0,311,0,0
0.0,25.2025,0,312,0,0
0.0,25.22,0,312,0,0
0.0,25.2025,0,313,0,0
0.0,25.2025,0,313,0,0
0.0,25.2025,0,314,0,0
0.0,25.2025,0,314,0,0
0.0,25.2025,0,315,0,0
0.0,25.2025,0,315,0,0
0.0,25.2025,0,316,0,0
0.0,25.2025,0,316,0,0
0.0,25.2025,0,317,0,0
0.0,25.2025,0,317,0,0
0.0,25.2025,0,318,0,0
0.0,25.1725,0,318,0,0
0.0,25.1875,0,319,0,0
0.0,25.1875,0,319,0,0
0.0,25.1875,0,320,0,0
0.0,25.1875,0,320,0,0
0.0,25.2025,0,321,0,0
0.0,25.2025,0,321,0,0
0.0,25.1875,0,322,0,0
0.0,25.1875,0,323,0,0
0.0,25.1875,0,323,0,0
0.0,25.1875,0,324,0,0
0.0,25.1875,0,324,0,0
0.0,25.2025,0,325,0,0
0.0,25.1875,0,325,0,0
0.0,25.2025,0,326,0,0
0.0,25.205,0,326,0,0
0.0,25.1875,0,327,0,0
0.0,25.2025,0,327,0,0
0.0,25.2025,0,328,0,0
0.0,25.2025,0,328,0,0
0.0,25.2025,0,329,0,0
0.0,25.1875,0,329,0,0
0.0,25.2025,0,330,0,0
0.0,25.1875,0,330,0,0
0.0,25.1725,0,331,0,0
0.0,25.1875,0,331,0,0
0.0,25.2025,0,332,0,0
0.0,25.1575,0,333,0,0
0.0,25.1575,0,333,0,0
0.0,25.1725,0,334,0,0
0.0,25.1875,0,334,0,0
0.0,25.1725,0,335,0,0
0.0,25.1725,0,335,0,0
0.0,25.1725,0,336,0,0
0.0,25.1725,0,336,0,0
0.0,25.1725,0,337,0,0
0.0,25.1725,0,337,0,0
0.0,25.1725,0,338,0,0
0.0,25.1875,0,338,0,0
0.0,25.1875,0,339,0,0
0.0,25.1725,0,339,0,0
0.0,25.1725,0,340,0,0
0.0,25.1575,0,340,0,0
0.0,25.1725,0,341,0,0
0.0,25.1725,0,341,0,0
0.0,25.1725,0,342,0,0
0.0,25.1575,0,342,0,0
0.0,25.1725,0,343,0,0
0.0,25.1875,0,343,0,0
0.0,25.1575,0,344,0,0
0.0,25.1575,0,344,0,0
0.0,25.1725,0,345,0,0
0.0,25.142500000000002,0,345,0,0
0.0,25.1575,0,346,0,0
0.0,25.1575,0,346,0,0
0.0,25.1575,0,347,0,0
0.0,25.1725,0,347,0,0
0.0,25.1725,0,348,0,0
0.0,25.1725,0,348,0,0
0.0,25.189999999999998,0,349,0,0
0.0,25.1725,0,349,0,0
0.0,25.157500000000002,0,350,0,0
0.0,25.157500000000002,0,350,0,0
0.0,25.157500000000002,0,351,0,0
0.0,25.142500000000002,0,351,0,0
0.0,25.142500000000002,0,352,0,0
0.0,25.142500000000002,0,352,0,0
0.0,25.1425,0,353,0,0
0.0,25.142500000000002,0,353,0,0
0.0,25.1575,0,354,0,0
0.0,25.157500000000002,0,354,0,0
0.0,25.1575,0,355,0,0
0.0,25.142500000000002,0,355,0,0
0.0,25.142500000000002,0,356,0,0
0.0,25.1575,0,357,0,0
0.0,25.1575,0,357,0,0
0.0,25.142500000000002,0,358,0,0
0.0,25.1575,0,358,0,0
0.0,25.1575,0,359,0,0
0.0,25.1275,0,359,0,0
0.0,25.142500000000002,0,360,0,0
0.0,25.142500000000002,0,360,0,0
0.0,25.142500000000002,0,361,0,0
0.0,25.157500000000002,0,361,0,0
0.0,25.1575,0,362,0,0
0.0,25.1575,0,362,0,0
0.0,25.1425,0,363,0,0
0.0,25.142500000000002,0,363,0,0
0.0,25.1575,0,364,0,0
0.0,25.142500000000002,0,364,0,0
0.0,25.1425,0,365,0,0
0.0,25.1575,0,365,0,0
0.0,25.1575,0,366,0,0
0.0,25.1425,0,366,0,0
0.0,25.1275,0,367,0,0
0.0,25.1275,0,367,0,0
0.0,25.1275,0,368,0,0
0.0,25.1425,0,368,0,0
0.0,25.1575,0,369,0,0
0.0,25.0975,0,369,0,0
0.0,25.1425,0,370,0,0
0.0,25.127499999999998,0,370,0,0
0.0,25.1425,0,371,0,0
0.0,25.1275,0,371,0,0
0.0,25.1125,0,372,0,0
0.0,25.1275,0,372,0,0
0.0,25.1125,0,373,0,0
0.0,25.1125,0,373,0,0
0.0,25.1125,0,374,0,0
0.0,25.0975,0,374,0,0
0.0,25.1125,0,375,0,0
0.0,25.1125,0,375,0,0
0.0,25.1125,0,376,0,0
0.0,25.1125,0,376,0,0
0.0,25.1275,0,377,0,0
0.0,25.1125,0,377,0,0
0.0,25.1275,0,378,0,0
0.0,25.0975,0,378,0,0
0.0,25.127499999999998,0,379,0,0
0.0,25.1125,0,380,0,0
0.0,25.0975,0,381,0,0
0.0,25.1125,0,381,0,0
0.0,25.1125,0,382,0,0
0.0,25.1125,0,382,0,0
0.0,25.1125,0,383,0,0
0.0,25.1275,0,383,0,0
0.0,25.1125,0,384,0,0
0.0,25.1275,0,384,0,0
0.0,25.1275,0,385,0,0
0.0,25.1125,0,385,0,0
0.0,25.1125,0,386,0,0
0.0,25.1125,0,386,0,0
0.0,25.1125,0,387,0,0
0.0,25.1125,0,387,0,0
0.0,25.1275,0,388,0,0
0.0,25.1125,0,388,0,0
0.0,25.1125,0,389,0,0
0.0,25.1125,0,389,0,0
0.0,25.1125,0,390,0,0
0.0,25.1125,0,390,0,0
0.0,25.1125,0,391,0,0
0.0,25.1125,0,391,0,0
0.0,25.1125,0,392,0,0
0.0,25.1125,0,392,0,0
0.0,25.1125,0,393,0,0
0.0,25.1125,0,393,0,0
0.0,25.1125,0,394,0,0
0.0,25.0975,0,394,0,0
0.0,25.0975,0,395,0,0
0.0,25.0975,0,395,0,0
0.0,25.0975,0,396,0,0
0.0,25.0975,0,396,0,0
0.0,25.080000000000002,0,397,0,0
0.0,25.0825,0,397,0,0
0.0,25.0975,0,398,0,0
0.0,25.0975,0,398,0,0
0.0,25.0825,0,399,0,0
0.0,25.0975,0,399,0,0
0.0,25.0975,0,400,0,0
0.0,25.08,0,400,0,0
0.0,25.0975,0,401,0,0
0.0,25.0825,0,401,0,0
0.0,25.0475,0,402,0,0
0.0,25.0825,0,402,0,0
0.0,25.064999999999998,0,403,0,0
0.0,25.0975,0,403,0,0
0.0,25.0475,0,404,0,0
0.0,25.0825,0,405,0,0
0.0,25.0475,0,405,0,0
0.0,25.0475,0,406,0,0
0.0,25.0825,0,406,0,0
0.0,25.064999999999998,0,407,0,0
0.0,25.0975,0,407,0,0
0.0,25.0975,0,408,0,0
0.0,25.0975,0,408,0,0
0.0,25.0975,0,409,0,0
0.0,25.0825,0,409,0,0
0.25,25.0825,0,410,0,0
0.5,25.0825,0,410,0,0
0.5,25.064999999999998,0,411,0,0
0.5,25.064999999999998,0,411,0,0
0.5,25.064999999999998,0,412,0,0
0.5,25.064999999999998,0,412,0,0
0.5,25.049999999999997,0,413,0,0
0.5,25.0475,0,413,0,0
0.5,25.064999999999998,0,414,0,0
0.5,25.0675,0,414,0,0
0.5,25.065,0,415,0,0
0.75,25.0325,0,415,0,0
0.75,25.0475,0,416,0,0
0.75,25.0325,0,417,0,0
0.75,25.0325,0,417,0,0
0.75,25.049999999999997,0,418,0,0
0.75,25.0325,0,418,0,0
1.0,25.0325,0,419,0,0
1.0,25.0325,0,419,0,0
1.25,25.0325,0,420,0,0
1.25,25.05,0,420,0,0
1.25,25.0175,0,421,0,0
1.25,25.0175,0,421,0,0
1.25,25.0175,0,422,0,0
1.25,25.0325,0,422,0,0
1.25,25.0325,0,423,0,0
1.5,25.0475,0,423,0,0
1.5,25.0325,0,424,0,0
1.5,25.0325,0,424,0,0
1.75,25.0325,0,425,0,0
1.75,25.0175,0,425,0,0
1.75,25.0175,0,426,0,0
1.75,25.0175,0,426,0,0
2.0,25.0175,0,427,0,0
2.0,25.0175,0,427,0,0
2.0,25.0175,0,428,0,0
2.0,25.0,0,429,0,0
2.0,25.0175,0,429,0,0
2.0,24.985,0,430,0,0
2.0,25.002499999999998,0,430,0,0
2.25,24.985,0,431,0,0
2.25,24.985,0,431,0,0
2.25,24.985,0,432,0,0
2.25,25.0,0,432,0,0
2.25,25.0,0,433,0,0
2.25,24.985,0,433,0,0
2.5,24.985,0,434,0,0
2.5,25.0,0,434,0,0
2.5,25.0,0,435,0,0
3.25,24.952499999999997,0,436,0,0
3.25,24.97,0,436,0,0
3.25,24.97,0,437,0,0
3.5,24.97,0,437,0,0
3.5,24.967499999999998,0,438,0,0
3.5,24.982499999999998,0,438,0,0
3.5,24.967499999999998,0,439,0,0
3.75,24.967499999999998,0,439,0,0
3.75,24.967499999999998,0,440,0,0
3.75,25.002499999999998,0,440,0,0
3.75,25.0,0,441,0,0
3.75,24.967499999999998,0,441,0,0
4.0,24.967499999999998,0,442,0,0
4.0,24.985,0,442,0,0
4.0,25.002499999999998,0,443,0,0
4.0,25.0175,0,443,0,0
4.0,25.002499999999998,0,444,0,0
4.5,24.967499999999998,0,444,0,0
4.5,24.985,0,445,0,0
4.5,24.967499999999998,0,445,0,0
4.5,24.985,0,446,0,0
4.5,24.952499999999997,0,446,0,0
4.5,24.982499999999998,0,447,0,0
4.5,24.985,0,447,0,0
4.5,24.985,0,448,0,0
4.75,24.967499999999998,0,448,0,0
5.25,24.952499999999997,0,449,0,0
5.5,24.967499999999998,0,449,0,0
5.5,24.982499999999998,0,450,0,0
5.5,24.982499999999998,0,450,0,0
5.5,24.9975,0,451,0,0
5.5,24.967499999999998,0,451,0,0
5.75,24.952499999999997,0,452,0,0
6.0,24.967499999999998,0,453,0,0
6.0,24.985,0,453,0,0
6.0,24.967499999999998,0,454,0,0
6.25,24.967499999999998,0,454,0,0
6.25,24.985,0,455,0,0
6.25,24.985,0,455,0,0
6.25,24.967499999999998,0,456,0,0
6.25,24.967499999999998,0,456,0,0
6.75,24.967499999999998,0,457,0,0
6.75,24.967499999999998,0,457,0,0
6.75,24.952499999999997,0,458,0,0
6.75,24.952499999999997,0,458,0,0
6.75,24.952499999999997,0,459,0,0
6.75,24.935,0,459,0,0
6.75,24.952499999999997,0,460,0,0
6.75,24.9375,0,460,0,0
7.25,24.9375,0,461,0,0
7.0,24.967499999999998,0,461,0,0
7.5,24.952499999999997,0,462,0,0
7.75,24.9375,0,462,0,0
7.75,24.9375,0,463,0,0
7.75,24.967499999999998,0,463,0,0
7.75,24.952499999999997,0,464,0,0
8.0,24.952499999999997,0,464,0,0
8.25,24.967499999999998,0,465,0,0
8.25,24.97,0,465,0,0
8.5,24.935,0,466,0,0
8.75,24.952499999999997,0,466,0,0
8.75,24.967499999999998,0,467,0,0
8.75,24.935,0,467,0,0
9.0,24.935,0,468,0,0
9.25,24.919999999999998,0,468,0,0
9.25,24.919999999999998,0,469,0,0
9.5,24.935,0,469,0,0
9.5,24.919999999999998,0,470,0,0
9.75,24.919999999999998,0,470,0,0
10.0,24.919999999999998,0,471,0,0
10.25,24.919999999999998,0,471,0,0
10.5,24.92,0,472,0,0
10.5,24.92,0,472,0,0
10.5,24.935,0,473,0,0
10.5,24.935,0,473,0,0
10.5,24.935,0,474,0,0
10.5,24.952499999999997,0,474,0,0
10.5,24.92,0,475,0,0
10.5,24.92,0,475,0,0
10.5,24.952499999999997,0,476,0,0
10.5,24.9525,0,477,0,0
10.5,24.935,0,477,0,0
10.75,24.919999999999998,0,478,0,0
10.75,24.905,0,478,0,0
10.75,24.905,0,479,0,0
11.25,24.89,0,479,0,0
11.25,24.905,0,480,0,0
11.5,24.919999999999998,0,480,0,0
11.75,24.905,0,481,0,0
12.25,24.89,0,481,0,0
12.25,24.935,0,482,0,0
12.25,24.92,0,482,0,0
12.0,24.935,0,483,0,0
12.0,24.905,0,483,0,0
12.25,24.9375,0,484,0,0
12.25,24.92,0,484,0,0
12.5,24.935,0,485,0,0
12.5,24.9375,0,485,0,0
12.75,24.905,0,486,0,0
12.75,24.935,0,486,0,0
12.75,24.919999999999998,0,487,0,0
12.75,24.919999999999998,0,487,0,0
13.0,24.935,0,488,0,0
13.0,24.919999999999998,0,488,0,0
13.25,24.9225,0,489,0,0
13.25,24.905,0,489,0,0
13.5,24.935,0,490,0,0
13.5,24.952499999999997,0,490,0,0
13.5,24.952499999999997,0,491,0,0
13.5,24.967499999999998,0,491,0,0
13.5,24.982499999999998,0,492,0,0
14.0,24.967499999999998,0,493,0,0
14.0,24.967499999999998,0,493,0,0
14.0,24.952499999999997,0,494,0,0
14.0,24.967499999999998,0,494,0,0
14.0,24.967499999999998,0,495,0,0
14.25,24.967499999999998,0,495,0,0
14.25,24.952499999999997,0,496,0,0
14.5,24.952499999999997,0,496,0,0
14.75,24.985,0,497,0,0
14.75,24.97,0,497,0,0
14.75,24.97,0,498,0,0
14.75,25.0,0,498,0,0
14.75,24.97,0,499,0,0
14.75,24.967499999999998,0,499,0,0
14.75,24.967499999999998,0,500,0,0
14.75,24.967499999999998,0,501,0,0
14.75,24.967499999999998,0,501,0,0
14.75,24.967499999999998,0,502,0,0
14.75,25.0,0,502,0,0
14.75,25.0,0,503,0,0
14.75,24.985,0,503,0,0
14.75,24.985,0,504,0,0
14.75,25.0,0,504,0,0
14.75,24.967499999999998,0,505,0,0
15.0,24.967499999999998,0,505,0,0
15.0,24.982499999999998,0,506,0,0
15.25,25.0,0,506,0,0
15.25,24.982499999999998,0,507,0,0
14.75,24.982499999999998,0,507,0,0
15.0,24.985,0,508,0,0
15.0,24.985,0,508,0,0
15.25,25.0,0,509,0,0
15.25,24.985,0,509,0,0
15.25,24.985,0,510,0,0
16.0,24.985,0,510,0,0
16.0,24.985,0,511,0,0
16.0,24.985,0,511,0,0
16.0,24.985,0,512,0,0
16.0,24.985,0,512,0,0
16.0,25.0,0,513,0,0
16.25,25.015,0,513,0,0
16.0,25.015,0,514,0,0
16.5,25.0,0,514,0,0
16.5,25.0,0,515,0,0
16.5,25.0,0,515,0,0
16.5,25.015,0,516,0,0
16.5,25.015,0,516,0,0
16.5,25.0,0,517,0,0
16.5,25.015,0,517,0,0
16.5,25.015,0,518,0,0
16.5,25.015,0,518,0,0
16.5,25.0175,0,519,0,0
16.5,25.0,0,519,0,0
16.5,25.0325,0,520,0,0
16.75,25.0825,0,520,0,0
16.5,25.049999999999997,0,521,0,0
16.75,25.0325,0,521,0,0
16.5,25.015,0,522,0,0
16.5,25.015,0,522,0,0
16.5,25.015,0,523,0,0
16.5,25.049999999999997,0,523,0,0
16.75,25.049999999999997,0,524,0,0
17.0,25.049999999999997,0,524,0,0
17.0,25.0325,0,525,0,0
17.0,25.0325,0,526,0,0
17.0,25.0325,0,526,0,0
16.75,25.0325,0,527,0,0
17.0,25.015,0,527,0,0
16.75,25.015,0,528,0,0
16.75,25.0325,0,528,0,0
16.75,25.015,0,529,0,0
16.75,25.049999999999997,0,529,0,0
16.25,25.0825,0,530,0,0
16.25,25.0675,0,530,0,0
16.25,25.0675,0,531,0,0
16.0,25.0975,0,531,0,0
16.0,25.08,0,532,0,0
16.0,25.049999999999997,0,532,0,0
16.0,25.0825,0,533,0,0
16.25,25.08,0,533,0,0
16.25,25.065,0,534,0,0
16.25,25.065,0,534,0,0
16.25,25.0,0,535,0,0
16.25,25.0325,0,535,0,0
15.75,25.03,0,536,0,0
16.0,25.0475,0,536,0,0
16.25,25.0325,0,537,0,0
16.25,25.0325,0,537,0,0
16.25,25.0325,0,538,0,0
16.25,25.0,0,538,0,0
16.25,25.0175,0,539,0,0
16.25,25.015,0,539,0,0
16.25,25.0325,0,540,0,0
16.25,25.0325,0,540,0,0
16.25,25.0175,0,541,0,0
16.25,25.0175,0,541,0,0
16.25,25.0325,0,542,0,0
16.5,25.0325,0,542,0,0
16.5,25.0325,0,543,0,0
16.75,25.0,0,543,0,0
16.75,25.05,0,544,0,0
16.75,25.035,0,544,0,0
16.75,25.015,0,545,0,0
17.0,25.0325,0,546,0,0
16.75,25.065,0,546,0,0
17.25,25.0475,0,547,0,0
17.25,25.015,0,547,0,0
17.25,25.015,0,548,0,0
17.25,25.015,0,548,0,0
17.25,25.0,0,549,0,0
17.25,25.03,0,550,0,0
28.0,25.5175,1,925,3,1
28.25,25.5175,1,926,3,1
28.5,25.564999999999998,0,926,3,1
28.75,25.549999999999997,1,927,3,1
28.5,25.5325,1,927,3,1
28.5,25.564999999999998,1,928,3,1
27.0,25.564999999999998,1,928,3,1
28.5,25.58,1,929,3,1
28.25,25.597499999999997,0,929,3,1
28.5,25.612499999999997,0,930,3,1
28.5,25.597499999999997,1,930,3,1
28.75,25.627499999999998,0,931,3,1
28.75,25.612499999999997,0,931,3,1
28.5,25.6425,0,932,3,1
28.0,25.6425,0,932,3,1
27.75,25.6725,0,933,3,1
26.5,25.6725,0,933,3,1
26.5,25.6725,1,934,3,1
26.5,25.6725,1,934,3,1
26.5,25.6725,1,935,3,1
26.5,25.6875,1,936,3,1
26.5,25.705,1,936,3,1
26.25,25.705,1,937,3,1
26.0,25.705,1,937,3,1
25.75,25.705,1,938,3,1
26.0,25.705,1,938,3,1
26.25,25.705,0,939,3,1
26.5,25.735,1,939,3,1
26.75,25.735,1,940,3,1
27.0,25.735,0,940,3,1
27.0,25.75,0,941,3,1
22.75,25.75,1,941,3,1
22.75,25.75,1,942,3,1
22.75,25.735,1,942,3,1
23.0,25.752499999999998,0,943,3,1
23.0,25.752499999999998,1,943,3,1
23.0,25.752499999999998,1,944,3,1
23.0,25.752499999999998,1,944,3,1
26.75,25.7675,1,945,3,1
26.5,25.7975,1,945,3,1
26.5,25.7825,1,946,3,1
26.25,25.7675,1,946,3,1
26.25,25.7675,1,947,3,1
25.25,25.7825,1,947,3,1
25.5,25.7975,1,948,3,1
25.25,25.7975,1,948,3,1
25.0,25.7825,1,949,3,1
24.5,25.8125,1,949,3,1
24.5,25.8125,1,950,3,1
24.5,25.83,1,950,3,1
24.5,25.814999999999998,1,951,3,1
24.5,25.83,1,951,3,1
24.25,25.86,1,952,3,1
24.25,25.86,1,952,3,1
24.25,25.86,1,953,3,1
24.25,25.86,1,953,3,1
24.5,25.845,1,954,3,1
24.75,25.86,1,954,3,1
24.25,25.86,1,955,3,1
24.5,25.86,1,955,3,1
20.5,25.845,1,956,3,1
20.25,25.845,1,956,3,1
20.0,25.83,1,957,3,1
20.25,25.845,1,957,3,1
20.25,25.86,1,958,3,1
19.5,25.845,1,958,3,1
19.5,25.845,1,959,3,1
19.75,25.845,0,960,3,1
19.5,25.845,0,960,3,1
20.0,25.845,1,961,3,1
18.75,25.8275,1,961,3,1
19.5,25.8425,1,962,3,1
19.25,25.8125,1,962,3,1
18.75,25.7975,1,963,3,1
18.5,25.7975,1,963,3,1
18.5,25.7975,1,964,3,1
18.25,25.7975,1,964,3,1
18.0,25.815,1,965,3,1
17.5,25.815,0,965,3,1
17.25,25.7975,1,966,3,1
17.25,25.7975,1,966,3,1
17.25,25.8125,1,967,3,1
17.25,25.83,1,967,3,1
17.25,25.815,1,968,3,1
16.75,25.815,0,968,3,1
19.75,25.83,1,969,3,1
19.25,25.83,1,969,3,1
19.0,25.845,1,970,3,1
19.0,25.8125,1,970,3,1
18.25,25.845,1,971,3,1
18.0,25.86,1,972,3,1
17.5,25.845,1,972,3,1
18.5,25.845,1,973,3,1
19.25,25.830000000000002,0,973,3,1
19.25,25.845,0,974,3,1
18.75,25.845,1,974,3,1
18.75,25.8275,1,975,3,1
19.0,25.845,1,975,3,1
18.5,25.845,1,976,3,1
18.0,25.845,1,976,3,1
18.0,25.8275,0,977,3,1
18.0,25.8275,0,977,3,1
18.25,25.8275,0,978,3,1
18.25,25.8275,0,978,3,1
18.0,25.8275,1,979,3,1
17.75,25.8275,1,979,3,1
17.5,25.8275,0,980,3,1
17.25,25.8425,1,980,3,1
17.5,25.845,1,981,3,1
14.5,25.877499999999998,1,981,3,1
14.25,25.8425,1,982,3,1
14.25,25.845,0,982,3,1
14.25,25.86,0,983,3,1
14.0,25.845,0,984,3,1
14.5,25.845,0,984,3,1
14.5,25.845,0,985,3,1
14.5,25.845,0,985,3,1
14.5,25.8275,0,986,3,1
14.5,25.845,0,986,3,1
14.25,25.8425,0,987,3,1
14.25,25.8425,1,987,3,1
14.25,25.86,1,988,3,1
13.5,25.845,1,988,3,1
13.25,25.845,1,989,3,1
13.25,25.845,0,989,3,1
13.0,25.845,1,990,3,1
12.75,25.8275,0,991,3,1
12.75,25.8425,0,991,3,1
12.5,25.8425,0,992,3,1
12.25,25.8425,0,992,3,1
12.25,25.845,1,993,3,1
14.0,25.845,1,993,3,1
14.5,25.8275,1,994,3,1
14.0,25.86,1,994,3,1
14.0,25.8425,1,995,3,1
14.0,25.86,1,995,3,1
13.25,25.8575,1,996,3,1
13.0,25.875,1,996,3,1
13.25,25.8575,1,997,3,1
13.25,25.875,0,997,3,1
13.75,25.875,1,998,3,1
14.25,25.875,1,998,3,1
14.25,25.875,1,999,3,1
14.75,25.905,1,999,3,1
15.0,25.9225,1,1000,3,1
14.75,25.9075,1,1000,3,1
14.25,25.9075,1,1001,3,1
14.25,25.9075,1,1001,3,1
13.75,25.9075,1,1002,3,1
13.5,25.875,1,1002,3,1
13.5,25.9075,1,1003,3,1
13.0,25.875,1,1003,3,1
12.75,25.875,1,1004,3,1
12.25,25.875,1,1004,3,1
12.0,25.875,1,1005,3,1
11.5,25.875,1,1005,3,1
11.5,25.875,1,1006,3,1
11.25,25.875,1,1006,3,1
10.75,25.875,1,1007,3,1
10.5,25.875,1,1008,3,1
10.25,25.875,1,1008,3,1
10.0,25.8925,1,1009,3,1
10.0,25.8925,1,1009,3,1
10.0,25.875,1,1010,3,1
10.0,25.89,1,1010,3,1
10.0,25.8925,1,1011,3,1
9.5,25.8925,1,1011,3,1
9.5,25.9075,1,1012,3,1
9.25,25.9075,1,1012,3,1
9.25,25.89,1,1013,3,1
9.25,25.8925,1,1013,3,1
8.75,25.9075,0,1014,3,1
8.75,25.9075,0,1014,3,1
7.5,25.9075,1,1015,3,1
7.5,25.8925,1,1015,3,1
7.5,25.89,1,1016,3,1
7.5,25.9075,1,1016,3,1
7.25,25.89,1,1017,3,1
7.0,25.875,0,1017,3,1
6.75,25.9075,0,1018,3,1
7.5,25.9225,1,1018,3,1
6.5,25.9075,1,1019,3,1
6.75,25.9075,1,1019,3,1
6.75,25.9075,1,1020,3,1
118.5,25.8925,1,1020,3,0
136.5,25.9075,1,1021,3,0
145.5,25.924999999999997,1,1021,3,0
148.5,25.909999999999997,1,1022,3,0
149.75,25.9075,1,1022,3,0
149.75,25.924999999999997,1,1023,3,0
149.5,25.924999999999997,1,1023,3,0
149.0,25.955,1,1024,3,0
149.0,25.9075,1,1024,3,0
148.75,25.9075,1,1025,3,0
148.25,25.939999999999998,1,1025,3,0
147.75,25.9225,1,1026,3,0
147.5,25.939999999999998,0,1026,3,0
147.0,25.97,1,1027,3,0
147.0,25.955,1,1028,3,0
146.25,25.955,1,1028,2,0
146.0,25.955,1,1029,2,0
145.75,25.955,1,1029,2,0
145.75,25.955,0,1030,2,0
145.5,25.955,1,1030,2,0
145.25,25.97,1,1031,2,0
144.75,25.955,1,1032,2,0
144.75,25.955,1,1032,2,0
144.75,25.955,1,1033,2,0
144.75,25.955,1,1033,2,0
143.75,25.955,1,1034,2,0
144.0,25.97,1,1034,2,0
143.5,25.955,1,1035,2,0
143.5,25.955,0,1035,2,0
143.25,25.955,1,1036,2,0
143.5,25.955,0,1036,2,0
142.75,25.955,0,1037,2,0
142.75,25.9725,0,1037,2,0
143.5,25.9725,1,1038,2,0
143.25,25.955,1,1038,2,0
143.5,25.955,1,1039,2,0
143.75,25.97,1,1039,2,0
143.5,25.955,0,1040,2,0
143.25,25.97,1,1040,2,0
143.5,25.97,0,1041,2,0
143.0,25.97,1,1041,2,0
142.75,25.9875,1,1042,2,0
143.0,25.9875,1,1042,2,0
143.25,25.9875,1,1043,2,0
142.5,25.9725,1,1043,2,0
142.75,25.97,1,1044,2,0
143.0,25.9875,1,1044,2,0
142.5,25.9875,1,1045,2,0
142.25,25.955,1,1045,2,0
142.5,25.9875,1,1046,2,0
142.5,25.9725,1,1046,2,0
142.25,25.9725,1,1047,2,0
142.0,25.9875,1,1047,2,0
142.5,25.9875,1,1048,2,0
142.25,25.9875,1,1048,2,0
142.0,25.9875,1,1049,2,0
141.75,25.9875,1,1049,2,0
141.25,25.9875,1,1050,2,0
141.5,25.9875,1,1050,2,0
141.5,25.9875,0,1051,2,0
141.75,25.9875,1,1051,2,0
141.0,26.0025,1,1052,2,0
141.25,25.9725,1,1052,2,0
141.0,25.9875,1,1053,2,0
141.0,25.9875,1,1053,2,0
141.0,26.002499999999998,1,1054,2,0
141.5,25.9875,1,1054,2,0
141.25,25.9875,1,1055,2,0
141.0,25.9875,1,1056,2,0
140.75,25.9875,1,1056,2,0
140.5,25.9875,1,1057,3,0
96.25,26.002499999999998,1,1057,3,1
96.5,26.002499999999998,1,1058,2,1
96.5,25.9875,1,1058,2,1
96.25,25.9875,1,1059,2,1
96.0,25.9875,1,1059,2,1
95.75,25.9875,1,1060,2,1
95.75,25.9875,1,1060,2,1
95.25,25.9875,1,1061,2,1
95.5,26.0,1,1061,2,1
95.75,26.0,0,1062,2,1
95.75,25.985,0,1062,2,1
95.5,26.0,1,1063,2,1
95.75,26.0,1,1063,2,1
95.75,26.0325,1,1064,2,1
95.75,26.015,1,1064,2,1
95.5,26.0,0,1065,2,1
95.5,26.0,0,1065,2,1
96.0,26.0,0,1066,2,1
95.5,25.97,0,1066,2,1
95.5,25.985,1,1067,2,1
95.25,26.0,1,1067,2,1
95.5,26.0175,1,1068,2,1
95.5,26.0,1,1068,2,1
95.5,26.0,0,1069,2,1
95.25,26.0,1,1069,2,1
95.25,25.97,1,1070,2,1
95.75,26.0,1,1070,2,1
95.5,25.955,1,1071,2,1
95.75,25.985,1,1071,2,1
95.5,25.955,1,1072,2,1
95.75,25.955000000000002,1,1072,2,1
95.0,25.985,1,1073,2,1
95.0,25.97,1,1073,2,1
95.0,26.0,1,1074,2,1
95.0,25.985,1,1074,2,1
94.75,25.985,1,1075,2,1
94.75,25.985,1,1075,2,1
94.5,25.985,1,1076,2,1
93.0,26.0,1,1076,2,1
0.0,25.985,1,1077,0,0
0.0,25.97,1,1077,0,0
0.0,25.97,0,1078,0,0
0.0,25.955000000000002,0,1078,0,0
0.0,25.97,0,1079,0,0
0.0,25.955,0,1080,0,0
0.0,25.955,0,1080,0,0
0.0,25.94,0,1081,0,0
0.0,25.94,0,1081,0,0
0.0,25.94,0,1082,0,0
0.0,25.94,0,1082,0,0
0.0,25.94,0,1083,0,0
0.0,25.94,0,1084,0,0
0.0,25.94,0,1084,0,0
0.0,25.91,0,1085,0,0
0.0,25.925,0,1085,0,0
0.0,25.895,0,1086,0,0
0.0,25.88,0,1086,0,0
0.0,25.895,0,1087,0,0
0.0,25.862499999999997,0,1087,0,0
0.0,25.895,0,1088,0,0
0.0,25.88,0,1088,0,0
0.0,25.862499999999997,0,1089,0,0
0.0,25.862499999999997,0,1089,0,0
0.0,25.862499999999997,0,1090,0,0
0.0,25.862499999999997,0,1090,0,0
0.0,25.862499999999997,0,1091,0,0
0.0,25.862499999999997,0,1091,0,0
0.0,25.862499999999997,0,1092,0,0
0.0,25.862499999999997,0,1092,0,0
0.0,25.862499999999997,0,1093,0,0
0.0,25.845,0,1093,0,0
0.0,25.847499999999997,0,1094,0,0
0.0,25.83,0,1094,0,0
0.0,25.83,0,1095,0,0
0.0,25.8125,0,1095,0,0
0.0,25.795,0,1096,0,0
0.0,25.795,0,1096,0,0
0.0,25.795,0,1097,0,0
0.0,25.78,0,1097,0,0
0.0,25.8125,0,1098,0,0
0.0,25.7975,0,1098,0,0
0.0,25.8125,0,1099,0,0
0.0,25.795,0,1099,0,0
0.0,25.78,0,1100,0,0
0.0,25.78,0,1100,0,0
0.0,25.765,0,1101,0,0
0.0,25.765,0,1101,0,0
0.0,25.765,0,1102,0,0
0.0,25.78,0,1102,0,0
0.0,25.78,0,1103,0,0
0.0,25.765,0,1104,0,0
0.0,25.75,0,1104,0,0
0.0,25.7825,0,1105,0,0
0.0,25.7825,0,1105,0,0
0.0,25.7825,0,1106,0,0
0.0,25.765,0,1106,0,0
0.0,25.735,0,1107,0,0
0.0,25.75,0,1107,0,0
0.0,25.735,0,1108,0,0
0.0,25.735,0,1108,0,0
0.0,25.7675,0,1109,0,0
0.0,25.72,0,1109,0,0
0.0,25.735,0,1110,0,0
0.0,25.735,0,1110,0,0
0.0,25.735,0,1111,0,0
0.0,25.72,0,1111,0,0
0.0,25.72,0,1112,0,0
0.0,25.72,0,1112,0,0
0.0,25.72,0,1113,0,0
0.0,25.72,0,1113,0,0
0.0,25.7175,0,1114,0,0
0.0,25.7175,0,1114,0,0
0.0,25.7175,0,1115,0,0
0.0,25.7175,0,1115,0,0
0.0,25.7025,0,1116,0,0
0.0,25.7025,0,1116,0,0
0.0,25.7025,0,1117,0,0
0.0,25.6875,0,1117,0,0
0.0,25.7025,0,1118,0,0
0.0,25.7025,0,1118,0,0
0.0,25.6725,0,1119,0,0
0.0,25.6725,0,1119,0,0
0.0,25.6725,0,1120,0,0
0.0,25.6575,0,1120,0,0
0.0,25.6725,0,1121,0,0
0.0,25.6725,0,1121,0,0
0.0,25.6725,0,1122,0,0
0.0,25.6575,0,1122,0,0
0.0,25.6425,0,1123,0,0
0.0,25.6725,0,1123,0,0
0.0,25.6725,0,1124,0,0
0.0,25.6425,0,1124,0,0
0.0,25.6575,0,1125,0,0
0.0,25.6575,0,1125,0,0
0.0,25.6425,0,1126,0,0
0.0,25.6425,0,1126,0,0
0.0,25.6575,0,1127,0,0
0.0,25.6425,0,1128,0,0
0.0,25.6575,0,1128,0,0
0.0,25.6575,0,1129,0,0
0.0,25.6425,0,1129,0,0
0.0,25.6425,0,1130,0,0
0.0,25.6425,0,1130,0,0
0.0,25.6425,0,1131,0,0
0.0,25.6425,0,1131,0,0
0.0,25.6275,0,1132,0,0
0.0,25.6425,0,1132,0,0
0.0,25.6425,0,1133,0,0
0.0,25.6425,0,1133,0,0
0.0,25.6425,0,1134,0,0
0.0,25.6425,0,1134,0,0
0.0,25.6425,0,1135,0,0
0.0,25.6275,0,1135,0,0
0.0,25.627499999999998,0,1136,0,0
0.0,25.58,0,1136,0,0
0.0,25.61,0,1137,0,0
0.0,25.6125,0,1137,0,0
0.0,25.61,0,1138,0,0
0.0,25.6125,0,1138,0,0
0.0,25.61,0,1139,0,0
0.0,25.595,0,1140,0,0
0.0,25.595,0,1140,0,0
0.0,25.58,0,1141,0,0
0.0,25.5975,0,1141,0,0
0.0,25.595,0,1142,0,0
0.0,25.595,0,1142,0,0
0.0,25.61,0,1143,0,0
0.0,25.595,0,1143,0,0
0.0,25.6125,0,1144,0,0
0.0,25.61,0,1144,0,0
0.0,25.595,0,1145,0,0
0.0,25.595,0,1145,0,0
0.0,25.6125,0,1146,0,0
0.0,25.6125,0,1146,0,0
0.0,25.58,0,1147,0,0
0.0,25.58,0,1147,0,0
0.0,25.564999999999998,0,1148,0,0
0.0,25.58,0,1148,0,0
0.0,25.58,0,1149,0,0
0.0,25.595,0,1149,0,0
0.0,25.564999999999998,0,1150,0,0
0.0,25.549999999999997,0,1150,0,0
0.0,25.564999999999998,0,1151,0,0
0.0,25.564999999999998,0,1151,0,0
0.0,25.564999999999998,0,1152,0,0
0.0,25.564999999999998,0,1153,0,0
0.0,25.564999999999998,0,1153,0,0
0.0,25.564999999999998,0,1154,0,0
0.0,25.564999999999998,0,1154,0,0
0.0,25.58,0,1155,0,0
0.0,25.564999999999998,0,1155,0,0
0.0,25.564999999999998,0,1156,0,0
0.0,25.564999999999998,0,1156,0,0
0.0,25.564999999999998,0,1157,0,0
0.0,25.564999999999998,0,1157,0,0
0.0,25.549999999999997,0,1158,0,0
0.0,25.549999999999997,0,1158,0,0
0.0,25.564999999999998,0,1159,0,0
0.0,25.549999999999997,0,1159,0,0
0.0,25.564999999999998,0,1160,0,0
0.0,25.564999999999998,0,1160,0,0
0.0,25.564999999999998,0,1161,0,0
0.0,25.564999999999998,0,1161,0,0
0.0,25.564999999999998,0,1162,0,0
0.0,25.564999999999998,0,1162,0,0
0.0,25.564999999999998,0,1163,0,0
0.0,25.5475,0,1163,0,0
0.0,25.5475,0,1164,0,0
0.0,25.5475,0,1164,0,0
0.0,25.564999999999998,0,1165,0,0
0.0,25.5325,0,1165,0,0
0.0,25.5475,0,1166,0,0
0.0,25.5325,0,1166,0,0
0.0,25.5325,0,1167,0,0
0.0,25.515,0,1167,0,0
0.0,25.549999999999997,0,1168,0,0
0.0,25.515,0,1168,0,0
0.0,25.515,0,1169,0,0
0.0,25.515,0,1169,0,0
0.0,25.515,0,1170,0,0
0.0,25.515,0,1170,0,0
0.0,25.515,0,1171,0,0
0.0,25.515,0,1171,0,0
0.0,25.515,0,1172,0,0
0.0,25.515,0,1172,0,0
0.0,25.5325,0,1173,0,0
0.0,25.515,0,1173,0,0
0.0,25.5325,0,1174,0,0
0.0,25.515,0,1174,0,0
0.0,25.515,0,1175,0,0
0.0,25.515,0,1175,0,0
0.0,25.5325,0,1176,0,0
0.0,25.515,0,1177,0,0
0.0,25.5175,0,1177,0,0
0.0,25.485,0,1178,0,0
0.0,25.5,0,1178,0,0
0.0,25.485,0,1179,0,0
0.0,25.515,0,1179,0,0
0.0,25.485,0,1180,0,0
0.0,25.485,0,1180,0,0
0.0,25.5,0,1181,0,0
0.0,25.5,0,1181,0,0
0.0,25.5,0,1182,0,0
0.0,25.485,0,1182,0,0
0.0,25.5,0,1183,0,0
0.0,25.5,0,1183,0,0
0.0,25.485,0,1184,0,0
0.0,25.485,0,1184,0,0
0.0,25.5,0,1185,0,0
0.0,25.485,0,1185,0,0
0.0,25.485,0,1186,0,0
0.0,25.47,0,1186,0,0
0.0,25.47,0,1187,0,0
0.0,25.485,0,1187,0,0
0.0,25.5,0,1188,0,0
0.0,25.5,0,1188,0,0
0.0,25.47,0,1189,0,0
0.0,25.485,0,1189,0,0
0.0,25.485,0,1190,0,0
0.0,25.485,0,1190,0,0
0.0,25.47,0,1191,0,0
0.0,25.47,0,1191,0,0
0.0,25.485,0,1192,0,0
0.0,25.47,0,1192,0,0
0.0,25.47,0,1193,0,0
0.0,25.455,0,1193,0,0
0.0,25.485,0,1194,0,0
0.0,25.455,0,1194,0,0
0.0,25.455,0,1195,0,0
0.0,25.455,0,1195,0,0
0.0,25.485,0,1196,0,0
0.0,25.4525,0,1197,0,0
0.0,25.47,0,1197,0,0
0.0,25.47,0,1198,0,0
0.0,25.47,0,1198,0,0
0.0,25.455,0,1199,0,0
0.0,25.4375,0,1199,0,0
0.0,25.455,0,1200,0,0
0.0,25.455,0,1201,0,0
0.0,25.455,0,1201,0,0
0.0,25.47,0,1202,0,0
0.0,25.47,0,1202,0,0
0.0,25.47,0,1203,0,0
0.0,25.455,0,1203,0,0
0.0,25.47,0,1204,0,0
0.0,25.455,0,1204,0,0
0.0,25.455,0,1205,0,0
0.0,25.455,0,1205,0,0
0.0,25.47,0,1206,0,0
0.0,25.47,0,1206,0,0
0.0,25.455,0,1207,0,0
0.0,25.455,0,1207,0,0
0.0,25.47,0,1208,0,0
0.0,25.455,0,1208,0,0
0.0,25.455,0,1209,0,0
0.0,25.455,0,1209,0,0
0.0,25.455,0,1210,0,0
0.0,25.455,0,1210,0,0
0.0,25.47,0,1211,0,0
0.0,25.47,0,1211,0,0
0.0,25.439999999999998,0,1212,0,0
0.0,25.439999999999998,0,1212,0,0
0.0,25.439999999999998,0,1213,0,0
0.0,25.455,0,1213,0,0
0.0,25.47,0,1214,0,0
0.0,25.439999999999998,0,1214,0,0
0.0,25.439999999999998,0,1215,0,0
0.0,25.439999999999998,0,1215,0,0
0.0,25.4075,0,1216,0,0
0.0,25.439999999999998,0,1216,0,0
0.0,25.439999999999998,0,1217,0,0
0.0,25.424999999999997,0,1217,0,0
0.0,25.455,0,1218,0,0
0.0,25.424999999999997,0,1218,0,0
0.0,25.439999999999998,0,1219,0,0
0.0,25.439999999999998,0,1219,0,0
0.0,25.439999999999998,0,1220,0,0
0.0,25.439999999999998,0,1220,0,0
0.0,25.455,0,1221,0,0
0.0,25.439999999999998,0,1221,0,0
0.0,25.424999999999997,0,1222,0,0
0.0,25.455,0,1222,0,0
0.0,25.439999999999998,0,1223,0,0
0.0,25.424999999999997,0,1223,0,0
0.0,25.455,0,1224,0,0
0.0,25.455,0,1225,0,0
0.0,25.455,0,1225,0,0
0.0,25.455,0,1226,0,0
0.0,25.455,0,1226,0,0
0.0,25.455,0,1227,0,0
0.0,25.455,0,1227,0,0
0.0,25.4225,0,1228,0,0
0.0,25.439999999999998,0,1228,0,0
0.0,25.439999999999998,0,1229,0,0
0.0,25.4225,0,1229,0,0
0.0,25.424999999999997,0,1230,0,0
0.0,25.424999999999997,0,1230,0,0
0.0,25.424999999999997,0,1231,0,0
0.0,25.424999999999997,0,1231,0,0
0.0,25.424999999999997,0,1232,0,0
0.0,25.424999999999997,0,1232,0,0
0.0,25.424999999999997,0,1233,0,0
0.0,25.424999999999997,0,1233,0,0
0.0,25.424999999999997,0,1234,0,0
0.0,25.424999999999997,0,1234,0,0
0.0,25.424999999999997,0,1235,0,0
0.0,25.424999999999997,0,1235,0,0
0.0,25.424999999999997,0,1236,0,0
0.0,25.424999999999997,0,1236,0,0
0.0,25.41,0,1237,0,0
0.0,25.41,0,1237,0,0
0.0,25.424999999999997,0,1238,0,0
0.0,25.4075,0,1238,0,0
0.0,25.424999999999997,0,1239,0,0
0.0,25.424999999999997,0,1239,0,0
0.0,25.424999999999997,0,1240,0,0
0.0,25.4075,0,1240,0,0
0.0,25.424999999999997,0,1241,0,0
0.0,25.4075,0,1241,0,0
0.0,25.424999999999997,0,1242,0,0
0.0,25.4075,0,1242,0,0
0.0,25.41,0,1243,0,0
0.0,25.392500000000002,0,1243,0,0
0.0,25.39,0,1244,0,0
0.0,25.39,0,1244,0,0
0.0,25.424999999999997,0,1245,0,0
0.0,25.41,0,1245,0,0
0.0,25.4075,0,1246,0,0
0.0,25.4075,0,1246,0,0
0.0,25.39,0,1247,0,0
0.0,25.375,0,1247,0,0
0.0,25.392500000000002,0,1248,0,0
0.0,25.4075,0,1249,0,0
0.0,25.41,0,1249,0,0
0.0,25.39,0,1250,0,0
0.0,25.39,0,1250,0,0
0.0,25.39,0,1251,0,0
0.0,25.41,0,1251,0,0
0.0,25.4075,0,1252,0,0
0.0,25.3925,0,1253,0,0
0.0,25.375,0,1253,0,0
0.0,25.375,0,1254,0,0
0.0,25.39,0,1254,0,0
0.0,25.4075,0,1255,0,0
0.0,25.39,0,1255,0,0
0.0,25.39,0,1256,0,0
0.0,25.39,0,1256,0,0
0.0,25.39,0,1257,0,0
0.0,25.375,0,1257,0,0
0.0,25.375,0,1258,0,0
0.0,25.375,0,1258,0,0
0.0,25.375,0,1259,0,0
0.0,25.375,0,1259,0,0
0.0,25.375,0,1260,0,0
0.0,25.375,0,1260,0,0
0.0,25.39,0,1261,0,0
0.0,25.3925,0,1261,0,0
0.0,25.39,0,1262,0,0
0.0,25.375,0,1262,0,0
0.0,25.36,0,1263,0,0
0.0,25.375,0,1263,0,0
0.0,25.375,0,1264,0,0
0.0,25.375,0,1264,0,0
0.0,25.36,0,1265,0,0
0.0,25.375,0,1265,0,0
0.0,25.375,0,1266,0,0
0.0,25.392500000000002,0,1266,0,0
0.0,25.375,0,1267,0,0
0.0,25.375,0,1267,0,0
0.0,25.392500000000002,0,1268,0,0
0.0,25.36,0,1268,0,0
0.0,25.375,0,1269,0,0
0.0,25.375,0,1269,0,0
0.0,25.375,0,1270,0,0
0.0,25.36,0,1270,0,0
0.0,25.3775,0,1271,0,0
0.0,25.375,0,1271,0,0
0.0,25.36,0,1272,0,0
0.0,25.375,0,1273,0,0
0.0,25.375,0,1273,0,0
0.0,25.375,0,1274,0,0
0.0,25.375,0,1274,0,0
0.0,25.36,0,1275,0,0
0.0,25.33,0,1275,0,0
0.0,25.36,0,1276,0,0
0.0,25.345,0,1276,0,0
0.0,25.36,0,1277,0,0
0.0,25.345,0,1277,0,0
0.0,25.33,0,1278,0,0
0.0,25.33,0,1278,0,0
0.0,25.345,0,1279,0,0
0.0,25.36,0,1279,0,0
0.0,25.345,0,1280,0,0
0.0,25.345,0,1280,0,0
0.0,25.36,0,1281,0,0
0.0,25.33,0,1281,0,0
0.0,25.33,0,1282,0,0
0.0,25.345,0,1282,0,0
0.0,25.345,0,1283,0,0
0.0,25.345,0,1283,0,0
0.0,25.345,0,1284,0,0
0.0,25.36,0,1284,0,0
0.0,25.36,0,1285,0,0
0.0,25.36,0,1285,0,0
0.0,25.33,0,1286,0,0
0.0,25.36,0,1286,0,0
0.0,25.345,0,1287,0,0
0.0,25.33,0,1287,0,0
0.0,25.345,0,1288,0,0
0.0,25.33,0,1288,0,0
0.0,25.345,0,1289,0,0
0.0,25.314999999999998,0,1289,0,0
0.0,25.345,0,1290,0,0
0.0,25.345,0,1290,0,0
0.0,25.345,0,1291,0,0
0.0,25.345,0,1291,0,0
0.0,25.36,0,1292,0,0
0.0,25.345,0,1292,0,0
0.0,25.33,0,1293,0,0
0.0,25.33,0,1293,0,0
0.0,25.33,0,1294,0,0
0.0,25.314999999999998,0,1294,0,0
0.0,25.33,0,1295,0,0
0.0,25.314999999999998,0,1295,0,0
0.0,25.314999999999998,0,1296,0,0
0.0,25.33,0,1297,0,0
0.0,25.314999999999998,0,1297,0,0
0.0,25.314999999999998,0,1298,0,0
0.0,25.314999999999998,0,1298,0,0
0.0,25.3275,0,1299,0,0
0.0,25.33,0,1299,0,0
0.0,25.314999999999998,0,1300,0,0
0.0,25.314999999999998,0,1300,0,0
0.0,25.314999999999998,0,1301,0,0
0.0,25.314999999999998,0,1301,0,0
0.0,25.33,0,1302,0,0
0.0,25.33,0,1302,0,0
0.0,25.314999999999998,0,1303,0,0
0.0,25.314999999999998,0,1303,0,0
0.0,25.314999999999998,0,1304,0,0
0.0,25.314999999999998,0,1304,0,0
0.0,25.314999999999998,0,1305,0,0
0.0,25.314999999999998,0,1305,0,0
0.0,25.2975,0,1306,0,0
0.0,25.314999999999998,0,1306,0,0
0.0,25.314999999999998,0,1307,0,0
0.0,25.314999999999998,0,1307,0,0
0.0,25.314999999999998,0,1308,0,0
0.0,25.33,0,1309,0,0
0.0,25.314999999999998,0,1309,0,0
0.0,25.314999999999998,0,1310,0,0
0.0,25.314999999999998,0,1310,0,0
0.0,25.299999999999997,0,1311,0,0
0.0,25.299999999999997,0,1311,0,0
0.0,25.314999999999998,0,1312,0,0
0.0,25.314999999999998,0,1312,0,0
0.0,25.314999999999998,0,1313,0,0
0.0,25.314999999999998,0,1313,0,0
0.0,25.314999999999998,0,1314,0,0
0.0,25.2975,0,1314,0,0
0.0,25.2975,0,1315,0,0
0.0,25.2975,0,1315,0,0
0.0,25.2975,0,1316,0,0
0.0,25.2975,0,1316,0,0
0.0,25.2975,0,1317,0,0
0.0,25.314999999999998,0,1317,0,0
0.0,25.2975,0,1318,0,0
0.0,25.314999999999998,0,1318,0,0
0.0,25.314999999999998,0,1319,0,0
0.0,25.314999999999998,0,1319,0,0
0.0,25.314999999999998,0,1320,0,0
0.0,25.2825,0,1321,0,0
0.0,25.2825,0,1321,0,0
0.0,25.2975,0,1322,0,0
0.0,25.2975,0,1322,0,0
0.0,25.2825,0,1323,0,0
0.0,25.265,0,1323,0,0
0.0,25.299999999999997,0,1324,0,0
0.0,25.285,0,1324,0,0
0.0,25.299999999999997,0,1325,0,0
0.0,25.2825,0,1325,0,0
0.0,25.299999999999997,0,1326,0,0
0.0,25.299999999999997,0,1326,0,0
0.0,25.299999999999997,0,1327,0,0
0.0,25.2825,0,1327,0,0
0.0,25.314999999999998,0,1328,0,0
0.0,25.285,0,1328,0,0
0.0,25.299999999999997,0,1329,0,0
0.0,25.265,0,1329,0,0
0.0,25.2825,0,1330,0,0
0.0,25.2825,0,1330,0,0
0.0,25.265,0,1331,0,0
0.0,25.2975,0,1331,0,0
0.0,25.2825,0,1332,0,0
0.0,25.2975,0,1332,0,0
0.0,25.2975,0,1333,0,0
0.0,25.2825,0,1333,0,0
0.0,25.3,0,1334,0,0
0.0,25.2825,0,1334,0,0
0.0,25.2825,0,1335,0,0
0.0,25.265,0,1335,0,0
0.0,25.299999999999997,0,1336,0,0
0.0,25.299999999999997,0,1336,0,0
0.0,25.2975,0,1337,0,0
0.0,25.265,0,1337,0,0
0.0,25.299999999999997,0,1338,0,0
0.0,25.2825,0,1338,0,0
0.0,25.2675,0,1339,0,0
0.0,25.2825,0,1339,0,0
0.0,25.2825,0,1340,0,0
0.0,25.2825,0,1340,0,0
0.0,25.2825,0,1341,0,0
0.0,25.2825,0,1341,0,0
0.0,25.2675,0,1342,0,0
0.0,25.2825,0,1342,0,0
0.0,25.2975,0,1343,0,0
0.0,25.2975,0,1343,0,0
0.0,25.2825,0,1344,0,0
0.0,25.2675,0,1344,0,0
0.0,25.2825,0,1345,0,0
0.0,25.265,0,1346,0,0
0.0,25.2825,0,1346,0,0
0.0,25.2675,0,1347,0,0
0.0,25.2825,0,1347,0,0
0.0,25.2825,0,1348,0,0
0.0,25.265,0,1348,0,0
0.0,25.28,0,1349,0,0
0.0,25.2825,0,1349,0,0
0.0,25.25,0,1350,0,0
0.0,25.25,0,1350,0,0
0.0,25.25,0,1351,0,0
0.0,25.2675,0,1351,0,0
0.0,25.265,0,1352,0,0
0.0,25.2825,0,1352,0,0
0.0,25.265,0,1353,0,0
0.0,25.2675,0,1353,0,0
0.0,25.25,0,1354,0,0
0.0,25.25,0,1354,0,0
0.0,25.2675,0,1355,0,0
0.0,25.25,0,1355,0,0
0.0,25.25,0,1356,0,0
0.0,25.25,0,1356,0,0
0.0,25.2675,0,1357,0,0
0.0,25.25,0,1357,0,0
0.0,25.2675,0,1358,0,0
0.0,25.235,0,1358,0,0
0.0,25.235,0,1359,0,0
0.0,25.2675,0,1359,0,0
0.0,25.25,0,1360,0,0
0.0,25.25,0,1360,0,0
0.0,25.2675,0,1361,0,0
0.0,25.237499999999997,0,1361,0,0
0.0,25.25,0,1362,0,0
0.0,25.252499999999998,0,1362,0,0
0.0,25.252499999999998,0,1363,0,0
0.0,25.252499999999998,0,1363,0,0
0.0,25.235,0,1364,0,0
0.0,25.235,0,1364,0,0
0.0,25.25,0,1365,0,0
0.0,25.25,0,1366,0,0
0.0,25.25,0,1366,0,0
0.0,25.25,0,1367,0,0
0.0,25.25,0,1367,0,0
0.0,25.25,0,1368,0,0
0.0,25.235,0,1368,0,0
0.0,25.235,0,1369,0,0
0.0,25.25,0,1370,0,0
0.0,25.235,0,1370,0,0
0.0,25.25,0,1371,0,0
0.0,25.25,0,1371,0,0
0.0,25.235,0,1372,0,0
0.0,25.25,0,1372,0,0
0.0,25.22,0,1373,0,0
0.0,25.25,0,1373,0,0
0.0,25.25,0,1374,0,0
0.0,25.25,0,1374,0,0
0.0,25.25,0,1375,0,0
0.0,25.25,0,1375,0,0
0.0,25.25,0,1376,0,0
0.0,25.235,0,1376,0,0
0.0,25.25,0,1377,0,0
0.0,25.25,0,1377,0,0
0.0,25.25,0,1378,0,0
0.0,25.235,0,1378,0,0
0.0,25.235,0,1379,0,0
0.0,25.235,0,1379,0,0
0.0,25.235,0,1380,0,0
0.0,25.252499999999998,0,1380,0,0
0.0,25.25,0,1381,0,0
0.0,25.25,0,1381,0,0
0.0,25.25,0,1382,0,0
0.0,25.235,0,1382,0,0
0.0,25.22,0,1383,0,0
0.0,25.25,0,1383,0,0
0.0,25.25,0,1384,0,0
0.0,25.25,0,1384,0,0
0.0,25.25,0,1385,0,0
0.0,25.25,0,1385,0,0
0.0,25.25,0,1386,0,0
0.0,25.25,0,1386,0,0
0.0,25.25,0,1387,0,0
0.0,25.25,0,1387,0,0
0.0,25.235,0,1388,0,0
0.0,25.235,0,1388,0,0
0.0,25.235,0,1389,0,0
0.0,25.22,0,1389,0,0
0.0,25.25,0,1390,0,0
0.0,25.22,0,1390,0,0
0.0,25.235,0,1391,0,0
0.0,25.22,0,1391,0,0
0.0,25.235,0,1392,0,0
0.0,25.22,0,1393,0,0
0.0,25.235,0,1394,0,0
0.0,25.22,0,1394,0,0
0.0,25.22,0,1395,0,0
0.0,25.235,0,1395,0,0
0.0,25.205,0,1396,0,0
0.0,25.205,0,1396,0,0
0.0,25.22,0,1397,0,0
0.0,25.22,0,1397,0,0
0.0,25.22,0,1398,0,0
0.0,25.235,0,1398,0,0
0.0,25.25,0,1399,0,0
0.0,25.235,0,1399,0,0
0.0,25.25,0,1400,0,0
0.0,25.25,0,1400,0,0
0.0,25.235,0,1401,0,0
0.0,25.25,0,1401,0,0
0.0,25.235,0,1402,0,0
0.0,25.22,0,1402,0,0
0.0,25.22,0,1403,0,0
0.0,25.22,0,1403,0,0
0.0,25.235,0,1404,0,0
0.0,25.205,0,1404,0,0
0.0,25.205,0,1405,0,0
0.0,25.22,0,1405,0,0
0.0,25.205,0,1406,0,0
0.0,25.205,0,1406,0,0
0.0,25.22,0,1407,0,0
0.0,25.189999999999998,0,1407,0,0
0.0,25.205,0,1408,0,0
0.0,25.22,0,1408,0,0
0.0,25.205,0,1409,0,0
0.0,25.205,0,1409,0,0
0.0,25.22,0,1410,0,0
0.0,25.22,0,1410,0,0
0.0,25.22,0,1411,0,0
0.0,25.205,0,1411,0,0
0.0,25.22,0,1412,0,0
0.0,25.205,0,1412,0,0
0.0,25.205,0,1413,0,0
0.0,25.205,0,1413,0,0
0.0,25.235,0,1414,0,0
0.0,25.22,0,1414,0,0
0.0,25.205,0,1415,0,0
0.0,25.205,0,1415,0,0
0.0,25.205,0,1416,0,0
0.0,25.205,0,1416,0,0
0.0,25.205,0,1417,0,0
0.0,25.205,0,1418,0,0
0.0,25.22,0,1418,0,0
0.0,25.22,0,1419,0,0
0.0,25.22,0,1419,0,0
0.0,25.205,0,1420,0,0
0.0,25.205,0,1420,0,0
0.0,25.205,0,1421,0,0
0.0,25.205,0,1421,0,0
0.0,25.205,0,1422,0,0
0.0,25.205,0,1423,0,0
0.0,25.205,0,1423,0,0
0.0,25.205,0,1424,0,0
0.0,25.205,0,1424,0,0
0.0,25.1875,0,1425,0,0
0.0,25.1875,0,1425,0,0
0.0,25.205,0,1426,0,0
0.0,25.1875,0,1426,0,0
0.0,25.1875,0,1427,0,0
0.0,25.205,0,1427,0,0
0.0,25.1875,0,1428,0,0
0.0,25.2025,0,1428,0,0
0.0,25.1725,0,1429,0,0
0.0,25.189999999999998,0,1429,0,0
0.0,25.1725,0,1430,0,0
0.0,25.1725,0,1430,0,0
0.0,25.1725,0,1431,0,0
0.0,25.1725,0,1431,0,0
0.0,25.1875,0,1432,0,0
0.0,25.1875,0,1432,0,0
0.0,25.1725,0,1433,0,0
0.0,25.1875,0,1433,0,0
0.0,25.205,0,1434,0,0
0.0,25.205,0,1434,0,0
0.0,25.205,0,1435,0,0
0.0,25.205,0,1435,0,0
0.0,25.205,0,1436,0,0
0.0,25.205,0,1436,0,0
0.0,25.1875,0,1437,0,0
0.0,25.205,0,1437,0,0
0.0,25.205,0,1438,0,0
0.0,25.1875,0,1438,0,0
0.0,25.205,0,1439,0,0
0.0,25.205,0,1439,0,0
0.0,25.189999999999998,0,0,0,0
0.0,25.1725,0,0,0,0
0.0,25.17,0,1,0,0
0.0,25.1875,0,2,0,0
0.0,25.1725,0,2,0,0
0.0,25.1875,0,3,0,0
0.0,25.1725,0,3,0,0
0.0,25.189999999999998,0,4,0,0
0.0,25.1575,0,4,0,0
0.0,25.189999999999998,0,5,0,0
0.0,25.189999999999998,0,5,0,0
0.0,25.174999999999997,0,6,0,0
0.0,25.1725,0,6,0,0
0.0,25.1575,0,7,0,0
0.0,25.1575,0,7,0,0
0.0,25.189999999999998,0,8,0,0
0.0,25.1725,0,8,0,0
0.0,25.205,0,9,0,0
0.0,25.189999999999998,0,9,0,0
0.0,25.205,0,10,0,0
0.0,25.1875,0,10,0,0
0.0,25.1875,0,11,0,0
0.0,25.189999999999998,0,11,0,0
0.0,25.205,0,12,0,0
0.0,25.1725,0,12,0,0
0.0,25.189999999999998,0,13,0,0
0.0,25.1725,0,13,0,0
0.0,25.1725,0,14,0,0
0.0,25.1725,0,14,0,0
0.0,25.155,0,15,0,0
0.0,25.1725,0,15,0,0
0.0,25.1875,0,16,0,0
0.0,25.1875,0,16,0,0
0.0,25.1725,0,17,0,0
0.0,25.14,0,17,0,0
0.0,25.1575,0,18,0,0
0.0,25.174999999999997,0,18,0,0
0.0,25.174999999999997,0,19,0,0
0.0,25.1575,0,19,0,0
0.0,25.1575,0,20,0,0
0.0,25.155,0,20,0,0
0.0,25.1725,0,21,0,0
0.0,25.1725,0,21,0,0
0.0,25.1725,0,22,0,0
0.0,25.1875,0,22,0,0
0.0,25.189999999999998,0,23,0,0
0.0,25.1725,0,23,0,0
0.0,25.189999999999998,0,24,0,0
0.0,25.1725,0,24,0,0
0.0,25.155,0,25,0,0
0.0,25.155,0,26,0,0
0.0,25.155,0,26,0,0
0.0,25.155,0,27,0,0
0.0,25.14,0,27,0,0
0.0,25.155,0,28,0,0
0.0,25.155,0,28,0,0
0.0,25.14,0,29,0,0
0.0,25.155,0,29,0,0
0.0,25.14,0,30,0,0
0.0,25.14,0,30,0,0
0.0,25.14,0,31,0,0
0.0,25.155,0,31,0,0
0.0,25.14,0,32,0,0
0.0,25.1575,0,32,0,0
0.0,25.155,0,33,0,0
0.0,25.14,0,33,0,0
0.0,25.14,0,34,0,0
0.0,25.1575,0,34,0,0
0.0,25.1725,0,35,0,0
0.0,25.155,0,35,0,0
0.0,25.155,0,36,0,0
0.0,25.1725,0,36,0,0
0.0,25.17,0,37,0,0
0.0,25.17,0,37,0,0
0.0,25.17,0,38,0,0
0.0,25.155,0,38,0,0
0.0,25.1725,0,39,0,0
0.0,25.155,0,40,0,0
0.0,25.189999999999998,0,40,0,0
0.0,25.1725,0,41,0,0
0.0,25.155,0,41,0,0
0.0,25.14,0,42,0,0
0.0,25.155,0,42,0,0
0.0,25.155,0,43,0,0
0.0,25.155,0,43,0,0
0.0,25.155,0,44,0,0
0.0,25.14,0,44,0,0
0.0,25.14,0,45,0,0
0.0,25.17,0,45,0,0
0.0,25.155,0,46,0,0
0.0,25.155,0,46,0,0
0.0,25.155,0,47,0,0
0.0,25.155,0,47,0,0
0.0,25.155,0,48,0,0
0.0,25.155,0,48,0,0
0.0,25.14,0,49,0,0
0.0,25.14,0,50,0,0
0.0,25.14,0,50,0,0
0.0,25.14,0,51,0,0
0.0,25.14,0,51,0,0
0.0,25.14,0,52,0,0
0.0,25.14,0,52,0,0
0.0,25.14,0,53,0,0
0.0,25.14,0,53,0,0
0.0,25.155,0,54,0,0
0.0,25.14,0,54,0,0
0.0,25.14,0,55,0,0
0.0,25.125,0,55,0,0
0.0,25.14,0,56,0,0
0.0,25.14,0,56,0,0
0.0,25.125,0,57,0,0
0.0,25.14,0,57,0,0
0.0,25.14,0,58,0,0
0.0,25.125,0,58,0,0
0.0,25.125,0,59,0,0
0.0,25.14,0,59,0,0
0.0,25.14,0,60,0,0
0.0,25.14,0,60,0,0
0.0,25.14,0,61,0,0
0.0,25.125,0,61,0,0
0.0,25.14,0,62,0,0
0.0,25.14,0,62,0,0
0.0,25.125,0,63,0,0
0.0,25.125,0,63,0,0
0.0,25.11,0,64,0,0
0.0,25.125,0,64,0,0
0.0,25.125,0,65,0,0
0.0,25.125,0,65,0,0
0.0,25.11,0,66,0,0
0.0,25.125,0,66,0,0
0.0,25.11,0,67,0,0
0.0,25.14,0,67,0,0
0.0,25.125,0,68,0,0
0.0,25.125,0,68,0,0
0.0,25.11,0,69,0,0
0.0,25.125,0,69,0,0
0.0,25.11,0,70,0,0
0.0,25.125,0,70,0,0
0.0,25.125,0,71,0,0
0.0,25.14,0,71,0,0
0.0,25.14,0,72,0,0
0.0,25.14,0,72,0,0
0.0,25.125,0,73,0,0
0.0,25.14,0,74,0,0
0.0,25.1425,0,74,0,0
0.0,25.14,0,75,0,0
0.0,25.11,0,75,0,0
0.0,25.11,0,76,0,0
0.0,25.125,0,76,0,0
0.0,25.14,0,77,0,0
0.0,25.14,0,77,0,0
0.0,25.125,0,78,0,0
0.0,25.14,0,78,0,0
0.0,25.14,0,79,0,0
0.0,25.14,0,79,0,0
0.0,25.125,0,80,0,0
0.0,25.14,0,80,0,0
0.0,25.14,0,81,0,0
0.0,25.125,0,81,0,0
0.0,25.125,0,82,0,0
0.0,25.14,0,82,0,0
0.0,25.125,0,83,0,0
0.0,25.11,0,83,0,0
0.0,25.125,0,84,0,0
0.0,25.125,0,84,0,0
0.0,25.11,0,85,0,0
0.0,25.125,0,85,0,0
0.0,25.125,0,86,0,0
0.0,25.11,0,86,0,0
0.0,25.11,0,87,0,0
0.0,25.125,0,87,0,0
0.0,25.11,0,88,0,0
0.0,25.08,0,88,0,0
0.0,25.095,0,89,0,0
0.0,25.11,0,89,0,0
0.0,25.125,0,90,0,0
0.0,25.095,0,90,0,0
0.0,25.095,0,91,0,0
0.0,25.095,0,91,0,0
0.0,25.095,0,92,0,0
0.0,25.095,0,92,0,0
0.0,25.095,0,93,0,0
0.0,25.095,0,93,0,0
0.0,25.11,0,94,0,0
0.0,25.095,0,94,0,0
0.0,25.095,0,95,0,0
0.0,25.11,0,96,0,0
0.0,25.095,0,96,0,0
0.0,25.11,0,97,0,0
0.0,25.095,0,97,0,0
0.0,25.11,0,98,0,0
0.0,25.11,0,99,0,0
0.0,25.095,0,99,0,0
0.0,25.095,0,100,0,0
0.0,25.11,0,100,0,0
0.0,25.11,0,101,0,0
0.0,25.08,0,101,0,0
0.0,25.08,0,102,0,0
0.0,25.095,0,102,0,0
0.0,25.08,0,103,0,0
0.0,25.095,0,103,0,0
0.0,25.11,0,104,0,0
0.0,25.08,0,104,0,0
0.0,25.11,0,105,0,0
0.0,25.125,0,105,0,0
0.0,25.11,0,106,0,0
0.0,25.11,0,106,0,0
0.0,25.11,0,107,0,0
0.0,25.095,0,107,0,0
0.0,25.11,0,108,0,0
0.0,25.11,0,108,0,0
0.0,25.11,0,109,0,0
0.0,25.11,0,109,0,0
0.0,25.11,0,110,0,0
0.0,25.11,0,110,0,0
0.0,25.11,0,111,0,0
0.0,25.095,0,111,0,0
0.0,25.095,0,112,0,0
0.0,25.11,0,112,0,0
0.0,25.11,0,113,0,0
0.0,25.11,0,113,0,0
0.0,25.11,0,114,0,0
0.0,25.11,0,114,0,0
0.0,25.11,0,115,0,0
0.0,25.11,0,115,0,0
0.0,25.11,0,116,0,0
0.0,25.11,0,116,0,0
0.0,25.11,0,117,0,0
0.0,25.095,0,117,0,0
0.0,25.11,0,118,0,0
0.0,25.11,0,118,0,0
0.0,25.11,0,119,0,0
0.0,25.095,0,119,0,0
0.0,25.095,0,120,0,0
0.0,25.095,0,120,0,0
0.0,25.11,0,121,0,0
0.0,25.11,0,121,0,0
0.0,25.095,0,122,0,0
0.0,25.11,0,123,0,0
0.0,25.11,0,123,0,0
0.0,25.080000000000002,0,124,0,0
0.0,25.095,0,124,0,0
0.0,25.080000000000002,0,125,0,0
0.0,25.095,0,125,0,0
0.0,25.095,0,126,0,0
0.0,25.125,0,126,0,0
0.0,25.095,0,127,0,0
0.0,25.095,0,127,0,0
0.0,25.095,0,128,0,0
0.0,25.095,0,128,0,0
0.0,25.095,0,129,0,0
0.0,25.095,0,129,0,0
0.0,25.095,0,130,0,0
0.0,25.095,0,130,0,0
0.0,25.11,0,131,0,0
0.0,25.125,0,131,0,0
0.0,25.11,0,132,0,0
0.0,25.11,0,132,0,0
0.0,25.095,0,133,0,0
0.0,25.095,0,133,0,0
0.0,25.095,0,134,0,0
0.0,25.095,0,134,0,0
0.0,25.095,0,135,0,0
0.0,25.11,0,135,0,0
0.0,25.11,0,136,0,0
0.0,25.095,0,136,0,0
0.0,25.095,0,137,0,0
0.0,25.095,0,137,0,0
0.0,25.095,0,138,0,0
0.0,25.11,0,138,0,0
0.0,25.095,0,139,0,0
0.0,25.095,0,139,0,0
0.0,25.095,0,140,0,0
0.0,25.080000000000002,0,140,0,0
0.0,25.095,0,141,0,0
0.0,25.095,0,141,0,0
0.0,25.095,0,142,0,0
0.0,25.095,0,142,0,0
0.0,25.095,0,143,0,0
0.0,25.095,0,143,0,0
0.0,25.095,0,144,0,0
0.0,25.095,0,144,0,0
0.0,25.095,0,145,0,0
0.0,25.11,0,145,0,0
0.0,25.11,0,146,0,0
0.0,25.095,0,147,0,0
0.0,25.095,0,147,0,0
0.0,25.095,0,148,0,0
0.0,25.11,0,148,0,0
0.0,25.080000000000002,0,149,0,0
0.0,25.080000000000002,0,149,0,0
0.0,25.080000000000002,0,150,0,0
0.0,25.095,0,150,0,0
0.0,25.080000000000002,0,151,0,0
0.0,25.080000000000002,0,151,0,0
0.0,25.080000000000002,0,152,0,0
0.0,25.095,0,153,0,0
0.0,25.095,0,153,0,0
0.0,25.080000000000002,0,154,0,0
0.0,25.080000000000002,0,154,0,0
0.0,25.11,0,155,0,0
0.0,25.080000000000002,0,155,0,0
0.0,25.095,0,156,0,0
0.0,25.095000000000002,0,156,0,0
0.0,25.080000000000002,0,157,0,0
0.0,25.095,0,157,0,0
0.0,25.080000000000002,0,158,0,0
0.0,25.065,0,158,0,0
0.0,25.080000000000002,0,159,0,0
0.0,25.080000000000002,0,159,0,0
0.0,25.08,0,160,0,0
0.0,25.064999999999998,0,160,0,0
0.0,25.08,0,161,0,0
0.0,25.05,0,161,0,0
0.0,25.095,0,162,0,0
0.0,25.080000000000002,0,162,0,0
0.0,25.080000000000002,0,163,0,0
0.0,25.080000000000002,0,163,0,0
0.0,25.080000000000002,0,164,0,0
0.0,25.065,0,164,0,0
0.0,25.095,0,165,0,0
0.0,25.065,0,165,0,0
0.0,25.080000000000002,0,166,0,0
0.0,25.080000000000002,0,166,0,0
0.0,25.080000000000002,0,167,0,0
0.0,25.080000000000002,0,167,0,0
0.0,25.095,0,168,0,0
0.0,25.095,0,168,0,0
0.0,25.080000000000002,0,169,0,0
0.0,25.11,0,169,0,0
0.0,25.11,0,170,0,0
0.0,25.095,0,171,0,0
0.0,25.080000000000002,0,171,0,0
0.0,25.080000000000002,0,172,0,0
0.0,25.095,0,172,0,0
0.0,25.095,0,173,0,0
0.0,25.095000000000002,0,173,0,0
0.0,25.095,0,174,0,0
0.0,25.080000000000002,0,174,0,0
0.0,25.080000000000002,0,175,0,0
0.0,25.080000000000002,0,175,0,0
0.0,25.080000000000002,0,176,0,0
0.0,25.080000000000002,0,176,0,0
0.0,25.095,0,177,0,0
0.0,25.080000000000002,0,177,0,0
0.0,25.080000000000002,0,178,0,0
0.0,25.095000000000002,0,178,0,0
0.0,25.080000000000002,0,179,0,0
0.0,25.080000000000002,0,179,0,0
0.0,25.065,0,180,0,0
0.0,25.080000000000002,0,180,0,0
0.0,25.095,0,181,0,0
0.0,25.080000000000002,0,181,0,0
0.0,25.080000000000002,0,182,0,0
0.0,25.080000000000002,0,182,0,0
0.0,25.095,0,183,0,0
0.0,25.080000000000002,0,183,0,0
0.0,25.080000000000002,0,184,0,0
0.0,25.080000000000002,0,184,0,0
0.0,25.11,0,185,0,0
0.0,25.080000000000002,0,185,0,0
0.0,25.095000000000002,0,186,0,0
0.0,25.080000000000002,0,186,0,0
0.0,25.080000000000002,0,187,0,0
0.0,25.080000000000002,0,187,0,0
0.0,25.080000000000002,0,188,0,0
0.0,25.080000000000002,0,188,0,0
0.0,25.095000000000002,0,189,0,0
0.0,25.080000000000002,0,189,0,0
0.0,25.080000000000002,0,190,0,0
0.0,25.080000000000002,0,190,0,0
0.0,25.080000000000002,0,191,0,0
0.0,25.080000000000002,0,191,0,0
0.0,25.080000000000002,0,192,0,0
0.0,25.080000000000002,0,192,0,0
0.0,25.080000000000002,0,193,0,0
0.0,25.080000000000002,0,193,0,0
0.0,25.080000000000002,0,194,0,0
0.0,25.065,0,195,0,0
0.0,25.080000000000002,0,195,0,0
0.0,25.065,0,196,0,0
0.0,25.065,0,196,0,0
0.0,25.095000000000002,0,197,0,0
0.0,25.095000000000002,0,197,0,0
0.0,25.095000000000002,0,198,0,0
0.0,25.080000000000002,0,198,0,0
0.0,25.080000000000002,0,199,0,0
0.0,25.095000000000002,0,199,0,0
0.0,25.095000000000002,0,200,0,0
0.0,25.095000000000002,0,200,0,0
0.0,25.080000000000002,0,201,0,0
0.0,25.080000000000002,0,201,0,0
0.0,25.095000000000002,0,202,0,0
0.0,25.080000000000002,0,202,0,0
0.0,25.080000000000002,0,203,0,0
0.0,25.095000000000002,0,203,0,0
0.0,25.095000000000002,0,204,0,0
0.0,25.095000000000002,0,204,0,0
0.0,25.095000000000002,0,205,0,0
0.0,25.095000000000002,0,205,0,0
0.0,25.095000000000002,0,206,0,0
0.0,25.095000000000002,0,206,0,0
0.0,25.095000000000002,0,207,0,0
0.0,25.080000000000002,0,207,0,0
0.0,25.095000000000002,0,208,0,0
0.0,25.095000000000002,0,209,0,0
0.0,25.080000000000002,0,209,0,0
0.0,25.080000000000002,0,210,0,0
0.0,25.095000000000002,0,210,0,0
0.0,25.11,0,211,0,0
0.0,25.095000000000002,0,211,0,0
0.0,25.095000000000002,0,212,0,0
0.0,25.080000000000002,0,212,0,0
0.0,25.095000000000002,0,213,0,0
0.0,25.095000000000002,0,213,0,0
0.0,25.095000000000002,0,214,0,0
0.0,25.095000000000002,0,214,0,0
0.0,25.080000000000002,0,215,0,0
0.0,25.095000000000002,0,215,0,0
0.0,25.080000000000002,0,216,0,0
0.0,25.080000000000002,0,216,0,0
0.0,25.080000000000002,0,217,0,0
0.0,25.095000000000002,0,217,0,0
0.0,25.095000000000002,0,218,0,0
0.0,25.095000000000002,0,219,0,0
0.0,25.095000000000002,0,219,0,0
0.0,25.095000000000002,0,220,0,0
0.0,25.095000000000002,0,220,0,0
0.0,25.095000000000002,0,221,0,0
0.0,25.095000000000002,0,221,0,0
0.0,25.095000000000002,0,222,0,0
0.0,25.095000000000002,0,222,0,0
0.0,25.065,0,223,0,0
0.0,25.05,0,223,0,0
0.0,25.080000000000002,0,224,0,0
0.0,25.080000000000002,0,224,0,0
0.0,25.080000000000002,0,225,0,0
0.0,25.080000000000002,0,225,0,0
0.0,25.080000000000002,0,226,0,0
0.0,25.080000000000002,0,226,0,0
0.0,25.065,0,227,0,0
0.0,25.095000000000002,0,227,0,0
0.0,25.065,0,228,0,0
0.0,25.080000000000002,0,228,0,0
0.0,25.095000000000002,0,229,0,0
0.0,25.080000000000002,0,229,0,0
0.0,25.095000000000002,0,230,0,0
0.0,25.095000000000002,0,230,0,0
0.0,25.05,0,231,0,0
0.0,25.095000000000002,0,231,0,0
0.0,25.080000000000002,0,232,0,0
0.0,25.080000000000002,0,232,0,0
0.0,25.080000000000002,0,233,0,0
0.0,25.080000000000002,0,233,0,0
0.0,25.065,0,234,0,0
0.0,25.065,0,234,0,0
0.0,25.095000000000002,0,235,0,0
0.0,25.065,0,235,0,0
0.0,25.080000000000002,0,236,0,0
0.0,25.065,0,236,0,0
0.0,25.05,0,237,0,0
0.0,25.065,0,237,0,0
0.0,25.080000000000002,0,238,0,0
0.0,25.05,0,238,0,0
0.0,25.05,0,239,0,0
0.0,25.05,0,239,0,0
0.0,25.065,0,240,0,0
0.0,25.065,0,240,0,0
0.0,25.065,0,241,0,0
0.0,25.065,0,241,0,0
0.0,25.065,0,242,0,0
0.0,25.080000000000002,0,243,0,0
0.0,25.065,0,243,0,0
0.0,25.065,0,244,0,0
0.0,25.035,0,244,0,0
0.0,25.05,0,245,0,0
0.0,25.080000000000002,0,245,0,0
0.0,25.080000000000002,0,246,0,0
0.0,25.080000000000002,0,246,0,0
0.0,25.065,0,247,0,0
0.0,25.080000000000002,0,247,0,0
0.0,25.080000000000002,0,248,0,0
0.0,25.080000000000002,0,248,0,0
0.0,25.05,0,249,0,0
0.0,25.065,0,249,0,0
0.0,25.065,0,250,0,0
0.0,25.035,0,250,0,0
0.0,25.095000000000002,0,251,0,0
0.0,25.05,0,251,0,0
0.0,25.080000000000002,0,252,0,0
0.0,25.065,0,252,0,0
0.0,25.05,0,253,0,0
0.0,25.05,0,253,0,0
0.0,25.065,0,254,0,0
0.0,25.065,0,254,0,0
0.0,25.065,0,255,0,0
0.0,25.095000000000002,0,255,0,0
0.0,25.05,0,256,0,0
0.0,25.080000000000002,0,256,0,0
0.0,25.080000000000002,0,257,0,0
0.0,25.095000000000002,0,257,0,0
0.0,25.080000000000002,0,258,0,0
0.0,25.05,0,258,0,0
0.0,25.05,0,259,0,0
0.0,25.05,0,259,0,0
0.0,25.065,0,260,0,0
0.0,25.080000000000002,0,260,0,0
0.0,25.065,0,261,0,0
0.0,25.065,0,261,0,0
0.0,25.065,0,262,0,0
0.0,25.080000000000002,0,262,0,0
0.0,25.05,0,263,0,0
0.0,25.080000000000002,0,263,0,0
0.0,25.065,0,264,0,0
0.0,25.05,0,264,0,0
0.0,25.05,0,265,0,0
0.0,25.035,0,266,0,0
0.0,25.065,0,267,0,0
0.0,25.05,0,267,0,0
0.0,25.035,0,268,0,0
0.0,25.035,0,268,0,0
0.0,25.035,0,269,0,0
0.0,25.05,0,269,0,0
0.0,25.065,0,270,0,0
0.0,25.035,0,270,0,0
0.0,25.05,0,271,0,0
0.0,25.05,0,271,0,0
0.0,25.035,0,272,0,0
0.0,25.05,0,272,0,0
0.0,25.05,0,273,0,0
0.0,25.065,0,273,0,0
0.0,25.05,0,274,0,0
0.0,25.05,0,274,0,0
0.0,25.035,0,275,0,0
0.0,25.05,0,275,0,0
0.0,25.035,0,276,0,0
0.0,25.05,0,276,0,0
0.0,25.035,0,277,0,0
0.0,25.035,0,277,0,0
0.0,25.05,0,278,0,0
0.0,25.05,0,278,0,0
0.0,25.035,0,279,0,0
0.0,25.035,0,279,0,0
0.0,25.035,0,280,0,0
0.0,25.05,0,280,0,0
0.0,25.065,0,281,0,0
0.0,25.035,0,281,0,0
0.0,25.065,0,282,0,0
0.0,25.05,0,282,0,0
0.0,25.05,0,283,0,0
0.0,25.035,0,283,0,0
0.0,25.05,0,284,0,0
0.0,25.05,0,284,0,0
0.0,25.05,0,285,0,0
0.0,25.05,0,285,0,0
0.0,25.05,0,286,0,0
0.0,25.035,0,286,0,0
0.0,25.035,0,287,0,0
0.0,25.05,0,287,0,0
0.0,25.035,0,288,0,0
0.0,25.035,0,288,0,0
0.0,25.035,0,289,0,0
0.0,25.035,0,289,0,0
0.0,25.05,0,290,0,0
0.0,25.035,0,291,0,0
0.0,25.065,0,291,0,0
0.0,25.035,0,292,0,0
0.0,25.035,0,292,0,0
0.0,25.035,0,293,0,0
0.0,25.05,0,293,0,0
0.0,25.05,0,294,0,0
0.0,25.035,0,294,0,0
0.0,25.05,0,295,0,0
0.0,25.05,0,295,0,0
0.0,25.05,0,296,0,0
0.0,25.05,0,296,0,0
0.0,25.035,0,297,0,0
0.0,25.035,0,297,0,0
0.0,25.035,0,298,0,0
0.0,25.035,0,298,0,0
0.0,25.05,0,299,0,0
0.0,25.05,0,299,0,0
0.0,25.035,0,300,0,0
0.0,25.035,0,300,0,0
0.0,25.035,0,301,0,0
0.0,25.035,0,301,0,0
0.0,25.035,0,302,0,0
0.0,25.035,0,302,0,0
0.0,25.035,0,303,0,0
0.0,25.05,0,303,0,0
0.0,25.05,0,304,0,0
0.0,25.035,0,304,0,0
0.0,25.02,0,305,0,0
0.0,25.035,0,305,0,0
0.0,25.035,0,306,0,0
0.0,25.035,0,306,0,0
0.0,25.02,0,307,0,0
0.0,25.035,0,307,0,0
0.0,25.035,0,308,0,0
0.0,25.035,0,308,0,0
0.0,25.035,0,309,0,0
0.0,25.035,0,309,0,0
0.0,25.035,0,310,0,0
0.0,25.035,0,310,0,0
0.0,25.05,0,311,0,0
0.0,25.02,0,311,0,0
0.0,25.035,0,312,0,0
0.0,25.035,0,312,0,0
0.0,25.035,0,313,0,0
0.0,25.035,0,313,0,0
0.0,25.035,0,314,0,0
0.0,25.05,0,314,0,0
0.0,25.035,0,315,0,0
0.0,25.035,0,316,0,0
0.0,25.035,0,316,0,0
0.0,25.035,0,317,0,0
0.0,25.035,0,317,0,0
0.0,25.035,0,318,0,0
0.0,25.035,0,318,0,0
0.0,25.0175,0,319,0,0
0.0,25.035,0,319,0,0
0.0,25.035,0,320,0,0
0.0,25.02,0,320,0,0
0.0,25.02,0,321,0,0
0.0,25.035,0,321,0,0
0.0,25.02,0,322,0,0
0.0,25.035,0,322,0,0
0.0,25.02,0,323,0,0
0.0,25.035,0,324,0,0
0.0,25.02,0,324,0,0
0.0,25.02,0,325,0,0
0.0,25.035,0,325,0,0
0.0,25.035,0,326,0,0
0.0,25.02,0,326,0,0
0.0,25.035,0,327,0,0
0.0,25.0175,0,327,0,0
0.0,25.035,0,328,0,0
0.0,25.02,0,328,0,0
0.0,25.02,0,329,0,0
0.0,25.035,0,329,0,0
0.0,25.035,0,330,0,0
0.0,25.02,0,330,0,0
0.0,25.035,0,331,0,0
0.0,25.02,0,331,0,0
0.0,25.002499999999998,0,332,0,0
0.0,25.035,0,332,0,0
0.0,25.035,0,333,0,0
0.0,25.035,0,333,0,0
0.0,25.035,0,334,0,0
0.0,25.02,0,334,0,0
0.0,25.02,0,335,0,0
0.0,25.02,0,335,0,0
0.0,25.02,0,336,0,0
0.0,25.002499999999998,0,336,0,0
0.0,25.002499999999998,0,337,0,0
0.0,25.02,0,337,0,0
0.0,25.02,0,338,0,0
0.0,25.02,0,338,0,0
0.0,25.002499999999998,0,339,0,0
0.0,25.002499999999998,0,340,0,0
0.0,25.035,0,340,0,0
0.0,25.002499999999998,0,341,0,0
0.0,25.035,0,341,0,0
0.0,25.035,0,342,0,0
0.0,25.02,0,342,0,0
0.0,25.02,0,343,0,0
0.0,25.002499999999998,0,343,0,0
0.0,25.0175,0,344,0,0
0.0,25.0175,0,344,0,0
0.0,25.035,0,345,0,0
0.0,25.002499999999998,0,345,0,0
0.0,25.02,0,346,0,0
0.0,25.002499999999998,0,346,0,0
0.0,25.002499999999998,0,347,0,0
0.0,25.002499999999998,0,347,0,0
0.0,24.985,0,348,0,0
0.0,25.002499999999998,0,348,0,0
0.0,25.002499999999998,0,349,0,0
0.0,25.002499999999998,0,349,0,0
0.0,25.002499999999998,0,350,0,0
0.0,25.002499999999998,0,350,0,0
0.0,25.0175,0,351,0,0
0.0,25.002499999999998,0,351,0,0
0.0,25.002499999999998,0,352,0,0
0.0,25.002499999999998,0,352,0,0
0.0,25.0175,0,353,0,0
0.0,25.002499999999998,0,353,0,0
0.0,24.985,0,354,0,0
0.0,25.002499999999998,0,354,0,0
0.0,25.002499999999998,0,355,0,0
0.0,25.0175,0,355,0,0
0.0,24.985,0,356,0,0
0.0,25.002499999999998,0,356,0,0
0.0,25.0175,0,357,0,0
0.0,25.002499999999998,0,357,0,0
0.0,24.985,0,358,0,0
0.0,25.002499999999998,0,358,0,0
0.0,25.02,0,359,0,0
0.0,24.985,0,359,0,0
0.0,24.985,0,360,0,0
0.0,24.985,0,360,0,0
0.0,24.985,0,361,0,0
0.0,25.002499999999998,0,361,0,0
0.0,25.002499999999998,0,362,0,0
0.0,25.002499999999998,0,362,0,0
0.0,25.002499999999998,0,363,0,0
0.0,24.985,0,364,0,0
0.0,25.002499999999998,0,364,0,0
0.0,25.002499999999998,0,365,0,0
0.0,25.002499999999998,0,365,0,0
0.0,25.002499999999998,0,366,0,0
0.0,25.002499999999998,0,366,0,0
0.0,24.985,0,367,0,0
0.0,25.002499999999998,0,367,0,0
0.0,25.002499999999998,0,368,0,0
0.0,24.985,0,368,0,0
0.0,25.002499999999998,0,369,0,0
0.0,25.002499999999998,0,369,0,0
0.0,25.002499999999998,0,370,0,0
0.0,25.002499999999998,0,370,0,0
0.0,25.002499999999998,0,371,0,0
0.0,25.002499999999998,0,371,0,0
0.0,24.985,0,372,0,0
0.0,25.002499999999998,0,372,0,0
0.0,25.002499999999998,0,373,0,0
0.0,25.02,0,373,0,0
0.0,24.985,0,374,0,0
0.0,24.985,0,374,0,0
0.0,24.985,0,375,0,0
0.0,24.985,0,375,0,0
0.0,24.985,0,376,0,0
0.0,24.985,0,376,0,0
0.0,24.985,0,377,0,0
0.0,24.985,0,377,0,0
0.0,24.985,0,378,0,0
0.0,24.985,0,378,0,0
0.0,24.985,0,379,0,0
0.0,24.985,0,379,0,0
0.0,24.985,0,380,0,0
0.0,24.985,0,381,0,0
0.0,25.002499999999998,0,381,0,0
0.0,24.985,0,382,0,0
0.0,24.985,0,382,0,0
0.0,25.002499999999998,0,383,0,0
0.0,24.985,0,383,0,0
0.0,25.002499999999998,0,384,0,0
0.0,25.002499999999998,0,384,0,0
0.0,25.002499999999998,0,385,0,0
0.0,24.985,0,385,0,0
0.0,25.002499999999998,0,386,0,0
0.0,24.985,0,386,0,0
0.0,25.002499999999998,0,387,0,0
0.0,25.002499999999998,0,388,0,0
0.0,24.97,0,388,0,0
0.0,25.002499999999998,0,389,0,0
0.0,24.967499999999998,0,389,0,0
0.0,24.985,0,390,0,0
0.0,24.985,0,390,0,0
0.0,25.002499999999998,0,391,0,0
0.0,24.985,0,391,0,0
0.0,24.967499999999998,0,392,0,0
0.0,24.985,0,392,0,0
0.0,24.985,0,393,0,0
0.0,24.985,0,393,0,0
0.0,24.967499999999998,0,394,0,0
0.0,24.9525,0,394,0,0
0.0,25.002499999999998,0,395,0,0
0.0,24.967499999999998,0,395,0,0
0.0,24.967499999999998,0,396,0,0
0.0,24.985,0,396,0,0
0.0,24.985,0,397,0,0
0.0,24.97,0,397,0,0
0.0,24.967499999999998,0,398,0,0
0.0,24.967499999999998,0,398,0,0
0.0,24.985,0,399,0,0
0.0,24.967499999999998,0,399,0,0
0.0,24.967499999999998,0,400,0,0
0.0,24.967499999999998,0,400,0,0
0.0,24.985,0,401,0,0
0.0,24.97,0,401,0,0
0.0,24.967499999999998,0,402,0,0
0.0,24.985,0,402,0,0
0.0,24.967499999999998,0,403,0,0
0.0,24.967499999999998,0,403,0,0
0.0,24.985,0,404,0,0
0.0,25.002499999999998,0,404,0,0
0.0,24.985,0,405,0,0
0.0,24.967499999999998,0,405,0,0
0.0,24.985,0,406,0,0
0.0,24.985,0,406,0,0
0.0,24.967499999999998,0,407,0,0
0.0,24.97,0,407,0,0
0.0,24.967499999999998,0,408,0,0
0.0,24.985,0,408,0,0
0.0,24.967499999999998,0,409,0,0
0.0,24.967499999999998,0,409,0,0
0.0,24.9525,0,410,0,0
0.0,24.967499999999998,0,410,0,0
0.0,24.97,0,411,0,0
0.0,24.985,0,412,0,0
0.0,24.967499999999998,0,412,0,0
0.0,24.97,0,413,0,0
0.0,24.967499999999998,0,413,0,0
0.0,24.967499999999998,0,414,0,0
0.0,24.967499999999998,0,414,0,0
0.0,24.985,0,415,0,0
0.25,24.967499999999998,0,415,0,0
0.25,24.967499999999998,0,416,0,0
0.25,24.982499999999998,0,416,0,0
0.5,24.985,0,417,0,0
0.5,24.9525,0,417,0,0
0.5,24.967499999999998,0,418,0,0
0.5,24.967499999999998,0,418,0,0
0.5,24.9525,0,419,0,0
0.5,24.967499999999998,0,419,0,0
0.75,24.967499999999998,0,420,0,0
0.75,24.967499999999998,0,420,0,0
0.75,24.985,0,421,0,0
0.75,24.9375,0,421,0,0
0.75,24.967499999999998,0,422,0,0
0.75,24.967499999999998,0,422,0,0
0.75,24.967499999999998,0,423,0,0
1.0,24.967499999999998,0,423,0,0
1.25,24.967499999999998,0,424,0,0
1.25,24.967499999999998,0,424,0,0
1.25,24.967499999999998,0,425,0,0
1.25,24.985,0,425,0,0
1.25,24.967499999999998,0,426,0,0
1.25,24.967499999999998,0,426,0,0
1.25,24.967499999999998,0,427,0,0
1.5,24.967499999999998,0,427,0,0
1.5,24.967499999999998,0,428,0,0
1.5,24.952499999999997,0,428,0,0
1.5,24.952499999999997,0,429,0,0
1.5,24.952499999999997,0,429,0,0
1.75,24.952499999999997,0,430,0,0
1.75,24.9525,0,430,0,0
2.0,24.9525,0,431,0,0
2.0,24.967499999999998,0,431,0,0
2.0,24.9525,0,432,0,0
2.0,24.967499999999998,0,432,0,0
2.0,24.967499999999998,0,433,0,0
2.0,24.967499999999998,0,433,0,0
2.0,24.952499999999997,0,434,0,0
2.0,24.952499999999997,0,434,0,0
2.25,24.9375,0,435,0,0
2.25,24.967499999999998,0,436,0,0
2.25,24.967499999999998,0,436,0,0
2.25,24.9525,0,437,0,0
2.5,24.967499999999998,0,437,0,0
2.5,24.952499999999997,0,438,0,0
2.5,24.9525,0,439,0,0
2.5,24.967499999999998,0,439,0,0
3.0,24.967499999999998,0,440,0,0
3.5,24.967499999999998,0,440,0,0
3.5,24.967499999999998,0,441,0,0
3.5,24.967499999999998,0,441,0,0
3.5,24.967499999999998,0,442,0,0
3.5,24.952499999999997,0,442,0,0
3.75,24.967499999999998,0,443,0,0
3.75,24.952499999999997,0,443,0,0
3.75,24.9375,0,444,0,0
3.75,24.952499999999997,0,444,0,0
3.75,24.952499999999997,0,445,0,0
3.75,24.952499999999997,0,445,0,0
4.0,24.952499999999997,0,446,0,0
4.0,24.967499999999998,0,446,0,0
4.0,24.9375,0,447,0,0
4.0,24.9375,0,447,0,0
4.0,24.9375,0,448,0,0
4.0,24.952499999999997,0,448,0,0
4.0,24.952499999999997,0,449,0,0
4.25,24.952499999999997,0,449,0,0
4.25,24.952499999999997,0,450,0,0
4.25,24.952499999999997,0,450,0,0
4.5,24.97,0,451,0,0
4.5,24.9375,0,451,0,0
4.5,24.952499999999997,0,452,0,0
4.5,24.9525,0,452,0,0
4.5,24.952499999999997,0,453,0,0
4.75,24.967499999999998,0,453,0,0
5.0,24.9525,0,454,0,0
5.25,24.9525,0,454,0,0
5.5,24.952499999999997,0,455,0,0
5.5,24.952499999999997,0,455,0,0
5.5,24.967499999999998,0,456,0,0
5.5,24.952499999999997,0,456,0,0
5.75,24.967499999999998,0,457,0,0
5.75,24.967499999999998,0,457,0,0
5.75,24.9525,0,458,0,0
5.75,24.9375,0,458,0,0
5.75,24.9375,0,459,0,0
6.25,24.9375,0,460,0,0
6.25,24.952499999999997,0,460,0,0
6.25,24.9375,0,461,0,0
6.25,24.967499999999998,0,461,0,0
6.25,24.967499999999998,0,462,0,0
6.5,24.952499999999997,0,462,0,0
6.5,24.97,0,463,0,0
6.5,24.985,0,463,0,0
6.75,24.97,0,464,0,0
7.0,24.9375,0,464,0,0
7.0,24.985,0,465,0,0
7.0,24.9525,0,465,0,0
7.25,24.9375,0,466,0,0
7.5,24.955,0,466,0,0
7.75,24.952499999999997,0,467,0,0
7.75,24.952499999999997,0,467,0,0
7.75,24.952499999999997,0,468,0,0
7.75,24.952499999999997,0,468,0,0
8.25,24.952499999999997,0,469,0,0
8.25,24.935,0,469,0,0
8.5,24.92,0,470,0,0
8.75,24.935,0,470,0,0
9.0,24.935,0,471,0,0
9.25,24.935,0,471,0,0
9.75,24.952499999999997,0,472,0,0
10.0,24.935,0,472,0,0
10.25,24.952499999999997,0,473,0,0
10.25,24.935,0,473,0,0
10.25,24.935,0,474,0,0
10.5,24.952499999999997,0,474,0,0
10.5,24.952499999999997,0,475,0,0
10.5,24.952499999999997,0,475,0,0
10.5,24.952499999999997,0,476,0,0
10.5,24.952499999999997,0,476,0,0
11.25,24.9375,0,477,0,0
11.25,24.935,0,477,0,0
11.25,24.952499999999997,0,478,0,0
11.25,24.952499999999997,0,478,0,0
11.5,24.952499999999997,0,479,0,0
11.75,24.952499999999997,0,479,0,0
11.75,24.952499999999997,0,480,0,0
11.75,24.935,0,480,0,0
12.25,24.935,0,481,0,0
12.25,24.952499999999997,0,481,0,0
12.25,24.952499999999997,0,482,0,0
12.25,24.952499999999997,0,482,0,0
12.5,24.952499999999997,0,483,0,0
12.5,24.952499999999997,0,483,0,0
12.75,24.97,0,484,0,0
12.75,24.97,0,485,0,0
12.75,24.97,0,485,0,0
12.75,24.9375,0,486,0,0
13.0,24.952499999999997,0,486,0,0
13.0,24.97,0,487,0,0
13.25,24.9375,0,487,0,0
13.25,24.9375,0,488,0,0
13.5,24.952499999999997,0,488,0,0
13.5,24.97,0,489,0,0
13.5,24.97,0,489,0,0
13.75,24.952499999999997,0,490,0,0
14.0,24.97,0,490,0,0
14.0,24.97,0,491,0,0
14.0,24.97,0,491,0,0
14.25,24.97,0,492,0,0
14.25,24.97,0,492,0,0
14.25,24.987499999999997,0,493,0,0
14.25,24.972499999999997,0,493,0,0
14.5,24.97,0,494,0,0
15.0,24.9375,0,494,0,0
15.0,24.97,0,495,0,0
15.0,24.987499999999997,0,496,0,0
15.0,24.987499999999997,0,496,0,0
15.0,24.987499999999997,0,497,0,0
15.0,24.987499999999997,0,497,0,0
15.0,24.985,0,498,0,0
15.0,24.985,0,498,0,0
15.0,24.987499999999997,0,499,0,0
15.0,24.987499999999997,0,499,0,0
15.0,24.97,0,500,0,0
15.25,24.987499999999997,0,500,0,0
15.25,24.987499999999997,0,501,0,0
15.5,24.987499999999997,0,501,0,0
15.5,24.987499999999997,0,502,0,0
15.5,24.987499999999997,0,502,0,0
15.5,25.002499999999998,0,503,0,0
15.5,25.002499999999998,0,503,0,0
15.5,25.002499999999998,0,504,0,0
15.5,24.987499999999997,0,504,0,0
15.5,25.002499999999998,0,505,0,0
16.0,25.002499999999998,0,505,0,0
15.75,25.002499999999998,0,506,0,0
15.75,25.002499999999998,0,506,0,0
15.75,25.002499999999998,0,507,0,0
16.0,25.002499999999998,0,507,0,0
16.0,25.002499999999998,0,508,0,0
16.0,25.002499999999998,0,509,0,0
16.0,25.002499999999998,0,509,0,0
16.0,24.987499999999997,0,510,0,0
16.0,24.987499999999997,0,510,0,0
16.0,24.987499999999997,0,511,0,0
16.0,24.987499999999997,0,511,0,0
16.0,24.97,0,512,0,0
16.0,25.002499999999998,0,512,0,0
16.25,25.002499999999998,0,513,0,0
16.5,24.987499999999997,0,513,0,0
16.25,24.987499999999997,0,514,0,0
16.5,25.002499999999998,0,514,0,0
16.5,24.987499999999997,0,515,0,0
16.5,25.0175,0,515,0,0
16.5,24.987499999999997,0,516,0,0
16.5,24.987499999999997,0,516,0,0
16.5,25.002499999999998,0,517,0,0
16.75,25.0175,0,517,0,0
16.5,25.0,0,518,0,0
16.5,25.0175,0,518,0,0
16.5,25.002499999999998,0,519,0,0
16.5,25.002499999999998,0,519,0,0
15.75,25.0325,0,520,0,0
15.75,25.0175,0,520,0,0
16.0,24.985,0,521,0,0
16.5,24.985,0,521,0,0
16.5,25.0175,0,522,0,0
16.25,25.035,0,522,0,0
16.5,24.985,0,523,0,0
16.5,24.985,0,523,0,0
16.5,25.002499999999998,0,524,0,0
16.75,25.002499999999998,0,524,0,0
17.0,25.02,0,525,0,0
17.0,24.987499999999997,0,525,0,0
17.0,25.035,0,526,0,0
16.75,25.002499999999998,0,526,0,0
16.75,25.0,0,527,0,0
16.75,25.0175,0,527,0,0
16.75,25.035,0,528,0,0
16.75,24.985,0,528,0,0
17.0,25.035,0,529,0,0
16.75,25.02,0,529,0,0
17.0,25.0325,0,530,0,0
17.0,25.0175,0,530,0,0
17.0,25.0175,0,531,0,0
16.75,25.02,0,531,0,0
16.75,25.002499999999998,0,532,0,0
16.75,25.0325,0,533,0,0
16.75,25.035,0,534,0,0
17.0,25.0175,0,534,0,0
17.25,25.0,0,535,0,0
17.0,25.0175,0,535,0,0
16.75,25.0325,0,536,0,0
16.75,25.0325,0,536,0,0
17.0,25.015,0,537,0,0
17.0,25.0325,0,537,0,0
17.0,25.0475,0,538,0,0
17.25,25.015,0,538,0,0
17.25,25.0325,0,539,0,0
17.25,25.0325,0,539,0,0
17.25,25.0325,0,540,0,0
