Light_Intensity,Temperature,Humidity,Minute_Of_Day,LED_On
0.0,27.3,56.1,400,1
18.2,30.5,77.8,1148,1
326.8,31.5,88.4,847,0
370.5,25.7,71.8,643,0
109.4,26.9,80.6,477,1
18.0,32.9,46.1,1239,1
0.0,27.4,92.1,362,1
48.9,33.6,70.4,1092,1
57.9,32.6,62.2,1338,1
72.5,23.7,89.6,633,1
374.2,23.7,87.4,631,0
0.0,28.9,53.1,1428,1
19.1,31.9,70.4,1215,1
0.0,29.2,71.3,215,0
115.6,25.3,70.9,437,0
0.0,29.3,71.7,1393,1
0.0,29.9,56.1,149,0
0.0,29.5,72.7,1261,1
0.0,32.7,58.0,1212,1
0.0,31.8,61.9,86,0
0.0,28.5,52.3,1438,1
149.9,25.5,91.1,712,0
13.5,23.8,82.4,351,1
56.5,32.3,79.0,76,0
0.0,36.5,66.7,1230,1
8.0,31.1,58.8,14,0
409.5,26.9,92.8,716,0
0.0,34.6,68.4,1279,1
318.7,26.7,79.5,664,0
142.7,28.4,74.8,966,1
46.5,23.2,82.3,557,1
329.0,28.1,91.8,955,1
364.8,24.5,75.2,850,0
369.1,30.0,94.2,871,0
29.4,29.0,73.6,1129,1
369.1,26.8,94.4,686,0
72.8,30.0,64.7,1345,1
11.6,31.4,79.1,1176,1
0.0,29.1,59.7,164,0
38.4,29.1,73.4,267,0
20.0,33.2,80.2,1129,1
40.1,24.3,60.1,361,0
43.4,31.9,83.1,1219,1
189.4,22.0,68.4,483,0
5.6,25.8,83.7,372,1
14.1,30.7,73.6,1043,1
0.0,25.1,74.1,227,0
411.5,28.5,88.1,817,0
70.1,33.7,74.8,1077,1
140.5,23.6,72.9,519,1
0.0,30.9,68.0,1247,1
2.3,27.9,61.5,104,0
7.5,32.7,75.4,1194,1
407.8,25.6,84.3,868,0
0.0,24.7,68.6,417,1
149.4,24.4,74.8,695,1
60.9,25.1,74.3,421,1
335.9,29.2,83.0,880,0
0.0,25.8,60.3,137,0
368.8,28.3,87.7,828,0
87.0,30.9,78.2,967,1
0.0,26.6,75.8,237,0
61.9,30.0,80.6,1034,1
114.3,23.3,82.4,460,1
0.0,26.6,63.4,196,0
0.0,27.2,75.6,82,0
0.0,23.8,74.5,301,0
29.7,32.3,78.5,1265,1
263.3,23.0,89.1,568,0
13.8,28.7,66.3,206,0
20.9,31.6,63.1,1296,1
119.7,29.9,78.4,1068,1
138.1,25.8,82.4,693,1
0.0,28.2,59.7,77,1
243.5,22.6,73.6,581,0
90.7,26.3,83.3,189,0
168.2,22.9,73.8,817,1
338.1,25.1,66.7,958,0
113.6,26.2,86.7,883,1
78.9,22.0,71.8,436,1
372.1,28.3,82.3,838,0
2.0,34.0,55.4,1332,1
32.8,24.8,80.8,471,1
0.0,28.2,72.3,1259,1
87.2,26.2,89.7,947,1
398.8,26.7,89.4,761,0
85.9,30.5,75.3,1046,1
142.4,24.3,70.8,892,1
0.0,30.3,63.6,1201,1
24.9,28.7,58.5,1413,1
386.2,28.9,76.2,750,0
129.1,25.4,90.4,502,1
137.0,27.4,94.8,846,1
156.9,26.5,80.9,757,0
48.3,30.3,71.5,32,0
0.0,24.7,77.1,371,0
187.8,27.7,75.3,524,0
0.0,33.6,66.1,1391,1
9.4,33.0,49.3,18,0
364.3,25.8,72.1,668,0
64.7,23.5,81.0,429,1
5.0,28.3,72.9,1396,1
163.7,22.5,90.9,649,0
21.8,33.5,66.6,1119,1
184.6,27.5,87.1,998,0
81.4,23.8,82.9,460,1
0.0,25.2,70.0,129,0
2.5,27.8,65.2,131,0
12.1,27.9,60.8,14,0
18.9,27.3,75.9,270,0
112.2,23.6,88.5,554,1
0.0,22.9,73.3,387,1
182.4,22.1,83.4,483,0
15.6,24.8,78.7,395,1
60.5,24.1,79.2,534,1
120.3,23.0,72.0,420,1
172.3,24.5,85.2,717,0
48.6,28.0,72.3,103,0
0.0,25.6,58.1,56,0
103.4,29.0,91.3,933,0
0.0,28.4,60.5,1366,1
0.0,29.7,80.9,1336,0
0.0,31.5,71.7,1418,1
19.0,25.5,66.5,277,0
55.2,31.1,55.5,163,0
403.8,23.6,80.3,710,0
133.3,23.3,75.1,452,1
0.0,32.2,65.3,1319,0
0.0,27.9,61.0,140,0
0.0,32.1,65.3,25,0
0.0,29.3,65.6,165,0
0.0,28.8,63.7,275,1
145.1,24.8,92.1,844,1
350.8,28.5,93.6,812,0
29.3,26.0,66.5,120,0
0.0,30.9,72.6,52,0
0.3,25.5,75.1,245,0
7.0,30.1,61.5,1356,1
140.5,29.3,88.1,781,1
38.0,22.0,68.0,416,1
31.8,27.6,72.5,532,1
177.1,29.3,88.5,898,0
336.0,28.3,87.8,898,0
310.5,23.8,85.7,544,0
166.0,25.3,86.1,745,1
25.5,32.4,61.3,1120,1
0.0,22.0,63.0,410,1
87.2,23.9,83.0,1012,1
35.2,32.0,78.3,1186,0
3.3,25.5,62.2,192,0
43.6,24.2,83.6,251,0
13.9,28.3,61.2,1324,1
0.0,26.9,84.5,361,1
389.4,29.6,71.7,778,0
165.2,27.9,77.0,843,0
309.2,24.2,86.4,658,0
29.2,27.8,65.4,206,0
389.0,26.7,91.6,769,0
0.0,23.5,77.1,412,1
6.2,33.9,86.5,1089,1
0.0,34.1,63.9,1272,1
0.0,30.5,56.6,103,0
264.1,27.7,80.3,541,0
403.4,27.5,81.7,745,0
0.0,30.7,64.6,1214,1
16.4,25.3,65.5,345,0
416.7,27.1,73.2,716,0
402.6,23.1,95.0,669,0
56.5,31.3,60.5,1161,1
200.1,22.0,83.0,639,1
0.0,35.5,67.4,1344,1
0.0,25.4,77.9,374,1
0.0,31.2,64.6,12,0
9.9,27.0,53.5,7,0
68.6,34.1,66.1,1160,1
388.8,26.6,84.6,740,0
208.3,22.0,79.9,501,0
0.0,28.9,56.8,165,0
0.0,22.6,80.0,392,1
0.0,25.3,65.2,344,0
59.6,25.6,91.0,446,1
120.8,24.4,64.6,519,1
37.7,22.3,74.3,289,0
0.0,30.5,66.1,21,0
31.9,33.2,73.6,1109,1
73.9,23.7,87.0,548,1
149.3,26.2,78.8,704,0
7.0,31.9,62.8,1414,1
384.4,24.0,74.9,857,0
11.2,34.4,78.6,1301,1
16.6,29.7,61.0,1384,1
185.9,22.6,75.4,506,0
15.8,30.5,82.9,1196,1
117.9,32.5,66.3,965,1
151.5,32.9,93.2,991,0
37.0,32.8,71.6,1147,1
380.1,24.2,92.8,715,0
0.0,30.4,79.1,398,0
0.0,29.0,49.7,80,0
44.3,26.7,71.7,137,0
65.5,32.0,71.4,973,1
11.2,25.8,68.0,254,0
31.6,34.2,93.6,1001,1
0.0,29.1,60.8,1405,1
167.7,29.6,89.0,1012,0
110.4,33.1,72.3,1003,1
7.4,30.0,77.1,91,0
35.3,28.4,64.4,98,0
40.8,30.0,71.5,1287,1
0.0,29.2,65.6,1379,1
50.4,23.4,70.2,278,0
0.0,31.9,54.2,42,0
33.1,31.6,60.9,31,0
28.8,32.5,69.2,1092,1
3.2,26.8,54.9,74,0
10.6,31.4,70.6,1217,1
396.0,25.8,95.9,698,0
4.1,27.7,65.3,305,0
0.0,32.2,79.7,1374,1
0.0,27.2,66.8,190,0
0.0,29.6,62.7,1351,1
175.1,26.3,81.5,639,0
0.0,30.3,83.3,1399,0
185.1,27.2,83.0,992,0
0.0,23.4,75.4,339,0
0.0,32.2,70.2,1387,1
10.5,27.4,59.5,290,0
0.0,26.5,81.2,1174,0
33.8,28.9,58.7,64,0
29.8,22.6,64.8,334,0
24.0,32.7,64.2,1306,1
340.2,25.7,81.7,613,0
260.7,26.9,82.1,920,0
273.1,29.1,79.6,946,0
3.5,31.7,60.6,23,0
100.0,26.0,74.7,496,1
0.0,23.5,72.7,317,0
293.7,31.2,68.0,933,0
0.0,28.5,66.5,131,0
16.2,30.9,82.6,1155,1
0.0,26.8,70.4,183,1
8.0,33.1,80.9,1104,1
0.0,29.6,77.4,153,1
14.6,33.3,80.0,1107,1
20.1,30.5,67.8,1185,1
15.9,25.0,71.0,370,1
0.0,31.4,73.3,1152,1
58.7,24.4,70.1,510,1
0.0,29.0,85.2,59,1
51.3,27.3,77.6,444,1
19.7,24.5,87.0,398,1
20.5,30.6,76.3,1029,1
80.9,25.0,78.2,443,1
42.4,32.2,64.6,0,0
142.7,24.6,93.9,652,0
114.7,30.2,97.5,1044,1
0.0,33.2,54.6,1347,1
97.3,27.6,80.1,575,1
0.0,30.8,69.7,137,0
0.0,22.6,61.0,365,1
298.3,30.6,77.0,901,0
305.5,28.9,85.5,902,0
31.1,34.4,68.5,1185,0
87.3,33.7,80.2,967,1
17.6,24.3,69.3,90,1
0.0,30.0,60.8,47,0
244.2,28.1,74.4,918,0
380.1,23.7,76.8,709,0
22.5,24.2,52.1,245,0
0.0,25.1,74.3,253,0
0.0,30.9,65.0,1322,1
59.2,23.3,89.7,527,1
172.0,22.0,85.2,480,0
0.0,28.3,67.0,163,0
66.7,33.6,77.9,1109,1
319.8,27.9,68.2,945,0
53.9,25.8,84.9,918,1
0.0,28.2,64.7,173,0
0.0,34.0,66.7,1158,1
0.0,31.1,61.9,1388,1
72.9,30.4,73.2,1266,1
0.0,28.7,60.8,1425,1
18.8,31.4,63.1,36,0
0.0,30.4,69.9,1429,1
0.0,30.8,70.4,1180,1
170.0,23.3,85.1,652,0
219.6,30.4,79.2,966,0
101.7,24.4,86.4,428,1
77.0,27.1,69.3,183,0
11.8,23.2,59.3,324,0
27.7,22.1,84.0,468,1
65.5,30.6,67.2,1151,1
21.8,28.6,62.2,125,0
331.7,30.1,80.4,917,0
7.6,30.9,84.0,159,0
13.1,29.2,81.8,1040,1
339.6,28.4,98.0,794,0
73.9,27.4,78.1,1022,1
0.0,29.7,71.2,61,0
12.9,28.8,82.3,1315,1
41.5,25.5,72.9,174,0
118.5,30.5,85.4,940,1
174.2,24.3,69.0,519,0
4.6,26.3,59.8,238,0
7.6,27.2,67.4,3,1
0.0,27.7,76.0,211,0
0.0,30.2,63.9,1,0
375.7,28.4,90.1,825,0
3.7,28.5,63.2,1228,1
69.8,30.3,77.0,901,1
0.0,30.8,76.3,1173,1
0.0,31.4,65.8,1406,1
0.0,24.0,74.5,479,1
3.8,22.8,70.7,413,1
7.7,27.2,54.3,158,0
183.7,28.2,79.8,1003,0
0.0,28.9,53.3,37,0
125.3,27.2,79.6,917,1
402.8,26.0,83.3,695,0
3.0,29.7,86.4,1098,1
8.0,33.0,59.5,1286,1
18.8,38.0,70.2,1364,1
0.3,31.3,69.3,1279,1
358.8,23.8,76.2,800,0
1.0,29.4,72.9,322,0
0.0,25.9,61.8,329,0
157.9,25.7,85.5,744,0
26.5,30.7,73.3,1110,1
0.0,29.8,75.0,1286,1
108.9,23.5,71.9,453,1
0.0,27.5,47.6,67,0
0.0,30.5,65.4,1218,1
55.1,31.2,70.0,40,0
360.1,29.9,84.8,865,0
7.9,29.5,60.4,27,0
0.0,27.0,79.7,243,1
275.8,33.2,79.8,930,0
0.0,29.8,81.3,1095,1
4.9,23.7,68.1,230,0
0.0,29.7,71.7,129,0
216.7,28.5,86.2,997,0
204.8,28.9,90.7,1007,1
118.1,25.4,78.4,669,1
397.8,29.4,89.2,824,1
66.0,32.3,60.2,1208,1
0.0,22.0,76.9,338,0
27.2,28.7,52.8,155,0
136.9,24.5,95.4,530,1
16.9,24.3,72.7,297,0
0.0,27.4,67.1,1415,1
191.9,29.2,66.8,978,0
172.4,22.4,92.8,839,0
0.0,28.4,80.0,1218,1
0.0,25.3,64.5,131,0
54.1,27.5,61.5,12,0
0.0,33.6,69.4,1164,1
0.0,31.7,83.8,1235,1
4.0,32.2,65.6,1344,1
4.8,30.4,66.3,27,0
15.7,24.9,73.9,161,0
45.4,29.7,58.1,1072,1
317.3,23.7,81.4,578,0
18.1,31.6,65.7,1289,1
0.0,29.0,67.6,124,0
0.0,26.0,84.0,436,1
390.9,27.7,92.5,797,0
47.7,34.4,63.5,1422,1
66.0,31.7,76.4,1066,1
314.9,26.9,83.9,860,0
12.9,34.4,74.0,1281,1
14.6,29.0,75.5,1358,1
40.6,30.1,54.1,109,0
162.4,23.8,85.1,597,0
15.7,27.3,63.7,116,0
52.2,30.4,96.4,965,1
76.6,23.6,68.8,469,0
0.0,26.3,55.7,15,0
230.9,24.4,75.3,481,0
331.4,22.5,88.4,650,0
32.6,32.1,72.8,1260,1
67.4,28.8,77.7,956,0
8.6,25.4,83.1,389,1
90.6,22.0,78.6,597,1
22.7,29.5,73.2,1362,1
0.0,28.2,55.2,171,1
127.5,36.6,69.9,1056,1
0.0,31.1,62.0,1427,1
159.2,25.1,84.5,742,0
24.2,26.3,68.3,360,1
1.3,25.8,61.1,198,0
161.7,26.9,88.6,765,1
26.4,32.0,79.0,1142,1
5.8,32.1,58.8,1,0
56.0,25.5,66.9,475,1
369.2,26.0,85.4,816,1
55.4,26.0,85.8,916,1
147.0,24.8,76.3,807,1
168.7,25.8,98.0,677,0
3.7,31.4,68.0,1112,1
45.7,31.5,64.2,1334,1
384.9,28.5,81.7,861,0
8.7,27.4,58.8,100,0
0.0,28.8,79.9,86,0
23.1,31.4,58.9,1374,1
0.0,29.0,81.8,1296,1
26.4,30.2,72.6,1111,1
12.6,32.6,65.5,1319,1
22.4,33.3,62.7,1304,1
95.1,28.4,85.5,978,1
74.0,32.9,88.3,1167,1
128.8,22.9,77.6,567,1
0.0,23.4,70.0,355,0
378.5,31.8,95.4,849,0
0.0,31.0,59.0,1279,1
178.9,22.0,77.4,624,0
54.2,25.1,81.0,260,0
24.7,29.5,68.4,13,0
65.2,26.0,70.7,441,1
0.0,31.3,75.0,1252,0
426.6,25.9,72.3,685,0
446.3,27.3,93.3,703,0
4.0,24.8,54.3,250,0
0.0,25.1,66.8,414,1
0.0,26.8,70.9,186,0
0.0,25.6,62.3,316,0
167.0,26.2,85.1,737,0
23.8,32.2,76.9,1146,1
93.9,27.4,77.8,895,1
26.7,28.1,65.4,139,0
43.5,30.9,73.0,1357,1
122.4,28.8,81.2,430,1
51.2,33.1,84.6,1183,1
293.5,29.0,75.4,957,0
411.0,25.3,77.0,735,0
113.9,32.8,88.1,1070,1
323.6,22.5,85.1,594,0
16.1,28.9,73.0,1106,1
184.1,27.3,75.3,1010,0
17.1,33.4,71.9,1390,0
13.0,34.0,71.9,1095,1
0.0,31.8,72.6,1342,1
33.7,24.9,80.1,299,1
10.7,30.9,70.8,1258,1
22.6,35.5,55.5,1331,1
215.3,23.8,84.5,538,0
364.6,25.9,93.5,699,0
0.0,31.1,79.6,1202,1
0.0,30.2,66.3,1,0
0.1,30.8,51.3,59,0
394.2,31.6,80.0,877,1
0.0,28.9,61.4,107,0
18.0,32.9,74.8,1311,1
309.0,28.3,85.4,923,0
92.8,24.5,84.8,448,1
387.6,26.7,79.6,766,0
36.8,31.6,71.7,1245,1
20.9,30.5,46.6,33,0
96.2,27.6,78.8,919,1
0.0,25.5,63.1,377,1
2.9,26.1,83.9,253,0
16.3,30.8,71.7,1277,1
44.2,31.2,69.7,1321,1
17.4,30.6,56.5,120,0
125.0,25.0,83.6,679,1
89.5,29.9,87.4,933,1
9.3,32.3,68.0,1120,1
7.9,27.2,66.3,280,0
0.0,29.7,76.8,1307,1
418.0,24.9,76.1,790,0
0.0,24.5,66.5,266,0
356.5,29.2,77.1,862,0
33.6,30.5,82.7,997,1
412.8,27.4,90.9,823,0
0.0,31.6,85.3,1142,1
25.0,23.4,73.2,251,0
142.8,24.0,94.6,689,1
322.6,29.5,85.0,930,1
226.9,28.7,71.1,922,0
27.3,32.4,70.3,1200,1
0.0,22.0,75.4,400,1
12.3,26.9,76.5,199,0
22.2,25.8,64.2,53,0
0.0,23.4,67.0,245,0
30.0,29.5,59.5,1330,1
294.7,22.0,80.0,574,1
5.0,30.3,67.2,1263,1
13.4,26.6,74.8,268,0
6.8,29.3,61.4,238,0
27.3,28.0,84.1,69,0
0.0,30.6,65.2,1190,1
138.2,23.9,71.8,568,1
17.2,30.9,79.1,1117,1
0.0,28.0,54.8,0,0
64.3,31.9,65.5,1419,1
16.2,25.4,64.5,247,0
165.9,24.7,90.2,776,0
21.0,25.8,69.2,217,0
110.0,33.7,91.2,916,1
37.0,32.4,68.7,1398,1
282.2,28.4,82.5,932,0
28.0,26.6,68.0,1334,1
0.0,25.6,57.6,104,0
26.1,30.2,74.4,990,1
14.7,31.3,74.2,1160,1
0.0,28.5,70.1,1382,1
380.6,24.9,82.1,661,0
33.3,29.3,75.9,1054,1
51.9,26.7,63.2,160,0
8.0,29.7,68.0,58,1
43.9,28.0,65.0,15,1
0.0,28.7,80.0,1135,1
349.4,22.0,78.7,644,0
15.5,25.2,69.6,290,0
158.6,22.0,96.7,718,0
15.1,32.4,82.6,169,0
0.0,31.9,63.1,20,0
19.0,31.4,75.5,11,0
78.2,22.4,87.7,447,1
94.6,22.4,88.6,551,1
346.9,22.0,69.4,632,0
375.8,28.8,73.3,679,0
151.2,28.7,80.9,759,0
188.3,26.5,80.7,708,0
381.7,26.7,77.4,800,0
0.0,28.3,69.8,119,0
0.0,32.5,79.9,1131,1
8.1,34.0,91.9,1073,1
5.9,29.3,61.5,158,0
23.4,29.2,61.1,1360,1
89.4,28.5,81.5,1008,1
104.6,25.1,67.3,478,1
300.9,22.4,97.0,581,0
0.0,28.1,62.5,95,0
1.2,34.5,74.4,1101,1
121.9,23.4,81.1,505,1
0.0,22.0,73.8,366,1
21.2,32.7,65.7,186,0
22.2,34.2,88.8,1207,1
80.8,30.7,78.3,1045,1
420.6,26.0,88.9,743,0
328.2,22.0,79.7,623,0
13.1,30.0,70.3,1419,1
0.0,25.5,68.2,227,0
11.5,32.2,72.0,1211,1
10.3,30.2,71.7,226,0
116.5,25.0,89.1,547,1
13.1,30.1,75.6,293,0
64.1,22.0,79.8,488,1
0.0,27.7,65.4,1382,1
6.7,30.5,57.4,173,0
233.1,30.2,78.6,980,0
22.3,28.9,67.2,150,0
126.6,29.0,89.4,947,1
0.0,27.4,49.0,226,0
47.0,32.2,80.1,1043,1
55.1,30.5,73.8,963,1
0.0,23.4,81.2,379,1
12.7,35.5,76.0,1395,1
0.0,31.7,66.0,1329,1
61.7,25.6,81.5,282,0
114.5,24.5,91.6,685,1
136.7,30.7,81.1,988,1
0.0,31.0,53.5,1324,1
374.5,22.0,88.1,730,0
0.0,31.0,59.7,1348,1
0.0,25.8,45.0,164,1
181.8,24.5,71.2,494,0
188.9,29.9,90.8,965,0
202.8,28.7,81.0,1007,0
0.0,33.7,82.2,1154,1
138.4,28.9,94.7,942,1
42.8,31.1,70.1,1279,1
101.7,25.3,80.4,753,1
55.7,30.7,66.6,1139,1
223.2,31.0,79.5,1019,0
11.3,25.4,60.8,181,1
369.1,25.3,75.6,703,0
205.0,23.0,74.8,495,0
26.9,30.2,72.9,1098,1
464.7,26.1,82.7,693,0
265.8,22.1,79.3,528,0
0.0,25.6,78.4,373,1
380.1,27.6,83.2,803,0
8.5,34.5,78.4,1167,1
40.3,27.9,80.7,1127,1
343.9,30.0,91.7,871,0
90.5,28.4,81.1,936,0
8.9,28.4,60.1,1209,1
0.0,24.7,68.1,288,0
37.1,29.0,58.6,164,0
226.2,25.0,91.0,707,0
27.8,34.6,60.6,1148,1
30.8,31.3,72.7,1223,1
39.0,26.9,69.5,215,0
18.8,31.6,75.9,1255,1
0.0,29.4,68.5,1348,1
273.8,29.0,81.7,959,0
32.9,24.1,66.3,388,0
408.7,26.2,98.0,777,0
0.0,32.1,69.6,1247,1
152.4,24.1,79.3,562,0
0.0,24.7,75.9,386,1
120.7,29.2,93.7,810,1
0.0,24.0,68.0,282,0
14.5,26.6,75.5,126,0
35.5,34.3,68.0,1368,0
354.1,27.1,89.5,653,0
329.7,25.1,85.7,644,0
17.2,34.9,83.0,1023,1
369.5,29.0,90.7,853,0
151.8,28.9,88.1,701,0
90.2,26.9,92.8,521,1
108.9,27.4,81.1,549,1
163.5,22.9,94.1,718,1
211.7,31.3,75.0,1003,0
81.9,25.0,75.7,333,0
12.1,22.0,68.4,385,1
374.7,29.6,78.2,802,0
405.3,28.4,95.5,728,0
75.0,23.8,94.3,456,1
254.1,22.9,80.8,547,0
237.5,24.1,71.9,532,0
50.5,27.2,77.5,1033,1
37.3,26.3,59.2,66,0
0.0,25.4,80.4,246,0
0.0,27.2,74.8,248,0
12.0,24.8,77.1,302,1
0.0,30.4,74.1,1093,1
0.0,22.5,71.8,436,0
250.5,33.9,90.5,949,1
150.4,23.9,84.1,763,0
15.9,26.3,56.7,21,0
51.9,30.7,80.3,1305,1
0.0,32.9,92.2,1165,1
170.0,30.2,81.3,1017,0
0.0,23.0,77.9,387,1
417.2,26.4,98.0,764,0
7.1,29.2,65.5,193,0
0.0,27.4,76.9,188,0
0.0,25.5,67.8,350,0
0.0,31.8,78.8,1105,1
384.3,23.7,76.9,661,0
0.0,32.8,65.9,1270,1
5.3,26.6,61.7,376,1
71.8,26.8,86.0,573,1
1.5,32.3,78.2,1098,1
0.0,24.6,66.8,398,1
12.7,31.8,83.9,137,0
436.3,26.2,85.6,732,0
388.9,25.0,83.9,724,0
103.5,29.5,69.8,1069,1
0.0,30.3,78.7,1162,1
162.7,23.1,70.4,477,0
24.2,27.9,86.1,535,1
0.0,23.0,68.0,383,1
0.0,33.1,68.5,28,0
0.0,27.6,64.8,167,0
452.1,28.1,91.3,766,0
234.3,27.8,69.6,967,0
36.5,30.8,69.0,1405,1
0.0,26.8,57.2,14,1
53.0,25.2,67.2,356,0
8.0,33.6,74.6,1200,0
25.1,27.1,72.8,327,0
465.8,25.2,87.6,708,0
192.7,25.3,91.0,766,0
158.0,26.2,86.3,765,0
153.9,26.9,82.6,853,0
47.0,30.9,62.0,1241,1
301.5,28.2,98.0,933,0
26.6,32.3,72.3,1318,1
41.6,34.9,70.0,1230,1
422.3,27.1,81.1,605,0
0.0,25.4,71.7,288,0
24.5,25.3,67.9,184,0
16.4,26.5,70.6,150,0
0.0,28.5,70.4,1116,1
0.0,33.3,85.8,1154,1
153.1,28.0,83.1,1034,0
315.7,23.5,69.2,891,0
37.7,25.5,82.3,522,1
183.1,31.4,86.4,964,0
332.9,24.8,74.1,807,0
113.2,28.6,92.5,872,1
0.0,27.4,70.0,10,0
3.0,31.8,59.5,1242,1
46.1,32.6,66.5,1265,1
0.0,33.3,58.8,1282,1
28.6,28.8,73.0,159,0
135.7,25.2,73.9,901,0
0.0,32.1,58.9,1334,1
122.0,28.9,84.3,622,1
143.3,26.0,98.0,681,1
124.6,22.0,91.8,548,1
130.2,27.6,74.2,946,1
51.3,23.1,67.8,459,1
0.0,22.0,67.7,329,0
135.5,25.4,73.4,675,0
0.0,30.1,71.6,1438,1
9.2,31.4,75.3,1245,1
30.4,23.9,84.9,466,1
23.9,25.5,68.3,231,0
124.4,25.8,78.5,449,1
93.5,31.2,69.1,1064,1
14.1,24.9,72.2,248,0
193.5,24.9,90.1,480,0
0.0,27.7,64.5,238,0
0.0,30.0,71.2,1297,1
131.9,29.7,80.5,967,1
68.1,23.7,75.7,538,1
0.0,28.8,69.1,58,0
0.0,29.3,84.5,1251,1
26.5,30.6,83.4,1157,1
415.8,28.5,78.3,746,0
129.7,27.7,83.0,917,1
420.7,27.8,90.9,751,0
154.5,26.9,85.3,837,0
0.0,28.3,56.1,168,1
31.7,22.7,66.4,331,0
123.5,33.2,82.6,1072,1
30.8,35.6,90.4,1127,1
0.5,24.6,64.8,284,0
316.8,30.6,76.0,893,0
7.5,26.5,74.4,95,0
265.5,24.0,83.9,575,0
20.1,28.5,62.2,1400,1
112.2,31.6,76.0,1065,1
161.5,25.6,83.9,751,0
0.0,25.9,76.0,270,0
35.2,34.1,68.2,1356,1
37.4,33.3,53.1,1395,1
0.0,29.7,64.0,45,0
0.0,34.1,82.6,1305,1
7.8,32.3,73.9,13,0
77.0,33.0,87.6,1076,1
100.7,28.3,77.0,863,1
214.1,30.7,82.9,984,0
113.9,24.0,91.3,645,1
0.0,36.7,70.6,1250,1
35.6,32.7,77.4,1294,1
219.5,29.8,73.1,976,0
155.4,27.0,86.7,765,0
29.6,30.5,60.3,41,0
23.5,33.2,77.2,104,0
155.4,24.0,79.6,533,0
4.3,29.5,64.7,123,0
49.6,29.8,55.9,10,0
17.0,28.6,76.6,1246,1
204.4,29.0,85.6,914,0
0.0,33.2,66.2,1349,1
30.6,25.4,77.2,323,0
63.3,27.7,88.6,961,0
36.0,29.2,71.6,282,0
62.8,23.6,73.6,273,0
0.0,23.6,76.7,322,0
0.0,25.7,52.3,150,0
0.0,29.9,73.8,1236,1
31.5,31.6,53.2,1332,1
0.0,27.2,70.1,272,0
0.0,30.8,74.5,1206,1
0.0,27.1,55.4,271,0
269.9,25.7,82.5,546,0
261.6,23.5,79.2,581,0
0.0,28.4,73.0,1117,1
54.8,33.0,86.2,1011,1
23.9,30.7,85.2,1243,1
426.8,22.5,90.5,792,0
196.8,23.2,80.2,503,0
387.4,28.1,73.9,807,0
10.4,31.5,75.9,31,0
58.9,29.2,73.7,1122,0
369.7,22.3,71.5,737,0
122.1,26.6,75.8,753,1
4.4,28.0,57.8,227,0
18.5,32.2,56.1,33,1
79.0,32.0,88.1,1010,1
0.5,24.4,79.2,457,1
28.3,27.2,69.7,60,0
37.3,23.2,55.2,462,1
16.6,24.0,81.1,409,1
48.1,27.2,70.4,101,0
0.0,34.0,53.6,1290,1
0.0,33.9,58.0,1309,1
19.1,25.2,75.4,179,0
0.0,30.2,72.8,1020,1
142.6,29.3,92.7,710,1
0.0,32.3,65.1,15,0
15.0,32.2,63.8,1317,1
366.4,27.4,83.5,698,0
18.7,29.3,54.1,254,0
168.0,30.2,83.0,992,0
245.6,26.3,72.5,922,1
139.1,29.7,69.0,892,1
6.9,33.3,54.5,1360,1
147.4,26.0,76.4,873,1
54.3,26.5,74.7,256,1
40.9,30.4,63.6,1224,1
168.1,23.7,90.7,835,0
26.5,29.5,72.4,101,0
354.3,27.4,91.4,605,0
35.4,32.1,89.7,1110,1
10.9,24.9,78.8,364,1
0.0,22.5,77.1,339,0
0.0,30.3,60.2,99,0
38.3,24.1,53.9,329,0
35.9,29.3,80.2,1024,0
66.3,30.8,54.4,71,0
8.3,28.4,66.4,1026,1
384.0,27.6,74.3,884,0
0.0,29.2,80.2,1092,1
17.0,28.4,73.1,108,0
0.0,27.5,73.7,1143,1
0.0,26.3,63.5,349,0
45.4,30.8,62.7,41,0
0.0,35.2,76.6,1382,1
168.1,28.5,81.5,851,1
0.0,29.7,62.3,1320,1
142.7,26.1,92.9,566,1
0.0,33.4,93.2,1122,1
43.7,32.6,77.4,1009,1
23.4,22.1,57.0,252,0
33.4,25.6,68.5,196,1
302.1,22.3,79.4,547,0
1.1,33.9,77.2,1411,1
147.5,31.6,69.7,979,1
250.8,26.4,74.7,590,0
58.9,27.8,77.0,976,1
0.0,32.1,78.0,1173,1
40.5,27.6,56.9,1414,1
4.1,23.8,78.6,274,0
0.0,29.3,61.4,97,1
0.0,25.6,60.3,341,0
0.0,32.8,63.2,1223,1
0.0,27.7,54.4,113,0
410.7,26.9,74.7,737,0
302.8,24.5,98.0,649,0
97.1,27.7,84.8,645,1
126.7,28.2,90.6,947,1
386.4,22.0,80.4,638,1
0.0,32.7,79.9,1112,1
115.5,28.7,77.2,888,1
36.1,29.7,80.0,1342,0
31.6,30.8,64.3,1344,1
255.1,29.4,75.3,936,0
173.4,23.8,73.5,626,0
6.9,29.6,58.8,1260,1
302.6,28.6,71.9,920,0
20.3,25.9,91.4,478,1
16.9,26.2,66.2,228,0
6.4,24.6,75.3,429,1
0.0,26.6,94.3,210,0
0.0,28.4,77.5,1423,1
5.2,27.8,56.3,144,0
74.3,27.1,77.1,139,0
180.3,32.3,74.7,1076,0
0.0,33.9,74.0,1081,1
44.4,33.2,70.3,1134,1
0.0,30.5,68.8,1247,1
17.7,23.7,65.2,254,0
83.0,27.8,74.9,1047,1
269.3,24.5,78.7,552,1
89.7,30.4,71.7,1309,1
0.0,29.8,74.0,1259,1
0.0,29.1,73.5,351,0
0.0,31.0,76.9,53,0
0.0,26.7,78.5,253,0
157.3,24.6,90.5,529,0
393.1,28.4,78.7,661,0
160.7,26.6,75.4,813,0
11.2,30.3,67.6,94,0
199.7,31.8,83.3,996,1
369.3,30.7,76.7,804,0
140.3,26.0,87.7,767,1
204.8,26.5,66.2,533,0
137.0,24.3,80.9,854,1
0.0,36.1,57.5,1271,1
337.8,28.8,87.0,848,0
46.6,32.3,71.7,1437,1
405.5,22.0,67.0,630,0
106.5,26.3,57.3,913,1
178.0,28.7,92.7,988,0
4.6,27.0,58.6,232,0
37.0,29.5,60.6,47,0
40.1,23.3,69.2,462,1
90.7,29.6,89.3,997,1
0.0,23.3,73.9,161,0
0.0,32.7,69.7,1199,1
369.3,27.7,89.1,847,0
352.3,29.9,85.9,887,0
21.9,29.9,67.8,1382,1
0.0,31.1,73.0,1261,1
209.5,27.3,84.6,795,0
15.6,32.8,62.2,1338,1
332.2,29.3,91.8,809,0
30.4,30.7,66.6,1420,1
0.0,29.9,65.2,75,0
400.9,26.1,85.9,750,0
372.0,26.4,79.7,833,0
7.0,27.0,54.8,1437,1
0.0,31.9,69.9,1107,1
0.0,22.7,76.8,363,1
28.3,29.7,65.6,129,0
142.0,26.3,74.9,890,1
14.5,30.3,55.1,1364,1
179.0,25.3,74.9,797,0
350.0,25.6,82.3,646,0
148.5,27.4,96.4,871,1
355.9,27.1,75.4,749,0
78.6,25.5,83.3,1055,1
6.1,29.2,61.2,308,0
8.5,26.0,72.5,155,0
12.0,33.0,69.5,1108,1
388.6,29.0,82.9,855,0
0.0,32.9,72.0,1347,1
12.0,24.4,70.7,260,0
284.6,23.5,84.0,586,0
0.0,25.3,75.8,415,1
73.7,30.0,94.8,961,1
0.0,22.7,64.8,419,1
0.0,33.0,66.8,1318,1
148.0,29.7,84.7,705,1
195.4,29.2,72.9,994,0
107.7,27.0,91.4,773,1
4.6,32.3,68.9,1167,1
0.0,26.2,74.4,234,0
111.3,25.7,82.7,575,1
0.0,29.6,63.4,150,0
81.5,22.9,93.8,512,0
391.1,28.9,70.3,742,0
84.7,30.8,82.5,1079,1
147.2,30.2,94.9,880,1
11.6,27.7,56.0,196,0
137.1,28.1,83.4,885,1
17.7,31.8,71.7,1308,0
0.0,30.4,58.4,60,0
358.4,25.8,88.2,881,0
102.3,24.9,89.0,442,1
73.5,26.8,83.5,467,1
176.0,31.0,95.0,986,0
189.5,22.0,76.2,684,0
47.3,28.7,73.2,1111,1
134.5,24.2,69.9,558,1
62.5,22.4,76.2,503,1
52.3,27.8,74.1,296,0
20.4,24.2,74.5,302,0
11.3,33.0,68.0,1199,1
57.2,32.9,64.3,71,0
0.0,30.9,49.5,1414,1
423.2,24.0,85.3,734,1
0.0,26.0,84.9,316,0
0.0,26.6,57.6,289,0
80.9,30.5,64.8,31,0
16.0,34.7,80.9,1206,1
61.8,29.5,59.7,1278,1
20.8,34.0,68.4,1206,1
20.9,24.0,81.7,304,0
0.0,27.9,93.2,357,0
36.1,27.2,68.4,1359,1
283.6,33.5,84.8,920,0
5.0,26.4,58.6,227,0
130.7,22.1,86.6,647,1
0.0,32.6,62.8,1430,1
1.8,32.5,69.0,1376,1
83.7,24.9,83.9,526,1
6.8,33.3,64.5,1326,1
0.0,28.1,76.7,156,0
16.3,30.9,79.4,1102,0
99.8,22.0,71.8,430,1
0.0,25.8,60.1,249,1
0.0,25.9,79.5,236,0
0.0,30.8,74.2,1400,1
43.3,25.4,74.7,354,0
20.5,32.5,55.0,118,0
0.0,30.4,70.0,1180,1
340.7,24.3,87.8,632,0
35.1,26.1,60.5,199,0
327.9,25.2,98.0,872,0
0.0,31.0,62.8,339,0
29.3,30.0,58.5,1294,1
113.5,30.7,81.8,993,1
0.0,34.2,75.4,1415,1
23.8,22.7,52.2,326,0
0.0,33.2,68.2,1098,1
0.0,26.0,45.0,102,0
173.6,26.4,94.1,844,0
326.5,25.7,76.9,628,1
64.1,23.6,90.9,475,1
2.0,34.4,61.3,1089,1
394.8,26.3,76.5,775,0
369.7,26.2,81.7,718,0
0.0,24.6,73.6,294,0
0.0,23.1,72.8,339,0
0.0,29.6,62.7,1272,1
3.0,25.1,48.3,208,1
0.0,30.1,72.8,1084,1
0.0,34.2,70.8,1197,1
17.2,30.8,61.1,57,0
0.0,29.3,83.1,1198,0
222.2,29.2,77.9,971,1
180.0,25.1,96.2,718,0
310.2,33.9,87.7,852,0
0.0,30.0,69.4,21,0
114.3,27.9,91.5,819,1
14.8,23.2,75.3,314,0
6.5,27.4,66.9,252,0
298.4,27.3,87.5,600,0
0.0,26.7,74.9,233,0
409.2,27.2,89.1,757,0
349.8,25.7,71.8,642,0
41.6,28.1,72.8,164,0
0.0,32.6,70.9,52,0
3.0,23.6,79.2,351,0
11.4,29.1,75.1,1020,1
5.3,30.8,59.4,1390,1
277.4,23.4,81.8,597,0
12.6,22.0,77.5,282,0
0.0,30.0,54.8,1359,1
136.0,22.0,82.3,561,1
364.9,24.5,68.7,694,0
0.0,30.5,54.0,119,0
406.8,26.1,93.7,770,0
97.0,24.4,79.7,463,1
0.0,28.7,56.4,65,0
0.0,32.3,77.5,1167,1
13.3,35.6,60.1,30,0
43.2,25.3,73.3,294,0
209.2,24.0,83.5,487,0
61.8,28.3,85.4,964,1
212.6,22.0,87.2,521,0
154.1,25.1,82.1,653,0
118.2,30.3,81.8,887,1
28.1,35.5,76.1,1423,1
2.8,24.8,65.4,316,0
0.0,30.9,70.4,1357,1
1.2,29.9,61.0,128,0
62.9,33.4,80.4,969,1
39.4,23.5,84.2,259,0
114.7,26.5,74.8,673,1
26.9,34.5,66.1,1033,1
162.3,26.5,95.9,805,0
75.9,29.7,71.9,1228,1
61.2,32.4,59.7,1428,1
345.1,22.0,82.6,626,0
210.5,26.4,78.4,504,0
22.8,33.0,63.1,75,1
356.0,24.2,95.5,695,0
9.8,31.3,59.1,153,0
41.6,29.3,64.6,135,0
13.6,32.8,56.4,32,0
162.0,22.8,75.9,422,0
0.0,33.1,62.7,1282,1
38.8,24.6,80.1,430,1
344.0,23.0,82.5,647,0
161.0,23.3,84.7,537,0
40.6,27.2,80.7,257,0
376.4,24.7,75.3,826,0
10.0,25.6,67.5,160,0
0.0,29.4,57.3,1243,1
53.3,24.4,70.4,268,0
46.0,26.6,74.4,298,0
1.8,30.5,72.4,1129,1
349.6,29.5,87.8,784,0
23.3,24.1,70.5,203,0
192.5,27.0,89.7,748,0
85.3,23.4,72.5,568,1
99.2,30.6,86.3,1079,1
105.8,25.5,75.0,445,0
136.1,22.0,64.4,459,1
0.0,22.0,67.7,362,1
132.4,24.0,67.5,421,1
363.2,26.5,80.4,804,1
0.0,28.6,68.1,1098,1
58.8,29.2,60.2,339,0
0.0,27.7,51.6,1,0
0.0,30.4,66.2,1338,1
162.1,30.3,95.0,840,0
0.0,28.6,66.1,26,0
63.3,28.3,75.2,1013,1
2.7,30.8,56.5,44,0
73.9,26.5,73.4,894,1
36.1,32.3,64.2,1371,1
7.4,30.1,63.8,108,0
362.0,27.7,89.1,814,0
0.0,34.4,67.1,1240,1
62.6,23.4,88.7,424,1
0.0,23.1,67.2,457,1
6.8,31.3,66.0,1083,0
7.1,22.0,78.3,376,0
18.4,31.9,71.1,1132,1
25.6,24.5,67.9,320,0
21.3,25.9,66.2,352,0
49.6,26.2,55.3,167,0
35.9,27.2,58.2,390,1
28.8,31.0,69.6,1127,1
110.6,25.8,68.5,441,1
134.8,23.1,84.4,550,1
0.0,32.8,72.0,1173,1
339.8,24.9,78.5,888,0
398.1,23.6,79.6,854,0
0.0,29.6,73.7,49,0
0.0,31.8,65.9,1149,1
0.0,24.3,82.5,397,1
0.0,26.4,78.8,211,0
0.0,24.4,74.7,352,0
10.7,31.4,61.9,47,0
10.8,29.6,68.4,270,0
27.5,36.6,72.5,1356,1
68.7,32.2,62.3,43,0
0.0,22.4,87.1,207,0
0.0,34.0,61.6,1290,0
0.0,31.1,70.9,65,0
74.4,23.9,89.6,553,1
0.0,27.9,56.9,297,0
296.8,24.9,83.7,562,0
24.1,30.0,62.6,15,1
22.0,32.4,65.4,1284,1
39.8,24.1,80.4,338,1
451.2,22.3,83.3,721,0
339.1,24.2,95.2,877,0
0.0,28.8,57.9,220,0
179.6,23.9,75.7,758,0
29.0,27.8,62.9,1413,1
8.9,28.8,67.4,1190,1
4.1,29.9,58.7,1419,1
123.4,31.0,65.3,882,1
40.1,23.8,85.9,444,1
21.2,23.1,72.9,275,0
326.4,31.0,87.8,855,0
0.0,27.6,61.7,236,0
404.4,24.5,89.1,677,0
374.6,27.0,98.0,732,0
8.0,29.1,70.0,118,0
2.9,30.0,75.0,1116,1
0.0,30.4,75.8,1106,1
0.0,24.5,77.8,213,0
55.5,26.0,58.7,190,0
358.4,26.4,82.8,600,0
0.0,27.8,70.3,252,0
10.8,31.5,75.4,1169,1
193.5,24.2,77.8,604,0
115.8,22.1,66.1,557,1
87.4,24.9,78.1,433,0
0.0,22.4,91.3,312,1
0.0,26.8,75.8,331,1
0.0,25.0,68.3,426,1
68.8,30.9,62.4,1327,1
295.4,28.9,81.5,889,0
159.8,26.3,97.3,786,0
190.7,24.9,82.6,651,0
415.5,25.6,93.4,708,0
411.3,28.3,86.6,735,0
142.0,25.1,78.2,462,1
83.5,32.9,69.6,1050,1
18.3,30.8,71.4,50,0
343.0,27.9,79.3,866,0
99.5,25.2,86.6,479,1
144.3,25.2,83.9,632,1
189.8,24.4,83.9,712,0
201.5,22.4,78.7,688,0
0.0,25.9,64.2,187,1
80.5,28.0,78.4,932,1
0.0,28.1,68.3,220,0
61.8,25.9,82.7,258,0
45.5,29.2,53.8,1400,0
0.0,25.7,71.1,280,0
91.2,23.5,91.8,440,1
261.5,22.3,72.6,564,1
99.9,32.9,76.7,1001,1
178.6,23.6,86.9,535,0
68.1,30.3,58.3,1282,1
0.0,28.1,87.1,1090,1
123.1,27.1,94.7,812,1
89.8,25.2,79.7,439,1
158.8,22.7,56.3,504,0
15.7,32.1,64.1,1285,1
315.6,22.4,91.6,639,0
0.0,31.0,63.4,1371,1
0.0,32.2,65.1,11,0
402.6,26.5,98.0,811,0
0.0,24.7,72.6,272,0
36.7,34.7,71.9,1209,0
178.3,27.4,81.6,783,0
0.6,26.0,80.5,194,0
46.8,30.1,76.2,1310,1
30.0,29.2,62.5,1325,1
5.5,30.9,59.2,26,0
0.0,33.4,61.4,1264,1
16.6,31.5,62.7,1324,1
12.2,31.1,68.8,1097,1
118.3,25.3,78.6,447,1
140.9,25.2,90.5,874,1
13.0,32.2,63.7,1258,1
355.5,28.0,78.0,861,0
120.9,24.8,75.2,513,1
0.0,33.0,72.6,1203,1
170.0,23.2,71.9,497,0
115.4,27.8,70.2,580,1
0.0,29.7,70.5,1190,1
8.2,31.0,70.6,1225,1
166.6,25.7,78.9,521,0
0.0,26.7,65.5,141,0
64.4,32.1,79.1,1186,1
339.5,23.5,93.1,632,0
0.0,24.4,71.9,342,0
0.0,26.4,66.3,73,0
31.1,26.1,89.7,390,1
139.7,32.4,75.6,1029,1
0.0,30.6,62.0,110,0
177.0,29.1,69.2,983,0
145.2,25.2,89.1,620,1
385.4,29.2,73.1,707,0
0.0,32.0,69.9,1087,0
0.0,29.6,59.8,1291,1
0.0,29.1,55.1,1410,1
0.0,22.7,87.1,393,1
0.0,34.5,73.5,1162,0
38.2,26.0,59.7,324,0
0.0,28.9,72.5,1206,1
34.4,33.4,73.4,1398,0
8.6,31.1,68.8,6,0
74.5,30.3,89.1,1006,1
296.4,27.6,88.2,607,0
38.3,31.4,74.2,1273,1
44.9,33.6,76.8,1020,1
0.0,27.6,82.1,1212,1
211.5,28.5,86.5,962,0
0.0,26.1,77.2,412,1
81.8,33.4,73.2,987,0
13.6,29.4,80.9,1177,0
236.5,23.2,89.5,530,0
166.2,30.3,97.2,974,0
18.7,30.0,72.0,1175,1
42.7,31.3,71.2,1312,1
85.3,35.0,71.0,1262,1
72.9,22.1,62.0,423,1
90.8,29.5,86.9,964,1
8.3,25.1,78.8,409,1
49.0,30.9,61.5,25,0
391.4,24.3,78.5,744,0
29.3,31.1,57.2,1329,1
65.8,30.9,80.1,1087,1
0.0,31.4,59.9,1391,1
0.0,29.1,79.2,1133,1
54.2,32.5,79.4,1017,1
168.8,26.5,87.3,778,0
257.7,31.2,92.6,902,0
31.0,23.0,81.8,446,1
0.0,29.0,78.5,1129,1
120.4,28.9,73.3,1042,1
0.0,31.4,69.1,39,0
368.9,26.1,84.5,837,0
42.2,28.2,64.6,1112,1
332.0,28.4,82.4,853,0
125.3,30.2,87.4,1073,1
3.0,28.4,58.3,82,0
5.1,28.4,70.7,1290,1
102.1,27.0,79.2,972,1
0.0,29.7,77.8,1076,1
15.6,23.3,70.8,311,1
16.6,30.3,77.2,1114,1
26.0,28.6,59.8,197,0
0.0,27.9,69.5,20,0
41.4,22.3,74.1,464,1
0.0,30.4,67.8,1366,1
0.0,22.6,76.9,401,0
11.8,27.6,68.4,120,1
157.3,26.2,80.2,577,0
168.5,23.6,72.1,580,0
0.0,32.0,70.6,1121,1
412.6,22.3,81.8,826,0
0.0,29.2,51.5,68,0
0.0,33.0,60.7,22,1
20.4,31.7,75.2,1333,1
58.2,31.7,58.1,1330,1
92.1,31.4,83.7,1026,1
0.0,27.7,70.6,390,1
43.4,26.8,72.9,443,1
0.0,28.0,63.5,25,0
81.1,33.9,68.8,1349,1
37.9,30.8,62.8,153,0
6.7,27.4,61.1,1425,1
0.0,31.5,77.4,1357,1
37.1,25.2,78.6,424,1
57.9,26.3,56.7,1264,1
348.8,26.6,66.8,858,0
30.7,24.6,81.6,290,0
12.6,26.7,73.7,157,0
0.0,33.6,76.4,1107,1
58.9,29.9,66.2,25,1
352.1,28.8,83.6,881,0
82.3,24.3,78.4,442,1
3.3,34.0,67.0,105,0
48.4,30.0,74.7,168,0
0.0,30.8,72.9,1409,1
162.7,26.4,86.2,782,0
4.4,29.4,67.1,1407,1
340.2,25.0,91.4,812,0
369.4,22.1,88.3,641,0
120.8,31.0,81.4,902,0
29.8,25.2,45.5,184,0
38.7,33.1,78.0,1196,1
5.6,25.0,78.9,258,0
0.0,30.4,65.8,1301,1
0.0,31.3,61.1,1257,1
367.0,30.5,92.2,836,1
4.0,37.5,74.0,1367,1
84.2,28.3,75.2,900,1
58.9,29.9,81.4,1057,1
0.0,26.4,71.4,368,1
60.3,24.4,84.8,599,1
0.0,23.2,86.2,364,1
7.6,31.0,68.8,58,0
0.0,33.0,61.4,1365,1
0.0,31.5,65.7,1241,1
0.0,31.0,90.8,1113,1
267.9,32.5,92.3,936,0
8.9,29.8,71.5,1112,1
22.0,25.9,67.1,204,1
89.3,29.9,74.8,1061,1
0.0,32.4,66.8,88,0
4.7,26.0,71.3,57,0
154.1,29.6,87.8,864,0
48.8,25.9,75.6,293,0
37.4,35.5,66.8,1198,1
100.8,25.2,84.6,608,1
108.9,22.0,88.9,542,1
15.6,32.3,77.5,74,0
0.0,27.5,49.2,123,0
0.0,27.4,70.1,1364,1
27.4,30.7,76.1,1357,1
393.9,25.2,68.6,679,0
3.8,29.8,83.3,1188,1
0.0,22.9,87.7,262,0
0.0,26.6,71.5,276,0
0.0,22.7,76.7,346,0
77.3,22.0,72.2,487,1
0.0,31.7,81.7,116,0
4.3,31.3,72.3,1236,1
166.3,22.7,64.2,715,1
0.0,26.2,74.1,164,0
14.4,32.6,65.2,1172,1
9.5,32.7,63.9,1292,1
377.2,26.5,87.0,666,0
0.0,32.4,65.5,1401,1
190.0,30.7,82.7,964,0
87.5,25.4,85.6,585,1
12.5,29.9,76.1,1394,1
361.0,24.7,73.8,800,0
0.0,34.2,70.6,1344,1
214.9,31.8,81.3,976,0
34.1,30.3,75.8,1075,1
1.9,30.1,64.9,1129,1
28.7,34.6,83.2,966,0
370.7,25.2,77.0,833,0
130.4,24.5,66.5,537,1
50.1,22.8,76.0,469,1
55.4,28.2,70.1,119,0
407.8,24.5,79.2,738,0
0.0,22.0,60.2,411,1
73.9,24.8,79.8,486,1
39.5,33.2,77.5,1299,1
0.0,30.5,62.2,1304,1
388.9,29.7,72.7,658,0
162.5,27.5,71.8,829,0
32.0,27.3,62.2,203,1
347.6,26.8,85.2,730,0
0.0,27.8,61.6,100,0
0.0,29.5,68.4,1374,1
39.1,24.5,70.9,240,1
109.1,23.4,91.6,653,1
0.0,26.3,71.3,331,0
45.5,30.1,82.5,1059,1
13.6,33.2,70.3,1252,1
115.3,22.0,83.5,583,1
0.0,25.7,69.3,181,0
207.9,22.6,71.8,494,1
0.0,22.0,71.7,320,0
0.0,28.1,60.3,83,0
69.1,27.9,73.3,1009,1
54.2,26.9,73.2,256,0
36.1,26.6,76.4,346,0
400.0,22.4,79.6,711,0
8.1,31.0,71.9,1371,1
0.0,29.4,66.4,1208,1
135.2,24.8,89.2,574,1
26.6,30.5,85.4,1279,1
1.2,30.9,73.8,1218,1
9.8,24.7,71.5,317,0
0.0,24.7,72.1,439,1
0.0,29.1,67.0,89,0
118.8,26.0,76.8,699,1
123.6,27.4,83.1,720,1
19.2,31.7,62.8,1223,0
0.0,22.5,81.7,383,1
305.9,22.0,77.8,586,0
431.0,24.5,84.7,738,0
198.1,30.4,66.2,989,0
0.0,29.2,67.3,1225,1
417.3,29.1,81.7,821,0
25.7,26.9,58.0,103,0
40.1,31.6,65.6,1319,0
314.0,27.5,63.7,637,0
0.0,29.6,55.8,28,1
0.0,29.3,61.6,1092,1
9.6,27.0,76.1,1203,1
20.3,27.8,67.7,224,1
4.1,32.1,54.4,1096,1
42.2,33.2,77.9,1232,1
335.2,24.8,87.1,604,0
9.9,23.1,76.7,447,1
326.4,23.0,86.4,623,0
0.0,27.0,66.9,196,0
186.3,32.0,77.2,1009,0
0.0,22.0,75.7,398,1
96.7,26.0,78.1,467,1
7.0,27.4,59.8,159,0
0.0,31.5,73.9,1303,1
32.8,30.4,59.0,105,0
0.0,31.1,63.9,1370,1
279.6,28.5,90.4,850,0
33.5,27.6,74.0,1391,1
33.9,31.3,75.5,1272,1
41.2,32.9,54.4,1267,1
19.4,25.2,68.5,240,0
4.8,30.2,56.1,1388,1
0.0,30.3,56.6,27,0
0.0,27.8,62.8,181,0
350.8,31.0,81.3,853,0
0.0,32.7,68.0,1152,1
74.0,34.2,53.9,1127,0
0.0,27.8,68.4,121,0
3.7,27.1,71.7,1143,1
183.8,23.7,93.5,611,0
69.0,28.4,79.3,1007,1
389.2,25.9,69.9,729,1
61.0,23.9,72.8,602,1
0.0,29.6,51.7,63,0
96.8,22.7,77.8,485,1
58.4,29.5,78.0,82,0
0.0,32.7,74.0,1204,1
85.9,24.1,81.1,529,1
281.3,22.0,71.2,482,0
120.5,25.9,81.0,429,1
109.3,31.2,77.7,1002,1
0.0,29.6,67.1,18,0
185.1,22.0,87.8,613,0
82.8,24.7,73.8,440,1
87.1,23.1,84.3,599,1
44.4,23.4,89.8,402,0
0.0,27.8,76.4,147,0
1.5,30.9,73.6,140,0
90.2,31.1,96.6,1055,1
0.0,25.8,85.7,263,0
379.3,24.1,96.8,713,0
368.1,25.2,76.3,697,0
0.0,31.5,65.5,1096,1
8.8,26.4,62.3,321,0
43.6,28.0,72.2,78,0
435.6,23.5,90.7,704,0
4.7,30.6,78.6,1133,1
0.0,25.8,61.5,249,0
174.9,25.1,92.4,670,0
80.2,30.0,77.6,997,1
81.1,28.0,78.3,961,1
251.9,24.0,87.8,572,0
0.0,32.8,65.0,1362,1
199.4,32.5,79.3,990,1
106.5,30.0,72.3,887,1
370.5,25.1,72.5,694,0
327.3,28.7,90.3,936,0
0.0,33.3,67.9,1426,1
33.2,31.2,67.6,1126,1
50.3,25.9,80.4,455,1
18.4,31.9,70.2,1222,1
183.5,25.2,70.2,995,0
37.4,32.8,65.5,1359,1
11.5,27.9,72.2,278,0
0.0,31.2,54.5,1285,1
292.2,26.7,89.2,924,0
0.0,28.2,74.1,316,0
32.6,23.8,91.2,434,1
39.8,30.1,87.8,1056,1
138.8,26.1,97.6,704,1
393.2,33.5,78.0,843,0
67.5,25.0,84.7,501,1
222.5,26.4,85.6,736,0
140.6,28.1,96.0,861,1
106.1,27.4,93.0,556,0
98.0,30.1,95.5,913,1
12.7,26.3,73.1,373,1
106.8,30.6,70.2,976,1
0.0,32.5,59.1,1327,1
2.7,31.4,73.3,1233,1
0.0,32.2,58.2,1285,1
29.5,23.2,76.7,404,1
184.5,25.9,83.0,809,0
347.6,29.0,65.4,861,0
9.3,30.6,72.1,1215,0
0.0,24.8,80.4,389,1
183.6,23.3,89.6,495,0
0.0,29.2,70.6,1117,1
99.7,29.5,73.7,953,1
67.6,25.7,74.5,443,1
79.9,28.2,67.9,1055,0
20.7,32.7,70.7,1354,1
93.8,28.6,78.5,1025,0
0.0,34.6,62.8,1143,1
2.7,25.7,71.6,377,1
12.7,25.4,78.8,125,0
96.9,32.5,77.1,1045,1
263.1,22.9,76.3,576,1
18.5,22.6,70.8,386,1
101.4,31.4,81.4,1000,1
347.0,29.4,98.0,790,0
0.0,31.8,56.9,1417,0
27.3,27.3,77.8,135,0
416.0,25.5,82.2,678,0
401.9,24.8,95.3,762,0
13.1,28.7,56.1,112,0
16.5,28.8,78.8,134,0
29.8,23.1,84.2,265,0
313.1,25.4,98.0,655,0
111.6,22.0,77.6,460,1
0.0,28.9,66.4,1375,1
36.5,32.8,60.4,1350,1
122.8,23.5,76.8,678,1
12.3,22.6,82.2,416,1
319.9,27.4,83.8,890,0
29.4,29.6,69.2,1403,1
93.2,30.5,83.4,1017,1
12.2,27.3,57.6,188,0
64.0,29.9,58.2,1282,1
138.9,22.6,91.3,723,1
131.3,30.4,81.0,1029,1
37.8,32.2,64.0,8,0
140.9,28.9,85.3,918,1
379.7,25.3,96.6,734,0
275.8,27.6,89.5,590,0
136.4,26.7,86.8,693,1
0.0,25.6,68.9,101,0
0.0,30.9,78.1,1338,1
0.0,28.4,63.0,168,1
326.9,22.0,83.9,591,0
0.0,28.4,65.1,115,0
12.2,31.5,61.3,1340,1
378.2,25.6,83.4,753,0
159.6,23.6,76.9,770,0
66.2,33.8,86.1,1036,1
16.5,28.5,62.9,137,1
42.5,22.8,76.7,376,1
350.1,28.7,93.0,781,0
0.0,31.7,83.5,1190,1
67.6,32.0,80.5,960,1
46.5,31.8,69.2,1242,1
395.3,22.2,90.3,716,0
240.3,26.9,85.4,909,0
36.1,33.1,56.2,1416,1
389.7,27.2,97.8,707,0
373.1,25.3,85.6,895,0
330.3,26.9,88.6,544,0
0.0,26.6,77.8,415,1
54.8,30.6,76.5,1194,1
0.2,25.8,68.7,251,0
0.0,25.6,70.6,35,0
84.6,28.6,85.4,990,0
0.0,27.6,73.2,174,0
399.4,26.6,74.1,757,0
147.3,26.7,74.9,830,1
0.0,31.1,66.3,1388,1
84.1,28.9,74.4,1063,1
36.6,27.6,77.8,205,1
98.2,34.2,70.6,1034,1
0.0,26.9,77.1,255,0
126.6,29.1,68.7,912,1
24.2,28.5,52.9,24,0
6.6,31.3,69.8,1229,1
117.5,24.3,87.5,832,1
270.0,25.1,88.8,895,0
53.0,23.9,87.8,486,1
170.2,29.1,86.2,896,0
108.9,28.3,79.3,1014,1
0.0,33.2,59.0,1431,1
0.0,25.8,53.8,183,0
175.5,25.0,90.1,702,0
3.1,27.9,62.9,279,0
33.4,25.4,71.2,277,0
343.5,25.8,90.6,656,0
16.2,26.3,96.5,329,0
0.0,23.2,74.4,369,1
0.0,29.5,56.4,1409,0
189.5,29.4,85.9,818,0
0.0,33.5,50.8,1386,1
120.6,25.8,82.3,635,1
397.2,24.3,85.2,754,0
31.8,30.8,66.6,83,0
0.0,24.0,84.7,398,1
11.1,29.3,78.1,1175,1
0.0,25.7,62.4,224,0
54.6,23.7,88.4,439,1
60.6,34.0,82.6,1188,1
0.0,30.3,61.2,1291,1
0.0,30.1,56.8,1258,1
25.1,30.5,57.3,1118,1
248.3,25.8,89.9,768,0
172.2,28.3,92.8,805,0
91.3,25.3,78.8,565,1
134.1,22.0,83.5,635,1
0.0,28.3,69.7,102,0
224.2,24.2,82.4,514,0
111.4,28.3,83.0,1002,1
46.8,26.4,83.3,154,0
0.0,32.1,64.1,1391,1
0.0,26.5,73.9,332,0
47.0,25.6,65.5,275,0
43.3,26.8,78.8,253,0
0.0,32.8,80.1,1292,1
335.1,25.8,85.6,885,0
25.2,29.3,69.5,1364,1
72.4,29.2,91.0,1004,1
80.9,22.6,76.9,503,1
0.0,26.8,68.8,134,0
0.0,31.7,59.5,1170,1
197.3,29.8,81.1,976,0
261.9,22.0,80.4,551,0
0.0,28.2,76.0,141,0
94.1,30.3,76.2,1042,1
77.2,31.3,75.1,1045,1
200.8,28.7,92.9,973,0
33.0,29.6,63.7,1391,1
0.0,27.2,71.5,169,0
0.0,30.1,77.7,123,0
32.8,24.3,67.8,358,0
182.0,28.2,91.9,765,0
25.0,32.8,59.4,1430,1
270.8,27.3,88.9,852,0
66.6,23.0,86.9,536,1
0.0,26.0,63.5,234,0
361.6,26.7,66.5,797,0
35.4,24.9,61.5,282,0
0.0,30.5,66.6,87,0
304.7,23.2,75.1,637,0
87.4,25.7,76.7,520,1
4.3,29.0,69.4,1423,1
0.0,24.7,64.1,138,0
110.5,22.0,80.6,525,1
19.5,26.9,61.0,166,0
18.5,27.4,80.4,102,0
169.1,23.5,78.9,697,0
145.8,26.1,81.7,585,1
75.3,22.5,84.3,482,0
101.3,24.1,75.3,858,1
35.2,25.3,77.7,439,1
0.0,28.7,68.3,264,0
106.7,25.4,89.8,610,1
56.7,27.7,65.6,115,0
0.0,31.2,60.7,1396,1
311.2,26.4,86.0,899,0
22.9,23.2,81.4,358,0
67.3,23.7,75.2,468,1
0.0,25.9,70.5,294,0
120.6,28.6,81.4,934,1
25.0,34.2,80.8,1033,1
15.3,25.3,66.3,358,0
0.0,27.9,84.9,278,0
241.9,33.5,93.0,956,0
385.6,25.1,82.3,738,0
21.9,26.3,86.9,242,0
458.3,27.6,65.6,753,0
91.7,30.2,86.9,1017,1
29.7,30.3,98.0,1068,1
68.1,28.8,75.6,460,1
395.2,28.4,92.1,741,0
0.0,27.3,82.1,1117,1
11.8,30.7,64.6,175,0
0.0,34.0,69.9,1406,1
117.9,26.5,91.2,440,1
0.0,30.5,58.5,100,0
92.7,27.2,81.7,450,1
417.5,27.8,92.8,746,0
378.8,27.2,79.6,756,0
30.2,30.3,66.0,1,0
0.0,23.0,76.6,353,0
0.0,28.1,59.9,1426,1
0.0,33.0,87.0,1088,1
322.7,30.5,84.5,918,0
36.0,24.1,72.2,461,1
0.0,28.3,56.2,35,0
287.8,26.8,80.2,909,1
96.3,23.3,77.8,538,1
447.7,27.4,88.5,759,0
301.5,29.0,74.4,653,1
197.9,26.0,80.2,764,0
0.0,32.6,82.4,1238,1
310.0,26.4,70.0,546,0
42.9,26.8,63.4,183,0
41.8,25.9,63.0,314,0
17.1,26.2,77.0,371,1
0.0,28.2,75.9,287,0
161.0,24.6,98.0,605,0
368.0,25.0,93.0,779,0
0.0,31.9,65.5,1088,1
0.0,28.1,71.0,1354,1
102.2,24.7,81.4,547,1
120.4,25.9,78.5,546,1
325.5,27.9,83.8,603,0
11.5,33.8,77.2,1257,1
0.0,22.0,81.7,372,1
42.6,33.6,66.8,1038,1
0.0,29.9,68.3,186,0
32.1,27.2,57.4,69,0
188.0,26.2,86.0,804,0
394.9,28.9,81.5,763,0
327.6,25.3,91.2,717,0
0.0,23.4,72.8,394,1
35.8,27.5,59.7,117,0
395.7,31.3,85.5,744,0
207.0,28.5,84.5,808,0
226.9,29.4,78.7,1015,1
207.7,26.9,76.4,491,0
83.9,29.8,60.3,1010,1
69.1,26.6,93.1,466,1
0.0,30.2,54.6,99,0
17.4,30.2,67.3,1391,1
149.6,27.0,88.0,771,1
17.4,29.1,83.8,125,1
313.7,30.6,98.0,959,0
0.0,28.4,75.7,309,1
0.0,35.9,66.8,1081,1
0.0,25.4,67.1,415,1
307.9,22.0,77.1,584,0
222.6,25.8,79.8,504,0
69.0,28.5,61.6,66,0
143.9,24.6,75.9,879,1
6.1,27.4,70.7,262,0
14.3,32.7,61.2,1307,1
0.0,25.4,79.0,190,0
0.0,29.5,65.7,1197,1
8.3,29.8,62.5,215,0
55.1,31.8,78.5,1068,1
23.7,25.4,57.5,227,0
93.3,31.3,77.0,1010,1
186.5,24.3,72.6,682,0
24.6,33.0,67.5,1318,1
208.1,30.6,73.4,1002,0
244.9,22.0,78.1,546,0
9.1,32.1,69.0,1286,1
2.8,29.7,61.8,12,0
0.0,30.4,73.8,1310,1
23.9,28.3,57.4,1396,1
57.0,30.4,73.8,1051,1
116.3,30.1,75.0,1045,1
171.2,28.3,91.1,836,0
142.3,27.7,92.1,899,1
147.1,25.3,76.9,681,1
56.7,27.6,64.7,192,1
8.9,27.1,50.9,131,0
0.0,29.9,72.4,1146,1
313.5,29.6,85.0,660,0
36.1,24.4,86.3,392,1
83.5,24.1,82.3,651,1
0.0,32.8,64.0,54,0
0.0,28.9,68.8,313,0
129.5,30.9,87.9,898,1
150.1,27.2,85.7,886,0
0.0,32.2,78.4,1122,1
321.9,25.7,98.0,655,0
25.4,35.9,54.4,1377,1
79.1,29.9,45.0,100,0
402.6,27.9,90.4,796,0
0.0,27.0,65.0,63,0
32.7,24.5,63.3,231,1
252.3,32.7,88.1,1010,0
38.9,28.7,67.7,158,0
113.7,26.9,81.7,720,1
215.9,26.1,87.1,520,0
0.0,26.2,81.0,404,1
348.0,29.4,88.9,863,0
0.0,32.7,56.2,1353,1
368.7,24.8,77.1,633,0
0.0,32.3,74.8,1163,1
50.8,30.9,69.1,118,0
346.3,26.1,94.9,854,0
379.7,24.9,80.1,796,0
19.1,32.0,72.4,1152,1
14.4,32.2,77.3,1266,1
156.6,26.0,82.5,608,1
0.0,27.6,67.7,163,0
120.0,28.4,79.6,994,1
184.3,26.4,89.2,682,0
0.9,33.5,69.4,1433,1
25.5,32.7,57.1,1246,1
338.5,25.1,88.8,878,0
130.2,29.6,95.5,922,1
29.7,22.1,58.9,265,0
12.8,31.8,75.1,1140,1
0.0,22.0,77.0,313,0
0.0,30.6,64.4,1111,1
10.5,27.0,63.9,290,0
0.0,27.4,60.9,167,0
33.1,32.3,66.7,9,0
0.0,25.6,61.5,300,0
385.9,25.8,78.2,844,0
4.3,30.8,68.2,62,0
0.0,29.4,73.2,168,0
186.5,32.5,80.2,1009,0
0.0,32.2,56.9,1437,1
169.0,26.1,82.5,712,0
4.7,28.8,79.2,1046,1
317.6,29.6,95.8,890,0
144.8,24.9,88.1,713,1
112.2,30.6,98.0,956,1
62.9,28.6,84.2,441,1
162.6,29.4,94.4,797,0
68.3,30.6,74.8,975,1
14.1,32.1,76.1,1201,1
108.5,23.3,79.0,466,1
131.0,23.4,98.0,852,1
158.0,27.1,81.9,824,1
39.0,29.8,91.8,1035,1
31.0,32.5,86.2,1147,1
16.4,23.5,70.4,402,1
47.7,28.4,68.8,127,0
362.0,27.7,73.2,713,0
23.9,32.3,84.5,1209,1
0.0,28.7,48.2,1434,1
0.0,26.3,53.4,152,0
0.0,33.2,71.2,1170,1
137.2,28.5,77.1,791,1
377.8,26.3,75.7,848,0
421.7,26.9,81.9,816,0
38.5,26.3,82.7,368,1
97.9,33.4,88.0,1007,1
405.6,25.5,88.3,677,0
0.0,31.5,76.4,1169,1
45.8,26.2,68.2,211,0
237.6,24.3,88.3,519,0
0.0,27.9,73.4,322,0
296.9,29.3,75.8,910,0
0.0,32.9,65.7,1279,1
55.6,29.0,69.9,1278,1
0.0,35.2,76.9,1235,1
4.0,34.7,72.6,1251,1
6.6,28.4,55.5,85,0
0.3,30.6,72.1,1389,1
168.0,26.5,74.6,443,0
189.3,30.4,87.9,612,0
110.9,22.6,72.4,771,1
94.6,29.0,84.6,1005,1
103.2,23.3,85.3,472,1
29.0,34.1,65.9,1233,1
109.9,31.5,80.8,1048,1
17.0,29.8,79.2,1055,1
355.2,24.1,79.0,786,0
334.4,30.0,91.3,890,0
0.0,24.8,70.7,329,0
352.2,22.2,80.5,616,0
382.9,24.6,89.8,767,0
51.8,29.1,66.6,12,0
17.9,24.6,77.8,355,0
226.2,22.0,81.2,503,0
99.4,22.1,80.9,473,1
315.3,29.3,83.1,654,0
28.8,32.5,62.6,1290,1
0.0,30.6,69.3,1137,1
0.0,31.6,60.0,1406,1
217.0,24.3,75.9,529,0
177.3,28.2,98.0,980,1
376.3,22.0,89.1,703,0
175.4,25.9,79.0,834,0
318.5,27.6,91.8,896,0
234.8,28.8,97.1,900,0
42.7,28.2,63.8,1274,1
4.3,36.8,64.3,1262,1
45.0,36.7,58.0,1145,1
21.4,30.9,62.8,13,0
302.5,24.2,88.5,594,0
108.4,23.0,74.9,457,1
108.4,32.0,69.3,1052,1
37.0,29.8,53.1,51,0
27.6,31.5,67.8,97,0
0.0,31.8,60.0,7,0
16.5,28.3,81.2,25,0
61.4,22.6,80.4,494,1
390.6,27.9,78.8,733,0
22.4,31.4,72.1,47,0
381.0,23.8,98.0,739,0
4.5,30.9,86.9,1194,1
15.0,31.6,60.6,1307,0
0.0,24.5,64.9,418,1
30.3,28.9,55.0,78,0
0.0,27.0,78.0,355,0
28.3,24.8,72.7,392,1
390.3,27.1,79.2,815,0
46.6,29.3,84.2,1043,1
319.4,28.3,76.6,849,0
0.0,29.0,73.5,111,0
119.0,23.2,74.0,589,1
31.3,29.2,63.6,1353,1
144.9,27.7,95.8,695,1
230.6,33.6,81.0,1006,0
18.7,24.6,69.3,455,1
148.6,27.4,95.8,615,1
0.0,28.5,75.4,134,0
47.9,22.4,83.9,317,0
120.9,24.6,66.3,486,1
14.8,24.5,74.8,346,0
183.9,25.0,74.4,501,0
0.0,27.7,70.2,391,1
211.3,23.0,85.1,522,0
47.6,31.6,63.6,1038,1
412.1,26.9,85.9,699,0
59.5,26.8,89.9,475,1
45.7,26.1,78.7,420,1
54.3,28.6,86.3,1054,1
0.0,29.6,73.4,1144,1
349.9,29.5,76.8,889,0
0.0,23.8,90.4,371,1
113.8,22.6,82.1,611,1
0.0,34.2,62.3,1160,1
274.9,28.3,71.0,958,0
39.4,30.2,66.4,237,0
0.3,24.3,79.4,318,0
0.0,30.4,67.8,1268,1
25.9,27.9,54.4,162,0
230.8,25.5,80.7,528,0
307.4,24.7,90.8,587,0
427.4,30.7,83.6,815,0
352.2,24.9,95.3,641,0
46.1,30.5,70.9,1073,1
0.0,34.9,75.1,1306,0
428.3,26.4,88.5,716,0
0.0,30.6,70.6,1370,1
377.3,25.6,88.2,691,0
148.2,26.4,82.4,754,1
179.1,25.6,87.4,750,0
2.5,31.8,71.6,1139,1
5.7,28.9,77.2,1132,1
0.0,30.8,68.7,1374,1
380.4,27.8,82.8,811,0
4.6,25.9,66.8,216,0
202.6,24.2,73.6,751,0
49.5,24.1,78.0,462,1
16.4,30.5,71.1,1375,1
38.5,29.4,71.9,1236,1
0.0,28.9,67.5,1358,1
0.0,32.3,63.5,1117,1
415.8,25.4,87.7,689,0
80.9,31.5,67.8,1077,1
9.4,24.6,66.4,331,1
13.5,27.8,68.4,1064,1
1.0,29.7,66.8,1081,1
45.7,31.2,69.1,1310,1
54.2,26.9,59.2,250,0
16.5,27.3,55.5,1438,1
41.6,22.0,92.7,499,1
0.0,30.9,81.3,156,0
58.7,25.3,90.0,548,1
0.0,29.7,72.6,1117,1
29.2,27.5,75.5,168,0
0.0,31.0,72.2,1278,1
340.2,28.6,68.1,894,0
0.0,29.0,74.3,39,1
53.8,22.2,65.0,366,1
166.5,26.2,80.6,664,0
225.5,33.6,82.4,1006,0
11.8,33.1,72.4,1241,1
28.8,31.0,68.4,1403,1
36.4,31.4,82.0,1187,1
6.3,24.4,72.2,280,0
0.0,26.1,69.2,186,0
358.3,26.0,96.9,670,0
55.9,34.2,71.8,1148,1
29.0,33.3,64.4,1428,1
36.8,31.2,81.2,1049,1
72.7,30.4,96.0,1000,1
12.5,31.6,69.5,1082,1
130.2,25.1,66.3,501,1
0.0,27.1,67.8,219,0
15.8,32.1,81.2,1250,1
0.0,27.3,70.0,79,0
0.0,25.2,63.8,211,0
41.0,27.7,65.4,107,0
317.5,28.5,75.8,846,0
30.5,28.4,51.1,119,0
0.0,32.1,65.7,186,0
0.0,25.9,64.4,319,0
17.2,27.7,72.5,384,0
134.6,27.1,70.2,584,1
13.1,32.3,88.8,1114,1
29.6,31.4,82.6,1123,1
0.0,30.1,63.7,1283,1
196.3,24.0,85.0,699,0
11.3,29.7,74.8,132,0
422.0,26.5,87.5,771,0
114.4,29.5,74.8,1067,1
118.3,23.7,81.4,458,1
0.0,32.7,67.9,1203,1
318.2,28.0,82.5,851,1
0.0,29.5,79.0,16,0
18.1,27.9,69.8,120,0
85.9,22.0,77.0,436,1
0.0,27.0,60.0,181,0
111.0,26.9,86.4,905,0
45.9,32.2,74.6,1363,1
300.9,24.4,91.3,597,0
342.5,26.7,98.0,670,0
159.3,28.5,76.8,832,0
377.3,30.4,68.6,822,0
0.0,25.1,73.3,77,0
9.1,31.2,56.7,1359,1
35.8,22.0,60.7,264,0
0.0,27.0,74.5,278,1
12.4,24.8,74.9,327,0
408.7,25.1,79.9,765,0
73.4,24.5,73.4,495,1
0.0,29.8,68.2,1271,1
323.8,31.7,79.8,880,0
373.8,26.5,85.6,831,0
24.7,31.0,57.3,1408,1
0.0,24.3,68.0,382,0
0.7,33.7,60.0,1160,1
0.0,26.6,68.3,75,1
0.0,26.2,69.8,412,1
10.4,24.1,78.2,350,0
30.0,29.0,62.4,1007,1
31.7,30.8,54.3,100,0
0.0,27.5,64.9,164,0
61.1,27.2,64.6,265,0
14.5,27.3,61.4,276,0
0.0,29.3,62.8,21,0
111.9,24.6,75.3,470,1
376.8,24.2,91.6,669,0
9.9,30.8,67.5,1386,1
49.9,27.9,76.9,188,0
421.1,24.1,97.3,744,0
0.1,32.3,61.3,1365,1
96.7,28.6,92.5,854,1
372.6,22.0,90.7,612,0
128.4,22.6,81.7,581,1
40.2,26.6,70.5,165,0
0.0,31.0,69.5,1285,0
395.2,25.1,84.2,800,0
275.5,30.9,84.1,922,0
115.7,26.3,84.7,583,0
237.4,22.6,90.2,567,0
395.9,22.9,76.3,710,0
91.5,24.0,86.1,517,1
0.0,32.7,55.8,11,0
18.5,30.3,69.3,263,0
27.6,30.5,74.5,1152,1
83.4,22.0,57.5,459,1
315.8,22.0,81.3,647,0
174.6,22.0,88.2,661,0
42.7,30.8,64.1,53,0
0.0,32.1,60.6,1298,1
45.6,32.3,78.2,1151,1
324.6,26.8,77.3,638,0
10.0,29.3,71.7,290,0
294.6,29.7,82.8,853,0
0.0,27.5,69.3,269,0
107.9,22.2,86.0,700,1
51.4,25.0,65.0,289,0
176.7,32.8,87.3,1002,1
176.8,28.9,73.5,1007,0
13.3,33.0,72.0,1398,1
364.1,25.4,81.7,690,0
40.1,32.4,49.4,1422,1
402.3,26.3,77.4,889,0
279.8,29.5,94.1,882,0
15.7,23.9,81.7,324,0
92.7,25.6,69.0,663,1
0.0,31.8,66.5,1189,1
55.7,33.2,62.1,1070,1
126.2,28.6,85.5,792,1
8.1,25.5,59.9,95,0
80.9,22.4,82.8,521,1
0.0,24.7,75.4,293,0
20.8,33.2,84.5,1176,1
9.5,29.0,78.8,2,1
4.4,29.3,81.7,1335,1
0.0,25.3,73.8,145,0
12.9,26.6,71.2,339,0
0.0,22.0,55.4,295,0
0.0,34.1,63.6,1238,1
14.9,23.4,59.1,258,0
34.7,29.1,68.7,45,0
65.7,27.7,96.7,974,1
13.7,29.6,67.9,1111,1
392.5,26.5,72.8,828,1
167.0,24.9,76.4,680,0
92.4,22.0,96.2,540,0
0.0,31.1,82.5,1145,1
2.1,32.2,78.6,1226,1
148.5,31.8,66.8,1042,1
0.0,26.7,72.7,1426,1
304.3,23.6,84.1,630,0
95.4,24.9,72.2,71,0
112.8,29.8,69.1,1040,1
16.5,23.7,74.8,411,1
20.4,32.1,60.6,1381,1
369.6,29.9,89.2,844,0
373.4,22.5,98.0,608,0
126.8,31.4,67.2,1039,1
43.1,32.8,64.7,1365,1
391.4,23.7,93.0,677,0
35.1,26.7,69.1,321,0
57.5,32.1,65.8,1147,1
6.5,30.9,67.1,1353,1
174.4,26.3,81.8,728,0
0.0,28.7,86.4,1146,1
277.9,29.3,84.6,929,0
114.1,29.1,81.6,1037,1
101.5,24.2,75.1,566,1
6.4,30.7,67.4,1335,0
51.7,24.7,77.1,440,1
87.0,33.2,83.1,1024,1
0.0,32.3,75.3,1254,1
13.3,32.0,60.5,28,0
0.0,29.4,67.4,1366,1
64.4,27.0,85.4,456,1
27.8,23.1,67.5,342,1
58.3,23.5,85.2,261,0
333.6,27.5,74.3,853,0
5.9,31.0,65.9,1316,1
162.7,24.8,76.5,858,0
20.6,26.8,69.4,94,0
0.0,22.8,65.1,23,1
0.0,28.8,55.6,1361,1
23.6,30.1,83.0,1379,1
132.3,27.5,79.0,605,1
307.2,25.6,66.3,599,0
72.7,31.5,79.5,1077,1
97.1,35.2,78.6,1022,1
218.0,26.4,75.0,993,0
85.1,24.0,70.9,464,1
169.1,32.1,83.5,889,0
80.4,23.1,69.2,421,1
194.4,28.3,86.8,974,0
155.4,26.8,90.8,696,0
13.4,23.0,78.2,434,1
186.6,29.5,75.4,839,0
0.0,28.6,58.9,211,0
6.7,29.6,67.9,20,0
33.8,32.0,68.4,16,0
0.0,31.0,75.2,1113,0
103.0,29.3,86.3,931,1
164.7,28.1,88.9,829,0
0.0,31.2,70.2,1246,1
328.8,32.1,82.7,951,0
0.0,26.1,57.0,262,0
131.2,24.6,80.3,514,1
27.4,26.4,64.1,96,0
92.8,29.5,71.1,1062,1
0.0,25.5,77.1,340,0
211.5,25.7,79.5,516,0
17.3,32.8,67.3,56,1
57.1,22.0,64.2,512,0
318.4,27.4,80.7,924,0
425.9,23.5,90.1,765,0
139.2,25.0,77.0,516,1
0.0,34.8,68.6,1239,1
164.7,25.7,86.9,740,1
207.0,24.1,79.9,525,0
336.6,24.8,94.2,659,0
14.0,26.0,72.2,227,0
17.1,26.6,69.1,97,1
16.0,27.3,75.0,339,0
144.8,27.3,94.6,813,1
0.8,25.9,71.4,198,0
0.0,31.2,63.7,326,0
0.0,31.5,83.3,1088,1
1.1,22.0,66.2,304,0
48.0,30.3,69.9,64,0
164.7,27.1,68.3,1044,0
439.4,26.9,71.7,745,0
186.1,24.9,77.8,498,0
15.2,34.2,79.7,1349,1
0.0,29.5,67.0,1115,1
155.3,25.4,76.3,767,0
126.9,24.4,78.0,647,1
59.6,31.7,49.5,15,0
12.6,31.7,75.9,1386,1
4.1,32.9,82.9,1277,1
0.0,27.0,73.6,415,1
0.0,31.6,63.9,1220,1
362.4,30.9,79.8,870,0
0.0,29.8,56.9,0,0
171.0,27.0,85.5,662,0
43.0,23.5,82.1,390,1
141.9,29.2,97.3,864,1
0.0,34.3,63.8,1252,1
0.0,29.3,67.8,1087,1
38.4,31.9,69.8,0,0
204.2,30.4,77.9,966,0
61.7,34.1,79.5,966,1
26.0,27.5,64.1,127,1
365.0,25.8,86.9,678,1
0.0,24.9,76.5,316,0
145.4,25.9,83.6,610,1
0.0,23.6,60.6,166,0
49.9,22.0,85.9,460,0
399.9,28.3,83.4,828,0
88.8,27.0,96.0,790,1
255.0,22.0,73.7,577,0
26.6,27.8,61.4,100,0
398.9,26.2,73.5,829,0
195.3,23.0,85.7,531,0
0.0,29.9,69.7,121,0
0.0,34.5,74.4,1203,0
120.8,22.0,74.7,469,1
109.2,28.8,88.3,927,1
0.0,29.3,69.8,92,1
0.0,22.2,68.1,310,0
0.0,34.5,85.3,1202,1
397.4,25.9,84.9,699,0
10.3,27.7,71.6,244,0
0.0,28.1,72.4,111,0
323.3,27.5,76.0,920,1
0.0,24.9,69.9,261,0
151.8,27.8,78.2,893,0
357.9,24.3,74.9,696,0
75.0,28.8,72.2,239,0
178.3,33.3,62.8,850,0
115.3,25.7,71.4,643,1
115.8,25.1,88.1,921,1
0.0,31.8,54.2,1360,1
0.0,22.8,67.6,352,0
167.2,26.1,86.7,792,0
128.9,30.8,81.6,1073,1
117.4,24.7,88.7,711,1
324.0,22.5,89.1,602,0
188.3,27.0,76.5,732,0
42.5,28.0,74.1,1227,0
0.0,32.2,62.6,1373,1
375.1,22.7,62.2,610,0
0.0,32.0,79.5,1330,1
273.9,26.3,78.5,920,0
104.2,28.5,83.7,891,1
0.0,34.8,63.6,1220,1
195.8,26.8,87.9,846,0
0.0,25.7,64.6,196,0
130.1,25.4,77.6,647,1
0.0,31.9,95.2,1093,1
129.6,25.2,61.1,872,1
0.0,29.2,63.7,190,0
6.7,33.6,71.5,1212,1
399.0,28.6,75.4,720,0
0.0,33.0,61.9,1293,1
0.0,35.2,76.9,1088,1
7.7,25.3,45.0,72,0
364.5,30.0,96.5,816,0
0.0,26.2,69.4,209,1
99.6,27.9,83.2,940,1
0.0,30.6,69.8,1244,1
27.2,32.9,67.6,1176,1
331.4,28.6,82.2,826,0
293.4,27.1,84.5,846,0
28.0,28.5,61.9,133,0
8.2,29.7,74.5,467,1
50.8,27.7,85.3,905,1
323.0,23.3,70.6,573,0
0.0,29.8,72.4,195,0
77.9,27.7,96.4,1070,1
0.0,29.5,81.5,96,0
150.7,25.2,82.4,995,1
150.4,23.2,75.0,765,0
0.0,24.6,79.0,238,0
358.5,22.8,82.1,605,0
20.3,22.0,86.4,367,1
414.3,25.6,78.6,683,0
103.8,26.9,77.4,542,1
41.4,28.6,78.9,363,0
132.2,23.9,79.5,751,1
4.0,26.0,90.0,360,1
0.0,33.2,69.9,1413,1
139.2,30.2,94.2,1004,1
319.1,25.6,73.0,548,1
283.8,25.1,75.1,551,0
7.3,31.7,87.1,1389,1
51.9,25.5,55.1,189,1
0.0,27.9,83.3,1189,1
0.0,26.3,69.5,223,0
0.0,30.3,64.5,1313,1
0.0,24.0,83.0,407,1
47.6,33.8,80.9,1282,1
33.9,32.9,65.6,5,0
153.2,25.5,86.9,683,0
16.4,28.5,66.7,1436,1
378.7,25.2,84.4,743,0
175.8,22.6,68.7,560,0
175.0,28.2,76.7,895,0
401.6,25.1,95.0,761,0
2.2,33.3,62.2,1350,1
29.6,30.2,59.7,1306,1
0.0,36.2,65.1,1317,1
0.0,29.1,68.0,1240,1
47.2,32.5,56.5,1289,1
235.1,22.0,78.7,535,0
211.2,26.1,80.7,513,0
126.0,28.1,77.9,857,1
283.1,24.5,84.6,551,0
0.0,29.0,87.6,1414,1
79.9,26.3,79.6,546,1
156.5,25.4,67.8,460,1
25.4,29.7,73.8,1419,1
224.4,29.0,89.8,924,0
55.2,28.2,89.2,965,1
0.0,24.1,72.8,240,0
0.0,25.7,63.2,225,0
98.6,30.3,78.8,1035,1
54.8,30.8,60.8,1439,1
23.6,31.4,85.8,1127,1
0.0,25.2,75.9,183,0
0.0,26.1,62.3,388,1
258.8,26.3,78.5,577,1
74.1,32.7,84.3,1066,1
36.3,32.9,65.2,1107,1
0.0,22.0,68.1,201,0
231.2,22.1,68.0,547,0
0.0,27.0,61.8,31,0
0.0,27.9,66.1,1352,1
111.3,33.1,68.2,1032,1
0.0,29.4,71.0,266,0
324.9,28.0,87.9,857,0
197.5,30.9,72.6,977,0
0.0,27.3,72.1,132,0
180.3,27.5,92.9,681,0
64.2,29.6,63.8,73,0
0.0,29.0,50.7,10,0
27.6,32.6,61.2,1358,1
0.0,31.6,72.2,1249,1
172.1,30.4,70.8,1012,0
0.0,33.3,66.6,1281,1
305.9,36.6,75.2,935,0
0.0,29.6,69.9,256,0
333.0,28.3,81.9,890,1
0.0,26.1,66.0,151,1
19.0,22.0,78.9,373,0
360.2,27.1,81.5,641,0
156.8,26.4,95.3,596,0
97.9,22.7,91.3,508,1
166.9,26.8,88.2,785,1
417.5,26.4,88.8,769,0
0.0,30.2,60.9,116,0
7.2,31.3,69.3,123,0
27.9,22.0,79.3,370,0
0.0,33.3,74.5,1244,1
92.5,31.3,86.0,1059,1
20.3,27.0,69.6,129,0
173.8,25.7,84.6,594,0
0.0,31.6,78.1,1287,1
0.0,24.4,75.8,370,1
91.2,24.6,75.2,514,0
203.7,29.1,84.6,974,0
124.9,25.8,88.9,607,1
0.0,23.7,72.0,379,1
0.0,34.2,62.4,1429,1
392.9,27.4,85.7,838,0
0.0,30.1,85.2,1100,1
0.0,27.6,64.0,180,0
12.7,27.2,61.3,328,0
306.5,22.0,70.3,563,1
0.0,27.1,64.6,389,1
136.0,26.7,75.5,759,1
389.8,26.9,80.4,814,0
0.0,25.6,63.8,212,0
59.6,24.8,81.6,439,1
0.0,24.2,80.1,296,0
0.0,26.0,72.1,15,0
9.1,25.5,62.2,188,0
0.0,27.5,61.6,150,0
183.5,25.2,98.0,496,0
35.9,23.7,65.5,478,1
26.7,27.7,72.3,30,0
8.2,23.8,65.6,347,0
159.9,24.0,86.3,502,0
0.0,25.8,84.5,365,1
30.2,28.6,69.5,209,0
397.7,23.3,93.6,774,1
158.2,30.1,98.0,966,0
0.0,30.6,54.5,115,0
0.0,24.3,78.6,287,0
388.8,28.8,94.0,699,0
0.0,31.0,58.5,1241,1
20.9,26.2,80.5,465,1
0.0,26.6,71.2,310,0
71.9,22.8,82.8,453,0
36.6,30.9,79.5,1031,1
9.7,30.7,73.2,179,0
7.4,30.8,61.0,1319,1
157.8,25.5,98.0,711,0
0.0,25.0,68.1,171,0
50.3,32.6,81.1,1304,1
68.9,24.4,76.2,346,0
48.4,30.1,76.0,86,0
5.0,29.8,66.7,1377,1
384.9,25.8,94.5,671,0
41.7,28.3,57.5,72,0
0.0,22.0,80.7,307,0
251.3,30.2,74.3,975,0
29.7,30.5,65.0,148,0
0.0,26.8,56.8,94,0
14.2,30.2,61.1,1379,1
18.9,34.5,70.1,1168,1
28.6,25.2,82.5,450,1
31.4,31.2,70.9,1272,1
192.7,25.8,81.7,671,0
0.0,25.7,72.7,230,0
0.0,30.9,73.9,241,0
396.8,27.8,82.3,752,0
311.7,31.4,80.6,847,0
0.0,31.6,63.6,1360,1
269.8,26.5,98.0,956,0
84.3,25.1,77.0,598,1
55.6,34.0,75.2,1359,0
99.5,31.6,76.1,952,1
400.0,22.0,81.2,708,0
181.2,30.4,83.8,1000,1
166.6,25.8,87.5,931,0
380.6,24.0,87.4,697,0
66.2,25.3,83.3,447,1
25.0,34.5,77.6,1154,1
11.9,28.4,71.4,142,0
318.9,26.7,77.9,923,0
155.4,27.2,82.5,732,0
3.4,29.8,66.4,1340,1
0.0,30.9,84.0,1133,1
128.6,24.3,83.1,431,1
10.0,30.5,68.8,1272,1
0.0,27.3,71.5,278,0
0.0,33.4,63.9,1162,1
32.9,26.2,75.6,469,1
34.6,33.7,61.4,1425,1
126.8,24.9,91.7,702,1
25.6,27.5,66.7,27,0
0.0,29.7,79.8,1213,1
0.0,35.3,91.0,1156,0
46.2,28.4,79.1,323,0
0.0,34.5,60.5,1312,0
44.6,29.7,76.0,1077,1
33.4,27.5,64.6,453,1
10.3,24.2,89.3,410,1
5.9,30.7,83.3,47,0
33.2,33.7,62.5,1221,1
240.0,31.6,78.8,909,0
174.7,26.3,80.1,713,0
5.8,27.9,65.7,307,0
0.0,31.9,60.7,1160,0
0.0,28.6,72.2,96,0
338.3,26.3,76.1,786,0
0.0,24.7,67.9,205,0
0.0,24.4,58.8,12,1
37.5,33.5,52.7,1335,1
112.9,30.4,72.6,1049,1
439.0,27.5,73.6,750,0
3.7,30.2,65.4,64,0
126.5,24.3,84.8,511,1
44.3,33.9,74.6,1215,1
0.0,31.2,67.4,106,1
202.1,22.1,85.2,488,0
0.0,33.1,57.5,21,0
342.1,26.3,81.2,654,0
53.2,26.2,63.8,163,1
0.0,30.6,60.8,1179,1
0.0,29.0,59.8,1364,1
0.0,28.2,59.1,216,0
29.5,30.5,76.4,1033,1
114.6,26.5,70.9,1335,1
50.6,24.1,69.0,342,0
0.0,27.2,58.7,139,0
0.9,32.1,68.8,1303,1
119.7,22.0,80.2,614,1
376.0,28.2,78.2,895,0
0.0,34.9,80.5,1303,1
0.0,26.4,78.4,265,0
0.0,33.0,73.6,1148,1
262.1,27.3,78.0,540,0
174.1,25.0,81.1,694,0
336.4,27.7,77.0,883,0
110.1,30.7,74.3,979,1
258.5,22.4,81.2,584,0
33.0,23.8,52.6,354,0
6.7,26.8,88.8,1025,1
178.4,30.6,88.2,761,0
0.0,29.7,59.4,129,0
32.7,28.9,76.8,1427,1
209.6,26.2,87.1,598,1
131.1,25.3,90.8,812,1
36.6,25.3,69.7,315,0
0.0,28.1,70.5,155,0
231.8,28.1,68.7,905,0
0.0,22.9,77.5,378,1
15.4,34.3,69.6,1170,1
362.0,27.1,92.3,781,0
234.8,27.4,77.0,497,1
379.0,25.9,79.2,881,0
28.4,31.1,79.4,1227,1
31.8,27.9,75.3,179,0
0.0,31.2,71.6,63,0
45.5,27.5,68.9,60,0
33.6,29.1,71.8,166,0
99.7,31.5,75.6,1061,1
337.6,29.8,77.7,829,0
0.0,32.9,75.0,1155,1
133.2,27.2,63.8,1064,1
234.5,22.1,92.7,597,0
0.0,27.1,64.6,106,0
17.3,31.0,66.6,1261,1
0.0,32.6,57.5,51,0
76.9,26.4,78.4,215,0
161.7,27.0,90.3,780,0
47.2,29.6,67.0,38,0
185.8,28.0,89.1,802,0
206.7,27.6,82.9,925,0
28.4,31.5,74.6,1270,1
154.1,26.6,81.9,837,0
0.0,31.7,72.6,1181,1
1.6,26.9,70.7,120,0
40.8,25.3,55.1,130,0
129.4,25.9,69.7,503,1
0.0,24.9,87.1,309,0
402.3,28.3,78.1,733,0
42.5,33.0,82.2,1213,1
0.0,30.1,62.5,66,0
109.6,26.4,68.8,442,1
9.7,37.2,79.6,1242,1
68.4,31.6,70.2,81,1
22.8,28.7,73.7,239,0
200.7,28.6,74.2,875,0
61.6,29.5,71.5,206,1
393.2,24.5,60.7,775,0
395.4,26.3,87.8,661,0
461.6,28.6,77.8,758,0
352.1,28.9,96.1,830,0
32.0,31.7,79.9,1185,1
64.5,31.7,79.1,1038,1
0.0,24.5,81.0,306,0
127.2,23.0,98.0,611,0
0.0,31.9,64.9,62,0
24.2,30.6,69.1,1366,1
44.2,30.6,65.0,1084,1
22.2,30.6,68.1,1087,1
0.0,24.6,62.7,253,0
45.2,30.0,75.4,1115,1
36.0,25.6,68.4,66,0
275.5,22.0,76.7,546,0
0.0,28.6,67.6,109,0
319.2,25.4,91.7,645,0
135.8,27.5,79.0,1051,1
0.0,31.2,74.1,1387,1
171.5,30.6,69.6,897,0
66.5,23.1,67.4,491,1
9.3,29.5,71.4,1329,1
0.0,31.3,77.0,1093,1
146.8,25.0,80.7,488,1
0.0,26.9,67.3,157,0
0.0,33.9,60.9,1229,1
222.8,24.9,66.4,484,0
163.6,30.4,92.1,780,0
58.0,28.1,83.8,1080,1
15.4,22.0,69.5,416,1
263.3,28.2,65.1,919,0
149.8,26.4,81.0,948,1
0.0,33.1,59.6,10,0
0.0,27.4,74.6,205,0
2.6,26.3,60.3,223,0
48.6,27.6,80.7,362,1
135.1,24.7,78.4,425,1
110.6,29.6,90.4,1002,1
62.1,24.4,74.5,284,0
29.9,25.6,71.9,370,1
0.0,32.9,75.4,1147,0
23.5,33.2,72.5,1168,1
49.3,28.6,55.7,189,0
0.0,28.1,77.3,333,0
0.0,22.9,74.6,383,1
71.5,35.3,60.6,1065,0
6.8,29.6,58.5,287,0
36.8,35.3,67.9,1156,1
48.5,27.6,73.3,151,0
0.0,23.1,69.9,370,1
20.3,32.1,73.9,1293,1
109.4,27.5,91.0,803,1
0.0,26.3,73.5,414,1
36.5,25.7,76.1,244,0
0.0,33.7,67.5,1288,1
0.0,25.3,64.0,287,0
22.5,31.6,64.6,1367,1
11.5,30.5,59.1,117,0
0.0,32.2,76.5,1233,1
19.4,30.5,71.7,1275,1
0.0,23.4,84.8,324,0
142.2,30.1,83.2,876,1
0.0,33.0,73.2,1207,1
92.4,26.9,84.5,568,1
0.0,33.8,70.7,1371,1
0.0,30.3,68.9,1425,1
37.1,26.5,69.0,384,1
0.0,26.7,71.1,281,0
0.0,29.8,65.3,22,0
378.9,31.3,98.0,753,0
0.0,36.7,56.3,1202,1
11.5,32.1,83.9,1049,1
166.6,24.3,97.3,769,0
79.1,31.0,62.7,1252,1
31.5,30.9,87.4,1233,1
60.0,32.5,79.1,1051,1
64.8,26.8,68.5,292,0
414.0,25.4,85.9,748,1
32.8,31.1,69.6,188,0
206.4,29.1,82.1,961,0
19.3,31.7,57.1,176,0
157.7,32.3,83.8,998,1
129.3,25.8,70.0,606,1
0.0,30.4,66.8,1245,1
0.0,35.1,69.8,1144,1
0.0,35.4,66.9,1327,1
44.9,32.5,69.5,1231,1
0.0,29.5,70.2,234,0
0.0,29.2,54.8,113,0
68.0,34.9,72.7,1157,1
306.1,27.1,75.0,937,0
103.8,32.8,80.2,1065,0
135.3,22.0,91.7,437,1
0.0,25.7,67.3,168,0
187.3,22.0,92.6,520,0
0.0,31.9,74.5,1184,1
11.3,23.4,67.3,315,0
296.8,22.4,84.0,560,0
0.0,31.6,53.7,1209,1
125.3,23.9,84.1,581,1
418.1,23.7,95.2,723,0
66.0,27.3,72.0,1003,1
195.0,22.3,88.7,538,0
165.9,32.0,72.8,967,0
0.0,36.1,64.3,1426,1
45.6,26.9,71.6,532,1
221.6,23.3,80.1,534,0
24.0,30.8,88.8,18,0
66.1,29.0,60.7,106,0
114.3,28.7,80.8,939,1
4.5,30.2,65.2,39,0
293.0,24.7,81.0,590,0
71.5,27.3,86.7,1028,1
68.5,22.9,72.6,449,1
15.0,31.9,72.6,1255,1
110.1,29.3,80.6,616,1
11.8,32.7,79.2,1359,1
25.6,31.2,67.4,103,0
63.6,23.9,78.8,478,1
35.3,34.7,73.7,1274,1
27.9,24.7,89.2,423,1
107.9,31.7,88.2,965,1
375.6,28.4,90.7,855,0
120.3,31.1,90.1,985,1
0.0,30.5,66.4,1376,1
0.0,34.5,81.9,1416,1
439.8,25.0,91.8,742,0
0.0,29.6,79.6,1092,1
46.8,26.3,69.2,286,0
100.8,28.9,72.8,676,1
42.7,28.6,65.6,56,0
32.3,31.1,59.5,1373,1
17.5,26.5,66.5,266,0
43.4,22.0,78.7,471,1
389.1,23.2,95.9,741,0
133.8,26.4,76.7,456,1
0.0,31.6,58.6,1338,1
122.9,22.4,72.2,638,0
12.1,29.4,56.4,34,0
365.2,24.9,98.0,732,0
39.0,31.5,70.5,1093,1
34.0,31.2,51.1,1427,1
12.9,23.7,68.7,150,1
14.1,33.5,60.5,1424,0
183.8,30.1,79.9,961,0
24.3,24.7,77.1,285,0
0.0,33.6,82.3,1191,1
0.0,29.9,69.2,1238,0
26.6,23.5,80.3,456,1
429.4,24.5,95.2,793,0
39.4,28.5,61.7,188,0
316.3,26.9,73.6,609,0
40.3,32.6,76.4,1146,1
114.6,27.6,75.5,867,1
55.6,28.9,71.5,1125,1
47.1,23.6,75.0,384,1
65.8,31.9,76.6,1125,1
8.8,30.3,72.7,1136,1
130.1,23.6,91.6,627,1
0.0,23.8,69.4,241,0
15.7,24.5,56.9,256,0
0.0,28.9,69.8,1318,1
31.2,24.7,78.8,471,1
270.9,24.2,79.7,543,0
3.5,25.4,70.5,312,0
363.1,27.3,79.7,857,0
125.1,27.9,75.2,902,1
84.2,29.4,92.0,1010,1
138.6,23.3,82.6,456,1
77.3,24.4,83.0,452,1
179.8,27.7,78.2,520,0
65.7,28.7,58.2,83,0
250.9,26.8,59.4,847,0
75.0,30.3,86.7,1054,1
18.8,27.0,82.9,121,0
80.0,29.0,69.2,992,1
34.4,25.8,52.2,191,0
23.0,28.3,73.2,201,1
110.8,28.3,98.0,792,0
170.8,25.8,74.0,489,0
65.6,26.2,95.7,496,1
0.0,30.7,70.3,1362,1
103.3,27.7,57.6,1024,1
132.3,28.1,91.3,596,1
36.0,27.5,68.0,1258,1
5.6,26.3,66.9,188,0
132.1,22.3,82.5,672,1
110.2,24.9,78.2,479,1
0.5,27.1,58.5,111,0
26.0,34.1,58.6,1282,1
158.6,26.5,89.8,749,0
29.0,35.0,60.2,1242,1
275.0,29.2,73.5,954,0
44.1,31.4,49.5,63,0
351.7,22.4,91.2,620,0
264.9,26.1,98.0,582,0
336.4,27.7,73.0,848,1
221.8,30.5,74.2,966,0
65.4,26.0,77.5,435,1
99.6,31.6,84.2,1042,1
39.0,29.9,65.8,1377,1
215.5,23.0,93.2,502,0
6.9,22.0,71.6,450,1
395.7,28.4,84.7,836,0
1.2,30.1,77.9,1024,1
7.6,31.0,53.9,1265,1
49.2,32.3,71.4,1190,1
4.0,31.4,74.9,1140,1
0.0,34.3,57.9,1258,1
380.6,26.7,78.7,707,0
5.8,32.9,89.6,1107,1
187.3,26.1,78.7,797,0
112.5,31.4,81.0,983,1
0.0,31.8,62.9,1392,1
0.0,29.6,65.0,1232,1
14.5,27.5,56.8,129,0
0.0,31.1,69.2,1326,1
15.0,27.5,67.5,396,1
39.6,29.2,76.7,991,0
394.2,26.1,94.5,704,0
110.8,26.6,72.9,501,1
140.2,26.2,92.8,855,1
108.8,31.4,73.9,1043,1
34.0,36.1,68.3,1251,1
386.7,22.9,88.7,773,0
22.1,30.8,58.7,1213,1
102.6,24.7,83.4,430,1
127.3,27.7,76.7,798,1
68.5,24.5,79.0,442,1
428.4,28.1,75.3,813,1
34.8,27.1,77.9,419,1
28.4,31.6,55.2,1359,1
401.7,25.0,80.2,672,0
357.3,25.7,79.3,638,0
3.7,35.8,72.0,1303,1
0.0,33.1,79.5,1287,1
284.4,26.6,80.0,639,0
0.0,28.7,65.1,1275,1
400.4,25.6,79.2,769,1
3.1,28.4,90.1,1070,1
14.1,29.1,63.1,87,0
58.4,34.9,73.7,1203,1
41.8,25.4,86.7,867,1
0.0,35.3,65.9,1196,1
107.0,30.8,81.9,1079,1
371.4,29.8,93.6,851,0
0.0,33.5,71.4,1095,1
0.0,35.5,74.0,1372,1
20.2,32.0,67.6,1433,1
415.7,23.4,75.1,708,0
361.9,28.0,97.4,755,0
51.8,26.5,74.0,1279,1
150.5,22.7,73.4,625,0
29.1,24.8,62.5,295,0
33.0,25.8,75.3,55,0
10.0,34.2,57.5,1405,1
15.9,30.7,55.6,141,0
17.4,32.8,55.4,1315,1
0.0,33.4,69.6,1088,1
23.4,32.2,72.0,1324,1
0.0,26.3,77.0,376,1
386.4,27.7,74.5,708,0
393.3,25.1,81.4,873,0
2.9,27.8,75.0,241,0
358.8,30.3,76.8,892,0
36.2,23.0,76.2,474,1
271.9,23.7,95.9,546,1
340.7,27.5,82.6,935,0
59.6,24.8,90.5,432,1
2.2,30.8,58.7,19,0
350.3,25.6,81.3,689,0
40.0,24.5,80.1,269,1
0.2,30.7,66.8,130,0
0.0,28.8,55.2,30,0
0.0,28.1,84.2,237,0
150.8,25.7,79.8,422,0
0.0,24.6,81.4,178,1
127.7,24.8,76.7,541,1
28.7,31.5,64.0,107,0
411.6,24.5,89.1,602,0
96.6,25.9,93.3,595,1
0.0,30.6,78.3,1214,1
373.6,29.1,65.4,796,0
0.0,22.3,69.4,407,1
0.0,29.0,66.5,111,0
129.1,26.5,86.1,486,1
100.6,31.4,79.2,947,0
155.2,23.4,81.8,724,0
98.8,23.6,81.8,513,1
51.5,30.7,65.5,1172,1
0.0,29.3,62.7,233,0
19.7,31.7,69.2,1304,1
76.7,24.4,81.8,555,1
11.5,32.8,58.6,1296,1
395.1,22.7,86.8,662,0
185.8,30.6,83.3,1018,0
161.6,24.9,95.7,838,0
393.9,26.0,84.3,826,0
1.9,28.1,74.4,107,0
1.6,33.0,53.8,1242,1
0.0,30.3,72.0,1196,1
313.7,23.6,79.7,650,1
264.4,29.7,78.1,949,0
0.0,34.2,78.4,1100,1
0.0,32.3,51.7,1360,1
5.1,27.4,58.9,307,0
2.8,26.6,70.1,1401,1
16.9,34.3,76.5,1130,1
8.3,24.3,64.2,293,0
4.8,25.7,78.3,184,1
154.7,31.9,91.8,856,0
0.0,27.3,70.7,216,0
0.0,30.4,61.3,1153,1
101.9,22.9,92.8,578,1
0.0,28.1,50.2,1420,0
0.0,31.9,59.0,1287,1
20.8,27.3,72.8,150,1
0.0,27.3,58.0,256,0
60.8,28.6,83.4,334,0
6.3,29.5,85.4,1239,1
0.0,33.1,73.0,1281,1
123.5,22.0,71.7,464,1
1.0,25.4,64.6,407,1
9.7,29.7,57.8,1252,1
98.2,22.0,84.5,568,1
0.0,30.3,73.2,309,0
342.5,31.3,86.3,797,0
0.0,25.5,79.1,214,0
119.0,29.8,91.3,763,1
0.0,31.8,74.8,1155,1
198.5,27.3,80.8,1009,1
0.0,32.8,58.2,1368,1
27.1,26.4,79.0,366,1
6.6,28.5,69.8,209,0
459.2,23.6,93.3,798,0
0.0,25.7,68.5,174,0
69.4,32.7,84.4,1439,1
28.8,23.7,79.5,262,0
54.4,31.1,67.3,907,1
0.0,30.7,68.3,1336,1
15.9,28.6,82.6,1160,1
0.0,24.3,63.0,205,0
0.0,31.7,60.2,1436,1
0.0,31.8,78.8,1407,1
64.2,32.2,57.5,118,0
74.4,30.9,82.3,1058,1
0.0,31.1,74.2,1112,1
45.4,35.1,80.6,1119,1
237.7,28.3,75.4,978,0
193.9,26.4,79.3,808,1
0.0,32.4,83.9,1099,1
0.0,30.1,80.7,1279,1
0.0,31.7,63.9,1389,1
396.6,26.0,88.5,731,0
362.0,27.4,91.4,715,0
0.0,24.3,74.0,332,0
34.3,30.7,75.6,1255,1
20.5,30.8,81.7,204,0
0.0,33.2,64.5,1104,1
141.5,31.2,90.1,952,1
409.3,27.7,98.0,723,0
0.0,25.6,76.5,183,0
48.4,29.5,56.4,1328,1
89.2,28.1,93.2,974,0
57.6,30.3,66.2,1375,1
18.3,32.4,69.8,25,0
123.1,30.8,85.9,1034,1
0.0,33.7,84.1,1165,1
63.3,31.6,73.4,987,1
182.3,31.2,84.2,846,0
381.3,26.1,86.0,631,0
0.0,32.3,61.0,1271,1
359.4,23.4,91.3,754,0
52.1,33.9,62.9,51,0
232.0,32.1,80.7,991,0
0.0,26.0,68.5,308,0
0.0,27.4,72.6,193,0
60.5,28.3,67.7,1152,1
97.9,29.9,81.8,955,1
331.7,26.9,83.8,899,0
326.0,24.7,79.4,883,0
18.9,24.2,57.8,332,0
96.6,28.5,89.1,871,1
393.5,27.7,84.4,798,0
96.4,22.2,80.9,629,1
0.0,22.0,74.7,375,1
159.0,23.4,86.7,491,0
73.3,30.2,98.0,909,1
22.4,24.4,56.3,241,0
24.3,31.0,75.8,1157,0
278.0,24.5,78.3,552,0
84.6,29.2,89.0,1048,1
41.7,24.0,55.8,143,0
180.8,26.6,85.8,757,0
311.0,22.0,82.4,611,0
90.5,30.7,71.0,1019,1
11.8,31.4,62.7,1319,1
421.6,25.5,82.5,748,0
90.6,23.0,73.6,321,0
175.4,29.3,60.9,995,0
416.6,24.2,82.7,720,0
44.9,37.2,81.1,1122,1
54.0,30.4,80.6,1254,1
5.4,33.5,77.5,1119,1
243.6,23.0,86.4,573,0
0.0,28.5,56.2,153,0
411.2,27.0,82.0,827,0
10.3,31.1,65.1,1112,1
4.6,25.6,68.5,243,0
8.7,26.5,88.4,277,0
30.4,34.6,84.1,1169,1
216.4,27.7,86.3,1012,0
18.6,28.5,72.5,1251,1
265.0,22.5,80.1,585,0
32.0,26.3,75.2,259,0
0.0,26.4,63.1,205,0
37.1,28.3,89.7,314,1
0.0,29.8,74.6,186,0
17.7,23.6,82.8,366,1
52.9,27.6,71.1,409,0
61.2,31.7,73.9,1048,1
52.2,26.5,60.4,142,0
0.0,29.8,55.0,33,0
4.2,30.4,76.5,1399,1
0.0,25.5,73.4,194,0
0.0,23.9,69.1,332,0
112.1,24.9,75.2,532,1
26.4,31.1,79.6,1276,1
169.5,26.4,88.8,799,0
423.3,24.8,81.3,716,0
0.0,31.5,81.7,1152,1
0.0,32.7,80.6,1423,1
39.3,25.3,63.3,203,0
3.8,32.5,66.7,1253,1
13.4,27.8,63.6,1426,1
342.4,24.1,87.0,715,0
327.0,22.0,81.8,576,0
27.2,35.1,56.3,1266,1
0.0,24.8,67.7,367,1
66.0,27.1,67.4,142,0
0.0,28.0,78.4,1333,0
144.7,24.3,86.4,783,0
30.8,32.5,72.8,1400,1
317.4,24.8,84.8,585,0
68.3,26.2,80.8,909,1
104.6,26.2,75.1,921,1
30.8,35.6,70.9,1289,1
157.3,26.8,91.9,569,0
201.7,26.6,74.9,779,0
28.2,25.4,77.0,315,0
389.1,24.8,80.2,670,0
74.6,22.0,82.8,501,1
414.9,27.7,79.1,748,0
46.5,26.6,69.1,204,0
0.9,32.3,57.8,1437,1
130.4,23.7,91.4,613,1
35.7,32.6,72.9,1153,1
73.3,29.9,91.9,1021,1
331.4,24.7,86.1,653,0
0.0,33.6,62.0,1212,1
0.0,25.9,55.2,182,0
45.3,34.9,89.0,1049,1
0.0,28.8,60.2,17,0
26.9,24.8,67.1,413,1
0.0,27.9,83.2,335,0
187.0,30.9,80.2,860,0
31.3,31.8,84.9,1072,1
0.0,31.4,68.2,1398,1
330.2,24.7,68.3,615,0
0.0,34.6,77.5,1167,1
52.3,32.7,57.6,1383,1
366.6,30.2,73.8,890,1
285.7,32.3,64.3,954,0
0.0,25.5,65.8,374,1
0.8,31.2,67.1,1200,1
259.7,24.8,82.7,587,1
75.6,25.3,85.9,706,1
0.0,30.5,72.4,1395,1
172.7,26.2,71.1,833,0
0.0,27.1,53.4,259,0
0.0,33.3,89.9,1232,1
134.8,29.4,77.1,1036,1
33.2,26.6,74.3,244,0
61.8,31.2,54.8,124,0
0.0,30.0,71.8,1377,1
0.0,28.7,78.4,278,0
31.1,29.1,50.1,1392,1
212.9,30.7,83.9,1003,0
3.0,27.9,78.8,1115,1
0.0,32.7,55.0,1109,1
9.2,31.6,71.5,1256,1
391.4,22.0,79.4,663,0
144.4,23.1,83.7,502,1
10.3,33.5,70.6,20,0
88.0,32.0,81.3,1040,1
26.3,32.2,67.5,1205,1
15.2,28.0,64.5,203,0
341.5,26.2,83.8,586,0
0.0,27.6,72.9,412,1
0.0,31.3,56.1,1290,1
0.0,32.6,67.9,1338,1
0.0,31.0,63.5,37,0
91.3,30.2,78.5,971,1
21.1,30.5,62.5,1393,1
0.0,32.2,63.8,109,0
125.7,25.1,78.5,659,1
82.1,22.0,86.9,491,1
11.4,22.0,71.5,415,1
34.5,33.8,68.6,1315,1
62.4,29.1,74.3,974,1
57.7,29.7,71.2,978,1
63.2,29.9,64.4,87,0
53.7,30.1,77.8,339,0
370.5,29.7,93.0,820,0
34.6,24.7,78.1,304,0
73.6,30.5,57.8,64,0
40.1,28.8,65.4,5,0
260.0,25.7,81.4,562,0
4.8,30.4,75.8,1202,0
0.0,26.4,74.1,276,0
0.0,29.5,60.3,92,0
1.4,29.8,70.7,1302,1
289.4,27.9,86.6,957,0
0.0,24.7,68.0,80,0
30.6,23.4,81.8,559,1
7.0,31.3,60.1,60,0
304.7,33.0,78.9,938,0
136.1,32.0,98.0,946,1
0.0,30.7,65.5,1096,1
0.0,24.5,90.1,388,1
13.0,31.7,82.9,1267,1
398.6,24.8,74.3,685,0
0.0,32.8,60.4,1407,1
276.7,26.9,81.2,873,0
145.4,27.0,72.7,445,1
0.0,25.4,67.6,312,0
76.4,22.0,87.6,583,1
0.0,27.8,68.4,156,0
3.4,32.4,79.4,1092,1
61.7,32.0,78.8,997,1
0.0,26.0,73.2,384,1
0.0,31.4,64.0,1246,1
19.6,30.8,76.2,1162,1
0.0,30.4,76.1,201,0
164.7,27.0,75.5,800,0
0.0,29.6,78.7,1193,1
62.6,30.7,70.1,1289,1
378.6,24.1,74.4,850,0
0.0,27.6,53.8,1383,1
113.6,23.1,75.4,452,1
0.0,30.4,65.9,1246,1
155.4,26.6,92.0,851,0
33.2,33.4,64.8,1268,0
11.4,33.6,68.1,1171,1
413.4,24.6,81.1,790,1
199.8,27.8,78.1,516,1
100.5,24.3,79.8,443,1
180.2,30.0,88.5,966,0
17.9,27.5,55.5,67,0
0.0,30.2,68.5,1412,1
17.1,32.1,55.6,144,0
50.5,22.0,86.0,420,1
426.7,25.7,72.2,662,0
19.8,28.9,74.8,39,1
60.4,22.0,89.6,567,1
0.0,28.8,66.1,1182,1
0.0,29.2,62.1,152,0
0.0,22.0,57.2,345,1
29.0,22.1,60.9,360,1
0.0,33.5,70.0,1177,0
48.3,32.9,67.9,1372,0
133.5,30.9,85.9,1046,1
352.0,22.2,81.4,637,0
10.5,29.1,73.9,1114,1
4.9,23.4,59.9,249,0
4.8,31.2,73.8,1091,1
172.4,25.8,84.4,609,0
1.9,30.0,70.0,1433,1
404.4,26.9,84.3,693,0
87.0,27.4,89.6,563,1
119.5,24.9,77.8,447,1
0.0,28.3,64.3,1401,1
92.8,24.2,86.4,524,1
0.0,29.7,74.4,195,0
16.5,24.7,67.4,252,0
0.9,30.7,84.4,1235,1
88.4,26.4,79.7,455,1
13.4,28.6,67.2,1362,1
94.8,24.4,77.5,502,1
333.2,26.8,87.2,853,0
147.9,27.1,90.6,871,1
297.1,32.4,82.8,902,0
143.9,26.0,86.4,806,0
28.4,24.4,68.6,438,1
79.3,32.9,70.9,1041,1
280.6,22.0,75.9,596,0
0.0,33.5,74.4,1140,1
15.7,24.3,63.4,304,0
130.8,22.6,68.6,708,1
1.0,28.1,54.2,92,0
0.0,24.7,79.3,410,1
317.2,29.5,95.5,918,0
1.2,26.5,73.9,155,0
400.5,25.6,76.3,770,0
22.4,25.2,59.5,125,0
156.8,29.4,72.5,1079,0
141.0,22.0,71.3,614,0
58.8,24.0,76.0,455,1
42.0,23.5,76.1,355,0
0.0,34.1,57.1,32,0
0.0,30.8,55.4,23,0
38.3,28.2,72.6,1346,1
31.4,22.6,70.3,468,1
0.0,27.4,63.7,250,0
291.3,29.5,62.9,948,0
138.9,22.0,91.0,622,1
0.0,24.4,80.5,272,0
28.5,28.3,65.3,220,0
45.7,25.9,71.9,345,0
428.0,28.1,88.5,826,0
18.0,31.3,73.2,1315,1
0.0,29.8,74.4,1108,1
42.3,22.0,75.3,510,1
316.9,27.1,83.4,660,0
169.6,28.4,80.6,633,0
392.2,27.5,86.6,797,0
0.0,33.3,57.7,1337,1
55.1,27.4,91.4,905,0
0.0,30.0,80.8,51,0
347.0,25.9,79.2,759,0
48.7,32.2,60.1,1320,1
20.9,32.2,63.2,1246,1
0.0,37.6,66.2,1241,1
449.1,27.6,98.0,749,0
0.0,31.6,60.7,63,0
13.5,27.5,69.0,211,0
17.4,22.0,68.7,309,0
6.7,32.4,49.9,1362,1
0.0,28.2,65.6,244,0
1.3,30.8,66.0,128,0
0.0,29.9,77.2,4,0
11.5,24.1,53.9,190,0
11.0,31.3,80.0,1174,1
0.0,26.1,67.1,86,0
40.8,28.6,69.2,243,0
0.0,28.9,58.0,129,0
91.7,23.0,89.8,518,1
0.0,33.3,75.1,1172,1
0.0,28.1,72.0,358,0
33.1,32.4,76.7,1057,1
0.0,29.2,79.8,307,0
19.8,29.7,68.1,1128,1
383.5,27.1,96.0,683,0
179.6,22.0,98.0,638,0
0.0,32.8,62.9,92,0
280.5,29.5,94.0,880,0
166.4,24.4,79.9,702,0
206.2,22.9,75.5,678,0
214.7,22.9,75.3,481,0
0.0,31.5,73.2,1254,1
0.0,31.3,63.4,1390,1
64.8,29.0,68.5,94,0
0.0,30.6,70.0,1276,1
0.0,30.3,62.9,161,0
190.3,22.0,74.8,662,0
278.4,30.2,81.8,921,0
0.0,32.4,58.9,1234,1
71.7,30.8,65.8,1400,1
18.0,31.3,67.6,24,0
0.0,30.7,51.3,1238,0
44.8,26.5,76.4,121,0
0.0,31.3,69.6,1140,1
0.0,28.0,69.4,66,0
173.2,23.5,74.7,499,0
58.2,32.9,71.7,1122,1
407.8,28.2,96.5,894,0
25.0,30.9,66.7,1025,1
397.6,25.0,79.5,654,0
0.0,30.8,66.7,1355,1
310.3,30.8,62.3,950,0
50.6,33.0,60.5,1319,1
125.2,30.0,86.5,980,1
4.3,23.7,59.7,290,0
403.4,27.8,85.9,705,0
324.9,25.9,86.3,634,0
347.2,29.1,87.7,875,0
0.0,31.4,57.9,127,0
0.0,31.4,66.3,49,0
34.8,31.8,63.0,1143,1
119.6,28.0,79.7,942,1
54.8,27.9,72.3,75,0
8.1,29.6,58.5,62,0
70.1,29.9,70.6,126,0
140.3,26.1,77.0,421,1
0.0,28.1,71.4,1380,0
143.8,29.8,67.9,897,1
0.0,23.9,84.4,360,0
8.6,24.0,58.0,337,0
170.5,24.7,70.2,530,0
44.9,33.4,81.6,1146,1
0.0,27.5,64.4,23,0
114.2,24.6,74.0,424,1
0.0,28.2,73.9,1340,1
0.0,33.0,65.3,1347,1
0.0,25.8,58.4,137,0
28.9,27.3,77.9,203,0
154.2,27.3,85.8,897,0
34.5,24.0,62.2,331,1
151.8,24.0,77.5,884,1
41.2,29.2,62.0,1232,0
15.7,27.8,56.9,129,1
0.0,30.1,68.9,1208,1
4.2,31.4,69.4,1248,1
385.2,25.4,88.1,812,1
0.0,31.3,76.9,1172,1
124.1,24.6,91.4,786,1
70.3,26.0,76.1,183,0
378.1,24.6,88.6,687,0
76.8,30.1,82.9,982,0
0.0,22.0,82.7,412,1
159.6,24.1,83.3,511,0
16.2,25.8,58.7,163,0
386.1,23.3,73.9,735,0
105.3,30.5,75.5,885,1
80.3,32.3,80.1,1074,1
0.0,32.6,72.6,1089,1
0.0,29.6,66.8,13,0
7.1,24.0,70.3,338,0
0.0,34.4,59.0,1355,1
0.0,29.3,45.0,93,0
0.0,29.0,55.6,1403,1
135.2,25.0,98.0,797,1
0.0,25.8,80.1,315,0
171.3,26.3,78.7,820,0
26.0,29.0,63.6,216,0
0.0,32.1,66.0,1240,1
60.0,22.0,86.3,444,1
0.0,31.7,73.6,127,0
0.0,29.4,82.7,1103,1
181.4,24.5,76.6,799,0
0.0,31.7,86.7,1187,1
204.5,30.9,77.7,989,0
100.3,22.3,84.3,439,1
2.7,32.2,67.7,1397,1
390.6,26.0,71.0,783,0
5.2,30.1,68.3,347,0
47.4,32.1,66.0,1355,1
13.5,29.7,61.3,1265,1
318.1,27.6,70.2,902,0
45.2,32.5,71.3,1097,1
106.2,25.3,95.1,826,1
38.3,31.3,79.4,1119,1
22.9,31.9,61.9,137,0
297.5,25.4,83.8,595,0
29.7,32.7,64.1,1102,1
192.1,28.0,79.8,514,0
20.9,30.3,56.8,1145,1
128.3,26.0,75.5,773,1
0.0,23.9,81.3,385,1
402.3,25.7,79.8,800,1
77.9,23.5,76.3,503,1
0.3,30.6,65.4,1334,1
0.0,30.1,87.2,1106,1
150.3,27.4,54.2,871,0
0.0,30.6,64.8,1151,1
385.0,27.6,98.0,784,0
0.0,28.9,74.4,1386,1
0.0,27.2,76.4,321,0
2.9,33.5,71.9,1226,1
39.2,27.9,65.7,194,0
27.2,23.2,66.4,458,1
196.2,30.1,76.4,1004,0
192.0,23.7,78.8,536,0
0.0,30.1,73.9,34,0
38.2,28.2,67.9,1405,1
0.0,32.1,72.7,1162,1
383.8,27.6,79.2,792,0
113.3,27.4,79.7,625,1
19.7,30.0,55.8,1202,1
5.3,25.6,67.9,148,0
115.5,26.0,69.8,481,1
408.4,23.9,81.6,807,0
82.4,26.9,88.0,502,1
31.2,29.3,69.8,215,0
26.4,28.1,70.4,228,0
14.0,22.0,87.2,425,1
24.4,28.7,70.6,70,0
88.9,23.9,78.7,517,1
169.2,27.5,68.5,833,0
0.0,33.0,64.4,1293,1
174.4,22.5,79.1,496,0
0.0,33.0,65.2,1382,1
0.0,32.5,53.2,1363,1
261.6,30.1,83.4,945,0
153.2,29.6,85.7,993,1
307.5,29.8,78.9,921,0
395.9,22.0,88.0,688,0
31.7,28.8,60.8,179,0
130.8,27.9,85.4,653,1
374.6,28.5,98.0,808,0
94.8,32.2,74.0,1024,1
0.0,33.5,60.6,1209,1
0.0,34.4,75.7,1209,1
4.4,25.6,67.6,292,0
284.8,31.0,75.6,908,0
46.0,32.8,66.2,1160,1
33.6,26.1,71.7,252,0
0.0,30.7,66.5,129,0
377.5,23.8,94.7,697,1
0.0,28.7,68.1,10,0
0.0,27.3,77.5,1203,1
202.6,22.1,79.9,537,0
217.3,23.1,83.7,525,1
5.0,26.9,67.3,210,0
20.5,28.9,80.6,168,0
190.0,31.8,83.5,1011,0
0.0,26.4,53.5,93,0
0.0,31.0,63.6,1421,1
41.1,28.0,66.6,34,0
52.6,22.0,77.3,458,1
114.4,26.6,91.5,758,1
5.4,31.7,62.3,1352,1
384.6,29.0,83.7,847,0
126.4,25.3,84.7,451,1
193.2,24.2,73.3,714,0
0.0,34.1,60.1,1292,1
390.1,23.3,98.0,667,0
375.9,24.9,81.6,825,1
156.4,28.8,90.3,853,0
320.9,28.4,92.2,873,0
174.0,22.4,69.6,487,0
0.0,29.8,68.1,1130,1
0.0,32.6,72.5,1181,1
9.2,32.4,62.5,1266,1
42.4,22.1,80.8,432,1
35.4,30.7,74.2,1253,1
0.0,29.6,76.6,1100,1
27.4,22.0,72.0,346,0
0.0,34.6,77.0,1171,1
0.0,31.9,84.5,1090,1
6.6,29.3,78.3,237,0
29.9,30.9,68.5,1333,1
34.8,22.6,68.0,370,1
38.9,25.2,66.5,181,0
0.0,30.1,73.3,1293,1
160.7,24.1,93.4,703,0
346.7,22.9,93.5,766,0
5.1,27.2,64.9,136,0
12.6,30.7,69.7,1273,1
143.3,26.9,88.8,684,1
0.0,30.1,77.0,107,0
0.0,30.1,59.3,1406,1
65.9,30.0,69.0,67,0
15.1,29.3,62.2,1375,1
65.5,22.0,89.3,496,0
0.0,29.8,64.7,4,0
115.1,24.3,79.5,431,1
0.0,31.2,59.6,1357,1
0.0,27.9,69.0,317,1
0.0,26.5,88.3,325,0
0.0,33.9,72.9,1290,1
157.3,29.7,79.1,1056,1
82.1,30.7,91.0,965,1
139.0,23.1,96.7,700,0
3.5,23.7,72.1,314,0
42.8,24.8,71.5,461,1
0.0,29.7,73.8,1128,1
260.4,22.6,79.2,565,0
0.0,30.9,65.8,50,0
197.0,24.5,87.2,731,0
219.8,31.9,98.0,1000,0
0.0,27.6,58.0,166,0
65.5,23.8,67.1,433,1
116.8,27.5,80.0,780,1
0.0,27.7,45.0,136,0
288.8,29.6,66.9,932,0
412.5,24.2,74.4,774,0
0.0,26.4,81.5,1168,1
0.0,28.0,54.5,1432,1
198.3,29.1,66.4,1013,0
195.9,27.0,78.2,764,0
24.8,29.5,75.6,330,0
36.9,28.8,75.9,967,1
98.0,25.7,81.9,809,1
196.7,30.7,75.4,972,1
22.3,24.6,67.0,435,1
109.7,25.0,76.3,601,1
0.0,31.4,65.9,1184,1
19.9,26.0,70.1,17,1
0.0,24.9,66.0,394,1
56.4,31.9,78.2,1244,1
0.0,28.8,75.5,1218,1
99.0,31.2,67.5,972,1
262.8,25.6,85.2,590,0
93.0,25.7,84.1,603,1
0.0,31.0,78.8,1278,1
162.4,24.4,73.5,529,0
84.4,22.2,85.2,504,1
7.0,28.1,71.7,1417,1
0.0,25.8,56.0,290,0
84.5,27.0,90.5,1016,1
231.2,23.7,74.1,510,0
76.7,29.9,83.8,995,1
0.0,29.2,63.6,1383,1
18.9,35.9,68.5,1255,1
13.2,30.3,68.6,1118,1
0.0,25.0,70.3,366,1
50.2,31.1,69.9,1377,1
71.0,25.9,91.3,534,1
44.6,23.9,65.3,417,1
380.4,23.5,80.7,735,0
371.9,25.4,85.8,658,0
379.8,24.0,86.3,827,0
8.1,29.8,79.0,1084,1
285.6,23.5,93.0,646,0
465.1,25.1,71.3,742,0
164.1,26.3,80.1,815,0
430.5,25.1,93.4,751,0
0.0,30.3,63.6,23,0
108.7,22.8,68.4,444,1
149.2,26.0,74.5,704,1
0.0,29.8,74.9,1107,1
424.9,22.6,81.4,678,0
45.8,22.0,94.8,426,1
39.8,23.3,76.3,463,0
25.3,33.9,63.9,1257,1
134.4,25.9,95.0,760,1
391.2,24.2,84.0,676,0
285.5,29.0,88.3,901,0
10.8,27.6,80.1,15,0
430.8,22.6,96.8,758,0
0.0,22.6,78.0,377,1
0.0,23.9,75.8,278,1
85.1,28.9,88.4,420,1
366.7,30.8,77.0,782,0
33.1,35.3,55.9,1340,1
397.9,23.6,98.0,779,0
169.2,31.5,73.6,869,0
10.1,30.0,84.5,1330,1
53.8,33.3,74.4,981,1
301.2,28.9,76.4,886,0
0.0,29.9,78.8,1196,0
14.7,34.1,64.7,1044,1
134.1,34.1,98.0,1022,1
45.3,26.9,80.7,89,0
10.7,27.6,80.2,203,0
33.3,26.1,52.8,44,0
0.0,26.2,78.3,215,0
84.7,30.1,87.1,1042,1
28.4,25.2,71.3,293,0
5.0,34.7,81.7,1087,1
368.4,25.3,88.6,893,0
105.1,23.7,67.9,423,1
0.0,33.4,68.9,1189,1
193.5,27.4,77.6,998,0
9.7,28.2,52.9,42,0
393.6,27.4,90.7,690,0
0.0,34.2,84.0,1108,1
134.9,27.1,87.3,898,1
154.4,25.7,95.0,515,0
0.0,27.6,77.8,372,1
0.0,28.2,65.5,100,0
0.0,25.6,75.6,488,1
179.4,23.3,84.3,594,0
0.0,26.3,45.0,80,0
0.0,31.5,89.1,1130,1
395.1,24.0,86.8,602,0
124.8,24.1,94.1,744,1
239.3,23.5,91.2,564,0
148.4,26.5,90.6,791,1
88.7,31.4,69.4,1048,1
0.0,33.5,48.1,1090,0
0.0,33.9,85.4,1311,1
74.3,23.8,80.1,490,1
49.1,23.4,72.3,408,1
0.0,30.7,64.2,145,0
27.0,31.7,68.7,1192,1
47.1,24.0,72.3,313,0
0.0,32.3,69.4,1215,1
12.3,25.4,66.3,115,1
0.0,24.2,70.5,309,0
0.0,26.9,73.4,150,0
149.7,27.5,87.9,930,1
42.5,24.9,73.3,455,1
0.0,31.2,66.9,69,0
34.3,33.4,70.7,985,1
215.6,23.0,85.0,499,0
390.9,24.6,98.0,703,0
24.4,26.6,73.4,128,0
155.2,25.6,83.0,614,0
0.0,26.3,57.3,8,0
0.0,30.7,71.8,1326,0
156.7,26.6,80.2,745,0
133.2,26.8,83.9,863,1
8.5,25.1,76.1,251,0
54.4,34.0,63.6,1259,1
198.5,29.9,80.8,979,0
24.5,33.9,58.0,1375,1
14.8,34.1,62.8,1393,1
0.0,26.2,68.8,321,0
0.0,31.4,79.8,1215,0
37.5,35.0,69.7,1288,1
320.0,22.0,78.4,631,0
52.5,27.7,74.3,1038,1
0.0,28.5,76.1,234,0
22.7,32.9,53.9,154,0
167.4,27.4,78.6,762,0
0.0,31.8,58.0,1351,1
100.0,23.1,81.4,534,1
13.4,33.1,71.1,1252,1
0.0,27.5,71.3,319,0
386.7,26.7,84.1,710,0
21.0,29.2,54.7,99,0
36.3,30.1,58.9,139,0
0.0,28.6,71.1,127,0
440.0,26.2,73.0,717,0
116.2,29.9,81.6,874,1
33.3,22.1,87.7,521,1
0.0,31.4,68.1,1332,1
41.1,24.4,72.2,460,1
346.8,22.1,89.5,605,1
116.9,26.9,76.3,946,1
0.0,30.6,68.4,1275,1
72.9,29.0,61.8,184,0
48.7,29.6,53.2,52,0
0.0,31.1,64.4,1424,1
0.0,25.2,84.7,410,1
6.7,30.3,74.5,93,0
26.8,31.8,71.3,1385,1
0.0,26.1,75.8,298,0
0.0,24.3,81.1,392,1
0.0,29.2,66.3,194,0
45.5,25.0,60.1,254,0
0.0,33.5,66.7,1393,1
28.8,28.9,72.5,38,0
20.5,29.4,71.9,4,0
341.0,29.4,85.6,891,0
34.6,36.6,75.1,1196,1
0.0,27.6,63.8,1105,0
99.0,25.9,94.6,587,1
0.0,31.8,76.7,1036,1
11.8,27.1,49.5,162,0
322.6,25.3,82.6,646,0
204.3,25.6,84.3,891,0
140.3,23.0,88.0,615,0
224.6,30.9,79.4,994,0
219.6,28.0,75.4,997,0
5.9,25.5,68.2,352,0
37.2,24.7,70.0,262,1
104.5,23.2,76.1,432,1
17.7,31.2,81.3,92,1
183.9,26.7,79.5,928,1
7.6,31.8,66.3,1192,1
0.0,31.8,74.0,1425,1
133.3,25.7,84.7,693,1
0.4,24.0,79.7,333,1
5.7,30.7,64.3,26,1
2.1,24.9,73.7,194,0
32.5,29.0,90.1,1018,1
92.1,29.2,96.4,769,1
74.5,32.1,83.7,1028,1
4.0,26.0,53.4,265,0
2.0,31.7,53.2,1382,1
14.6,29.2,67.8,1415,1
17.9,28.6,54.7,166,0
123.6,23.6,75.0,604,1
369.4,24.8,92.2,739,0
21.2,26.7,62.6,199,0
161.3,25.8,80.1,784,0
0.0,32.1,64.8,1269,0
365.2,25.4,93.4,615,0
311.6,23.6,92.2,564,0
23.7,25.8,93.7,1123,1
70.3,29.1,84.4,1044,1
0.0,23.0,85.0,329,0
372.0,28.7,78.0,853,0
0.0,30.5,58.7,1221,1
174.5,23.1,86.9,582,0
28.3,27.7,68.5,267,0
13.2,24.4,83.3,269,0
164.6,24.5,79.0,558,0
0.0,24.8,65.1,277,0
23.0,27.1,64.0,161,0
67.8,29.1,66.0,1339,1
27.3,24.1,72.7,334,0
10.2,28.0,69.1,201,0
33.3,28.9,88.4,1034,1
171.0,22.6,70.8,490,0
191.3,34.4,87.1,1013,0
375.4,26.5,90.6,753,0
131.7,28.7,86.2,896,1
0.0,30.6,76.0,1163,1
109.7,32.1,76.4,965,1
147.7,28.4,73.9,736,0
95.2,27.8,85.1,927,1
31.9,34.0,64.1,1309,1
28.2,29.6,72.6,210,0
0.0,22.0,67.4,275,0
20.4,27.7,76.8,294,0
72.1,22.5,88.5,488,1
193.6,32.7,87.4,969,0
206.6,24.4,95.0,740,0
0.0,30.2,65.2,117,0
387.8,22.5,93.0,753,0
1.7,34.1,65.0,1290,1
0.0,32.1,65.6,1228,0
0.0,34.0,67.0,1362,1
7.6,30.0,85.5,1122,1
60.0,28.4,64.7,130,0
115.9,27.2,89.3,572,1
16.1,29.0,57.3,117,0
410.4,26.9,70.0,765,0
68.1,32.9,71.1,1080,1
110.1,26.9,79.6,980,1
0.0,31.0,78.0,1222,1
423.2,29.2,82.8,836,0
126.2,22.0,97.6,668,1
0.0,34.2,74.0,1255,1
347.4,24.0,82.8,660,0
401.1,28.6,85.5,620,0
35.6,25.4,66.6,381,1
39.8,25.4,66.1,233,0
31.1,33.4,73.6,1083,1
22.2,32.9,66.5,0,0
0.0,32.0,63.0,1430,1
7.1,27.1,70.1,129,0
384.5,28.9,72.1,734,0
320.9,26.1,92.5,891,0
0.0,31.2,65.2,95,0
209.2,22.0,89.8,628,0
0.0,27.2,76.3,231,0
30.0,30.3,76.5,1125,1
262.3,27.3,86.9,964,0
26.3,30.6,69.2,148,0
17.8,26.5,80.1,1066,1
81.4,26.9,73.7,466,1
3.8,28.8,77.6,1286,1
68.4,32.9,66.2,1404,1
42.7,29.9,86.2,1095,0
19.8,22.1,61.1,255,0
0.0,23.6,70.3,395,1
13.4,33.1,61.2,1224,1
47.1,22.3,86.3,460,1
10.6,26.5,74.8,240,0
173.7,31.4,67.7,964,0
0.0,29.0,63.2,280,0
10.0,27.1,58.9,199,0
0.0,34.2,76.1,1264,1
0.0,33.2,84.7,1115,1
3.3,31.8,66.3,1228,1
13.2,31.3,48.8,107,1
172.0,26.3,67.8,633,0
0.0,31.5,78.4,1317,1
362.5,27.4,94.9,767,0
177.8,28.5,96.1,857,0
204.8,26.3,83.7,661,0
0.0,35.6,51.5,1275,1
0.0,30.4,73.9,1228,1
22.7,32.4,64.0,1292,1
140.0,24.6,97.8,615,1
1.7,26.1,80.5,394,1
0.0,25.1,71.6,286,0
101.6,28.9,76.8,1002,1
0.0,30.7,76.1,1421,1
0.0,32.8,66.7,1156,1
46.1,23.1,68.9,483,0
410.1,22.0,85.3,828,1
143.7,23.3,93.4,663,1
5.6,28.0,85.5,350,0
115.7,33.1,67.4,984,1
0.0,30.5,85.2,1112,1
0.0,35.1,74.5,1093,0
236.1,28.4,88.5,923,0
370.7,22.1,73.2,670,0
425.0,24.6,81.6,684,0
0.0,33.3,77.6,1167,1
8.5,24.0,72.4,306,0
51.5,32.7,65.4,1368,1
16.6,27.5,65.2,215,0
0.0,24.6,72.5,309,0
105.2,26.1,83.8,648,1
0.0,32.5,56.0,35,0
49.4,31.2,60.9,1410,1
0.0,32.6,71.1,1338,1
84.5,25.1,82.6,857,1
315.8,27.3,87.6,648,0
0.0,30.4,73.7,1085,1
88.7,29.1,73.0,1047,1
151.7,31.8,88.2,966,0
27.7,30.7,80.1,1117,1
18.1,30.6,69.1,1256,1
190.5,26.4,90.9,791,0
158.5,28.4,82.6,1060,0
15.8,30.1,70.4,1129,1
389.6,30.0,85.0,873,0
119.3,30.3,86.7,864,1
0.0,27.1,71.8,196,0
0.0,23.2,89.1,412,1
168.8,26.8,90.2,752,0
0.0,24.2,71.6,142,0
152.9,31.4,73.4,908,0
185.2,23.9,98.0,485,0
128.3,22.1,67.3,421,1
0.0,34.8,68.0,1177,1
193.3,26.1,80.9,728,0
121.5,29.1,77.5,962,1
203.1,34.1,73.0,975,0
95.8,28.9,67.0,984,1
0.0,31.5,74.4,23,0
42.8,25.5,73.5,466,0
29.2,29.8,58.0,1108,1
0.0,24.9,70.1,343,0
47.1,27.5,69.9,174,0
0.0,22.5,57.2,279,0
390.1,22.1,89.9,745,0
80.9,23.6,86.2,877,1
395.9,26.1,77.7,814,0
0.0,29.5,68.6,1342,0
107.9,27.2,95.1,903,1
125.7,30.0,78.0,1078,0
0.0,31.9,63.9,1301,1
86.8,31.2,61.3,1273,1
162.8,23.1,98.0,652,1
4.4,31.9,64.7,175,1
0.0,31.5,66.0,1306,0
255.5,26.1,89.1,578,0
126.2,22.0,86.6,546,0
0.0,34.7,59.0,1207,0
312.6,27.9,83.7,941,0
152.1,30.8,80.8,710,0
0.0,26.4,74.8,78,0
83.4,22.0,70.8,481,1
0.6,30.5,71.7,1426,0
12.7,27.3,50.6,120,0
65.4,28.5,70.5,1421,1
154.8,30.9,89.9,877,0
14.2,30.7,59.1,173,0
23.6,30.8,81.9,1092,0
38.2,32.8,76.6,1061,1
74.6,27.0,60.1,463,1
0.0,30.0,82.4,983,1
0.0,22.8,71.1,451,1
22.4,27.1,82.4,389,1
11.1,26.8,85.5,365,1
4.7,25.5,63.0,157,0
76.9,32.8,56.3,32,0
6.3,24.9,67.7,223,0
0.0,26.8,75.9,294,0
24.8,28.4,60.1,22,0
381.2,28.3,87.3,849,1
26.6,26.2,77.2,296,0
435.3,30.5,94.0,765,0
50.7,22.0,80.6,434,1
106.4,22.6,63.8,479,1
0.0,25.1,67.6,262,0
215.7,24.7,78.3,535,0
48.9,29.4,65.7,35,0
0.0,22.6,47.3,236,0
22.1,29.5,60.0,120,0
0.0,31.7,63.9,67,0
103.0,25.0,81.1,422,1
0.0,30.6,84.4,1333,1
254.0,24.4,85.3,496,0
0.0,26.6,57.4,93,0
157.2,29.1,78.0,826,0
195.6,28.0,79.2,785,1
0.0,25.9,64.8,184,0
16.2,25.3,74.2,345,1
141.9,26.6,76.1,650,0
0.0,30.3,64.6,160,0
77.9,24.0,76.0,459,1
56.2,32.3,69.0,148,0
406.1,29.7,81.4,814,0
391.1,27.1,78.9,737,0
116.6,25.2,79.4,759,1
7.1,28.3,68.5,107,0
395.4,26.4,79.2,749,0
0.0,31.2,80.6,1094,1
0.0,28.6,75.3,352,1
265.3,27.2,73.4,914,0
3.5,30.0,75.3,75,0
4.5,22.0,78.2,476,1
111.1,30.8,74.7,992,1
0.0,33.2,81.0,1329,1
6.8,31.9,65.2,78,0
103.4,23.0,84.9,576,1
132.6,27.6,82.2,949,1
21.0,27.2,83.9,302,0
18.2,31.4,79.6,95,0
0.0,28.6,67.4,63,0
394.2,22.1,85.6,730,0
48.4,28.7,72.8,1420,1
336.2,27.8,79.8,872,0
36.1,26.2,67.3,87,0
0.0,26.0,69.8,391,1
0.0,26.5,81.5,176,0
47.0,24.0,86.3,435,1
0.0,33.7,80.6,1328,1
413.4,27.7,80.7,790,0
0.0,34.7,72.6,1385,1
17.9,34.3,69.7,1378,1
35.6,29.8,70.4,1308,1
12.8,25.7,88.2,386,1
0.0,32.3,62.7,1211,1
5.6,26.9,70.2,381,1
0.0,31.0,60.7,39,0
193.7,29.0,68.5,1007,0
184.3,25.0,64.1,516,0
0.0,31.3,68.6,1220,1
418.9,24.7,91.0,752,0
32.4,31.8,68.2,1216,1
31.6,32.0,68.5,1135,0
12.0,34.6,79.7,1228,1
44.1,30.5,65.9,1132,0
0.0,28.0,53.1,1299,1
118.6,29.6,67.8,969,1
36.2,32.0,78.8,1337,1
9.1,31.8,64.7,1366,1
119.8,23.6,92.2,591,1
313.9,26.0,91.8,552,0
21.1,27.6,52.5,206,1
111.4,25.3,78.1,429,1
0.0,28.2,74.1,1291,1
0.0,31.5,63.8,1180,0
5.7,31.6,62.1,1184,1
69.2,34.2,81.6,1022,1
176.5,26.8,75.1,801,1
50.3,29.5,79.9,1046,1
163.8,25.5,90.7,834,1
0.0,33.8,79.5,1142,1
0.0,30.8,76.5,1232,1
0.0,29.1,75.6,1381,1
259.9,29.8,75.6,850,0
0.0,32.6,81.4,1305,0
0.0,26.5,63.8,189,0
134.3,23.3,76.4,758,1
98.0,32.6,74.9,1374,1
61.9,25.8,82.6,479,1
53.3,28.9,64.0,1052,1
130.7,25.9,91.7,717,1
0.0,31.3,68.6,1326,1
346.0,25.2,84.9,794,0
40.2,28.1,61.5,85,1
139.7,30.7,88.1,1030,0
0.0,28.2,78.0,1417,1
28.5,30.2,70.5,86,0
107.5,23.1,73.7,653,1
188.0,22.7,70.2,518,0
174.9,26.2,78.1,666,0
50.0,29.1,87.7,960,1
116.4,27.6,81.1,849,1
200.7,29.8,85.0,980,0
104.6,29.3,72.8,1034,1
0.0,30.8,79.1,1289,1
68.3,25.1,63.2,329,1
174.7,30.0,78.2,967,0
29.6,32.5,64.4,1343,1
19.3,32.0,70.8,1398,1
17.2,33.3,80.5,1022,1
117.4,22.0,89.4,474,1
174.8,25.8,90.4,494,0
3.9,24.5,66.8,335,0
27.7,27.3,70.3,245,0
369.6,25.9,84.6,716,0
358.8,23.4,79.3,641,0
0.0,33.0,52.7,49,0
351.7,26.1,83.5,647,0
3.2,32.3,82.0,1097,0
69.0,28.4,81.5,517,1
0.0,27.1,68.0,78,0
409.8,25.2,96.1,708,1
67.6,28.1,60.9,229,0
5.7,24.8,61.6,209,0
85.1,29.5,74.2,1032,1
352.7,30.0,92.3,878,0
34.4,30.5,82.2,1131,1
438.4,27.7,87.1,731,0
27.4,30.2,86.4,1113,1
93.4,34.0,72.6,1018,0
23.2,22.0,69.0,311,0
286.4,31.1,85.0,943,0
0.0,31.3,63.7,1403,1
375.0,22.1,91.4,663,0
0.0,31.0,88.8,1115,1
12.9,22.1,69.3,289,0
147.1,30.7,83.3,1007,0
16.2,30.3,73.8,1333,1
0.0,26.1,71.1,16,0
13.9,31.2,79.5,1428,1
44.4,31.8,69.7,1322,1
140.0,28.4,82.5,577,1
319.5,29.7,75.9,862,0
20.6,26.7,69.1,1332,1
26.3,30.9,62.7,1208,1
59.7,34.2,62.3,1220,1
357.4,22.0,87.0,640,0
430.8,24.5,82.4,727,0
0.0,26.0,50.6,256,0
0.0,28.9,83.6,15,0
33.5,34.0,53.7,1395,1
412.7,25.5,82.6,718,1
327.3,24.6,74.2,627,0
163.6,28.2,78.0,1010,0
6.5,24.8,64.4,235,0
347.7,28.2,78.3,855,0
87.0,23.8,79.2,536,1
30.2,29.6,61.5,1245,1
33.8,32.3,76.7,1191,1
0.2,31.6,78.5,1125,1
0.0,30.8,75.5,1093,0
132.8,27.6,89.0,705,1
0.0,26.0,78.3,283,0
109.5,23.7,70.8,577,1
64.6,32.3,92.9,979,1
0.0,25.7,83.4,284,0
10.0,31.1,74.8,1307,1
93.8,26.7,79.5,940,1
9.7,24.7,92.0,393,1
134.8,25.9,89.0,533,1
0.0,27.2,54.4,178,0
118.1,25.3,80.7,868,1
292.0,31.1,86.9,902,0
79.7,32.9,67.4,1029,1
382.0,28.1,93.5,799,0
0.0,28.2,64.8,121,0
122.5,26.0,76.8,686,1
53.6,22.0,78.6,511,1
0.0,23.4,70.6,415,1
168.7,25.4,66.2,489,0
438.4,26.7,84.7,759,0
116.5,32.6,74.2,1036,1
33.5,29.1,70.9,297,0
359.3,23.5,76.4,773,0
0.0,27.9,69.2,212,0
16.3,28.5,84.7,65,0
162.7,28.1,72.1,938,0
177.4,28.9,80.5,526,0
161.4,22.0,82.6,497,0
7.3,24.8,72.9,308,0
118.4,24.1,83.5,607,1
60.7,32.0,68.6,1284,1
22.5,26.9,61.9,1410,1
0.0,29.9,81.4,1301,1
0.0,30.1,68.3,3,0
0.0,24.2,62.9,199,0
345.3,27.9,94.7,747,0
3.4,32.6,60.5,1359,1
385.4,22.8,75.9,720,0
179.0,25.5,81.6,759,0
0.0,29.8,76.8,114,0
100.5,22.0,71.1,523,1
17.5,27.7,63.1,1402,1
46.2,22.2,72.9,476,1
37.6,29.9,81.9,406,0
0.0,29.2,59.3,192,0
116.8,29.6,82.6,1035,1
0.0,25.3,55.7,145,0
5.9,23.5,81.2,354,0
356.9,28.2,89.1,690,1
343.8,29.2,90.5,709,0
27.9,30.4,71.4,1200,1
65.1,24.8,69.1,436,1
56.6,31.3,74.3,1275,1
65.4,34.4,72.6,1314,1
0.0,27.8,58.9,36,0
0.0,28.9,58.0,231,1
12.3,29.3,70.6,1252,1
375.3,26.4,84.8,609,0
46.6,26.3,72.2,177,0
129.1,25.4,80.0,757,1
183.8,28.7,83.1,1003,0
42.6,35.8,75.8,1290,1
0.0,33.9,51.3,1269,1
250.5,23.3,63.4,593,0
22.4,30.4,71.4,1248,1
216.2,27.8,86.9,693,0
296.1,22.0,78.6,890,1
6.3,33.0,58.2,1251,1
299.5,22.2,96.6,545,0
430.5,31.5,85.2,807,0
413.4,31.5,85.9,747,0
0.0,26.1,66.0,298,0
0.0,24.4,71.2,312,0
44.7,31.0,63.2,1420,1
18.0,27.8,76.3,71,0
0.0,30.3,87.8,1309,1
214.8,30.5,73.7,999,0
10.2,28.2,76.7,236,0
79.7,27.2,97.6,829,1
50.2,24.7,75.4,596,1
18.5,26.7,61.8,174,0
71.1,26.1,56.8,176,0
354.3,26.1,78.9,893,0
0.0,26.7,65.5,301,0
31.6,30.2,78.2,967,1
173.3,25.6,74.5,701,0
23.6,32.5,72.7,1268,1
0.5,31.7,79.2,1199,1
0.0,31.0,61.9,1435,1
370.2,27.1,75.1,649,0
36.9,28.5,69.5,187,0
21.1,24.8,74.6,350,0
0.0,29.1,59.3,2,0
28.6,33.9,69.1,1148,1
0.0,32.1,62.6,1332,1
95.1,28.4,88.4,908,1
327.2,25.4,85.2,870,0
80.6,33.4,65.4,984,1
58.5,22.0,96.7,471,1
93.9,25.7,81.2,703,1
0.0,35.5,74.0,1314,1
0.0,31.3,70.5,1244,1
313.9,24.0,78.1,547,0
320.4,29.7,91.3,886,0
190.1,22.0,94.4,510,0
27.2,25.7,56.4,104,0
4.5,25.3,63.7,292,0
52.0,25.3,84.8,344,0
0.0,24.7,91.6,390,1
57.4,34.8,73.0,1216,1
69.0,28.1,75.8,46,0
15.0,31.2,62.6,1376,1
12.5,27.6,61.7,413,1
22.2,31.3,71.9,1158,0
410.9,29.1,96.1,662,0
286.6,28.6,76.3,945,0
317.9,27.6,95.0,929,0
153.6,24.5,93.6,609,0
43.7,32.5,71.4,1248,1
0.0,26.1,90.9,208,0
406.5,26.8,83.8,759,0
30.5,24.2,64.6,377,1
0.0,29.5,65.3,191,0
151.5,29.0,86.7,888,0
18.3,31.5,69.7,1102,0
131.8,23.4,74.5,490,1
128.4,26.1,87.5,608,0
47.7,24.2,84.4,473,1
0.0,29.1,67.4,55,0
0.0,30.0,66.0,1343,1
58.5,32.2,60.8,1404,1
40.5,23.2,71.9,474,1
378.7,25.4,82.9,744,0
0.0,33.0,57.9,1306,1
0.0,29.1,63.2,188,0
90.3,25.3,80.1,431,1
0.0,29.7,57.1,130,0
185.0,25.4,63.5,528,0
0.0,29.1,61.6,97,0
5.4,29.8,55.8,87,0
370.6,29.7,80.8,727,0
172.8,27.6,90.4,849,0
0.0,29.3,73.1,1344,1
398.6,22.0,84.2,706,0
13.5,30.8,72.6,215,0
48.4,28.1,93.3,469,1
72.0,22.0,78.0,522,1
52.6,34.0,58.6,1328,1
0.0,28.1,75.4,280,0
73.9,32.1,61.3,1439,1
17.8,32.9,63.7,1147,1
119.0,29.3,75.6,1022,1
145.7,24.8,86.8,652,1
169.9,28.7,86.6,857,0
36.0,32.0,56.9,1305,1
79.4,23.9,83.5,514,1
67.1,32.6,68.3,976,1
111.8,27.2,74.3,695,1
24.4,26.3,85.7,412,0
284.8,26.0,68.3,567,0
257.5,24.6,62.8,589,0
142.6,28.3,88.5,734,0
0.0,29.1,70.2,1098,1
109.1,24.7,80.5,659,1
161.5,27.4,96.9,741,0
0.0,33.1,78.5,1205,1
87.6,24.9,85.1,466,1
68.7,26.0,77.8,426,1
15.4,29.8,72.0,223,0
109.2,25.9,79.8,887,1
329.6,25.1,78.8,608,0
206.4,23.1,83.6,619,0
34.4,32.1,69.9,36,0
98.0,31.4,92.4,970,1
385.3,26.1,92.2,841,0
21.4,31.9,77.8,1161,1
0.0,22.2,71.5,347,0
0.0,32.7,63.2,1415,1
0.0,30.8,69.8,1264,1
144.6,25.7,85.1,846,1
168.2,23.3,71.4,485,0
369.3,28.1,81.6,835,0
31.8,31.4,77.8,1041,0
61.7,29.0,85.1,969,1
102.5,30.6,77.1,1065,1
0.0,25.4,85.4,279,0
0.0,30.0,67.5,1185,1
0.0,28.1,74.4,1185,1
207.3,24.0,79.0,499,0
411.7,25.7,87.0,627,0
8.8,30.8,65.4,1402,1
68.3,36.0,65.5,1294,1
0.0,28.8,69.5,0,0
95.9,30.7,71.0,1048,1
1.3,26.1,61.9,308,0
2.7,29.9,73.0,68,0
381.4,27.5,83.8,861,0
0.0,31.9,82.1,1201,1
140.9,26.8,84.7,795,1
50.2,27.4,58.4,279,0
0.0,23.8,75.8,357,0
30.9,22.0,58.1,305,0
22.6,31.2,55.1,1314,1
39.2,34.2,77.8,1032,1
395.9,28.6,86.3,812,0
280.3,22.0,83.1,558,0
322.6,28.3,78.6,794,0
413.8,26.4,78.6,752,0
0.0,27.3,87.9,129,0
0.0,23.0,63.4,300,0
115.1,22.5,71.2,479,1
164.2,24.1,96.3,671,0
429.4,29.7,78.6,762,0
338.6,25.8,81.6,628,0
180.3,23.8,85.0,676,0
9.0,28.9,62.2,3,0
90.4,29.9,89.2,988,1
295.7,28.2,90.2,954,0
306.5,24.6,89.9,606,0
411.3,25.7,96.6,763,0
106.6,31.0,76.7,1032,1
338.3,22.0,93.8,604,0
389.8,26.8,88.4,719,0
86.0,24.1,65.2,305,0
142.4,25.8,84.0,513,1
278.9,33.4,78.6,952,0
27.0,24.1,55.9,186,0
0.0,28.2,54.3,165,0
124.3,28.2,74.4,956,1
10.9,31.6,77.8,1433,1
338.7,22.0,62.9,687,0
121.0,23.8,81.5,645,1
57.1,24.4,74.4,249,1
0.0,34.1,76.4,1023,1
0.0,35.2,72.2,1082,1
0.0,30.9,59.9,1344,1
4.2,29.2,78.1,1342,1
0.0,23.5,68.8,326,0
8.6,31.9,58.1,1273,1
40.3,28.0,73.6,1057,1
23.7,26.2,74.5,331,0
25.7,26.6,61.8,202,0
167.7,25.9,88.0,706,0
7.1,32.3,74.7,1119,1
0.0,31.8,68.3,96,0
203.5,31.3,91.2,962,1
379.8,25.1,69.4,634,0
90.2,25.0,80.3,612,1
0.0,28.0,62.9,1233,1
157.9,29.4,76.3,923,0
0.0,30.3,66.3,60,0
0.0,28.8,65.2,71,0
0.0,34.8,52.8,1327,1
84.4,22.0,68.0,438,1
409.1,24.5,93.9,728,0
136.9,22.9,71.1,567,1
105.2,24.2,83.1,433,1
60.9,25.7,52.5,239,0
324.1,25.5,70.6,866,0
10.9,29.3,69.1,17,0
384.1,26.6,95.6,641,0
44.5,26.0,82.7,400,0
192.0,28.6,75.8,965,0
0.0,31.1,66.4,1172,1
0.0,29.3,68.7,1416,1
93.7,28.3,64.5,1061,1
0.0,32.7,71.5,1284,1
10.9,29.3,63.5,1272,1
145.3,26.5,97.7,713,1
77.8,27.6,82.4,502,1
41.1,26.8,68.6,275,0
120.8,25.4,83.9,572,1
61.9,28.2,65.1,200,0
33.3,25.0,74.0,273,0
286.8,24.9,75.0,595,0
343.6,25.2,92.3,635,0
16.0,30.7,67.1,1216,1
0.0,25.8,72.0,1389,1
251.1,22.0,88.2,562,0
126.2,22.3,78.8,463,1
28.7,30.0,70.9,118,0
0.0,28.5,62.8,1321,1
129.3,27.9,82.7,454,1
277.6,32.3,69.3,913,1
0.0,34.0,59.5,1316,1
0.0,25.0,68.6,286,0
27.0,23.8,51.2,164,0
404.6,26.8,85.4,700,0
408.9,24.5,98.0,721,1
411.4,27.6,79.3,738,0
78.9,25.3,82.4,555,1
19.9,26.1,60.3,222,0
186.3,22.0,88.6,523,0
64.4,32.2,66.1,1284,1
0.0,27.7,65.2,1380,1
76.7,32.0,64.6,1321,1
0.0,30.0,63.3,107,0
0.0,30.1,65.2,1106,1
0.0,27.0,66.4,1,0
0.0,27.8,72.9,417,1
239.8,28.9,68.1,989,0
3.6,27.6,51.6,170,0
22.8,34.0,71.1,1149,1
53.0,30.7,70.0,1158,1
0.0,30.5,59.5,1241,1
0.0,32.0,73.0,135,0
5.4,26.5,62.2,132,0
41.5,32.4,84.5,1007,1
0.0,24.8,68.3,409,1
109.4,27.2,81.7,835,0
117.2,29.0,75.1,967,1
93.7,30.4,74.5,1075,1
423.5,29.6,86.8,769,0
0.0,33.6,70.2,1170,1
0.0,29.1,77.4,1184,1
29.0,30.0,60.7,1224,0
14.7,31.6,71.8,1078,1
22.1,28.2,70.6,218,0
28.9,31.5,72.2,59,0
102.2,30.7,78.3,1040,1
17.6,28.3,71.0,54,0
357.3,24.4,77.9,775,0
88.7,27.3,68.5,1196,1
15.9,35.1,77.0,1189,1
25.4,26.2,63.4,1357,0
310.9,23.7,78.4,580,0
342.2,22.0,80.6,628,1
82.3,22.8,70.3,485,1
232.5,25.2,71.6,497,0
0.0,22.0,64.5,288,0
14.3,30.7,76.4,43,0
214.0,31.7,76.6,994,0
0.0,31.0,65.1,1286,1
16.8,34.5,70.7,64,0
0.0,26.3,65.3,1386,0
427.5,22.6,81.2,729,0
247.1,23.4,79.3,489,0
33.8,26.4,60.7,230,0
45.3,26.2,60.4,296,0
323.5,26.4,91.4,657,0
0.0,28.3,67.8,1407,1
3.8,28.7,59.5,1115,1
6.6,30.6,76.4,1209,1
0.0,30.1,64.7,169,0
127.2,26.8,82.6,694,1
51.8,31.3,82.4,1132,1
0.0,30.4,67.1,1114,1
449.7,25.7,85.4,756,0
14.9,25.3,86.5,407,1
352.5,28.2,81.3,859,0
17.6,28.6,63.0,1332,1
45.7,22.0,88.2,370,1
24.8,23.6,73.2,477,1
14.1,27.4,75.5,284,0
6.8,29.9,59.7,1218,1
391.9,27.8,91.0,807,0
31.8,23.4,63.5,217,0
0.0,31.6,73.6,1375,1
248.3,22.6,77.7,584,0
0.0,27.7,76.6,1199,0
111.3,26.9,68.3,843,1
62.0,28.3,76.7,1076,1
21.1,31.3,73.0,1193,1
426.5,26.8,77.1,756,0
89.7,25.0,77.9,438,1
187.5,22.0,98.0,516,0
332.5,30.2,73.9,952,0
30.6,32.3,78.6,1093,0
305.4,28.2,77.3,930,0
0.0,22.0,84.6,387,1
213.3,26.1,86.8,839,0
383.6,30.2,80.7,815,0
14.9,28.2,68.9,223,1
359.8,29.9,97.2,877,0
5.6,26.0,62.5,138,0
0.0,24.9,77.1,281,0
10.6,27.4,56.4,0,0
22.9,26.7,69.7,142,0
164.0,30.7,82.9,894,0
40.0,29.9,74.9,1407,1
70.6,22.8,77.2,467,1
0.0,27.4,78.1,183,0
29.1,27.9,58.9,100,0
0.0,31.0,55.8,1439,1
6.7,29.7,57.6,1397,1
89.6,24.5,85.8,588,1
22.4,26.2,59.3,226,0
0.0,25.8,48.5,170,1
0.0,31.1,62.6,98,0
191.3,33.6,81.3,984,1
11.4,32.5,62.7,1337,1
28.8,29.0,61.0,1205,1
37.1,30.4,74.7,1398,1
10.4,32.4,78.9,1192,0
0.0,28.1,69.1,1331,1
237.4,24.9,95.4,744,0
0.0,23.2,62.8,274,1
10.8,29.9,68.3,1200,1
207.3,24.7,89.4,484,0
10.7,31.8,69.2,1260,1
0.0,23.0,86.0,307,1
22.6,25.9,56.0,278,0
337.5,23.4,67.5,586,0
43.3,25.9,73.6,462,1
1.0,22.0,79.7,377,1
0.0,23.1,80.7,405,0
31.7,28.2,70.5,358,1
36.7,29.7,78.3,1208,1
0.0,29.7,75.7,1144,1
3.4,27.0,66.9,174,0
0.0,34.0,85.6,1083,1
0.0,32.7,68.5,1303,1
338.3,25.9,77.8,868,0
3.1,26.8,66.2,180,1
387.7,24.5,76.5,689,0
0.0,26.1,70.8,355,0
0.0,31.4,68.5,1124,1
0.0,27.4,57.3,180,0
348.9,27.4,79.8,842,0
217.6,26.6,68.0,501,0
0.0,25.9,76.0,247,0
391.7,24.7,90.1,775,0
0.0,33.6,74.5,1337,1
164.5,32.0,73.3,1044,0
0.0,24.2,73.6,287,0
270.0,22.0,72.9,951,0
0.0,32.5,70.4,1099,1
329.3,26.1,92.9,810,1
302.2,29.1,91.5,929,0
130.6,30.4,84.6,855,1
0.0,30.0,73.4,1261,1
9.4,24.7,66.1,196,0
0.0,22.0,83.0,369,1
336.0,33.4,74.8,906,0
0.0,33.2,66.3,1438,1
55.7,33.2,77.4,1301,1
1.7,28.1,66.0,1250,0
0.0,29.0,67.8,1311,1
22.2,33.4,73.5,1258,1
93.1,24.9,85.1,428,1
108.0,29.5,74.1,1013,0
292.1,26.3,85.1,916,0
21.4,33.6,74.2,1328,1
314.0,27.7,89.9,548,0
277.6,25.0,81.7,576,0
29.8,27.5,62.6,83,1
95.5,27.0,79.9,518,1
120.0,30.3,74.3,970,0
335.4,27.8,87.9,607,0
154.1,23.4,83.1,564,0
0.0,36.0,48.4,1305,1
139.8,29.1,82.9,961,1
0.0,25.6,64.0,189,0
103.2,30.7,83.4,952,1
10.9,31.7,84.6,1163,1
139.0,28.8,76.4,887,1
26.7,30.0,66.8,1215,1
0.0,24.0,68.1,258,0
52.2,24.4,62.0,358,0
120.4,30.7,80.8,990,1
31.3,28.4,68.5,10,0
38.0,33.6,71.9,1085,1
0.0,26.8,72.3,185,1
101.0,33.4,91.9,991,1
222.2,22.0,74.5,518,0
31.7,31.5,64.1,1427,1
30.0,30.0,63.0,72,0
116.9,24.7,91.8,478,0
150.7,27.9,88.2,842,0
35.8,26.2,83.6,415,1
0.0,22.7,70.9,355,0
19.3,30.6,79.4,40,0
329.8,26.0,91.7,895,0
0.0,30.3,59.2,1354,1
0.0,25.1,65.5,397,1
173.9,31.9,80.5,1016,0
0.0,26.3,69.5,76,0
187.3,27.3,77.1,482,0
70.0,26.0,74.1,513,1
124.4,26.1,92.7,731,1
0.0,23.0,75.3,323,0
34.2,28.2,71.8,305,0
0.0,32.8,66.6,1181,1
40.7,32.8,71.9,1150,1
40.5,30.6,64.0,1247,1
0.0,28.4,73.7,146,0
97.1,28.7,86.0,1007,1
40.6,32.4,72.4,983,0
122.9,27.7,77.3,677,1
116.5,28.7,92.5,926,1
153.8,26.8,90.1,893,0
208.4,27.6,90.6,774,0
3.5,32.8,75.5,1375,1
7.9,27.7,57.3,40,0
82.9,29.4,78.3,980,1
63.3,32.4,81.5,178,0
386.7,28.0,95.8,890,0
14.9,27.4,72.6,213,0
33.0,28.1,69.6,235,0
51.9,29.7,82.0,1052,1
232.2,31.5,79.4,1017,0
25.9,32.2,69.4,1127,1
337.3,26.8,77.2,653,0
8.8,28.5,89.9,1157,1
5.6,28.7,61.7,122,0
108.1,24.6,86.0,443,1
139.3,24.1,67.4,780,1
11.0,29.5,60.8,5,0
139.3,27.8,83.8,798,1
0.0,29.1,61.0,81,0
0.0,31.4,60.2,1370,1
9.8,26.9,75.4,222,0
40.8,29.9,68.1,1438,1
21.3,35.5,70.6,1087,1
33.3,25.8,67.3,304,0
62.2,30.6,54.2,51,0
182.4,27.3,71.1,968,0
124.9,23.5,69.1,466,1
22.5,30.4,71.4,1100,1
15.9,31.9,94.5,1227,1
27.2,29.4,60.6,45,0
4.7,24.8,66.4,243,0
303.0,28.6,77.6,955,0
0.0,23.0,76.0,323,0
41.5,25.3,67.4,427,1
421.3,27.6,76.9,771,0
144.0,30.0,90.8,916,1
0.0,29.7,68.5,153,0
0.0,33.0,76.4,1099,1
122.7,22.6,91.8,675,1
271.2,32.0,82.4,909,0
148.0,26.3,74.1,633,1
144.2,22.0,86.0,582,1
27.7,30.3,76.9,1149,1
9.6,24.5,55.8,209,0
366.8,26.0,87.1,689,0
0.0,30.4,71.5,1370,1
77.9,29.1,70.9,84,0
0.0,34.3,72.0,1436,1
0.0,34.8,71.2,1305,1
5.3,29.5,83.0,1122,1
30.4,26.9,62.0,280,0
129.4,27.8,90.0,426,1
8.6,22.7,59.9,406,1
340.8,28.9,91.5,799,0
0.0,30.5,57.7,1396,1
0.0,29.6,76.3,1322,1
14.1,31.0,72.1,166,0
117.2,30.0,73.2,1065,1
109.3,28.7,79.9,939,1
0.0,30.8,62.8,1355,1
0.0,33.6,80.9,1105,1
0.0,33.4,63.7,1089,1
102.0,29.3,75.7,1053,1
98.7,32.1,76.3,1153,1
110.1,29.8,66.8,907,1
90.9,26.1,67.2,474,1
8.5,28.8,74.7,26,0
165.5,32.8,64.9,969,0
352.9,26.8,76.9,716,1
0.0,30.1,83.2,1249,1
373.0,25.5,86.6,614,0
13.9,27.0,80.3,276,0
381.6,23.8,78.4,681,0
222.5,30.9,68.8,1004,0
51.9,25.2,73.2,349,0
24.8,26.9,68.5,30,0
0.0,22.0,56.8,241,0
98.0,31.1,84.7,824,1
0.0,25.8,63.3,270,0
28.1,32.1,68.5,1273,0
0.0,28.8,73.4,1389,1
32.3,28.8,62.8,29,0
27.8,35.2,87.0,1055,1
124.8,33.9,80.2,946,1
221.0,22.0,87.2,519,0
0.0,31.6,81.9,1094,1
26.7,35.6,73.0,1273,1
0.0,26.4,71.8,270,0
0.0,30.4,79.4,88,0
163.2,27.7,85.4,866,0
19.0,25.6,80.9,380,1
16.9,29.9,56.2,188,0
0.0,31.0,70.9,19,0
388.5,23.6,93.1,754,0
20.9,30.6,69.3,1197,1
73.6,33.4,78.0,1274,1
54.3,24.4,67.1,383,1
124.5,26.9,76.0,888,1
0.0,29.3,69.5,1376,1
438.3,25.0,87.4,795,0
21.7,30.0,62.0,1355,1
0.0,32.4,65.2,1090,0
7.6,30.8,77.3,1316,1
0.0,31.2,52.7,1387,1
30.5,32.2,76.0,1142,1
42.7,32.4,58.6,1398,1
87.6,29.2,79.7,1065,1
316.6,27.4,81.1,580,0
190.4,22.0,93.2,482,0
130.4,23.5,88.7,455,1
326.7,23.3,80.7,564,0
108.4,28.4,89.3,1019,1
27.4,24.6,50.5,95,0
6.3,27.6,71.3,310,0
0.0,27.7,67.8,290,0
255.7,25.0,63.6,495,0
4.5,24.5,66.4,294,0
140.0,29.8,86.9,1073,1
76.7,31.2,73.9,1156,1
107.3,23.5,84.2,521,1
235.2,31.6,71.2,983,1
171.9,29.0,72.8,976,0
364.5,23.5,83.7,707,1
37.9,24.8,77.8,379,1
0.0,28.1,71.2,141,0
242.6,25.1,82.4,545,1
0.0,31.8,60.9,66,0
0.0,27.2,62.2,133,0
276.0,30.9,76.6,910,0
30.4,29.3,59.4,71,0
0.0,32.9,58.5,1425,1
324.2,26.6,86.4,544,0
0.0,23.7,72.8,304,0
0.0,35.8,72.2,1279,1
350.6,24.9,81.3,653,0
9.6,29.2,65.7,1374,1
17.4,22.3,60.3,417,1
103.3,30.9,89.7,854,1
16.7,27.8,75.5,325,0
0.0,34.1,73.4,1172,1
134.1,22.9,87.3,536,1
57.2,31.1,81.5,1289,1
40.3,28.7,66.1,1163,0
386.3,24.6,96.0,682,0
0.0,31.8,85.1,1088,1
0.0,34.9,69.1,1142,1
16.1,27.4,57.6,177,0
332.6,27.3,85.9,875,0
49.4,29.6,74.4,107,0
22.0,33.7,59.9,1206,1
0.0,32.1,55.4,81,0
0.0,30.5,72.6,1273,1
29.5,27.7,67.4,167,0
33.5,25.4,79.2,328,0
369.1,27.5,86.0,889,0
163.7,22.9,85.0,555,0
213.7,23.5,81.3,527,0
9.8,27.6,65.3,33,0
136.1,27.8,87.3,909,1
40.3,22.7,61.6,306,0
220.6,24.0,79.6,504,0
2.4,26.2,64.4,206,0
29.4,27.9,61.4,74,0
6.3,27.0,72.9,211,0
0.0,25.1,71.5,27,0
3.6,30.8,81.3,1088,1
273.3,24.5,88.6,546,0
0.5,33.9,72.2,1258,1
321.0,29.2,72.2,895,0
30.1,34.4,65.9,1275,1
6.4,28.6,78.5,1105,1
134.5,31.1,83.3,934,1
15.6,32.6,77.1,1216,1
0.0,29.8,67.8,1402,1
40.6,32.1,68.7,1267,1
0.0,33.2,61.6,181,0
0.0,29.3,62.7,90,0
166.4,26.2,93.2,776,0
8.7,31.7,62.6,51,0
158.0,29.6,86.4,1017,0
417.9,24.4,71.0,778,0
0.0,29.8,61.3,236,0
56.9,22.0,62.1,391,1
31.1,30.1,61.8,988,0
185.5,23.9,65.4,482,0
0.0,25.3,66.6,187,1
0.0,28.8,86.6,1138,1
13.2,29.7,52.2,1,0
126.2,24.9,82.2,570,1
14.8,29.1,66.1,230,0
218.9,22.5,80.4,528,0
158.2,24.4,83.2,756,0
193.2,30.0,79.3,799,0
234.5,23.2,64.1,568,0
0.0,24.5,77.0,316,0
305.1,31.5,90.3,909,0
0.0,22.0,72.2,340,0
131.5,27.6,80.4,981,1
144.4,26.9,71.2,545,1
59.1,29.6,73.6,1062,1
0.0,30.8,72.2,1293,1
61.7,29.9,69.5,1050,1
0.0,27.4,65.5,174,0
5.5,30.9,89.6,1151,1
0.0,32.3,71.7,1211,1
354.2,30.5,74.6,855,0
131.0,26.4,98.0,864,1
32.1,25.8,70.9,201,0
213.6,24.1,73.4,506,0
0.0,34.6,74.2,1103,1
0.0,30.2,51.7,1391,1
161.9,28.2,73.4,1012,0
287.8,22.0,90.6,617,0
108.0,22.5,70.1,524,1
102.5,22.4,70.8,586,1
67.0,28.4,85.1,1035,1
14.2,32.0,90.0,1143,1
378.4,25.5,89.4,731,0
101.4,27.0,91.7,468,1
0.0,25.0,65.8,392,1
219.5,32.0,83.7,981,0
3.7,31.7,79.0,1217,0
18.4,29.7,62.3,1373,1
333.6,29.2,76.1,887,1
12.5,29.6,71.6,1172,1
302.7,30.3,86.5,866,0
72.3,28.5,63.2,41,0
398.8,28.4,86.3,798,0
52.0,26.8,60.0,287,0
130.6,22.6,86.1,613,1
81.6,31.5,88.1,924,0
0.0,32.9,67.5,93,0
40.1,22.6,71.4,443,1
342.9,23.2,70.8,637,0
97.3,31.0,78.4,1079,1
0.0,29.7,61.8,173,0
0.0,32.4,78.0,22,0
160.0,23.8,95.0,604,0
65.5,29.3,67.1,943,1
102.3,30.1,75.5,1078,1
287.1,28.2,76.0,935,0
17.0,30.4,56.8,1373,1
123.6,22.0,80.7,563,1
101.0,32.6,71.3,1055,1
0.0,25.4,65.1,304,1
0.0,34.5,66.9,1118,1
23.3,28.6,78.5,185,1
406.8,25.2,83.4,764,0
12.3,28.5,64.8,1415,1
344.2,30.7,94.7,824,0
68.6,24.6,63.8,123,0
126.7,23.5,84.6,549,1
0.0,24.5,66.6,351,0
22.1,28.7,61.0,0,0
0.0,29.8,67.3,1340,1
28.6,28.4,66.9,1419,1
346.9,25.5,90.6,818,0
133.7,24.0,86.2,456,1
0.0,32.1,74.6,1082,1
357.1,25.9,93.3,826,0
117.3,23.1,75.5,570,1
181.7,27.9,85.7,986,0
183.4,24.3,74.1,496,0
0.0,25.3,66.8,322,0
336.5,25.3,91.9,612,0
26.5,23.5,57.1,406,1
256.4,28.2,85.3,986,0
28.2,30.0,66.6,50,0
23.7,32.9,69.3,1279,1
0.0,24.2,82.9,285,0
79.1,22.7,71.4,532,1
84.0,28.4,68.2,1032,1
0.0,28.5,74.2,1423,1
0.0,30.9,68.3,1223,1
26.7,27.4,75.0,114,0
121.8,26.1,88.9,640,1
0.0,25.2,75.1,358,0
84.4,26.7,75.9,422,1
8.9,29.5,65.9,222,0
83.3,30.9,93.5,1029,1
310.1,22.0,78.8,600,0
0.0,26.8,78.3,288,1
165.1,30.3,76.3,899,1
41.2,32.1,70.5,1077,1
0.0,29.7,66.8,72,0
0.0,31.4,66.7,1273,1
115.9,22.2,91.3,632,1
371.3,27.3,82.8,721,0
30.9,26.6,63.8,181,0
32.4,32.5,57.8,1298,1
3.2,23.4,93.7,400,1
330.1,28.5,71.8,655,0
4.8,32.3,92.9,1290,1
14.3,30.1,70.7,1383,1
0.2,24.7,71.5,213,0
151.5,25.2,71.6,858,0
0.0,31.2,69.4,57,0
0.0,30.3,53.9,1356,1
0.0,27.1,65.0,128,0
175.1,25.9,93.4,803,0
2.4,23.0,60.9,312,0
113.8,30.2,82.8,1063,0
0.0,30.1,62.1,29,0
3.1,23.2,76.9,318,0
7.0,25.8,61.7,340,0
59.2,29.6,80.6,1209,1
138.4,28.2,87.6,950,1
25.2,26.7,63.3,281,0
206.1,30.0,73.8,1003,0
73.2,22.0,92.2,553,0
39.0,26.4,66.6,1239,0
68.6,32.0,70.9,1067,1
11.0,25.9,79.2,408,1
0.3,28.9,71.5,139,0
416.4,25.5,80.6,723,0
131.6,27.5,95.1,877,1
24.3,31.7,72.4,1183,1
0.0,32.6,82.3,1139,1
0.0,27.7,73.6,169,0
0.0,27.7,57.3,218,0
12.2,28.6,79.3,244,1
0.0,28.1,73.2,41,0
4.6,26.6,70.6,211,0
347.5,23.5,65.4,665,0
10.4,30.0,67.2,1438,0
251.7,23.9,74.8,553,0
17.7,29.7,55.4,1325,1
0.0,28.8,68.7,1213,1
0.0,29.3,55.0,1151,1
0.0,31.7,64.5,1406,1
417.2,24.7,93.7,773,0
0.0,31.0,70.7,1345,1
399.1,27.1,94.0,791,0
34.6,33.3,63.8,1327,1
56.0,25.4,73.6,249,0
10.3,27.5,59.2,195,0
121.5,24.7,69.1,831,1
150.7,23.8,73.2,565,0
245.3,28.0,74.1,967,0
281.0,23.9,75.8,580,0
39.6,24.8,84.8,404,0
123.1,28.6,80.9,928,1
0.0,29.2,82.1,19,0
61.1,30.5,92.2,976,1
0.0,31.2,61.9,1218,1
189.1,23.2,88.2,496,0
0.0,23.1,80.8,338,0
0.0,32.5,72.1,1139,1
440.4,25.9,85.2,720,0
0.0,27.0,61.1,178,0
0.0,22.5,94.1,411,1
21.4,36.5,80.9,1288,1
63.3,22.0,77.7,493,1
14.7,30.3,80.4,1276,1
0.0,25.0,66.4,252,0
296.0,26.0,89.7,568,0
0.0,30.8,68.4,1353,1
144.2,30.4,79.3,986,1
374.3,24.3,76.5,705,0
0.0,35.2,61.7,1352,1
280.8,29.8,86.9,928,0
0.0,26.7,66.9,156,0
0.0,33.3,65.3,1298,0
124.2,23.5,91.6,498,1
354.6,31.7,84.7,885,0
0.0,28.7,70.0,263,0
0.8,32.1,62.0,1333,1
395.7,25.5,87.4,766,0
92.5,25.7,89.4,816,1
14.3,33.6,73.6,1144,1
375.0,30.9,88.4,892,0
100.5,28.5,76.8,923,1
0.0,32.4,57.7,1353,1
143.3,27.0,82.9,769,1
211.6,31.8,83.4,990,0
0.0,29.9,74.6,1349,1
97.2,25.0,95.5,479,1
0.0,36.5,75.2,1255,0
62.5,29.2,49.1,68,0
0.0,26.9,79.4,266,0
22.5,25.9,75.7,327,0
394.3,26.3,79.1,701,1
0.0,28.5,84.2,1045,1
0.0,36.0,71.3,1277,1
0.0,32.1,64.1,1295,1
35.9,31.1,66.0,7,0
162.0,30.2,72.8,977,1
361.3,26.4,82.1,619,1
312.7,23.1,71.6,597,0
8.4,28.8,78.4,1111,1
386.5,26.7,87.6,808,1
271.0,25.1,91.1,588,0
342.7,27.3,91.7,887,0
0.0,30.1,69.7,1097,1
7.9,27.7,71.0,186,0
31.7,27.2,68.7,60,0
173.8,26.0,73.6,507,0
283.4,23.5,89.3,572,0
343.3,25.5,81.1,649,0
163.9,24.6,79.5,783,0
0.0,27.2,73.7,414,1
0.0,32.4,52.9,1339,0
312.8,29.2,69.5,892,0
0.0,29.3,72.6,1311,0
23.3,30.0,69.7,1115,1
16.6,32.3,58.1,1316,1
346.0,25.8,70.7,870,1
0.0,29.6,55.2,1417,1
98.7,25.6,71.4,447,1
137.7,23.3,67.7,602,1
184.4,24.7,85.3,485,0
331.9,26.3,87.0,884,0
42.7,31.2,58.6,22,0
0.0,27.8,75.4,6,0
29.8,32.7,69.3,1135,1
0.0,32.3,66.0,155,0
331.1,23.1,92.7,540,0
31.8,22.8,74.8,425,1
152.5,30.3,90.1,863,0
93.4,24.3,87.6,576,1
0.0,27.7,61.1,44,0
99.5,31.5,75.4,1070,1
20.9,29.5,54.4,95,0
0.0,30.2,52.6,1103,1
399.1,24.7,78.8,757,0
13.3,33.6,69.8,1304,1
0.0,28.0,55.2,28,0
6.1,26.3,70.3,96,0
93.2,27.5,78.5,944,1
155.2,29.7,91.6,871,0
170.9,25.5,76.4,744,0
119.6,27.9,81.6,909,1
219.9,29.9,70.3,994,0
38.7,33.0,54.7,1254,1
0.0,27.6,72.9,384,1
72.7,31.5,55.7,1406,1
91.8,33.9,79.5,1004,1
0.0,26.0,78.4,391,1
469.0,25.4,73.4,778,0
0.0,27.8,76.6,251,0
163.7,31.3,70.4,963,0
0.0,30.3,60.6,161,0
0.0,26.0,69.7,385,1
232.5,30.2,81.7,962,0
0.0,23.6,79.5,376,1
3.1,32.3,74.2,1208,1
11.0,27.0,59.4,28,0
235.0,29.7,84.2,960,0
190.3,27.6,86.8,977,0
340.3,25.5,78.9,640,1
0.0,29.7,53.8,172,0
125.9,28.6,80.9,859,1
18.3,31.7,79.1,1256,1
368.3,24.0,97.5,640,0
333.8,31.4,65.0,933,0
0.0,33.8,70.1,1310,1
72.1,22.0,82.9,507,1
18.4,31.3,77.0,1427,1
0.0,31.5,66.7,1414,1
0.0,29.6,66.5,15,0
9.7,29.1,65.1,1280,1
101.4,24.9,74.4,912,1
191.3,24.3,75.5,514,0
18.2,28.1,78.1,1121,1
163.9,24.1,75.3,713,0
60.0,32.8,84.7,1111,1
31.5,32.7,70.1,1309,1
57.0,22.8,67.5,517,1
0.0,26.3,77.1,365,0
113.4,28.0,80.1,829,0
0.0,30.5,88.3,1117,1
37.9,34.5,62.4,1117,1
0.0,30.0,64.3,113,0
38.4,22.4,73.3,539,1
101.6,22.0,90.6,732,1
94.4,28.4,91.2,885,1
0.0,27.0,55.4,172,0
138.7,24.6,85.0,638,1
0.0,31.5,83.7,1212,1
407.3,22.6,91.6,826,0
13.3,23.6,90.1,431,1
140.3,28.6,80.5,1072,1
0.0,30.4,64.1,1138,1
126.9,27.9,69.1,932,1
0.0,29.2,60.8,87,0
134.0,24.7,71.9,476,1
0.0,32.8,81.6,1262,1
0.0,22.0,88.4,317,0
357.3,28.0,90.1,685,0
381.7,24.7,88.7,893,0
96.4,24.1,70.5,459,1
0.0,25.3,72.0,181,0
340.5,28.6,72.3,843,0
5.2,28.2,63.5,1189,1
47.7,33.1,92.0,987,1
164.8,25.3,87.4,747,0
99.4,31.8,83.3,1044,1
0.0,27.4,45.6,85,0
122.0,29.3,81.4,764,1
426.7,23.3,80.8,766,0
0.0,26.6,76.6,1261,1
258.4,30.7,91.2,881,0
17.8,29.5,79.5,1173,1
124.6,24.0,83.1,569,1
29.9,31.1,77.6,140,0
12.4,30.7,68.6,1123,0
6.4,28.5,64.0,156,0
0.0,33.5,81.9,1303,1
371.9,27.0,85.5,802,0
123.8,26.7,87.9,452,1
1.3,32.9,62.7,1379,1
0.0,25.2,68.9,181,0
0.0,33.3,80.9,1166,1
344.8,24.5,94.3,647,0
286.7,24.5,83.0,658,0
368.8,25.2,72.6,621,0
8.9,30.9,58.0,93,0
159.1,28.1,76.9,975,0
191.1,26.6,83.8,499,0
0.0,31.5,59.2,85,0
31.3,29.6,69.0,1395,0
373.9,31.5,86.0,845,0
145.5,28.7,78.4,944,1
14.9,28.1,52.9,223,0
83.9,23.2,81.6,442,1
172.8,25.6,66.5,521,0
0.0,25.1,76.8,276,0
280.9,29.4,98.0,907,0
399.2,22.0,85.2,725,0
30.9,23.6,70.9,396,1
0.0,30.7,84.6,1191,1
19.3,26.2,77.8,981,0
0.0,29.5,68.5,125,0
0.0,25.2,75.3,293,0
0.0,27.8,68.6,1111,0
70.4,26.4,96.8,676,1
47.1,26.7,84.1,397,1
134.5,23.7,98.0,496,0
0.0,22.2,77.0,336,0
219.8,26.2,77.3,982,0
130.8,26.6,72.3,948,0
0.0,29.8,67.4,1368,1
38.3,31.4,67.2,132,0
31.9,31.6,80.1,1231,1
0.0,24.4,66.4,201,1
114.0,22.9,76.3,546,1
0.0,28.1,55.7,261,0
11.7,33.1,69.2,1220,1
6.9,32.0,62.2,1265,1
268.2,23.8,78.9,553,0
405.7,25.2,83.0,675,0
292.8,24.4,82.8,542,0
496.4,25.6,77.7,728,0
111.5,24.7,78.2,646,1
42.8,31.3,79.5,1280,0
87.6,27.3,80.0,949,1
57.2,23.6,83.3,449,1
25.5,24.8,74.5,449,1
88.2,22.7,75.5,479,1
174.2,26.8,93.2,761,0
8.0,30.7,61.1,101,0
94.4,25.9,91.6,691,1
270.5,23.0,86.8,562,0
198.8,25.4,81.6,662,0
169.4,24.8,74.5,600,0
375.2,28.4,89.9,842,0
183.7,32.0,77.1,956,0
147.7,27.7,77.7,996,1
0.0,29.4,61.0,66,0
42.3,30.0,63.8,1022,1
132.6,22.7,84.8,695,1
3.7,28.9,58.2,1128,1
39.3,33.2,71.3,1322,1
106.8,28.0,82.8,1074,1
133.9,30.6,79.1,963,1
22.2,25.4,62.5,330,0
138.1,26.3,88.0,841,1
0.0,29.7,45.0,133,0
0.0,22.8,72.3,336,0
0.0,26.9,76.7,150,0
0.0,27.8,67.4,52,0
144.9,27.5,79.9,721,1
0.0,34.4,60.4,1230,1
162.1,27.5,98.0,826,0
367.5,31.1,81.7,762,0
42.5,27.9,66.3,201,0
5.0,25.8,70.8,369,1
0.0,33.9,60.3,1311,1
150.8,22.8,62.1,569,0
7.8,25.4,70.2,392,1
13.3,30.1,69.2,1218,0
344.5,25.4,75.3,885,0
337.0,30.2,62.9,864,0
14.7,25.3,69.9,237,0
51.1,31.8,66.1,1374,1
0.0,34.7,78.2,1373,1
61.5,22.0,71.3,345,1
0.0,32.1,49.8,1380,1
7.4,31.8,82.6,1171,1
0.0,25.9,80.5,264,0
47.9,32.0,61.4,1180,1
113.1,25.2,88.8,676,1
37.9,31.0,76.4,13,0
34.2,22.0,90.7,464,1
0.0,31.0,75.7,12,0
0.0,23.7,72.4,277,1
37.9,36.1,67.5,1298,1
0.0,25.0,67.6,301,0
27.8,32.4,64.8,1231,1
0.0,31.5,56.1,151,0
319.7,26.5,87.4,897,0
8.7,26.0,68.5,279,1
0.0,28.0,62.0,1435,1
397.2,25.0,83.5,785,1
83.7,28.0,86.4,1044,1
259.5,30.6,87.7,902,0
17.6,26.3,56.5,317,1
5.2,30.0,84.9,1429,1
352.7,26.0,93.7,833,0
41.8,32.8,61.4,1434,1
56.6,24.1,77.6,457,1
0.0,22.8,74.1,402,1
32.3,26.3,69.3,422,1
411.2,25.7,82.0,767,0
0.0,26.5,64.4,304,0
3.8,31.0,84.9,1043,1
3.3,33.2,52.1,113,0
126.3,23.7,72.4,453,1
136.1,22.0,75.7,646,1
10.1,29.5,79.2,47,0
38.2,32.4,74.3,1298,1
0.0,26.1,76.4,347,0
304.9,30.7,90.9,923,0
10.2,30.7,72.8,1175,1
337.7,28.3,83.5,687,0
367.3,26.5,82.6,647,0
337.0,24.4,78.3,588,0
11.8,26.6,71.9,153,0
176.6,29.9,92.7,735,0
0.0,29.5,71.8,155,0
327.9,27.0,80.1,846,0
252.3,31.8,77.5,917,1
411.9,26.4,98.0,725,0
184.5,33.0,77.1,1009,0
0.0,26.3,77.6,147,0
22.2,31.5,69.3,1178,1
188.7,27.3,80.7,633,0
0.0,30.7,73.5,1250,0
0.0,31.0,87.2,1120,1
5.9,26.4,71.0,1288,1
352.2,25.4,78.9,603,0
138.1,31.3,98.0,913,1
0.0,30.2,71.9,1204,1
30.2,28.9,64.5,144,0
23.4,30.8,72.9,1298,1
0.0,22.2,64.1,307,0
411.0,26.3,91.1,794,1
29.9,29.7,57.0,1438,1
70.8,31.1,82.9,1038,1
228.8,29.4,92.8,1018,0
0.0,29.6,60.9,190,0
0.0,30.3,67.3,1339,1
135.3,27.7,86.5,894,1
383.6,25.0,91.3,635,0
45.8,27.9,70.5,137,0
19.4,26.9,67.0,133,0
290.9,29.1,92.9,957,0
0.0,27.0,71.8,277,0
82.7,33.8,64.8,1224,1
92.6,22.0,73.3,555,0
0.0,32.5,84.5,1097,1
15.3,25.6,79.6,180,0
0.0,33.8,76.4,1119,1
170.0,26.4,71.9,600,0
0.0,30.9,61.0,60,0
91.7,23.0,92.8,590,1
126.5,22.0,88.1,620,1
0.0,34.4,60.4,1199,1
144.4,31.4,86.1,924,1
0.0,27.5,74.6,1106,1
0.0,34.2,73.4,1329,1
0.0,31.5,61.8,1429,0
371.7,24.8,94.3,611,0
198.1,25.3,82.7,807,0
19.5,31.1,45.0,108,0
0.0,30.5,61.4,1351,1
0.0,25.1,72.0,272,0
49.3,22.0,71.1,247,0
0.9,30.0,71.1,1121,1
0.0,30.0,57.5,1225,1
452.2,22.0,93.9,701,0
86.4,33.9,90.6,1069,1
7.4,26.7,60.4,220,0
0.0,29.0,74.9,1316,1
51.3,28.1,85.0,961,1
152.0,23.0,72.1,574,0
14.1,30.7,75.4,1173,1
10.3,26.8,95.2,305,0
348.0,26.4,74.1,810,0
337.4,24.7,94.5,622,0
327.7,24.0,83.3,611,0
78.8,33.2,75.4,1073,1
22.4,34.2,76.5,1370,1
0.0,31.6,62.9,1287,1
62.2,28.9,78.3,1034,1
25.5,30.6,64.3,1398,1
0.0,25.2,58.5,1331,1
152.2,25.2,93.6,649,0
0.0,29.3,73.8,1247,1
130.9,24.7,98.0,661,1
0.0,26.9,71.2,250,0
6.7,30.3,65.5,1363,1
57.7,23.1,77.3,516,1
241.3,24.5,77.7,538,0
48.9,30.7,80.1,1318,1
127.4,26.0,77.6,595,1
8.5,33.4,71.6,1297,1
0.6,32.6,72.2,1104,1
71.6,28.7,54.6,42,0
58.9,25.7,77.6,380,1
3.3,25.5,55.6,221,0
3.0,29.8,67.0,35,0
148.4,22.7,80.0,848,1
68.1,26.5,74.5,431,1
100.6,28.6,83.7,669,1
0.0,32.3,68.1,1318,1
0.0,28.7,66.3,1305,1
75.2,30.4,81.8,1024,1
390.1,28.1,83.7,872,0
155.9,30.0,98.0,964,1
346.3,32.0,75.8,795,0
331.3,26.5,75.7,816,0
22.1,29.7,74.5,1056,0
0.0,32.2,65.5,1168,1
39.0,30.5,87.2,1037,1
112.1,27.5,96.1,928,1
0.0,26.5,61.8,5,0
0.0,32.9,70.5,1372,1
151.1,22.8,86.9,617,0
319.4,26.0,80.0,871,0
409.8,23.5,89.6,719,0
59.1,22.0,84.2,461,1
0.0,33.2,54.6,1306,1
61.8,32.9,63.0,1170,1
65.6,25.6,70.1,355,0
0.0,29.4,63.8,173,0
40.9,31.7,66.0,1390,1
448.4,27.2,77.6,745,0
431.9,29.6,76.7,747,0
0.0,31.0,62.5,86,0
0.0,26.4,60.7,258,0
82.5,28.1,89.6,1016,1
14.2,22.0,80.7,344,0
15.2,25.5,70.2,86,0
15.6,28.9,76.1,238,0
0.0,30.7,64.5,1279,1
124.0,24.7,80.2,602,1
31.7,22.2,80.8,435,1
181.3,29.6,90.9,698,0
76.6,22.0,80.5,463,1
131.1,24.8,86.0,628,0
15.6,31.1,70.7,1274,1
0.0,31.9,80.2,1169,1
9.2,23.5,86.3,459,1
49.1,22.4,75.7,474,1
146.5,27.8,85.0,1008,1
25.9,36.0,55.5,1140,1
26.7,31.3,59.1,1168,1
0.0,32.1,63.5,1372,1
268.0,25.8,77.0,929,0
356.7,22.7,98.0,819,0
127.1,23.2,81.3,645,1
0.0,26.3,78.0,391,1
103.6,29.1,83.8,909,1
203.5,24.9,73.8,746,0
86.1,28.9,86.0,890,1
0.0,29.7,65.6,1387,1
135.1,31.8,94.6,950,1
62.2,34.8,65.6,1235,1
0.0,30.3,71.3,1361,1
30.6,29.3,70.0,1434,1
165.5,23.9,73.2,514,0
0.0,28.9,47.6,155,0
0.3,30.9,75.3,1127,1
0.0,34.0,82.4,1195,0
0.0,26.5,72.5,275,0
241.9,26.3,89.4,564,0
100.2,27.8,74.9,979,1
111.6,26.8,89.8,891,1
0.0,32.5,51.9,1364,1
18.0,24.2,82.2,472,1
324.5,27.6,70.4,856,0
6.7,31.0,74.8,1222,0
156.4,27.1,80.2,804,1
81.3,34.7,79.2,1187,1
0.0,22.0,74.7,419,1
2.2,31.7,78.8,1256,1
41.7,31.2,69.8,1368,1
393.1,23.0,85.4,690,0
197.0,29.7,89.5,965,0
196.0,26.7,83.6,994,1
288.7,23.0,96.0,591,0
29.2,30.9,74.7,1135,1
426.7,27.0,83.0,783,0
169.5,28.3,76.5,639,0
17.6,27.4,60.9,79,0
47.7,28.2,75.7,1060,0
61.1,26.5,69.5,413,1
372.1,22.0,89.8,660,0
23.5,27.8,55.3,104,0
39.0,31.2,65.5,1165,0
134.9,28.9,60.5,1053,1
0.0,25.0,66.9,354,0
84.8,29.5,75.1,1389,0
333.0,22.0,78.0,562,0
35.7,33.1,65.7,1190,1
108.4,29.3,77.7,888,0
32.3,24.0,72.8,263,0
0.0,30.8,82.6,1152,1
0.0,31.7,73.3,148,0
6.7,26.9,59.4,297,0
90.1,24.1,88.7,465,1
151.0,27.4,85.7,446,0
106.6,22.0,81.4,450,1
357.5,22.0,75.6,702,0
22.7,31.2,58.1,1389,1
15.2,33.1,60.2,1350,1
50.9,22.0,73.3,458,1
178.7,22.0,85.2,609,0
157.6,28.6,62.8,803,0
71.0,22.0,67.3,452,1
16.6,30.3,63.5,1393,1
272.7,24.6,90.0,574,0
12.7,26.4,72.5,404,1
77.0,29.4,81.5,993,1
11.8,27.9,76.7,196,0
418.0,23.5,78.6,740,0
11.1,28.1,59.9,211,0
16.5,24.2,61.2,242,0
0.0,29.1,65.7,1317,1
0.0,31.1,62.7,194,0
126.8,34.5,90.9,1027,1
52.1,25.5,74.4,331,0
0.0,33.9,70.7,1417,1
11.3,30.2,58.5,1405,1
0.0,31.2,65.9,1349,1
57.4,31.5,65.5,1268,1
38.0,27.2,66.9,116,0
0.0,26.8,69.4,1351,1
335.8,23.9,80.8,610,0
422.6,29.6,83.0,801,0
7.8,26.6,79.0,273,0
27.1,26.8,65.1,340,0
253.3,24.9,87.8,557,0
58.7,22.4,79.9,438,0
150.1,27.5,90.6,833,0
13.1,30.2,62.8,1397,1
0.0,25.9,74.6,156,0
380.0,27.0,79.6,677,0
286.0,26.4,86.1,911,0
0.0,30.1,70.3,1323,1
148.0,34.4,81.3,1006,1
0.0,31.4,73.2,42,0
17.0,32.0,75.2,1346,1
122.2,22.0,87.5,590,0
28.4,31.2,80.5,1324,1
207.8,22.0,78.9,545,0
0.0,31.8,67.9,1212,1
0.0,30.4,67.6,1402,1
29.8,27.3,63.9,101,0
192.1,26.3,77.1,535,0
0.0,33.8,56.2,1284,1
400.5,23.7,91.2,765,0
257.6,32.2,81.2,903,0
55.5,28.5,77.1,1071,1
5.8,34.8,66.9,1134,1
169.6,24.7,81.5,691,0
86.9,23.3,79.5,463,1
193.1,33.0,70.4,974,0
141.9,27.7,82.3,865,1
253.3,26.3,78.6,581,0
101.0,25.4,82.8,850,0
346.2,28.1,82.2,848,0
7.0,32.4,55.6,1330,1
20.7,26.9,81.8,361,1
177.3,27.4,65.3,764,0
87.6,30.1,81.7,986,1
130.5,24.9,88.3,533,1
94.2,22.7,76.9,477,1
0.0,33.1,61.4,1165,0
11.1,33.0,76.3,1207,1
5.9,29.3,64.7,1040,1
420.6,26.2,82.3,740,0
285.0,30.6,91.2,907,0
82.7,28.9,79.1,480,1
402.7,27.5,84.8,697,0
165.8,25.6,94.5,717,0
16.0,25.7,60.3,312,0
0.0,31.2,75.4,1088,0
47.1,24.8,75.0,387,1
0.0,29.6,60.2,125,0
262.3,30.5,77.1,946,0
24.8,30.7,85.6,1042,1
261.2,26.8,67.2,947,0
0.0,31.0,64.9,1355,1
49.3,22.9,69.4,419,1
19.6,24.5,69.5,237,0
22.5,25.4,73.4,436,1
420.9,26.7,86.4,728,0
155.2,24.2,84.5,731,0
191.3,29.4,80.3,981,0
51.2,30.6,79.1,1010,1
2.6,26.5,70.8,291,1
0.0,26.1,74.1,357,0
0.0,29.9,75.5,1091,1
428.7,26.7,83.5,773,0
361.7,26.9,92.7,785,0
42.7,33.4,60.5,1303,1
0.0,29.1,85.3,188,0
0.0,30.6,68.0,411,1
119.3,26.8,73.7,456,1
146.6,26.3,70.4,772,1
0.0,25.1,70.0,302,0
17.2,23.3,79.5,333,0
0.0,29.0,57.7,1387,0
0.0,32.5,80.9,1209,1
20.8,28.6,64.9,166,0
46.4,33.4,55.0,160,0
388.2,24.5,78.3,761,0
39.3,30.2,71.7,1302,1
33.1,29.5,61.1,68,0
302.9,28.0,94.9,913,0
1.2,32.6,62.4,1296,1
0.0,24.2,71.5,326,0
113.9,23.6,72.5,460,1
20.6,32.3,73.7,1351,0
3.6,23.0,65.6,423,1
0.0,24.5,55.9,301,1
380.7,28.0,80.4,830,0
0.0,28.1,64.6,152,0
262.6,22.9,68.5,560,0
0.0,27.0,69.8,120,0
377.2,27.3,90.3,703,0
191.7,30.6,77.2,970,0
0.0,25.3,64.5,240,0
21.5,33.6,84.1,1185,1
158.9,24.9,71.1,538,0
15.6,34.7,74.2,1210,1
0.0,33.6,68.6,1146,1
0.0,26.9,76.5,361,1
0.0,31.2,74.2,1274,1
0.0,25.2,70.5,187,0
399.3,27.5,70.5,773,0
117.2,27.6,92.3,771,1
70.6,23.9,66.7,596,1
70.9,28.7,82.9,1066,1
152.1,30.6,83.6,985,0
0.0,32.6,70.1,1179,1
48.4,29.1,76.1,1181,1
164.3,26.7,76.1,770,0
80.9,32.3,69.3,994,1
0.0,29.2,72.3,1311,1
0.0,28.0,65.3,225,0
4.8,32.6,76.9,40,0
0.0,32.7,62.1,40,0
376.8,24.3,75.5,860,0
406.2,28.2,98.0,779,0
147.6,29.4,68.6,1016,1
33.5,30.0,66.5,1417,1
123.9,29.2,78.4,427,1
116.7,31.3,83.3,1062,0
467.1,25.2,82.3,751,0
3.6,33.1,64.2,1327,1
200.5,30.3,83.5,823,0
104.3,24.5,92.0,429,1
55.0,23.1,84.5,442,1
329.8,28.2,76.8,843,0
103.4,28.2,80.8,767,0
0.0,23.9,74.0,411,1
0.8,28.2,62.8,277,0
192.9,29.7,67.1,989,0
77.7,25.3,76.6,940,1
0.0,34.5,59.1,1342,1
18.9,29.7,78.0,64,0
40.9,34.0,68.6,1280,1
20.6,31.4,65.6,1075,1
211.8,30.1,77.5,965,0
52.2,26.0,78.5,408,1
182.5,25.7,90.9,736,0
80.4,34.5,79.2,1044,1
389.4,26.9,88.9,803,0
47.0,34.5,76.5,1041,1
419.1,27.2,83.9,732,0
139.7,22.0,98.0,616,1
16.6,30.0,65.2,1213,1
39.9,33.7,59.9,1233,1
251.3,27.2,78.6,925,0
0.0,28.8,65.5,1338,1
98.3,32.6,67.5,985,1
36.8,22.0,81.6,479,0
25.9,33.0,70.1,1082,1
37.0,31.1,53.9,1141,1
83.1,29.4,83.5,867,1
174.9,24.5,73.5,481,0
0.0,27.7,80.5,1161,0
82.4,23.5,74.0,546,1
372.2,24.7,80.3,663,0
0.0,32.8,72.8,1248,1
0.0,32.1,63.4,1357,1
0.0,31.4,64.9,1178,1
12.0,27.7,57.4,19,0
29.4,32.8,82.0,1145,0
92.3,25.7,75.7,488,1
80.5,32.5,58.3,1311,1
374.6,27.6,81.6,899,0
29.4,29.3,63.8,30,0
152.1,23.3,89.3,685,0
0.0,28.5,56.1,155,0
384.6,24.9,97.3,625,1
0.0,30.7,61.0,87,0
114.2,27.8,95.9,904,1
194.8,24.2,81.6,530,0
154.8,25.4,88.2,849,0
413.1,24.5,91.3,677,0
32.3,28.9,61.7,14,0
390.9,28.1,74.1,776,0
391.8,30.4,90.4,812,0
51.4,22.0,94.9,424,1
85.3,26.0,77.7,456,1
332.8,26.5,85.1,699,0
0.6,28.9,67.7,21,0
119.3,23.0,72.0,621,1
25.4,22.6,87.0,441,1
257.3,23.4,72.1,591,0
16.2,30.7,87.0,1094,1
272.9,24.2,85.8,616,0
0.0,23.5,85.2,410,1
291.8,26.1,69.4,644,0
59.2,31.0,87.0,1017,1
0.8,29.7,66.5,27,0
0.0,30.9,68.0,1258,1
22.6,30.9,79.2,1221,1
141.0,25.0,83.8,440,0
61.5,31.6,67.8,1361,1
0.0,31.2,48.0,1396,1
35.4,26.9,69.8,304,0
47.1,31.8,75.2,1277,1
27.1,33.6,72.6,1036,1
43.0,22.0,74.8,303,0
0.0,23.4,75.2,293,1
168.9,29.6,95.1,726,0
48.2,30.7,76.8,1104,1
5.3,32.5,60.6,1296,1
35.7,26.6,87.5,459,1
194.1,24.7,78.1,519,0
124.1,31.8,84.1,1002,1
0.0,29.2,61.2,128,1
0.0,33.4,64.6,1098,1
371.7,25.5,73.7,650,0
10.2,32.3,76.7,1388,1
235.6,28.8,79.7,982,0
21.0,33.0,75.8,1230,0
0.0,31.4,91.5,1111,1
20.4,28.9,72.8,111,0
63.9,22.0,92.8,450,1
0.0,30.6,66.6,1096,0
0.0,24.3,75.0,407,1
82.4,33.1,72.9,998,1
0.0,24.6,63.9,357,0
5.2,32.0,70.1,1101,1
9.7,33.6,59.4,1414,1
0.0,22.7,67.7,329,0
0.0,28.3,66.0,112,0
32.0,26.9,75.0,350,0
16.9,36.4,74.1,1359,1
0.0,22.0,74.5,276,0
18.6,31.2,90.6,1105,0
53.8,33.1,89.3,1197,1
0.0,28.6,64.0,185,0
24.6,36.4,70.0,1293,1
217.5,28.7,80.2,1015,1
332.1,24.1,75.5,631,0
0.0,23.7,75.3,204,0
449.5,26.3,91.6,770,0
34.8,32.9,78.0,1152,1
71.7,34.2,87.5,997,1
116.4,27.4,75.0,517,1
22.2,30.0,78.4,181,0
45.6,30.1,76.4,1377,1
100.8,27.8,67.5,835,1
0.0,32.2,71.5,1084,1
48.6,28.9,70.3,130,0
465.9,26.9,98.0,790,0
29.7,26.4,79.7,443,1
0.0,30.1,68.1,1393,1
23.7,30.7,63.0,44,0
293.2,27.0,81.5,569,0
57.4,35.1,89.9,1059,1
218.0,27.4,83.0,946,0
34.2,25.2,89.6,463,1
27.4,30.9,63.3,34,0
83.9,27.6,88.0,680,1
0.0,27.4,63.2,474,1
0.0,30.2,60.8,1384,1
302.4,28.9,79.6,937,0
75.6,31.0,77.2,1021,1
0.0,27.9,67.1,219,0
7.1,26.8,71.2,336,0
349.2,24.4,94.7,713,0
93.5,27.7,76.4,528,1
211.0,24.3,88.9,897,0
271.8,26.6,82.4,933,0
0.0,32.0,62.9,1390,1
141.0,24.8,98.0,695,1
19.2,29.7,70.3,1390,1
19.9,33.4,65.4,1328,0
411.5,28.6,89.7,785,0
382.2,28.5,89.7,775,0
0.0,27.0,64.6,93,0
0.0,29.6,58.5,177,0
25.2,32.4,62.3,1426,1
0.0,29.8,45.0,1296,1
119.1,24.2,77.1,571,1
53.9,25.9,85.3,539,1
6.4,34.5,74.8,1151,1
132.3,23.8,75.5,464,0
269.7,22.0,85.9,571,0
0.0,34.5,82.7,1096,1
0.6,28.1,67.4,123,1
0.0,27.1,63.3,1421,1
0.0,25.5,68.1,272,0
60.0,30.3,59.3,162,0
57.5,26.6,88.6,947,1
219.6,30.2,96.6,1002,0
134.5,27.3,73.6,848,1
0.0,27.9,62.0,153,0
396.8,24.3,87.1,698,0
201.0,25.0,77.6,530,0
40.3,31.6,75.0,1229,1
352.3,26.5,77.8,709,0
330.9,27.3,67.1,859,0
34.2,31.3,72.9,98,0
0.0,31.5,72.5,1342,1
57.8,28.4,84.4,1060,1
37.9,30.2,88.1,1183,1
171.4,22.9,80.8,694,0
0.0,29.3,81.2,1342,1
0.0,24.3,80.1,233,0
40.6,29.3,64.0,1377,1
117.8,29.0,72.8,947,1
0.0,32.9,58.5,1358,1
294.4,26.3,87.5,922,0
0.0,28.4,56.6,57,0
0.0,33.5,69.8,1296,1
7.6,28.7,63.6,116,0
0.0,24.6,68.4,142,1
0.0,32.1,77.3,1238,1
0.0,32.6,75.7,1167,1
76.6,30.6,87.0,978,1
45.3,36.4,87.8,1188,0
0.0,30.4,52.6,1307,1
23.0,34.2,72.2,1229,1
1.0,30.0,64.7,20,0
0.0,32.8,72.5,1163,1
0.0,23.9,56.0,320,0
153.6,26.7,85.4,865,0
414.9,24.5,80.6,830,0
0.0,28.9,78.0,1196,1
201.4,29.3,98.0,889,0
390.7,25.9,75.9,830,0
8.5,37.1,72.9,1259,1
0.0,29.9,51.0,1415,1
0.0,27.3,71.2,265,0
47.8,25.3,80.0,332,0
82.1,26.3,83.9,1018,1
151.0,22.0,94.6,635,0
99.3,26.0,87.4,903,1
445.5,28.1,70.7,668,0
341.8,30.6,98.0,847,0
39.3,35.3,54.5,1321,1
0.0,22.5,82.7,208,0
51.8,28.1,83.0,1042,1
10.9,33.2,72.9,1205,1
33.5,26.5,80.1,174,0
27.9,33.3,72.6,1302,1
89.3,23.2,85.4,455,1
36.5,30.4,67.9,1365,1
0.0,24.4,61.3,140,0
5.9,23.0,69.2,441,1
32.7,31.6,94.5,1028,1
294.6,22.2,94.3,573,0
0.0,32.0,71.4,1198,1
197.7,27.9,75.0,1016,0
0.0,22.6,90.4,445,1
0.0,30.1,73.9,1320,1
375.6,25.5,92.3,635,0
0.0,27.7,80.6,283,0
363.4,29.7,94.6,724,0
14.2,33.6,85.7,1240,1
0.0,32.2,73.1,1341,1
73.4,29.5,59.4,243,0
14.8,31.4,62.7,1427,0
430.7,27.2,89.0,721,0
0.0,27.1,75.1,315,0
14.7,26.3,76.5,255,0
169.8,23.9,80.3,532,0
107.8,28.7,70.5,955,1
0.0,27.9,67.7,115,0
36.1,29.0,50.6,21,0
113.2,26.3,64.0,462,1
3.5,29.3,79.3,1080,1
387.2,24.8,76.3,614,0
155.0,25.1,81.3,683,0
185.5,22.3,88.6,663,0
54.0,26.2,70.6,377,1
404.2,23.3,88.3,736,0
49.2,22.6,87.2,426,1
36.2,31.7,61.2,1309,1
243.1,27.0,75.5,524,0
3.8,25.6,80.1,411,0
0.0,32.6,66.5,1251,1
33.0,33.5,70.4,1389,1
155.7,27.5,87.8,840,0
33.9,33.0,62.7,61,0
22.1,32.5,77.0,1368,1
8.8,32.1,62.8,1161,1
394.3,22.0,89.5,691,0
24.9,32.0,48.1,28,0
0.0,32.5,67.1,1354,1
43.5,31.4,68.4,1276,1
54.9,23.1,67.9,431,1
0.0,30.0,82.3,263,0
352.0,26.4,74.9,869,0
42.9,30.7,62.3,43,0
9.8,30.1,74.4,29,0
260.9,25.5,83.9,559,0
0.0,28.0,64.8,1301,1
356.8,25.5,77.3,546,0
0.0,35.2,70.2,1241,1
356.5,24.2,80.5,889,0
182.4,28.1,80.9,1013,0
33.8,33.0,62.8,1297,1
0.0,24.9,79.5,306,0
54.1,29.4,61.3,179,0
396.2,27.5,73.1,768,0
106.5,29.5,98.0,929,1
32.0,27.7,85.6,431,1
328.6,29.5,78.3,888,0
188.9,27.3,72.9,990,0
101.6,31.4,85.5,977,1
0.0,31.8,62.8,1305,1
377.5,27.1,93.3,762,0
244.9,32.3,84.2,961,0
4.5,28.4,74.7,352,0
62.8,30.2,81.5,992,1
74.9,30.7,93.8,910,1
119.4,24.8,83.1,813,1
189.5,25.1,86.1,735,0
0.0,24.0,66.4,353,0
30.3,30.1,71.2,154,0
125.1,30.4,77.8,831,1
382.6,33.3,94.4,812,0
344.3,29.7,94.2,860,1
80.9,26.4,64.3,439,1
140.9,24.5,91.9,847,1
0.0,28.3,58.0,1310,1
157.3,24.3,81.5,745,0
213.4,27.5,79.8,992,0
0.0,33.0,66.4,1225,1
7.9,34.3,62.5,1416,1
12.0,28.0,72.8,149,0
7.2,23.9,81.0,330,0
0.0,26.6,69.1,272,0
5.2,30.4,67.9,1270,1
28.3,28.9,85.0,1012,1
0.0,31.1,57.9,1360,1
0.2,29.8,65.6,64,0
352.7,24.7,81.9,841,0
0.0,22.0,72.3,252,1
0.0,30.1,63.1,1157,1
24.5,26.2,75.3,325,0
0.0,22.6,74.7,324,0
0.0,34.5,93.4,1063,1
57.3,32.5,67.2,1033,1
0.0,28.3,86.4,184,0
60.8,31.7,95.4,1018,1
390.3,27.8,94.9,835,0
156.9,28.0,80.6,821,0
190.6,28.5,92.9,771,0
0.0,26.5,61.2,361,1
388.4,25.8,68.4,663,0
0.0,35.3,61.7,1331,1
157.4,28.2,75.9,850,0
0.0,30.6,59.3,1083,1
235.5,22.0,96.6,642,0
340.0,26.6,77.9,848,0
399.1,27.6,88.4,669,0
23.8,27.9,88.9,146,0
77.3,31.0,79.1,965,1
18.0,28.2,56.1,134,0
67.7,29.1,89.9,1121,1
0.0,31.3,71.2,1170,1
0.0,25.3,74.7,201,0
0.0,27.1,45.0,172,0
312.8,27.3,84.4,905,0
372.0,26.1,84.2,692,0
173.5,25.8,74.7,448,0
22.5,30.9,73.1,1400,1
180.4,26.0,74.6,1019,0
0.0,22.0,72.8,413,1
333.0,25.8,84.5,655,0
41.6,29.3,84.5,1071,1
12.0,28.5,63.0,29,0
23.2,28.1,65.1,140,0
0.0,25.4,66.6,215,0
113.5,22.0,83.6,774,1
0.0,23.3,61.9,357,0
184.5,26.2,90.7,801,0
25.2,24.9,76.6,285,0
289.3,30.4,69.1,919,0
187.8,28.2,80.0,861,0
87.9,28.0,94.2,891,1
0.5,29.3,68.8,239,0
120.3,22.0,75.0,459,1
136.8,32.2,73.2,910,1
307.0,32.3,92.1,946,0
24.0,26.7,62.3,210,0
439.6,25.2,90.5,770,1
422.8,28.7,98.0,759,0
0.0,28.5,66.3,72,0
0.0,28.7,77.7,137,0
0.0,32.4,71.7,1281,1
71.3,25.1,85.7,475,1
40.8,28.6,63.3,1396,1
102.0,28.9,76.6,877,1
335.0,22.8,80.0,624,0
27.3,22.8,77.2,511,1
0.0,26.4,77.2,374,1
135.2,25.0,90.7,732,1
0.0,27.8,52.9,117,0
102.8,24.5,78.9,445,1
56.5,27.2,77.5,409,1
24.4,35.6,65.8,1390,1
378.8,27.5,76.3,672,0
0.0,33.7,78.3,1112,1
56.3,24.5,78.0,409,1
150.9,29.3,88.7,576,0
103.8,29.4,80.3,937,1
22.3,27.9,68.8,120,0
83.2,24.9,86.6,578,1
4.4,25.7,72.8,326,0
64.3,28.2,66.9,1055,1
72.0,29.4,59.5,1051,1
0.0,26.8,63.5,280,0
39.0,30.4,56.4,1214,1
4.5,25.8,77.0,390,1
0.4,29.1,57.2,65,0
195.8,26.4,78.4,624,0
149.2,25.8,98.0,768,1
0.0,32.4,63.2,1371,1
0.0,22.4,79.5,257,0
26.8,22.0,72.7,321,0
0.0,29.2,53.8,1410,1
411.3,27.6,84.3,815,0
128.9,23.6,66.1,668,1
1.2,28.4,69.7,225,0
74.7,32.2,58.9,1322,1
0.0,24.3,72.3,332,0
222.2,24.6,76.8,566,0
82.4,29.9,87.1,1062,1
96.6,28.6,84.0,840,1
17.0,23.1,75.1,463,1
221.9,24.8,76.1,536,0
28.2,28.7,71.7,248,1
211.6,22.0,79.1,544,0
0.0,30.5,53.9,1154,1
27.4,23.9,68.1,349,1
343.7,29.7,82.1,908,0
0.0,32.5,59.3,1424,1
34.4,24.5,68.3,147,0
263.0,23.8,82.9,552,0
377.7,24.6,66.1,623,0
107.4,26.3,78.0,644,1
193.1,28.2,90.6,1018,0
11.7,28.4,72.2,189,0
30.0,27.6,73.0,221,0
217.1,33.5,87.8,981,1
187.1,28.4,78.0,518,0
0.0,33.1,70.5,1139,1
55.0,25.5,76.8,261,0
11.5,32.8,76.8,1296,1
0.0,32.0,75.2,1431,0
17.2,26.2,67.3,338,0
20.3,28.8,71.6,139,0
0.0,32.9,67.0,1269,1
17.0,32.1,70.7,9,0
0.0,36.3,71.7,1165,1
0.0,28.2,67.7,1284,0
253.3,31.6,88.5,952,0
3.8,31.7,63.7,1375,1
125.5,23.0,80.7,627,1
154.0,23.3,93.5,732,0
56.3,24.7,85.4,554,0
0.4,28.1,58.5,179,0
47.0,22.0,89.3,539,1
454.9,25.1,96.3,665,0
0.0,33.5,68.7,1371,1
146.8,30.1,82.1,791,1
21.2,30.3,77.9,18,0
81.1,31.1,90.0,1051,1
44.7,31.2,72.9,970,1
217.2,26.3,77.9,517,0
229.0,24.4,79.6,512,0
6.4,32.2,79.5,1321,1
287.8,23.3,89.2,594,0
0.0,31.1,72.4,1094,1
336.7,26.7,83.6,875,0
0.0,23.9,69.1,244,0
333.6,25.6,77.6,854,0
30.5,30.1,76.6,1182,1
0.0,29.6,70.0,1329,1
26.9,29.6,70.1,76,0
439.8,26.9,86.8,753,0
12.0,30.0,56.7,1431,1
229.2,27.4,77.0,923,0
156.9,32.3,84.2,849,0
263.5,23.3,89.3,591,0
138.7,25.8,86.9,809,1
124.0,22.0,72.2,542,1
187.7,28.0,68.5,830,0
0.0,35.1,66.0,1379,1
81.7,23.6,83.3,516,1
446.1,26.3,91.0,782,0
0.0,28.6,80.4,159,0
0.0,32.5,81.4,1144,1
264.4,24.0,87.0,927,0
24.2,30.3,61.0,103,0
245.3,27.9,93.6,553,0
0.0,28.1,57.7,158,1
371.4,24.3,92.4,610,0
145.7,26.1,98.0,607,0
0.0,33.4,81.2,1236,0
2.0,32.3,66.9,1207,1
0.0,33.4,54.8,1271,1
427.7,27.6,79.0,734,0
8.3,22.2,75.4,378,1
0.0,29.2,64.1,1367,1
182.6,27.4,81.9,1005,0
0.0,26.0,50.8,87,0
354.1,26.8,91.0,666,0
323.0,25.8,77.1,579,0
76.3,31.7,77.6,1026,0
0.0,35.2,64.1,1289,1
129.1,23.9,89.7,617,1
249.2,27.7,77.5,923,0
75.2,30.2,66.3,965,0
14.7,33.7,79.5,1137,1
76.8,29.6,64.9,1070,1
0.0,31.9,64.9,123,0
0.0,31.9,78.7,1254,1
82.9,30.1,86.7,902,1
19.3,25.5,72.6,348,0
153.2,24.4,85.2,713,0
168.3,26.4,75.3,650,0
347.7,22.0,86.9,898,0
187.0,27.3,87.6,886,0
235.3,30.6,83.8,957,0
38.4,22.0,82.2,545,1
427.0,23.8,83.5,685,0
376.1,25.0,91.3,763,0
7.0,26.3,63.0,230,0
4.0,23.3,64.3,397,1
12.5,29.8,75.2,1270,1
0.0,28.9,54.8,111,0
110.0,29.6,77.7,868,1
72.6,24.9,81.0,439,1
18.1,26.6,77.7,369,1
161.7,27.6,82.4,865,0
0.0,34.0,77.6,1367,1
136.6,24.4,92.5,806,1
120.6,26.8,76.7,469,1
341.9,27.4,80.2,673,0
458.5,22.8,87.1,755,0
152.1,25.5,85.2,658,0
195.2,29.7,89.5,971,0
224.9,29.8,78.4,1011,1
21.7,31.0,73.5,1438,1
16.2,25.7,57.3,202,0
0.0,33.9,72.8,1220,1
115.9,24.1,71.9,427,1
47.6,23.8,70.0,278,0
266.2,29.0,80.3,957,0
38.0,26.0,59.0,188,0
28.1,33.1,62.0,1283,1
147.4,25.4,80.0,870,1
159.7,29.2,98.0,684,0
25.9,26.2,65.7,256,0
16.0,29.0,51.2,1361,1
169.9,28.6,76.1,928,0
183.6,26.0,70.6,839,0
134.4,22.5,73.7,542,1
31.7,25.4,55.5,380,1
421.2,30.5,80.0,776,0
0.0,35.6,75.4,1147,1
5.6,26.4,66.7,253,0
0.0,26.4,63.5,177,0
356.2,28.6,98.0,878,0
0.0,28.4,63.1,195,0
364.1,28.4,85.4,857,0
141.9,28.5,85.5,810,1
51.6,32.8,74.4,1150,1
49.5,32.0,70.1,1117,1
356.6,23.6,91.1,739,0
292.5,23.9,91.6,592,0
0.0,35.8,70.5,1245,1
10.3,27.0,79.3,292,0
17.8,33.8,70.7,1364,1
0.0,35.9,73.8,1143,1
0.0,29.5,64.1,1159,1
0.0,30.4,71.4,330,0
0.0,28.9,75.9,199,0
0.0,31.4,62.2,70,0
24.0,30.5,68.6,1309,0
119.8,30.5,73.5,900,1
15.3,29.2,80.6,1063,1
0.0,26.3,73.7,257,0
0.0,32.5,86.7,1298,1
69.1,26.5,69.8,223,0
400.5,28.3,87.4,752,0
29.8,30.4,73.8,1133,1
28.0,27.4,65.6,1355,0
2.3,28.5,62.9,77,0
328.5,28.5,95.9,766,0
329.7,29.4,79.5,630,0
14.2,34.5,77.1,1294,1
5.7,29.1,67.2,218,0
31.7,31.1,61.2,1297,1
2.7,36.5,67.9,1154,1
56.2,33.2,66.9,1186,1
106.8,29.4,79.4,845,1
17.8,28.2,58.3,187,0
169.1,22.0,74.0,519,0
27.4,25.3,55.2,381,1
0.0,28.6,75.8,1080,1
0.0,33.1,70.5,1137,1
0.0,25.8,70.6,312,0
0.0,23.9,65.8,354,0
47.7,34.1,83.3,1163,1
368.7,27.3,68.6,860,0
152.0,27.3,91.1,884,0
2.7,32.9,59.8,1182,1
166.2,24.0,74.1,483,0
0.0,27.4,70.9,186,0
87.0,32.9,93.2,1079,1
84.3,29.4,83.8,1031,1
0.0,24.4,49.3,298,1
0.0,31.4,75.2,1152,1
0.3,31.3,59.9,1373,1
323.9,25.8,98.0,643,0
35.0,29.9,72.5,255,0
36.2,31.8,75.6,1265,1
22.6,27.0,61.0,193,0
400.9,23.9,77.2,710,0
0.0,27.5,64.9,107,0
468.7,27.4,79.0,778,0
104.7,24.2,84.7,597,1
223.8,26.5,76.4,510,0
138.1,26.4,81.9,575,1
0.0,26.3,82.7,396,1
0.0,24.0,68.2,220,0
11.9,32.8,72.9,1135,1
236.5,22.3,76.4,574,0
1.1,24.2,62.1,173,0
0.0,32.4,75.7,1209,1
0.3,34.2,73.9,1096,1
44.5,33.4,62.3,1250,1
0.2,27.3,62.2,101,0
0.0,37.5,79.1,1169,1
96.6,25.8,79.5,583,1
21.4,27.4,45.0,114,0
14.5,24.9,72.6,66,0
15.3,30.4,63.4,1397,1
74.8,26.1,86.4,978,1
90.2,27.0,78.8,914,1
286.6,25.6,85.9,938,0
156.6,25.5,89.2,823,0
30.8,23.5,69.1,381,1
0.0,30.3,59.3,1238,1
347.9,29.1,74.5,641,0
0.0,30.5,67.0,1436,0
70.7,32.7,63.8,55,0
323.8,25.7,83.5,653,0
0.0,31.1,69.8,1379,1
0.0,31.0,67.4,1229,1
43.1,29.7,64.3,199,0
41.3,22.5,68.4,391,1
339.9,26.7,86.7,881,0
77.0,29.5,91.2,1044,1
396.2,25.3,80.6,682,0
221.1,28.2,83.6,964,0
0.0,31.9,75.6,49,0
143.4,26.7,78.3,640,1
61.3,28.6,79.0,29,0
182.9,29.1,76.2,887,0
27.5,30.3,74.4,1238,1
141.7,24.5,73.2,596,1
73.0,26.9,79.2,386,1
31.2,29.2,60.1,116,0
93.3,23.9,63.6,581,0
40.1,35.4,76.5,1416,0
1.4,27.7,69.6,186,1
169.2,23.5,80.4,664,0
3.6,29.6,73.1,1094,1
117.3,29.1,82.1,650,1
50.7,22.7,74.7,461,0
70.4,29.4,74.5,1027,1
368.6,24.6,82.5,655,0
360.8,26.0,98.0,608,0
394.0,23.5,66.8,730,0
0.0,27.4,50.2,179,0
384.9,22.5,88.3,681,0
17.3,27.7,45.7,153,0
48.4,25.8,78.1,574,1
198.0,29.5,73.7,972,0
0.4,35.8,67.6,1270,1
0.0,27.3,60.3,119,0
102.8,30.4,78.8,991,1
141.5,31.7,75.8,941,1
60.8,31.1,55.3,118,0
3.1,37.1,65.8,1274,1
39.2,32.5,76.5,1177,1
0.0,23.4,77.5,300,0
102.0,24.3,83.5,585,1
303.2,22.5,92.3,589,0
83.8,24.4,78.3,443,1
0.0,32.5,71.6,42,1
425.2,27.4,82.9,759,0
2.4,30.6,69.0,1401,1
52.4,22.6,95.7,482,1
0.0,32.5,69.4,1273,1
104.9,25.2,91.6,541,1
364.0,25.5,83.7,871,0
0.0,24.0,60.0,287,0
0.0,31.3,69.2,1297,1
136.7,26.4,86.3,932,1
419.4,22.4,91.8,765,0
0.0,29.8,62.5,1301,1
0.0,32.6,98.0,1145,1
81.9,31.0,86.2,1060,1
131.3,23.6,93.7,638,0
102.6,22.1,87.0,504,1
92.3,29.8,75.3,933,1
20.7,29.7,62.0,70,0
0.0,31.5,69.8,105,0
399.0,22.0,69.9,696,0
52.1,22.0,73.8,460,1
138.1,25.9,76.0,486,1
158.3,26.1,89.5,716,0
178.4,25.9,72.1,525,1
145.9,22.4,98.0,598,0
10.2,28.3,91.1,107,0
275.4,26.5,85.5,921,0
46.0,27.2,82.4,1187,1
0.0,24.8,79.0,398,1
65.4,31.9,61.0,69,0
57.2,29.7,57.5,20,0
0.0,30.0,77.7,1085,1
30.6,24.7,62.5,228,0
16.5,33.1,73.4,1380,1
0.0,32.0,62.8,1293,1
0.0,29.3,67.1,118,0
348.4,24.1,77.8,793,0
0.0,27.2,57.9,95,0
337.8,29.5,95.2,866,0
378.8,24.1,81.0,668,0
37.9,24.7,66.8,294,0
0.0,36.9,67.2,1145,1
0.0,24.7,71.0,390,1
42.0,30.5,64.5,1396,1
0.0,31.7,53.8,1252,1
97.7,22.8,88.6,582,1
412.1,26.8,87.8,839,0
170.5,30.8,91.7,815,0
3.7,26.8,80.4,260,0
131.2,27.6,78.8,1046,1
0.0,30.0,66.2,1420,1
368.9,27.2,89.4,807,0
61.2,26.0,54.8,75,0
63.5,24.2,81.8,694,1
0.0,29.9,75.8,1295,1
0.0,30.0,72.3,1435,1
2.6,25.3,90.0,334,0
21.9,28.4,67.3,224,0
193.2,23.7,94.7,738,0
0.0,26.8,67.5,236,0
0.0,31.2,59.1,1280,1
342.8,26.5,86.1,837,0
284.3,27.4,80.3,932,0
67.5,26.9,64.6,202,0
0.0,31.8,56.7,1434,1
1.3,27.2,62.9,5,0
404.1,29.5,78.3,751,1
0.0,28.8,83.8,201,1
46.9,28.7,79.7,1142,1
77.7,33.7,68.2,1054,1
27.6,28.2,67.6,315,0
36.4,27.0,63.2,161,0
0.0,31.9,64.7,1378,1
365.6,26.2,78.3,744,0
262.5,26.3,81.2,916,0
11.3,28.1,78.1,278,0
0.0,23.2,65.0,192,0
25.5,32.6,60.5,1227,1
106.8,27.3,61.5,430,1
0.0,28.1,59.3,1089,1
423.6,26.4,86.9,818,0
0.0,26.8,76.0,383,1
178.1,27.8,83.0,817,0
0.0,26.8,67.8,323,0
359.9,23.8,81.3,692,0
85.3,27.2,84.1,916,1
157.0,29.6,75.3,1016,0
117.8,26.5,85.4,763,1
13.0,32.7,64.3,1355,1
126.7,27.9,85.4,814,1
10.4,26.5,57.5,365,1
157.6,27.2,91.1,837,0
165.0,25.9,85.9,899,0
355.8,22.5,80.9,675,0
111.8,31.5,77.5,1004,1
172.8,26.0,84.2,507,0
0.0,35.8,66.9,1300,1
352.1,32.8,88.5,871,0
360.1,27.1,85.6,685,0
46.7,29.8,72.8,70,0
12.4,25.2,62.3,291,0
157.4,24.3,86.0,744,0
12.2,32.0,58.2,1170,1
0.0,31.3,58.6,1340,1
91.9,27.9,66.8,464,1
138.1,28.1,83.4,834,1
152.5,27.5,81.0,890,0
114.0,22.8,78.8,602,1
1.2,31.1,54.3,11,0
0.0,32.3,56.7,1250,1
8.5,27.1,57.2,159,0
81.9,28.6,87.0,1005,1
16.5,32.6,75.2,1133,1
400.4,26.2,77.2,820,0
7.0,31.2,67.1,1284,1
64.8,30.5,68.4,1375,0
40.9,29.8,78.4,436,1
401.2,26.3,80.7,757,0
1.0,30.2,68.1,1175,1
8.7,22.9,62.6,155,0
0.0,22.7,79.7,258,0
189.0,23.4,84.7,523,0
29.7,28.6,82.7,356,0
2.1,36.4,68.9,1261,1
39.4,28.6,57.4,76,0
343.2,26.7,95.4,749,0
50.0,25.7,67.4,286,0
130.4,25.0,68.7,429,1
4.7,31.0,58.6,1354,1
6.4,28.9,70.5,51,0
19.6,30.6,73.5,1175,1
123.8,26.6,78.8,713,1
9.6,34.1,60.5,1352,1
143.2,23.6,98.0,600,1
0.0,26.0,78.6,377,1
149.0,28.3,82.2,843,1
0.0,31.1,71.5,1314,1
36.5,32.2,50.1,1433,1
178.7,27.2,76.0,646,0
47.4,30.2,61.4,1286,1
273.2,28.4,92.6,924,0
0.0,30.9,50.5,174,0
0.0,31.8,64.8,1167,1
406.8,25.4,85.0,832,0
0.0,28.3,62.7,141,0
0.0,30.0,57.1,41,0
0.0,34.1,67.8,1224,1
105.4,27.9,96.7,856,1
0.0,30.0,71.9,58,0
81.4,29.9,66.8,1016,1
29.7,29.4,66.0,113,0
24.7,34.9,58.3,1183,1
8.5,26.6,74.6,351,0
137.9,22.1,84.9,431,0
117.0,29.6,71.1,915,1
0.0,32.2,78.0,1116,1
0.0,30.8,77.1,15,1
24.8,25.0,48.9,136,0
0.0,28.3,67.1,174,0
15.9,24.9,71.2,270,0
141.7,22.2,83.8,674,0
361.2,27.6,76.2,672,0
0.0,31.3,74.8,1179,1
189.0,25.5,81.8,746,0
0.0,33.6,74.4,1160,1
191.6,26.0,74.2,481,0
0.0,24.0,75.3,367,1
35.2,27.0,89.2,221,1
46.1,29.4,62.6,1086,1
31.0,30.0,45.0,1269,1
0.0,34.1,76.1,1136,1
13.8,25.3,69.8,303,0
132.7,27.9,83.4,762,1
144.9,24.2,75.3,640,1
347.3,26.8,88.0,755,0
167.1,22.5,96.4,754,1
0.0,33.6,62.2,1302,1
20.0,31.8,80.2,1142,1
138.2,27.1,85.9,897,1
33.7,33.3,73.3,1217,0
137.1,28.0,86.4,777,1
25.0,31.1,64.3,1310,1
360.6,22.1,89.0,645,0
32.7,34.8,70.5,1135,1
138.2,23.7,85.4,462,1
0.0,28.0,81.5,1163,1
119.0,23.3,76.0,451,1
247.9,25.0,73.6,573,0
147.9,28.9,81.9,958,1
0.0,31.2,83.9,1081,1
0.0,30.8,62.3,1321,0
352.9,23.7,84.7,609,0
182.2,23.4,83.1,742,1
91.1,22.0,76.9,494,1
25.0,32.6,85.6,1193,0
2.8,33.3,72.7,1391,1
7.3,30.9,68.7,1122,1
229.8,31.8,65.8,916,0
30.8,26.7,78.7,377,1
0.0,31.2,68.2,1093,1
373.5,26.4,86.6,676,0
196.7,29.0,81.8,854,0
0.0,30.5,76.5,1331,1
389.2,22.6,83.3,838,0
71.4,24.8,85.4,615,1
123.3,25.5,98.0,571,0
325.4,23.4,93.1,622,0
0.0,29.2,58.2,337,1
34.4,31.1,63.1,93,0
307.7,22.0,79.3,633,0
28.5,31.1,79.6,1095,1
0.0,23.5,67.9,333,0
372.4,26.2,72.3,819,0
0.0,33.2,73.3,1146,1
21.0,24.7,80.1,332,0
62.8,28.9,78.8,963,1
102.1,24.3,80.3,582,1
0.0,31.5,64.3,51,0
0.0,29.5,60.2,126,0
62.1,25.4,75.7,437,1
24.5,26.9,75.2,423,1
72.9,31.7,77.2,1188,1
0.0,31.1,77.5,1270,1
334.7,27.7,89.6,882,0
0.0,29.2,61.9,1399,1
0.0,22.9,60.1,370,0
164.9,26.0,81.8,614,1
31.8,26.2,80.1,405,1
0.0,22.0,75.7,196,0
390.0,27.1,82.8,693,0
41.0,24.3,67.8,349,0
395.1,25.7,75.0,827,0
169.1,24.5,91.2,671,0
349.0,22.0,71.4,641,1
0.0,31.1,82.1,1107,1
17.8,35.8,65.4,1247,1
64.0,22.9,60.7,274,0
138.9,28.2,95.8,787,1
32.2,33.9,60.1,1226,1
5.8,32.0,53.8,1401,1
95.4,32.1,97.9,953,1
426.9,28.0,89.8,776,0
26.4,33.2,71.2,1283,1
22.1,33.9,69.7,1261,1
61.7,33.8,67.0,1170,1
62.2,31.2,63.9,1281,1
5.4,28.2,81.8,180,0
343.2,24.0,82.9,613,0
157.2,27.3,74.7,984,0
46.0,28.2,85.7,395,1
384.2,25.9,78.7,815,0
328.1,26.7,87.4,640,1
0.0,32.9,79.0,1262,1
171.8,22.2,78.5,484,0
55.7,29.9,48.9,1320,1
186.9,26.8,92.1,773,0
0.0,32.3,76.6,1338,1
60.1,30.1,77.8,1052,1
142.2,22.0,81.9,641,1
315.9,29.6,83.5,893,0
0.0,26.0,68.7,1289,1
46.6,32.2,72.2,1091,0
39.2,32.3,79.1,9,1
0.0,23.3,69.5,213,0
124.2,27.3,84.8,795,1
161.9,26.2,90.9,819,0
37.5,28.4,63.0,165,0
175.3,32.0,78.0,988,0
14.7,25.3,70.3,134,0
99.5,28.6,81.8,947,1
438.9,26.6,90.7,790,0
22.2,28.0,69.9,1183,1
394.2,27.1,88.3,753,1
301.6,31.3,90.1,875,0
354.5,28.3,92.8,809,0
0.0,31.1,49.5,1414,1
8.2,33.2,77.4,1088,1
27.8,24.0,79.2,317,0
134.6,22.4,74.4,558,1
328.0,29.0,92.3,878,0
42.4,32.5,71.7,1203,1
51.6,32.5,64.5,1265,1
0.0,30.1,75.8,1190,0
43.7,22.2,79.0,332,0
6.3,29.4,49.1,1351,0
97.3,22.4,95.0,555,1
36.9,22.0,59.4,370,1
0.0,32.8,59.1,1281,1
35.5,27.4,91.4,995,0
91.6,28.1,85.0,1069,0
73.1,29.5,76.4,982,1
150.7,22.2,88.2,505,0
127.9,22.0,84.8,599,1
259.4,22.0,84.0,570,0
0.0,25.6,51.9,388,1
302.3,28.4,73.8,904,0
28.5,27.8,74.6,1073,1
35.2,28.1,53.6,337,0
19.0,30.4,78.6,1164,1
0.0,31.1,64.5,59,0
40.1,29.8,75.6,33,0
399.0,25.4,80.5,671,0
2.6,32.0,58.7,1221,1
19.6,26.3,57.4,68,0
17.6,31.5,70.4,239,0
47.2,28.5,88.8,979,1
71.4,28.6,68.1,208,0
348.4,23.0,91.6,643,0
12.5,29.7,67.9,1288,1
0.0,29.7,73.0,224,0
6.8,33.1,78.8,26,0
5.2,25.4,79.4,413,1
6.9,32.4,71.7,1074,1
168.8,22.0,82.1,496,0
0.0,29.3,67.1,124,1
32.6,25.4,74.7,471,1
10.0,31.7,59.0,1424,1
0.0,34.8,92.9,1092,1
11.8,22.4,65.8,221,0
61.7,30.5,58.9,1034,1
24.6,34.8,67.3,1154,1
357.3,22.3,77.5,617,0
394.9,28.3,82.7,829,0
112.2,29.9,65.6,1021,0
278.4,29.2,77.7,922,0
0.0,25.9,68.4,162,0
135.8,32.5,72.9,852,1
19.7,24.7,77.3,222,0
19.8,25.7,70.3,243,0
215.2,29.5,81.4,1006,1
0.0,26.7,71.8,413,0
106.6,29.2,83.9,954,1
148.2,23.8,90.8,804,1
264.6,27.7,84.0,910,0
26.8,22.0,84.1,409,1
144.8,24.1,81.1,527,1
62.7,30.5,74.6,221,0
69.9,31.5,71.3,1271,1
347.9,25.2,67.0,612,0
12.7,31.2,58.3,68,0
411.8,23.8,78.1,718,0
363.6,27.4,78.3,712,0
20.2,30.8,59.3,224,0
143.1,27.3,86.6,1057,1
0.0,34.3,82.1,1205,1
0.0,22.0,61.9,402,1
23.4,28.5,71.3,50,0
0.0,33.7,71.1,1378,1
148.4,26.6,98.0,762,1
0.0,24.3,71.8,309,0
0.0,29.6,60.0,322,0
142.2,24.5,72.3,674,1
63.9,26.3,86.5,464,1
46.3,30.2,58.5,1402,1
4.2,32.8,73.7,1299,1
3.2,32.4,74.8,1116,1
23.1,26.2,77.1,273,0
125.1,28.0,65.2,1035,1
0.0,26.6,70.5,284,0
227.6,23.0,88.4,590,0
8.0,29.1,70.5,40,1
228.0,25.3,89.8,586,0
0.0,27.0,56.5,271,0
180.8,23.7,83.7,697,0
47.0,32.3,67.7,1299,1
0.0,24.6,86.7,415,1
51.7,22.3,98.0,525,1
11.0,30.3,79.4,1264,1
23.9,30.4,77.2,1216,0
410.7,25.1,88.2,681,0
54.2,30.9,66.6,1358,0
28.6,30.4,75.1,40,0
135.0,22.8,85.3,647,1
32.6,31.7,66.2,1217,1
348.5,27.8,83.2,867,0
10.8,29.7,59.8,72,0
0.0,34.8,57.5,1189,1
4.7,26.7,61.3,401,1
0.0,31.9,70.3,1200,1
185.6,22.0,68.3,712,0
0.0,30.8,58.7,1309,1
14.8,32.7,81.3,1038,1
0.0,27.9,60.3,153,0
0.0,22.0,65.2,418,1
109.8,24.1,74.7,603,1
47.9,29.9,87.1,1062,1
347.5,27.7,91.3,662,0
0.0,24.0,65.7,340,0
0.0,26.8,73.9,249,0
0.0,31.4,65.8,27,0
161.7,22.7,91.2,693,1
132.0,23.0,93.9,638,0
2.2,26.1,54.1,226,0
66.3,31.1,81.0,1078,1
9.4,25.8,68.2,198,0
70.0,27.2,88.8,1001,1
29.0,27.0,51.6,115,0
0.0,32.7,55.1,1431,1
0.0,36.0,68.7,1305,1
22.0,29.6,63.1,95,1
131.1,27.3,87.5,716,0
44.7,25.9,59.3,342,0
117.9,25.5,91.6,542,1
48.7,32.9,67.8,1342,1
5.0,33.4,71.4,1216,1
36.0,32.2,65.2,1326,0
233.7,29.3,72.9,925,0
193.0,26.2,78.4,822,0
20.7,25.6,88.1,377,1
0.0,32.1,75.6,1139,1
31.6,29.6,66.4,1365,1
42.0,32.4,86.8,1005,1
185.1,26.0,73.7,485,0
374.5,26.4,88.4,750,0
28.1,34.2,69.2,1288,1
39.1,27.5,67.7,248,0
0.0,30.6,62.4,1373,1
0.0,22.4,75.3,274,0
83.8,22.0,86.5,556,1
5.9,34.5,63.9,1259,1
283.7,24.1,85.8,551,0
0.0,23.8,66.0,395,1
321.5,26.7,78.1,891,0
48.9,24.7,78.0,407,1
120.0,29.8,85.7,863,1
0.0,26.4,57.7,129,0
34.4,31.7,77.8,1137,1
104.7,29.5,80.6,569,1
153.9,31.6,92.2,868,0
0.0,23.5,69.7,158,0
15.8,22.0,63.3,309,0
176.6,28.8,86.1,698,1
312.9,29.8,77.5,894,0
0.0,25.3,73.0,327,0
132.9,27.1,88.1,737,1
0.0,30.8,78.9,1120,1
49.8,26.7,58.7,173,1
49.1,25.6,72.7,469,1
99.9,23.9,78.0,436,1
49.7,33.2,62.8,1330,0
37.4,30.8,69.1,1140,1
182.2,29.4,75.1,856,0
38.6,27.6,70.9,215,0
51.1,28.8,69.8,1115,1
16.3,34.9,67.4,1245,1
21.4,25.2,66.7,179,0
419.7,28.7,64.9,728,0
90.3,25.0,64.8,464,1
27.7,32.7,79.0,1379,1
150.9,28.0,69.6,927,0
382.0,25.3,92.4,767,0
0.0,28.0,73.4,152,1
96.6,26.5,81.9,902,1
120.7,25.2,91.9,530,1
147.4,26.2,91.2,787,1
126.9,22.0,86.6,769,1
0.0,35.8,73.1,1205,1
0.0,25.1,82.6,418,1
325.0,28.7,86.8,891,0
0.0,23.2,81.8,417,1
18.3,25.8,85.3,305,0
0.0,30.5,75.4,88,0
216.0,22.0,77.5,516,0
0.0,33.1,61.1,1271,1
34.3,28.7,65.7,1388,1
197.5,27.4,96.6,1000,0
17.6,24.2,60.6,288,0
200.2,29.4,82.9,678,0
12.4,31.6,63.9,16,0
176.5,24.1,75.3,593,0
82.2,27.9,84.6,647,1
273.3,27.2,77.5,943,0
332.3,24.9,84.2,811,0
113.0,22.3,76.2,454,1
6.1,34.6,65.6,1393,1
167.2,31.7,72.3,1008,1
106.6,29.2,73.5,1073,1
143.8,23.8,83.4,675,1
13.8,30.6,79.7,980,0
406.8,24.7,84.7,791,0
134.0,28.7,86.8,959,1
140.2,25.0,75.9,803,1
223.7,23.9,77.9,513,1
0.0,28.6,60.5,187,0
0.0,34.9,58.1,1363,1
150.4,22.0,86.5,620,0
28.8,26.4,73.1,347,0
339.7,29.4,79.3,847,0
0.0,25.5,65.3,267,0
137.3,23.4,73.2,615,1
0.0,29.6,86.0,1029,1
151.6,22.3,83.9,771,0
79.1,26.1,70.7,614,1
129.3,25.4,85.2,783,0
0.0,27.5,71.5,1045,1
15.8,32.1,70.2,1094,1
0.0,31.5,73.2,1415,1
175.7,29.7,81.7,871,0
24.6,27.6,93.3,522,1
96.2,24.2,98.0,457,1
10.4,31.3,83.4,1143,1
15.6,29.2,56.5,40,0
64.7,26.4,79.2,188,0
95.5,25.5,80.1,814,1
0.0,28.2,69.3,114,0
342.8,27.6,93.1,927,0
0.0,25.9,57.4,156,0
116.8,27.6,78.6,466,1
0.0,27.9,73.4,359,0
241.0,25.3,75.1,908,0
0.0,31.5,50.8,1381,1
172.5,28.9,87.8,902,0
0.0,24.8,63.7,417,1
391.1,23.1,90.2,772,0
152.4,22.3,83.5,763,0
29.0,25.9,80.7,287,0
34.8,31.1,63.4,1144,1
4.3,30.8,67.3,1269,1
7.8,30.4,94.4,1047,1
111.9,29.2,78.0,854,1
67.6,32.6,90.7,1033,1
37.1,27.1,59.1,105,0
85.5,22.4,83.4,562,1
51.8,31.8,59.5,1332,1
172.2,28.4,89.2,735,0
75.5,30.4,67.5,1049,1
206.2,28.3,79.4,879,0
126.2,22.4,80.6,667,1
297.8,23.6,78.0,856,0
405.6,30.6,96.8,749,0
132.1,31.4,71.4,1036,1
326.5,26.0,84.6,874,0
7.7,27.2,81.2,1320,1
175.1,27.4,85.7,648,0
33.5,29.6,55.1,1137,1
0.0,26.1,82.6,143,0
8.1,23.1,83.9,407,1
0.0,32.3,80.3,1248,1
111.0,28.2,95.4,804,1
427.1,26.4,83.9,781,0
0.0,29.8,56.2,1284,1
405.7,30.6,92.9,733,0
143.4,24.2,71.0,698,1
16.7,30.8,53.9,1436,0
179.5,22.0,79.9,530,0
36.6,31.2,73.3,32,0
0.0,33.6,69.6,1096,1
182.1,22.8,78.8,658,0
7.3,27.8,86.8,1350,1
0.0,31.1,75.4,1269,1
21.4,35.3,69.9,1325,1
18.6,29.5,77.2,1418,1
0.1,36.9,72.8,1284,1
0.0,30.3,66.1,1117,1
67.2,27.2,67.9,1056,1
357.4,24.2,83.5,689,0
0.0,27.7,64.1,1353,1
17.0,28.6,81.9,17,0
0.0,32.2,74.1,1103,1
0.0,30.9,86.4,1188,1
171.1,32.2,83.0,1015,0
21.0,24.9,76.6,266,0
0.0,25.0,45.0,177,0
0.0,29.3,84.3,86,0
9.0,27.7,60.3,174,0
117.2,24.1,86.5,458,1
286.3,26.5,69.4,920,0
0.0,25.7,85.7,318,0
158.3,28.8,72.5,758,1
0.0,28.8,58.5,1342,1
1.8,28.0,64.3,1298,1
32.9,28.8,64.8,1307,1
81.0,29.0,79.4,943,1
285.0,25.8,85.1,946,0
14.6,28.7,57.7,134,1
150.7,26.7,87.6,762,0
347.1,27.7,98.0,781,0
67.4,29.3,69.0,454,1
385.3,22.0,83.8,710,0
0.0,28.0,73.1,1339,1
0.0,34.0,52.6,1347,1
0.0,32.9,57.6,1316,0
0.0,34.3,74.3,1257,1
63.9,22.0,74.9,434,1
0.0,29.3,71.8,1215,1
122.6,26.0,83.3,512,1
65.7,29.7,51.6,46,0
0.0,27.8,86.4,311,0
0.0,30.6,65.5,1358,1
28.3,31.0,74.4,1118,1
36.2,36.0,64.8,1362,1
123.8,22.5,88.1,619,1
333.2,26.0,89.7,628,0
0.0,28.3,45.0,1362,1
134.4,24.3,91.4,768,1
165.9,26.0,73.5,602,0
108.2,28.0,73.3,1067,1
0.0,33.2,57.7,1324,1
140.5,27.6,79.2,899,1
0.0,28.0,62.1,1,0
77.5,31.8,68.2,1222,1
0.0,23.4,61.7,385,0
27.4,30.0,66.4,1345,1
173.0,25.0,88.7,726,0
150.0,22.4,83.9,719,0
116.7,27.3,72.9,1029,1
7.0,26.6,57.7,1384,1
74.6,32.5,53.4,1126,1
343.5,28.9,87.6,851,0
0.0,22.5,79.7,451,1
65.7,31.2,71.6,1121,1
97.8,26.9,68.6,570,1
2.6,23.3,73.3,381,1
25.1,30.3,72.9,1036,1
95.2,32.9,92.7,919,1
0.0,32.6,81.4,1159,1
0.0,27.0,66.0,342,0
178.5,25.4,85.9,487,0
17.5,33.0,61.1,1246,1
350.6,24.5,95.1,753,0
17.9,30.1,71.5,1248,1
111.0,25.5,94.2,442,1
121.7,30.1,76.4,937,1
358.3,26.5,95.0,772,0
172.1,26.6,96.7,747,0
108.7,28.5,76.3,972,1
42.9,29.1,55.4,1348,1
8.7,30.4,78.4,1147,1
20.1,25.5,62.0,250,0
29.4,30.7,65.1,1306,1
27.3,35.1,63.4,1244,1
209.6,33.0,95.2,977,0
60.8,25.7,80.4,529,1
30.9,31.5,68.1,84,0
25.3,28.2,77.6,1068,0
278.1,25.4,73.8,501,0
0.0,25.1,77.1,344,0
370.5,23.6,91.0,634,0
0.0,24.6,67.4,328,0
0.0,24.6,73.1,320,0
142.3,25.2,93.4,775,1
97.5,23.3,74.2,606,1
369.1,24.3,83.3,791,0
20.3,25.9,71.9,95,0
34.0,24.9,69.4,443,1
38.1,22.4,67.3,151,0
0.0,35.4,62.0,1346,1
22.6,30.8,64.3,1231,1
0.0,24.4,60.7,178,0
42.1,31.0,54.3,31,1
24.5,30.6,47.5,1411,1
30.4,29.6,67.3,1105,1
98.7,29.7,80.9,1030,1
239.9,29.8,72.1,1005,0
0.0,34.0,68.8,1157,1
15.6,25.5,54.3,1418,1
164.1,26.6,86.1,724,0
32.3,31.3,80.2,135,0
0.0,28.4,69.5,10,0
0.0,28.5,65.8,233,0
127.2,27.3,88.3,754,1
79.6,33.8,89.4,1007,1
130.8,25.0,91.7,610,1
28.3,30.4,74.3,101,0
141.8,31.2,84.0,922,1
2.2,30.3,79.6,114,0
0.8,29.7,72.2,1113,1
34.0,30.0,77.9,1367,1
0.0,32.0,80.7,1096,0
276.7,30.8,76.9,909,1
0.0,32.5,54.1,1277,1
26.4,29.4,76.6,1123,1
197.3,23.5,67.0,487,0
37.5,27.2,66.7,58,1
76.9,25.3,74.3,565,1
0.0,35.4,81.4,1082,1
29.8,31.1,54.4,58,0
14.5,25.1,80.6,111,0
247.3,29.2,84.2,923,0
414.0,25.1,70.9,662,0
2.3,23.1,83.8,457,1
32.5,27.4,53.5,1321,1
74.1,31.8,82.3,1054,1
38.3,30.9,58.8,76,1
403.4,24.2,98.0,728,1
19.9,23.4,71.8,335,0
0.0,31.4,52.7,1221,1
10.4,28.7,70.9,330,0
82.5,23.4,72.0,534,1
304.0,27.5,93.7,933,0
136.7,23.7,86.2,623,1
43.9,25.7,71.6,419,1
91.1,22.0,85.4,548,1
308.7,23.7,89.0,585,0
21.8,31.2,78.7,1197,1
78.4,30.6,59.7,1062,1
6.3,29.4,76.3,1381,1
11.4,29.2,57.8,1160,1
209.5,25.9,88.7,513,0
309.9,24.3,78.9,866,0
17.2,30.1,65.2,216,0
201.6,24.8,75.3,426,0
248.3,25.4,80.8,501,0
136.6,26.1,95.1,723,1
146.0,26.4,90.4,493,1
3.4,28.0,69.4,213,0
232.5,32.6,86.7,982,0
112.0,30.7,80.2,943,1
403.1,30.2,80.9,881,0
0.0,26.6,73.3,144,0
7.7,31.1,80.7,1140,1
0.0,26.0,65.3,290,0
31.8,31.5,79.4,1374,1
26.9,27.2,80.6,287,0
44.7,30.4,58.3,1154,1
342.7,28.0,76.9,871,0
141.3,32.1,72.5,1033,1
356.8,24.2,80.7,880,0
41.6,31.1,56.6,80,0
445.0,30.1,83.7,774,0
9.5,25.1,69.6,226,0
262.6,27.1,95.9,597,0
406.1,26.5,93.6,726,0
312.6,22.4,98.0,575,0
34.8,25.7,69.6,500,1
26.6,28.0,78.6,469,1
20.6,27.2,65.2,159,0
35.5,26.9,81.1,911,1
123.5,22.5,80.1,794,1
61.6,23.7,76.4,494,1
0.0,32.3,66.8,1216,1
128.9,28.2,89.5,633,0
0.0,31.7,69.0,163,1
0.0,24.7,64.6,274,0
335.9,25.8,89.6,578,0
381.8,23.7,72.6,757,0
0.0,27.1,74.4,193,0
35.5,30.6,69.3,1434,1
136.7,24.2,76.9,778,1
350.0,24.9,86.4,664,0
21.9,27.7,61.5,269,0
267.3,26.3,85.7,543,0
8.0,30.5,52.6,1394,1
61.0,23.8,83.7,518,1
0.0,28.2,55.6,1174,1
0.0,25.1,78.8,404,1
0.0,28.5,55.7,69,0
104.9,31.7,69.5,1314,1
0.0,29.9,73.1,1381,1
0.0,29.6,56.8,1363,1
33.9,22.8,54.1,419,1
111.5,22.8,66.2,443,1
0.5,22.0,70.9,387,1
0.0,32.6,60.2,1221,1
0.0,32.6,51.4,1363,1
377.4,26.7,75.7,811,0
34.1,31.8,84.3,1110,1
2.1,25.5,81.6,258,0
34.7,33.7,54.7,1370,0
101.9,30.9,81.6,1040,1
0.0,32.4,75.8,1142,1
123.9,26.8,76.8,665,1
67.8,31.4,84.6,1351,1
200.4,32.8,78.6,961,0
400.0,24.7,85.5,743,0
58.7,32.5,50.8,104,0
172.5,25.6,89.6,778,0
15.8,23.2,60.2,419,1
284.6,22.0,83.4,566,0
0.0,33.2,61.9,1328,1
37.6,24.4,66.9,312,0
0.0,28.3,60.7,174,0
0.0,28.5,77.4,133,0
18.1,29.9,85.1,1070,1
146.1,26.7,90.3,610,1
4.4,32.8,67.4,1273,1
0.0,30.2,64.9,1155,1
73.1,23.3,65.2,249,0
22.8,33.0,69.5,1099,1
0.0,31.4,70.5,1275,1
13.0,32.9,77.5,1139,1
152.0,27.5,83.8,897,0
103.2,29.5,89.6,933,1
14.2,32.4,63.2,1436,1
212.2,22.0,83.8,495,0
33.4,30.3,57.8,193,0
140.6,28.8,98.0,892,1
396.0,22.0,92.5,687,0
0.0,34.2,60.0,1337,1
0.0,30.0,73.5,145,0
0.0,31.1,73.1,1357,1
130.4,29.8,71.2,786,1
186.1,28.7,88.1,1004,0
0.0,31.2,66.5,1113,1
31.5,29.9,77.3,346,0
0.0,28.0,82.1,228,0
0.0,26.7,77.9,404,1
0.0,33.1,98.0,1086,1
198.6,27.2,86.5,992,1
333.8,29.6,81.2,934,0
335.0,28.4,82.4,891,0
18.9,34.2,71.1,1309,1
114.0,27.1,77.2,458,1
1.9,34.0,61.3,1100,1
74.8,23.2,74.6,468,1
57.1,28.0,71.2,1047,1
225.1,30.0,88.6,931,0
0.0,31.7,66.5,1183,1
0.0,29.4,78.4,1095,1
276.1,22.7,83.1,595,0
82.5,29.9,77.5,969,0
441.7,26.5,79.8,742,0
178.9,24.9,85.7,767,0
5.1,24.5,75.6,411,1
103.1,24.0,75.9,589,1
0.0,29.6,63.3,74,0
0.0,25.0,65.6,234,0
0.0,23.8,76.3,342,0
0.0,33.5,65.5,1429,1
76.5,30.3,79.4,1025,1
0.0,32.4,67.1,1352,1
0.0,22.7,69.5,354,1
30.7,33.8,62.1,1358,1
0.7,32.3,90.1,971,1
137.0,27.6,78.3,831,1
0.0,29.6,78.7,1415,1
355.2,22.0,97.2,630,0
16.7,36.0,69.7,1089,1
26.3,28.2,69.9,112,0
54.4,25.1,70.8,153,0
155.2,23.3,89.7,640,0
9.6,26.0,75.8,309,0
459.4,24.5,76.9,831,0
0.0,30.3,86.7,1090,1
348.9,26.2,95.5,956,0
53.7,34.9,65.7,1213,1
0.0,31.7,62.0,1262,1
0.0,27.9,49.1,1436,1
0.0,22.7,78.9,392,1
94.9,22.8,75.7,426,1
35.9,31.5,65.6,1083,0
0.0,30.0,73.7,1178,1
173.4,28.3,75.4,947,0
3.2,30.6,71.5,1269,1
35.3,22.0,69.5,374,1
43.1,22.2,73.5,495,1
421.7,24.5,85.7,757,0
13.7,27.6,62.0,3,0
120.4,22.0,66.0,423,1
0.0,29.6,74.7,1435,1
0.0,33.6,64.9,1314,1
0.0,26.7,74.8,215,0
24.8,22.0,68.6,146,0
43.1,30.0,51.3,141,0
11.7,30.5,72.1,1281,1
319.6,28.9,81.9,736,0
82.1,25.7,75.8,464,1
3.6,23.9,92.6,393,1
0.0,29.6,68.8,31,0
231.7,26.8,80.9,951,0
0.0,26.5,69.0,305,0
0.0,27.8,90.7,413,1
123.9,23.7,84.6,692,1
0.0,30.3,74.5,1327,1
107.4,27.9,82.8,529,1
382.0,24.7,84.9,652,0
311.3,22.0,90.3,575,0
0.0,29.3,72.0,1204,0
36.5,33.4,64.8,4,0
89.2,31.8,81.7,1066,1
66.7,24.9,58.8,189,0
8.7,26.7,73.7,279,0
236.5,22.3,81.0,537,0
216.7,26.2,76.0,966,0
13.3,27.3,69.2,131,0
102.1,29.0,77.1,929,1
40.2,22.9,63.2,264,0
310.8,26.5,91.2,927,0
0.0,26.0,72.9,162,0
0.0,31.5,79.0,1152,1
117.2,28.3,93.8,886,0
26.5,25.1,71.9,168,0
13.6,30.7,60.1,1161,0
163.2,26.0,92.4,833,0
102.3,25.6,78.8,917,1
123.7,30.4,75.8,986,1
0.0,32.0,70.1,1387,1
26.2,32.5,80.4,1145,1
30.0,28.8,70.2,1330,1
31.9,32.0,76.3,1048,1
60.0,30.6,84.7,1077,1
13.8,33.8,69.8,1300,1
190.4,27.9,87.9,837,0
94.6,31.5,69.6,1024,1
158.3,27.4,73.4,846,1
328.0,29.9,81.0,861,0
21.8,22.9,64.5,358,0
153.6,25.5,94.5,886,0
113.2,36.3,65.8,1072,1
0.0,23.1,62.3,233,1
20.9,29.1,52.5,1323,1
117.6,25.7,80.8,451,1
211.4,24.7,78.6,858,0
5.0,29.5,79.7,164,0
189.4,30.5,86.7,872,0
201.7,28.7,82.7,720,0
201.5,24.1,82.0,533,0
39.4,26.7,68.9,105,0
0.0,29.0,71.7,1420,1
97.8,26.7,85.6,475,1
0.0,28.1,69.3,1183,1
75.3,31.6,73.2,1009,1
99.9,22.8,88.0,760,1
55.6,29.8,78.8,7,0
0.0,27.8,75.5,91,0
162.2,27.1,98.0,869,0
393.7,27.9,97.6,705,0
378.2,25.9,75.5,807,0
0.0,31.1,65.0,100,0
14.0,29.4,76.7,1071,1
0.5,32.4,68.8,1291,1
0.0,24.3,76.5,384,1
0.0,28.7,75.1,1353,1
0.0,22.5,58.7,332,0
400.2,26.4,91.0,792,0
129.8,23.3,82.3,444,1
0.0,33.2,72.7,1301,1
0.0,25.3,60.6,99,0
206.5,28.3,84.9,998,0
3.2,26.9,65.9,295,0
143.6,26.5,86.8,823,1
33.9,27.9,64.1,1428,1
6.5,32.6,66.5,1196,1
0.0,33.7,56.8,1243,0
0.0,30.0,76.9,1247,1
0.0,33.8,64.2,1269,1
0.0,26.8,64.6,178,0
0.0,25.3,73.6,296,0
60.3,28.0,72.1,930,1
0.0,32.9,82.5,1063,1
139.5,29.7,82.2,970,1
305.4,26.1,73.1,624,1
70.5,29.0,75.0,1005,1
284.6,29.8,89.6,953,0
12.1,29.3,75.9,1371,1
19.1,31.0,72.7,104,0
2.0,26.4,61.8,213,0
0.0,34.5,65.4,1258,1
6.6,24.4,66.0,379,1
9.8,29.2,71.2,66,0
10.5,29.7,62.4,332,0
99.2,31.5,93.9,1016,1
0.0,24.9,74.5,394,1
1.8,23.6,67.6,268,1
0.0,24.5,66.2,291,0
0.0,33.4,66.9,1151,1
263.7,28.4,81.9,904,1
31.7,31.0,67.6,1091,1
36.1,22.0,87.8,508,1
0.0,26.8,76.7,274,0
25.7,24.3,79.3,439,1
220.1,25.4,86.8,516,0
0.0,28.5,63.2,299,0
113.2,25.0,73.1,540,1
8.7,26.7,69.1,75,0
107.7,22.0,78.9,509,1
320.8,26.0,84.2,608,0
0.0,27.2,59.6,221,0
20.9,35.4,68.3,1269,1
0.0,31.9,58.8,1272,1
0.0,28.4,76.6,1307,1
0.0,26.5,65.0,79,0
18.7,30.0,77.5,1348,1
0.0,28.7,73.8,356,0
145.7,29.3,78.6,783,1
2.7,28.9,71.3,45,0
15.6,30.4,68.5,1068,1
0.0,22.0,72.6,387,1
27.8,27.2,63.6,36,0
0.0,32.2,46.8,12,0
0.0,31.9,76.7,56,0
27.8,30.3,69.7,1382,1
0.3,30.7,56.5,216,0
41.1,27.8,70.5,227,0
54.4,31.3,68.6,1038,1
130.4,25.0,86.2,627,1
32.9,27.9,57.7,18,1
261.3,26.0,82.6,556,0
73.0,25.9,83.2,497,1
47.3,31.9,68.4,1337,1
0.0,24.7,65.4,236,0
14.9,27.3,67.1,322,0
135.5,25.4,79.9,939,1
6.1,27.5,73.4,109,0
7.1,32.6,70.2,1328,0
72.8,30.0,83.7,1048,1
304.8,22.2,81.8,590,0
0.0,33.6,73.5,1421,1
17.5,33.1,77.3,1408,1
184.4,32.1,69.1,961,0
148.2,26.7,76.5,779,1
0.0,30.9,74.0,1396,1
56.4,34.3,91.4,1076,1
54.0,34.7,59.1,1315,1
163.3,25.8,74.1,764,0
58.4,35.4,73.9,990,1
0.0,25.7,66.1,267,1
381.2,25.3,84.9,642,0
5.3,27.3,81.2,407,1
106.2,24.9,80.6,591,1
81.8,29.5,93.8,998,1
161.6,28.8,83.3,899,0
91.2,30.8,72.1,1049,1
0.0,27.2,58.7,1354,1
0.0,33.9,64.5,1307,1
0.0,30.2,76.5,1130,1
0.0,26.7,64.3,79,0
38.4,29.4,64.8,195,0
0.0,28.8,63.8,153,1
7.8,25.9,68.7,373,1
35.6,30.6,67.2,1405,1
52.9,31.3,93.5,1039,1
342.1,23.5,79.6,581,0
2.0,22.8,78.0,410,1
98.8,25.5,73.7,443,0
0.0,25.6,86.0,342,0
67.8,35.3,63.3,1277,0
41.4,25.5,61.7,42,0
0.0,29.3,55.2,188,0
449.7,26.2,69.7,798,0
94.9,29.0,78.3,979,1
13.7,33.0,68.0,1181,1
119.1,29.1,81.6,1049,1
317.6,23.6,87.9,625,0
14.3,33.2,71.6,1230,1
145.3,25.9,88.5,814,1
189.2,22.6,84.9,482,0
375.2,26.6,87.0,895,0
378.4,25.9,80.1,699,0
285.8,22.0,75.5,568,0
9.8,33.0,72.9,1085,1
29.6,35.1,62.2,1431,0
38.0,31.5,76.4,1080,1
2.5,26.0,80.4,351,0
0.0,32.4,69.8,1163,1
66.6,29.0,66.8,1417,1
0.0,25.8,88.2,333,0
67.4,24.6,80.2,470,1
0.0,33.5,69.0,59,0
19.7,32.4,81.2,1266,1
201.2,32.5,78.4,970,1
238.4,30.9,85.2,970,1
13.0,29.8,58.5,1415,1
303.8,25.6,80.8,859,0
0.0,25.2,72.2,375,1
0.0,33.0,78.8,1084,1
27.8,31.7,84.6,1283,0
41.4,30.2,60.1,1349,1
0.0,30.8,75.2,149,0
0.0,31.0,74.8,1298,1
359.3,22.2,85.5,656,0
2.9,31.7,74.6,1187,1
4.3,31.6,80.7,1126,1
167.0,22.5,80.2,516,0
318.6,24.0,78.6,572,0
0.0,25.6,74.3,79,0
11.8,30.8,63.9,53,0
121.4,26.9,83.2,921,1
57.9,30.1,69.6,1060,1
0.0,30.1,65.8,1377,1
52.3,32.8,68.6,980,1
34.9,24.6,73.6,336,0
171.1,25.3,73.3,833,0
11.5,35.6,52.4,1346,0
172.3,31.6,72.0,877,0
164.8,28.6,88.3,814,0
0.0,32.0,57.6,1417,1
17.5,30.1,66.9,1299,1
16.2,30.2,61.2,179,0
16.2,31.6,68.8,1385,1
0.0,30.2,52.2,1351,1
0.0,31.7,74.6,1095,1
412.8,24.2,81.4,687,0
0.0,26.0,71.2,75,1
0.0,30.7,71.2,146,0
0.3,27.2,60.5,1072,1
0.0,34.3,74.4,2,0
35.6,31.4,80.7,1188,1
0.0,32.9,73.7,1220,1
9.4,26.2,61.3,337,0
0.0,24.0,74.1,277,0
0.0,29.6,70.6,29,0
22.8,31.3,72.5,1101,1
24.6,28.8,72.6,18,0
0.0,34.1,83.5,1230,1
44.9,29.6,66.9,1219,1
305.2,29.4,74.9,946,0
360.8,22.0,83.0,678,1
0.0,32.3,72.2,1261,1
92.5,24.5,77.5,459,1
122.5,32.9,74.4,938,1
0.0,28.8,74.3,26,0
0.0,26.6,66.6,187,0
306.7,23.7,86.9,584,0
298.8,27.9,88.8,653,0
194.1,28.8,78.6,986,0
0.0,31.9,71.3,1334,1
27.4,23.9,88.9,371,1
396.7,24.9,92.0,706,0
0.0,32.0,57.0,1213,0
0.0,26.7,73.6,366,1
155.0,28.1,79.1,676,0
69.4,25.2,93.3,865,1
0.0,30.6,65.3,96,0
361.7,29.5,83.5,799,0
198.5,26.7,73.0,729,1
0.0,29.3,92.4,198,0
174.3,24.5,85.5,797,0
372.2,28.0,83.4,809,0
135.5,31.5,70.0,929,1
0.0,23.3,76.4,384,1
0.0,28.9,74.6,1103,1
5.2,31.3,66.4,69,0
288.2,23.3,70.9,541,0
113.2,29.7,64.3,1057,1
85.8,26.2,93.5,991,1
18.1,25.0,60.6,274,0
386.0,23.8,88.9,710,0
14.7,22.0,70.2,336,1
0.0,30.7,75.9,1266,1
151.5,26.4,81.5,486,0
0.0,32.5,73.1,1166,1
0.0,26.7,66.1,9,0
8.6,32.6,61.8,1292,1
166.7,29.5,74.4,882,0
0.0,32.2,68.0,1254,1
31.1,25.1,60.2,306,0
13.6,29.9,58.0,1085,1
24.8,31.7,78.7,1025,1
0.0,26.3,70.2,312,1
193.5,26.6,92.8,767,1
0.0,33.5,71.8,12,0
36.5,31.1,70.5,1321,1
29.5,28.9,70.4,1338,0
382.3,29.3,78.7,770,0
0.0,22.0,78.8,378,1
187.4,27.2,78.8,889,0
115.3,23.3,89.3,716,1
0.0,29.8,87.0,37,0
365.8,27.7,64.4,841,0
7.7,25.1,73.8,230,0
401.6,28.1,85.6,745,0
57.7,31.2,61.4,1325,1
0.0,28.4,76.0,259,0
0.0,26.7,55.2,82,0
0.0,29.3,82.8,1373,1
0.0,27.8,73.5,14,0
93.2,30.1,77.6,905,1
13.4,35.0,50.9,1347,1
32.3,24.6,67.4,334,0
0.0,26.8,77.8,1330,1
278.6,30.0,97.4,907,0
196.4,28.3,82.8,836,0
0.0,25.9,72.0,173,0
362.0,29.1,80.4,889,0
37.1,29.6,64.0,168,0
0.0,27.4,59.3,1370,1
0.0,31.3,76.5,110,0
58.5,32.4,59.3,23,0
97.4,23.4,83.2,500,0
160.2,25.3,81.4,528,0
0.0,35.4,87.3,1378,1
0.0,23.2,75.3,395,1
42.9,30.3,62.3,126,0
70.9,31.3,71.7,1024,1
170.6,22.3,91.0,657,0
0.0,22.0,91.2,388,1
199.8,25.4,94.5,495,0
0.0,27.4,61.1,5,0
142.1,28.9,91.2,793,1
0.0,27.5,64.1,1197,1
0.0,25.5,72.2,351,0
0.0,23.9,64.0,361,1
108.8,27.5,82.4,564,1
12.6,25.0,66.9,390,1
50.5,30.3,64.8,109,1
0.0,26.1,78.5,229,0
20.4,31.6,63.2,1212,1
194.6,32.1,76.8,1019,0
34.4,30.0,72.7,17,0
245.2,22.3,79.0,556,0
0.0,33.7,65.4,1124,1
366.3,31.4,80.3,867,0
300.3,27.1,82.3,551,1
18.0,34.0,79.9,1114,1
196.8,24.6,70.3,681,0
0.0,28.9,69.9,1418,1
75.5,26.7,83.6,900,1
216.8,22.0,63.2,516,0
370.8,27.8,81.5,860,0
99.7,33.5,80.9,960,1
235.8,23.7,77.7,783,0
13.9,30.9,69.2,1051,1
14.6,28.4,64.9,117,0
1.9,24.6,67.7,180,0
60.1,30.3,60.5,1032,1
11.3,27.1,69.4,405,0
144.5,26.5,78.5,766,1
358.0,29.3,72.9,856,0
5.3,33.6,73.2,1331,1
6.8,32.6,75.5,1266,1
36.1,29.3,53.4,54,0
420.8,24.7,82.2,650,0
55.7,22.0,85.5,594,1
40.8,26.1,77.9,242,0
302.1,29.3,89.0,949,0
324.2,27.2,80.8,625,0
0.0,31.4,70.7,1230,1
33.9,24.5,81.2,335,0
201.5,22.0,76.7,505,0
158.5,27.3,77.6,722,0
0.0,27.9,74.4,1423,1
80.8,23.1,69.2,474,1
125.6,25.5,70.9,807,1
0.0,32.6,67.7,1423,1
0.0,31.0,70.7,16,0
90.6,31.4,89.7,997,1
0.0,32.7,70.7,1426,1
25.9,24.7,76.3,269,0
0.0,27.3,56.4,61,0
27.2,27.5,68.4,1387,1
54.0,24.3,84.6,493,1
64.9,25.4,63.0,216,0
219.4,30.9,80.1,994,1
225.2,32.3,89.3,1001,0
0.0,33.9,77.0,1238,1
121.7,31.1,87.2,1030,1
245.3,29.2,77.9,914,0
12.1,24.1,89.8,421,1
337.2,28.8,79.3,636,0
52.9,30.8,58.3,1242,1
32.8,32.2,69.0,1231,1
36.4,30.5,76.8,1059,1
0.0,29.9,59.5,1332,0
0.0,30.1,68.4,1422,1
320.5,24.2,98.0,556,0
167.3,23.6,89.0,734,0
3.9,33.3,86.9,992,1
68.3,32.3,83.5,1070,1
134.7,26.3,77.3,555,1
289.0,28.7,73.7,950,0
7.7,31.2,71.2,1152,1
34.1,25.6,70.1,294,0
149.6,24.6,95.4,741,1
124.5,33.4,71.5,1042,1
249.3,32.8,80.2,995,0
86.7,25.1,80.0,522,1
359.5,30.4,82.3,829,0
187.2,34.8,84.4,1009,0
0.0,30.7,69.8,189,0
0.0,29.9,88.6,1036,1
0.0,27.0,73.6,1169,1
20.9,32.3,49.9,1392,1
9.5,31.7,57.2,1409,1
387.2,28.2,79.4,896,0
142.9,24.1,63.9,645,1
181.1,27.9,76.1,689,0
147.2,22.0,87.8,486,1
386.8,29.1,72.8,729,0
338.3,31.5,87.7,874,0
113.8,28.3,73.3,841,1
46.3,26.6,69.8,269,0
0.0,29.1,66.3,1338,1
0.0,33.5,77.1,1118,1
41.3,34.4,60.9,1176,1
409.3,28.5,92.7,839,0
188.6,27.5,76.4,962,1
14.4,27.6,70.3,1044,1
39.7,31.5,73.7,1233,0
0.0,28.2,66.2,174,0
0.0,31.1,59.6,117,0
31.2,29.5,61.7,21,1
122.4,26.3,59.3,577,1
0.0,33.7,73.4,1093,1
89.8,30.9,76.6,998,1
399.7,26.9,81.0,713,0
0.5,29.2,58.9,1,0
391.0,22.9,89.6,691,0
135.1,28.9,83.4,1002,1
0.0,29.2,67.6,1432,1
0.0,30.4,58.0,122,0
322.4,26.3,78.4,640,0
59.5,25.9,57.5,967,1
0.0,31.8,69.7,1345,1
0.0,24.4,77.0,151,1
108.5,22.0,61.0,430,1
0.0,33.5,80.3,1189,1
16.3,23.5,77.3,180,0
23.1,29.3,62.8,1214,1
22.1,29.8,89.0,1263,1
28.1,22.0,67.5,363,1
137.5,24.1,80.9,807,1
378.2,26.9,82.7,789,0
9.5,23.6,72.1,190,0
100.4,28.5,75.3,949,1
0.0,30.8,61.4,1402,1
0.0,33.4,57.2,1306,1
56.9,31.9,65.9,2,0
177.7,27.2,90.7,998,0
259.0,22.0,80.4,578,0
0.0,29.1,73.4,1276,1
129.8,30.6,79.2,921,1
123.6,29.7,94.1,951,1
62.6,23.4,78.2,446,1
76.0,22.2,66.5,415,1
29.1,25.5,73.2,315,0
309.8,31.8,80.4,915,0
88.5,34.5,70.5,1179,1
297.5,26.1,85.2,902,0
0.0,26.7,62.5,411,1
70.9,22.0,78.5,526,1
186.3,26.2,93.3,812,0
308.9,23.5,94.1,641,1
96.2,27.5,78.8,781,1
0.0,22.5,61.9,398,1
29.5,30.2,77.0,45,0
177.8,23.8,77.7,767,0
4.8,32.2,69.0,1166,1
34.1,25.4,59.8,179,0
26.6,31.1,71.8,1154,1
12.5,27.0,63.2,186,0
138.0,24.0,90.4,644,1
29.4,30.7,71.0,116,0
177.2,22.4,74.2,821,0
378.2,25.5,72.4,668,0
104.4,28.3,70.8,1000,1
134.9,26.4,79.4,665,1
393.4,25.2,89.3,715,0
15.7,32.2,67.5,56,0
389.9,25.5,97.6,731,0
158.6,29.4,79.3,809,0
20.0,31.1,56.6,1434,1
0.0,26.4,65.1,79,0
391.9,23.5,70.7,679,0
67.3,30.8,70.7,1253,1
88.3,29.3,77.4,945,1
33.7,28.8,83.6,206,0
100.7,25.4,75.9,439,1
39.0,30.4,81.5,118,0
91.4,22.6,85.5,546,1
80.2,25.8,86.0,519,1
69.5,31.7,69.7,1359,1
133.4,29.6,71.3,869,1
419.0,23.0,96.0,727,0
18.8,32.4,72.6,1321,1
139.1,28.8,80.6,973,1
126.5,26.5,70.9,909,1
0.0,30.3,51.8,109,0
19.1,31.0,70.3,1157,1
5.5,32.9,79.5,1157,1
352.9,25.0,85.3,795,0
0.0,32.1,68.9,171,0
0.8,31.2,78.4,1324,1
460.8,24.2,91.6,711,0
90.1,26.1,83.1,450,1
11.3,28.9,70.9,96,0
21.3,33.3,71.3,199,0
172.6,29.3,89.4,802,0
97.1,28.1,86.1,931,1
0.0,31.6,79.5,1121,1
26.1,29.2,93.8,76,0
368.3,23.1,83.8,672,0
429.6,29.5,66.7,828,0
0.0,24.3,63.8,349,0
133.0,25.5,94.0,732,1
42.8,27.4,71.1,196,0
0.0,30.0,65.6,1319,1
37.7,31.3,81.0,1034,1
405.7,24.2,92.1,685,0
35.9,30.9,76.8,1183,1
27.2,31.5,79.4,1287,1
10.4,30.5,85.1,1241,1
24.0,28.3,82.4,1124,1
53.7,24.5,77.1,449,1
32.6,22.0,85.8,402,1
198.8,24.5,76.2,934,0
15.2,31.6,65.7,1101,1
0.0,24.8,63.0,309,0
33.3,32.4,70.4,1150,0
0.0,33.3,61.4,1237,1
148.7,22.0,86.3,632,1
14.8,24.8,75.1,245,0
265.4,28.1,96.8,936,0
0.0,25.2,72.2,366,1
0.0,26.5,79.1,293,1
343.4,23.7,85.8,643,0
155.4,28.1,89.3,851,0
2.4,27.5,81.2,126,0
0.0,24.2,76.6,241,0
13.1,31.6,60.3,1379,1
0.0,27.7,61.1,1200,1
0.0,26.5,58.4,262,0
95.8,26.8,65.9,504,1
156.0,27.3,80.2,857,0
19.2,32.1,68.0,163,0
0.0,26.4,72.6,306,0
112.8,32.9,75.1,1010,1
0.0,32.8,55.1,1253,1
32.5,25.2,88.0,422,1
24.8,32.3,64.4,1228,1
164.4,22.0,87.8,609,0
0.0,22.0,64.2,358,0
105.7,23.7,64.6,478,1
278.9,22.9,78.3,582,0
3.7,29.7,69.8,1384,1
30.3,25.5,52.8,153,0
49.1,33.7,63.8,1327,1
388.2,24.9,83.7,793,0
35.4,29.3,63.0,1359,1
372.7,27.0,74.7,834,0
163.2,26.3,80.9,545,0
387.5,26.9,79.0,660,0
10.0,23.9,60.8,355,0
144.1,24.7,94.1,692,1
9.0,34.7,74.2,1359,1
132.6,29.2,79.6,790,1
7.7,30.8,60.6,109,0
200.5,24.8,79.2,503,0
81.5,24.3,88.9,549,1
62.9,34.0,90.5,1003,1
137.0,32.3,68.2,1011,1
0.0,28.2,73.9,142,0
0.0,32.9,75.9,1095,1
37.4,29.5,63.6,36,0
375.7,22.0,75.0,675,0
0.0,22.5,73.7,415,1
37.0,26.0,67.0,223,0
138.1,23.1,79.3,570,1
424.6,24.6,83.6,725,0
8.3,27.7,73.9,89,0
98.4,26.7,84.6,576,1
20.0,35.7,77.7,1200,1
38.9,34.5,56.5,1310,1
56.1,22.6,65.1,221,0
113.6,33.0,73.6,1044,1
52.9,27.5,74.5,285,0
1.3,31.4,76.9,1136,1
0.0,28.0,71.5,80,0
172.6,24.6,97.5,694,0
112.9,32.0,81.8,997,1
206.2,24.9,81.8,544,0
0.0,31.5,63.3,108,1
0.0,26.8,58.5,349,0
18.3,27.0,67.6,431,0
0.0,32.7,62.0,1084,0
150.0,22.3,79.4,608,1
191.8,22.0,81.5,703,1
194.3,25.3,93.8,531,0
0.0,30.2,66.1,68,0
109.7,22.9,78.8,454,1
105.3,25.0,77.7,600,1
0.0,31.1,68.9,1253,1
36.7,26.0,50.3,226,0
318.8,22.0,87.2,549,0
0.0,32.1,66.7,1245,1
26.0,30.8,62.7,1178,1
250.6,29.8,80.7,935,0
57.3,22.0,82.9,477,1
0.0,28.2,74.1,216,0
243.1,23.1,96.4,591,0
359.2,23.0,83.7,707,0
166.8,26.1,75.5,814,0
68.7,25.8,84.9,916,1
0.2,31.3,75.8,1272,1
73.5,31.1,81.5,1025,1
0.0,32.1,71.1,1257,1
0.0,32.8,73.8,1296,1
0.0,30.9,67.2,1247,1
406.7,26.7,85.2,691,0
2.5,31.4,79.8,1030,1
35.6,26.2,53.9,376,1
25.5,35.2,67.1,1144,1
10.7,27.7,55.3,1385,1
18.5,30.7,55.2,1329,1
3.8,23.0,63.7,412,0
210.0,28.3,80.8,512,0
2.3,31.2,69.3,29,1
26.8,25.7,63.3,320,0
46.8,27.6,63.7,341,0
0.0,31.9,71.2,1276,1
365.3,26.1,92.6,686,0
0.0,31.0,71.1,1262,1
136.3,22.4,92.4,719,1
147.2,25.9,80.6,568,1
0.0,29.5,72.6,1321,1
24.8,26.7,69.7,328,0
121.6,32.2,82.8,1008,1
0.0,27.0,65.9,1115,1
85.6,32.9,89.0,1053,1
44.5,25.7,86.1,336,0
0.0,28.9,66.8,1421,1
24.6,28.0,88.2,1080,1
258.0,24.0,85.8,599,0
0.0,30.5,64.6,1405,1
89.6,26.3,74.0,420,1
47.7,32.1,84.9,1258,1
0.0,28.7,64.1,1437,1
5.4,22.1,72.3,303,0
0.0,32.3,77.4,1238,0
26.0,24.5,78.1,373,1
25.0,33.5,63.0,1425,1
0.0,29.0,72.5,17,0
0.0,31.7,64.9,1053,1
0.0,30.6,64.6,1380,1
21.3,26.5,72.7,1192,1
386.0,26.6,83.5,681,0
115.6,28.2,88.7,915,1
293.3,25.5,75.4,561,0
267.5,24.5,81.1,589,0
116.9,25.0,98.0,795,1
25.4,31.5,78.2,1167,1
256.3,24.1,90.0,567,1
246.8,24.5,81.2,594,0
153.6,25.6,94.7,621,0
0.0,31.5,53.7,1375,1
0.0,32.5,74.3,65,0
47.8,33.5,70.5,1164,1
89.1,26.1,72.2,461,1
43.4,33.1,60.4,1321,1
22.8,24.7,74.4,366,1
138.2,25.6,85.4,472,1
62.7,32.5,55.2,16,0
36.5,32.3,82.0,1234,1
11.6,31.1,57.3,79,0
67.6,28.2,74.8,1063,1
124.6,30.2,79.2,841,1
8.0,28.5,65.3,6,0
5.9,23.4,64.8,271,0
0.2,28.5,60.7,108,0
0.0,32.3,62.7,1158,1
38.9,28.7,67.4,131,0
0.0,34.0,64.3,1088,1
108.0,29.7,75.2,1046,1
0.0,35.2,59.9,1273,1
43.3,34.1,69.0,1021,1
422.2,27.4,78.7,800,0
42.5,29.2,58.5,1383,0
26.8,29.1,81.1,479,1
387.9,28.6,80.2,710,0
0.5,32.4,80.5,1220,1
274.2,22.0,76.6,587,0
0.0,32.7,64.9,1341,1
16.6,30.7,68.1,1188,1
68.6,31.7,79.0,961,1
358.9,25.0,83.5,616,0
50.1,25.8,64.9,78,0
20.2,24.6,73.0,219,0
4.5,28.5,65.5,23,0
329.3,31.3,85.6,859,0
399.6,24.7,94.5,757,1
53.4,22.0,75.2,431,1
49.4,26.6,78.2,204,0
84.4,23.6,83.4,562,1
0.0,34.6,53.5,1129,1
100.4,33.9,79.1,1078,1
19.6,23.4,81.3,273,0
39.7,32.3,79.8,1111,1
10.6,33.0,65.4,1370,1
31.4,31.6,63.6,1283,1
141.0,29.4,95.1,941,1
26.9,32.2,65.7,24,0
120.5,25.8,75.3,662,1
18.1,32.2,66.3,1404,1
0.0,31.8,58.5,87,0
62.5,31.1,51.2,1211,1
124.5,25.7,77.7,445,1
22.7,29.9,78.0,1067,1
124.4,31.2,79.3,943,0
0.0,24.8,67.3,247,0
0.0,32.7,69.0,1264,1
426.3,25.5,79.6,730,0
0.0,32.6,66.0,1121,1
0.0,26.3,56.0,154,0
109.7,23.6,74.4,446,0
380.9,25.1,86.7,714,0
0.0,26.9,47.4,100,0
348.2,23.3,87.6,643,0
390.8,22.0,82.3,697,0
129.7,31.6,72.8,1038,1
473.3,27.6,96.8,767,0
0.0,23.2,79.3,292,0
0.0,29.5,72.2,1314,1
161.2,23.3,76.4,715,0
35.7,26.5,74.9,91,0
14.4,26.8,61.7,285,0
33.7,23.2,72.6,387,0
0.0,31.3,67.3,1415,1
376.8,23.7,67.8,677,0
157.0,28.4,84.0,909,0
0.0,33.5,59.6,1351,1
0.0,22.0,73.9,437,1
175.5,22.9,70.5,491,0
151.7,28.8,92.2,890,0
0.0,25.4,67.2,247,1
361.5,26.4,85.0,752,0
0.0,26.0,83.0,285,0
306.5,22.0,91.3,654,0
76.7,26.9,82.5,577,1
0.0,31.7,66.6,1153,1
163.2,29.2,79.2,721,0
8.4,24.7,83.5,488,1
43.3,34.6,62.5,1243,1
151.4,29.0,69.6,784,1
8.2,33.3,71.3,1053,1
109.4,27.6,86.9,858,1
94.1,27.7,77.1,546,1
4.1,29.9,73.6,1418,1
4.5,25.3,69.8,401,1
97.7,25.9,76.1,436,1
0.0,34.3,60.2,145,0
138.2,30.2,82.5,885,1
50.9,28.0,73.0,926,1
0.0,27.5,78.3,222,0
0.0,29.3,77.8,1227,1
0.0,28.1,61.7,319,0
0.0,23.7,73.3,5,0
0.0,26.6,79.2,187,0
190.0,28.9,88.3,631,0
110.8,26.7,94.3,678,1
47.4,27.0,70.8,271,0
0.0,29.1,71.5,1338,1
60.3,34.7,73.9,1223,0
300.4,27.2,74.6,923,0
183.7,24.2,91.9,775,0
359.0,28.7,87.9,736,0
70.3,28.1,71.5,1015,1
0.0,22.0,62.0,415,1
38.4,22.2,79.7,437,1
438.2,26.4,83.8,731,0
23.3,30.5,56.3,1360,1
277.9,32.7,91.8,922,1
34.2,27.0,71.6,235,0
139.0,22.0,81.3,467,1
96.1,25.3,83.3,917,1
0.0,33.8,60.2,1215,1
347.7,24.7,73.5,555,0
147.4,26.4,94.5,695,1
367.1,24.3,86.4,682,0
2.8,26.3,61.6,261,0
315.1,31.4,81.3,938,0
25.1,30.0,68.9,32,0
76.2,22.0,75.8,503,1
404.7,26.6,86.3,714,0
17.4,25.3,78.3,259,0
0.0,33.8,81.9,1292,0
0.0,31.9,58.0,1170,1
10.1,33.6,75.2,1299,1
0.0,31.8,69.3,1437,1
11.6,30.6,68.9,174,0
7.0,27.9,63.0,247,0
0.0,26.4,68.8,69,0
370.5,23.2,80.5,780,0
0.0,28.9,68.8,80,0
455.8,27.2,88.6,744,0
0.0,23.1,85.1,391,1
121.3,25.0,88.5,592,1
224.5,26.8,69.7,765,0
65.8,28.9,82.5,945,1
340.3,25.7,95.2,789,0
323.1,22.5,71.8,659,0
103.1,29.1,81.1,590,1
0.0,22.0,75.1,356,0
0.0,24.5,49.8,227,0
0.0,37.2,72.8,1208,1
38.9,27.9,60.0,19,0
0.0,23.4,76.3,407,1
38.6,32.2,67.2,1399,1
49.5,25.0,78.0,538,1
100.2,25.0,77.5,459,1
0.0,29.0,61.6,246,0
0.0,29.5,74.0,1090,1
83.2,24.5,77.5,560,1
139.6,24.4,86.6,637,1
109.2,26.2,84.0,886,1
0.0,25.4,63.9,318,1
115.1,29.1,77.3,885,1
51.7,27.2,63.7,254,0
0.0,33.6,74.4,1085,1
18.9,31.8,68.9,1315,1
0.2,29.4,74.2,1089,1
99.5,22.0,83.1,585,1
447.7,24.2,80.3,675,0
0.0,29.2,61.5,1304,1
12.2,25.5,56.9,190,0
106.1,28.5,74.6,1076,1
160.4,27.7,77.0,934,0
58.6,27.7,96.0,427,0
73.6,26.7,84.1,207,0
47.4,34.6,70.2,1322,1
398.3,26.0,77.4,661,0
21.2,27.8,64.7,112,0
0.0,26.7,70.1,193,0
5.3,22.7,52.5,291,0
19.2,27.3,66.1,148,0
172.7,22.0,69.4,532,0
48.5,33.2,67.3,1253,1
110.3,30.0,70.7,1066,0
142.8,23.9,82.9,602,1
0.0,27.2,62.8,120,0
40.5,33.3,68.0,1334,0
8.2,27.3,71.3,79,0
184.2,22.1,84.5,501,0
122.0,27.6,98.0,813,1
5.0,29.1,64.2,229,0
164.9,24.7,91.2,512,0
410.4,30.4,76.9,728,0
126.8,29.0,63.5,1022,1
126.8,23.7,87.9,841,1
289.9,25.1,94.1,543,0
319.4,28.7,75.6,915,0
381.2,26.1,88.9,713,1
5.6,33.6,66.1,1172,1
4.8,22.9,78.7,248,0
0.0,28.5,73.7,116,0
102.6,25.3,85.0,579,1
0.0,30.5,55.9,37,0
12.9,24.2,78.2,411,1
197.9,31.5,66.6,977,0
131.1,31.0,82.1,915,0
32.8,26.7,58.9,1387,1
0.0,31.2,67.1,142,0
361.3,24.5,84.9,839,0
303.6,25.3,83.2,575,1
0.0,31.2,55.6,1262,1
2.4,27.0,65.6,374,1
82.5,31.4,94.2,997,1
0.0,26.4,79.1,332,0
16.2,31.9,68.7,1337,1
8.2,30.8,55.6,1282,1
0.0,25.0,70.4,222,0
75.0,27.2,82.9,962,1
196.7,22.7,76.5,509,0
32.1,28.8,58.5,224,0
35.2,22.5,69.7,376,1
1.6,33.9,74.4,1369,1
0.0,27.0,71.4,117,0
101.8,29.7,87.8,1017,1
69.5,31.7,69.9,1411,1
62.9,26.2,70.2,465,1
0.0,30.7,53.0,1376,1
358.4,29.0,83.1,846,0
370.4,28.4,91.4,878,0
44.8,23.6,85.6,433,1
152.6,27.0,73.8,957,0
0.0,32.3,77.7,1135,1
126.4,24.6,77.8,614,1
14.9,28.4,63.2,103,0
23.6,31.7,56.1,1331,1
0.0,32.0,71.0,1387,1
66.4,26.6,84.0,975,1
93.1,27.9,72.6,940,1
324.1,26.1,81.1,873,0
415.6,24.2,72.6,765,1
345.3,26.4,70.1,863,0
40.2,29.2,57.4,235,0
250.0,29.7,82.2,928,0
149.8,23.0,80.5,675,1
25.7,27.3,68.3,184,0
11.0,28.9,62.0,124,0
0.0,31.1,74.2,1311,0
114.6,27.4,77.1,989,1
5.7,29.7,76.7,1312,1
161.0,27.7,73.7,1069,0
99.6,35.1,82.3,1069,0
41.4,28.0,65.7,1324,1
189.2,27.5,70.1,1002,0
379.3,25.1,97.0,672,0
15.7,27.8,80.4,1354,1
0.0,29.7,69.4,1248,1
0.0,31.1,63.5,1404,1
0.0,27.4,75.4,229,0
347.4,26.0,84.4,673,0
0.0,32.9,71.9,1363,1
24.3,31.8,69.9,1305,1
0.0,30.6,71.3,1225,1
0.0,32.8,67.2,1157,1
142.7,30.8,78.8,859,1
19.6,32.7,74.7,1353,1
291.3,27.3,93.6,906,0
8.9,27.2,71.3,286,0
16.2,33.1,80.2,1259,1
331.4,25.5,77.4,849,0
178.6,29.5,84.3,974,0
34.0,32.0,75.5,1036,0
22.4,28.3,70.2,250,0
379.4,24.7,83.1,753,0
59.5,28.5,73.3,1106,1
182.1,27.0,64.1,740,0
69.9,30.3,67.3,1050,0
407.5,27.4,70.6,829,0
25.0,27.3,64.1,236,0
17.3,27.3,59.4,183,0
18.1,31.0,58.5,1180,1
12.3,33.7,64.2,1198,1
0.0,29.8,73.3,1139,1
124.6,26.5,98.0,768,1
399.1,26.0,83.5,676,1
38.7,24.1,72.0,408,1
382.6,26.8,73.5,707,0
13.5,31.1,61.3,1219,1
0.0,31.6,74.9,204,0
0.0,29.5,76.7,99,0
0.0,31.5,57.9,82,0
0.0,27.8,71.3,254,0
4.9,34.3,86.8,1352,1
281.1,24.3,97.2,558,0
136.8,26.4,84.0,596,1
223.0,26.9,72.3,494,0
133.8,26.6,76.9,760,1
0.0,23.1,57.9,364,1
0.0,29.7,69.8,255,0
261.5,24.2,96.1,599,0
299.4,24.3,76.5,584,0
19.3,25.7,70.1,347,0
0.0,29.9,74.4,1111,1
25.0,32.7,70.1,1221,1
180.4,24.8,70.3,462,0
2.1,30.0,63.8,31,0
193.0,29.9,82.5,972,0
0.0,24.1,78.7,397,1
395.9,26.2,87.4,805,0
43.5,33.5,63.6,1251,1
0.0,32.6,69.5,1216,1
68.3,31.9,82.5,964,1
184.4,23.0,88.3,528,0
45.5,32.3,84.2,992,1
12.5,27.8,61.6,266,0
6.7,31.4,73.0,1144,1
102.3,22.8,80.8,456,1
59.6,26.4,76.3,306,0
150.6,22.0,88.5,647,0
0.0,30.6,79.4,1097,1
20.5,27.5,55.4,210,0
31.2,30.5,69.5,1025,1
0.0,27.9,74.4,1,0
154.8,26.2,77.2,732,0
377.8,25.0,87.0,821,0
8.7,31.3,60.4,1432,1
70.4,29.2,72.9,51,0
127.5,24.3,92.3,610,1
202.7,28.4,72.6,985,1
14.8,28.5,73.6,200,0
139.2,24.9,91.6,661,1
101.1,22.7,86.8,579,1
30.2,24.9,70.5,355,0
0.0,33.5,51.2,53,0
0.0,25.2,84.3,410,1
54.3,34.2,65.0,1219,1
246.7,25.8,80.3,916,0
30.4,30.4,69.1,1395,1
148.5,25.0,76.6,836,1
0.0,30.4,57.4,1361,1
0.0,30.3,65.6,1144,1
0.0,34.4,65.0,1153,1
0.0,26.6,63.6,323,0
14.3,30.4,67.9,1310,1
19.8,25.1,71.7,243,1
0.0,31.6,59.8,1431,1
20.1,33.8,70.5,1247,1
47.5,32.9,55.6,1043,1
177.4,29.3,86.0,886,0
0.0,28.8,73.0,359,0
0.0,32.3,83.7,1088,1
32.4,29.1,68.0,2,0
18.5,28.4,69.3,54,1
331.0,23.8,79.4,728,0
0.0,25.6,52.3,137,1
113.2,25.5,81.9,575,1
52.4,35.2,57.7,1218,1
0.0,28.2,66.8,143,0
219.5,27.7,83.9,483,0
106.0,24.2,76.7,428,1
26.0,29.2,58.5,152,0
432.1,22.8,98.0,720,0
29.3,26.8,70.1,351,0
187.3,24.7,93.0,770,0
0.0,33.1,78.7,1354,1
3.0,34.4,82.7,1149,1
20.2,32.5,77.8,1151,1
400.8,26.0,98.0,677,0
177.8,26.2,87.9,733,0
0.0,30.3,73.4,69,1
39.4,35.7,71.7,1209,1
0.0,30.9,58.5,1397,1
0.0,31.8,67.8,1343,1
288.7,25.5,70.6,900,0
0.1,32.3,67.2,1349,1
43.0,23.6,69.4,314,0
0.0,31.1,82.1,1087,1
0.0,33.0,80.8,1257,1
100.9,22.8,76.4,754,1
203.9,30.9,83.2,977,0
0.0,32.0,69.6,1360,1
162.8,25.4,90.6,495,0
239.3,28.7,87.2,980,0
39.8,31.3,74.3,74,0
2.2,32.1,78.1,1084,1
34.2,30.0,65.3,1124,1
3.9,28.1,59.6,1433,0
21.4,23.5,78.4,411,0
28.6,33.6,57.8,1266,1
81.1,25.0,78.0,587,1
295.8,22.0,79.2,546,0
10.2,31.2,71.6,1166,1
169.3,24.3,83.1,504,0
161.7,33.8,82.5,981,0
153.5,30.6,88.6,887,0
0.0,28.7,57.9,72,0
0.0,27.3,64.8,196,0
17.4,28.7,78.7,1120,1
108.0,24.7,70.9,1003,1
0.0,25.2,76.0,252,0
0.0,26.5,75.9,385,1
87.0,31.2,67.1,1028,1
0.0,30.5,76.7,1204,1
51.5,33.7,69.8,1298,1
0.0,28.1,89.5,392,1
77.9,27.0,89.1,963,1
0.0,24.4,62.0,387,1
0.0,25.9,65.8,205,0
21.7,24.2,78.8,423,1
426.6,25.1,87.2,735,0
77.3,32.5,60.5,216,0
87.7,24.9,73.1,321,0
5.4,26.6,67.8,275,0
375.7,25.5,77.9,697,0
0.0,24.5,64.0,237,0
33.9,31.2,61.5,1434,1
178.2,22.0,94.7,514,1
0.0,30.6,77.3,204,0
14.9,33.3,77.3,1087,1
22.1,29.7,51.9,1396,1
136.2,26.6,95.9,797,1
7.1,28.1,53.8,289,0
23.9,31.4,67.3,1077,1
257.9,22.0,69.9,596,0
0.0,31.8,67.5,1091,1
110.4,27.3,98.0,716,1
52.3,26.2,83.8,1076,1
192.8,30.3,82.1,992,0
0.0,29.2,65.4,1402,1
101.7,27.1,76.2,611,1
0.0,27.1,72.9,130,0
0.0,30.4,78.0,1332,1
113.8,31.7,87.2,994,1
0.0,28.2,70.0,26,0
155.3,28.2,91.7,864,0
246.8,24.6,80.5,519,0
351.5,27.6,67.8,842,0
0.0,28.2,74.5,1428,1
0.3,26.3,58.0,144,0
1.4,31.6,68.2,1304,1
51.8,27.7,89.5,1089,0
108.0,26.2,84.8,736,1
188.0,24.6,97.8,662,0
0.0,33.0,73.6,1184,1
27.5,31.3,58.3,21,0
0.0,29.8,69.4,1237,1
254.8,29.0,75.7,973,0
180.2,24.1,93.7,746,0
18.8,28.9,63.6,41,0
254.6,23.6,87.8,559,0
400.6,30.2,86.8,887,0
84.5,23.3,60.3,377,1
62.4,33.6,62.0,1272,1
73.4,31.3,78.0,1061,1
107.4,31.8,79.2,905,1
350.7,26.3,85.9,789,0
23.1,29.2,82.1,1056,0
8.5,24.8,83.7,388,1
101.9,26.8,82.6,965,1
57.4,31.1,78.5,1058,1
334.7,26.3,89.5,670,1
40.3,26.3,72.7,467,1
15.6,32.7,69.8,1284,1
29.2,28.7,68.7,103,0
12.8,28.4,75.8,403,0
21.3,26.9,67.8,209,0
34.3,28.7,83.1,1074,1
8.7,25.1,64.5,319,0
277.5,22.0,73.3,537,0
236.2,22.0,78.3,516,0
397.3,27.4,93.3,795,0
63.3,22.0,66.2,450,1
2.3,30.2,83.1,1108,1
2.7,25.7,77.7,125,0
69.9,31.1,79.3,1048,1
0.0,24.6,61.6,271,0
150.7,28.0,71.4,788,0
0.0,27.9,84.8,216,0
23.3,22.0,65.3,412,1
36.1,33.7,68.4,1162,1
172.6,24.8,70.0,675,0
0.0,26.6,48.8,77,0
137.2,25.3,89.1,618,1
159.0,30.5,80.0,823,0
36.8,31.5,74.7,1261,1
38.1,28.2,63.6,1377,1
70.1,30.9,91.8,909,1
0.0,35.0,69.8,1151,1
16.6,23.0,80.1,345,0
0.0,29.9,58.4,1337,1
30.5,27.0,61.6,198,0
338.1,24.1,76.0,877,0
25.4,35.0,60.3,1416,1
3.9,29.9,51.8,26,0
0.0,24.6,66.9,407,1
353.8,25.9,76.8,673,0
266.4,23.6,97.6,584,0
0.0,25.0,68.9,292,0
150.1,23.3,81.4,693,0
125.3,28.5,83.5,1021,1
93.9,24.9,78.4,583,1
1.1,27.9,74.8,332,0
199.7,27.1,89.9,678,0
24.6,24.0,79.8,419,1
44.6,30.4,77.3,1079,1
0.0,32.3,66.2,86,0
241.6,22.5,84.9,587,0
365.5,24.7,87.9,869,0
408.6,25.7,87.4,666,0
141.6,31.7,81.2,986,1
25.0,22.0,60.4,200,0
0.0,25.3,79.5,366,1
67.8,22.0,70.3,527,1
26.7,28.6,75.2,1104,1
28.3,30.9,67.5,1357,1
0.0,22.2,63.3,377,1
22.4,27.9,60.5,1352,1
0.0,29.3,75.6,92,0
0.0,25.1,65.9,331,0
79.2,27.4,82.2,1077,0
44.6,22.4,62.9,324,0
380.7,26.9,73.9,733,0
0.0,32.5,81.0,1117,1
30.0,23.7,74.3,97,0
133.7,22.6,84.8,663,1
162.6,27.8,86.8,883,0
123.8,27.8,95.4,797,1
0.0,26.0,70.8,309,1
70.8,32.0,78.2,1054,1
0.0,24.6,68.2,274,0
23.8,31.2,71.6,1059,1
17.5,27.2,54.2,173,0
0.0,26.9,59.4,142,0
2.5,28.8,77.2,1284,1
39.1,32.5,80.9,1260,1
308.8,22.0,73.4,557,0
0.0,29.1,80.9,1094,1
1.7,29.4,64.4,144,0
199.3,24.8,96.8,691,0
154.3,31.1,81.8,952,0
77.2,29.3,74.7,979,1
0.0,23.4,76.6,376,1
425.7,28.3,73.1,776,0
40.9,30.0,66.5,1390,1
49.5,29.6,62.9,72,0
20.3,26.6,65.5,204,0
272.2,24.4,77.0,559,0
0.0,24.1,68.7,384,1
60.6,32.6,67.7,1421,0
248.1,30.1,80.6,1004,0
0.0,31.2,70.7,1188,1
7.9,25.7,75.4,330,0
0.0,28.4,74.2,1132,1
3.9,28.0,68.1,240,0
101.1,22.0,76.6,591,1
100.7,22.7,88.6,495,1
126.0,25.1,98.0,767,1
0.0,32.0,55.8,1107,1
35.9,35.2,68.0,1220,1
0.0,32.9,63.9,1409,0
11.4,22.2,73.7,358,0
0.0,25.2,90.2,182,0
51.1,28.0,65.8,1413,1
14.5,25.4,63.6,125,0
0.0,26.8,71.2,162,0
47.7,29.6,74.6,208,1
5.9,25.5,65.1,242,0
107.5,23.9,76.9,477,1
139.8,29.5,81.7,932,1
0.0,30.0,80.8,1270,1
46.5,27.9,67.5,164,0
20.7,31.3,69.0,1384,1
367.1,30.1,79.9,709,0
90.6,26.0,81.3,451,0
362.3,29.3,83.8,766,0
9.6,27.0,65.9,197,0
149.2,28.0,80.0,826,1
395.8,27.5,86.4,799,1
108.9,22.4,83.8,771,1
0.0,22.0,64.7,351,0
50.5,27.8,72.7,998,1
16.0,29.5,69.6,228,0
85.5,23.3,78.3,459,1
94.1,31.6,85.0,987,1
0.0,30.6,67.4,132,0
248.8,27.4,71.2,985,0
81.5,27.0,84.6,495,1
34.2,26.7,58.5,84,0
396.6,25.6,93.3,729,0
32.3,29.7,80.1,1168,1
0.0,29.5,60.6,105,0
2.3,31.5,65.8,1177,1
332.5,26.1,74.0,619,0
59.7,33.9,57.5,1313,1
310.8,31.2,96.7,865,0
200.7,26.0,77.2,631,0
0.0,33.1,63.2,1358,1
23.7,27.1,86.2,157,1
0.0,27.6,75.6,178,0
394.0,25.8,92.9,708,0
0.0,28.3,70.7,1432,1
0.0,28.2,78.3,263,0
10.5,31.6,53.6,1170,1
0.0,24.9,74.0,399,1
17.1,22.0,69.5,371,0
129.8,25.3,72.4,777,1
94.2,25.7,68.3,536,1
26.8,32.8,68.7,1235,1
396.8,27.7,73.8,729,0
346.7,24.5,82.9,665,0
452.0,26.3,81.4,726,0
14.6,30.6,78.3,1432,1
261.2,25.5,87.3,570,0
17.4,30.5,71.9,26,0
53.3,23.4,68.9,427,1
40.4,26.7,78.2,1262,1
346.6,29.4,86.8,939,0
424.7,22.6,84.2,766,0
0.0,29.4,54.7,140,0
0.0,29.7,69.5,120,0
43.7,26.3,62.9,1424,1
0.0,26.6,64.6,293,0
126.8,25.1,85.6,649,1
34.9,25.3,72.0,374,1
0.0,29.5,69.1,1206,0
23.0,31.8,55.5,1394,1
113.8,22.0,69.6,564,1
290.3,25.5,93.7,542,0
50.9,32.7,62.8,1169,1
0.0,28.4,56.1,117,0
0.0,28.8,61.4,133,0
35.3,22.2,84.3,471,1
310.3,23.4,78.4,603,0
188.1,28.3,83.7,755,0
24.1,26.8,67.7,362,1
399.7,23.8,94.2,724,0
0.0,27.8,48.5,84,0
0.0,24.1,74.2,330,0
175.0,24.1,95.4,490,0
0.0,31.6,70.2,1147,1
0.0,31.6,57.9,85,0
178.4,33.9,60.2,1021,0
295.3,32.6,84.9,927,0
170.9,29.5,92.0,707,0
0.0,22.0,84.0,416,1
22.1,24.2,86.8,419,1
191.0,28.6,86.1,969,0
155.1,24.2,72.0,769,0
388.6,27.4,93.3,638,0
42.1,26.0,65.6,336,0
2.5,28.3,63.1,1358,1
447.0,32.2,90.4,800,0
0.0,22.0,75.1,327,0
0.0,24.5,65.6,337,0
9.9,29.2,68.3,115,0
15.2,29.6,46.2,1292,1
0.0,33.0,79.5,1150,1
153.2,26.8,79.8,884,0
263.4,31.6,95.9,1003,0
69.9,24.9,74.9,420,1
21.3,22.0,79.8,292,0
214.4,26.9,87.3,1006,0
0.0,33.6,78.7,1172,1
0.0,30.8,71.4,2,0
6.0,29.8,71.9,1285,1
90.7,29.5,82.8,1034,1
303.0,27.8,89.6,880,0
0.0,22.0,67.9,253,0
13.5,29.1,69.8,382,1
58.8,28.9,73.7,1079,0
0.0,25.2,69.9,353,0
1.0,35.2,69.5,1315,0
14.4,31.6,76.1,1207,1
0.0,26.6,70.6,293,0
0.0,29.6,82.6,1115,1
112.7,23.0,82.2,559,1
319.1,26.1,98.0,891,0
273.0,26.7,82.7,545,0
357.7,27.7,81.7,932,0
109.3,23.7,79.3,687,1
84.2,29.1,86.7,1069,1
10.7,32.2,74.8,1357,1
0.0,31.2,77.7,29,1
303.2,25.0,92.5,945,0
4.6,32.0,68.3,1302,1
40.0,25.8,63.0,316,0
22.5,30.8,67.8,128,0
5.9,26.6,73.7,87,0
0.0,26.8,64.8,113,0
435.1,27.3,81.6,726,0
188.2,23.9,77.6,525,0
240.8,31.8,92.3,927,0
0.0,28.2,67.2,256,0
0.0,32.0,71.8,1359,1
26.2,31.9,77.3,1259,1
0.0,24.2,79.7,407,1
136.8,25.9,79.9,763,1
0.0,32.0,70.2,1183,1
30.2,33.7,52.6,1439,1
419.0,22.0,82.0,779,0
4.9,23.7,61.1,364,1
95.1,24.5,90.3,544,1
334.7,26.8,73.4,853,0
0.0,31.4,61.4,1205,1
0.0,24.3,70.1,306,1
0.4,28.6,65.7,294,0
0.0,30.6,81.9,1372,1
13.7,27.6,74.8,76,0
20.1,33.6,68.1,1258,1
379.9,26.9,96.1,848,1
121.0,28.7,85.6,930,1
6.9,29.3,74.7,1101,1
174.9,23.2,72.7,524,0
2.2,31.8,63.1,1268,1
0.0,28.9,92.5,1138,1
0.0,24.3,78.8,375,1
0.0,28.0,66.0,215,0
0.0,24.0,67.0,153,0
19.5,29.5,66.4,1424,1
0.0,37.0,72.0,1152,1
430.8,24.1,64.0,618,0
0.0,32.3,71.8,11,0
0.0,25.1,86.7,335,0
121.6,23.9,86.0,609,1
26.0,31.9,68.6,15,0
0.0,34.4,63.4,1227,1
0.0,22.8,71.9,415,0
0.0,23.0,75.4,318,0
171.8,24.2,86.1,819,0
25.5,27.3,63.9,65,0
11.1,29.2,76.3,183,1
340.0,24.6,85.1,629,0
336.8,30.4,88.2,878,0
64.7,28.8,73.4,1050,0
0.4,28.0,71.9,45,0
35.9,27.2,58.1,146,0
6.1,28.6,66.3,164,0
0.0,24.3,78.0,380,1
15.0,31.4,61.7,36,0
388.2,25.4,84.0,608,0
43.5,26.1,77.9,334,0
0.4,33.2,78.0,1181,1
0.0,30.2,66.2,166,1
0.0,26.5,71.7,1131,1
28.0,29.0,68.7,80,0
0.0,32.5,94.4,1036,1
205.7,30.2,89.3,714,0
308.1,23.9,95.6,563,0
0.0,22.0,71.8,270,0
236.9,26.9,82.6,485,0
17.0,26.6,47.4,116,0
17.0,30.0,64.0,94,0
0.0,26.2,80.3,349,0
129.7,24.4,84.3,576,1
61.0,26.6,76.9,1032,1
156.4,24.4,85.1,684,0
0.0,23.8,81.9,211,0
0.0,32.8,62.9,1318,1
0.0,30.2,78.3,1200,1
180.9,25.8,93.0,1008,1
385.1,29.4,89.2,897,0
0.0,22.6,65.4,334,0
125.4,29.3,87.1,957,1
46.1,28.5,84.3,978,1
44.2,29.7,78.6,172,0
126.0,25.8,80.8,591,1
0.0,26.5,52.9,293,0
164.6,26.7,76.9,791,0
0.0,31.1,68.5,1239,1
406.8,23.6,85.1,759,0
0.0,24.0,78.9,346,0
423.3,26.1,83.9,702,0
43.6,28.0,73.3,439,1
0.0,27.1,63.5,272,0
106.1,29.4,82.4,868,1
124.5,28.8,83.5,915,1
0.0,31.1,67.1,13,0
107.6,24.7,87.5,906,1
0.0,24.6,72.3,245,0
0.0,29.4,54.3,140,0
0.0,33.3,61.8,1175,1
99.5,26.9,80.5,861,1
345.0,23.4,82.2,759,0
21.6,30.7,76.8,1433,1
245.7,28.2,75.1,918,0
50.6,33.3,70.7,1344,1
388.9,25.9,96.5,602,0
29.3,35.1,75.5,1235,1
0.0,31.3,73.1,104,0
67.6,31.3,79.7,1312,1
0.0,25.9,75.9,358,0
0.0,29.2,79.0,333,0
179.5,26.2,85.4,790,0
369.1,24.9,98.0,647,0
81.8,24.1,80.6,461,1
17.8,24.2,71.9,466,1
1.4,28.3,58.4,26,0
5.4,34.6,66.1,1241,1
0.0,22.7,62.7,361,1
53.0,28.9,84.3,305,0
0.0,35.3,81.9,1245,1
147.5,24.6,85.0,421,1
12.2,31.5,75.5,1121,1
32.5,30.3,59.6,1276,1
0.0,32.1,65.5,1239,1
31.7,33.0,69.5,1437,1
30.9,30.5,69.3,1187,1
83.5,27.1,77.6,433,1
411.8,29.0,74.4,789,0
0.0,30.6,69.7,1064,1
98.9,30.6,77.6,932,1
235.0,22.2,88.9,521,0
133.1,27.8,85.5,893,0
105.2,28.6,76.1,551,1
44.3,34.3,65.1,1291,1
224.2,30.0,93.3,948,1
0.0,27.1,73.7,203,0
7.7,31.7,64.4,1153,1
376.1,25.9,86.2,724,0
43.5,30.3,69.1,1310,1
0.0,27.3,76.1,244,1
0.0,34.0,58.8,1306,1
0.0,24.0,71.3,391,1
35.9,32.4,74.6,1364,1
70.1,22.5,86.2,528,1
93.7,24.0,72.9,452,1
106.7,27.3,85.8,959,0
42.2,24.7,68.8,345,0
161.5,29.3,85.1,903,0
0.0,26.4,78.7,356,0
372.5,25.7,78.9,809,0
0.0,33.0,67.1,1240,1
0.0,28.1,65.8,16,0
77.3,24.6,76.1,482,1
0.0,35.3,60.5,1392,1
171.1,25.3,87.9,763,0
0.0,28.8,83.6,1127,0
223.4,31.8,75.4,995,0
347.3,25.1,77.7,617,0
52.0,25.1,70.9,442,1
22.3,34.0,65.6,1354,1
0.0,24.6,80.8,288,0
76.2,22.8,78.9,572,1
0.0,25.6,85.6,410,1
274.3,26.2,78.2,593,1
0.0,27.4,57.4,215,0
75.6,23.9,93.7,496,1
151.9,27.6,83.5,818,0
0.0,30.5,72.9,93,0
29.4,22.0,86.6,491,0
6.5,30.0,75.2,1204,1
20.0,29.8,63.2,47,0
0.0,32.8,69.7,1359,1
80.9,28.5,80.1,594,1
306.5,23.9,70.9,566,0
53.2,32.4,69.5,1199,1
0.0,30.5,74.3,1299,1
0.0,29.3,74.9,132,0
6.0,23.0,81.0,325,0
43.8,25.1,72.3,313,0
0.0,30.1,80.1,1231,1
0.0,24.8,57.5,70,0
88.2,36.2,98.0,1057,1
0.0,33.1,66.1,1335,1
25.8,30.7,66.1,114,0
162.4,27.0,75.1,716,0
0.0,34.7,64.2,1281,1
1.6,26.3,75.7,296,0
58.0,33.6,76.6,1186,1
8.3,23.5,63.5,375,1
48.7,30.5,67.8,1392,1
96.3,26.0,68.7,911,1
31.8,32.3,82.2,1157,1
40.7,28.9,74.9,28,0
0.0,29.7,56.7,17,0
67.7,31.7,81.7,1005,1
35.4,30.6,53.7,1,0
24.6,34.1,66.4,1253,1
33.3,30.7,74.4,1141,1
412.4,26.8,85.8,722,0
77.6,22.7,82.5,508,1
135.9,27.6,85.1,895,1
0.0,27.4,69.3,127,0
166.6,24.9,79.7,790,0
3.9,30.6,64.9,1331,1
354.0,25.7,84.0,631,0
0.0,29.0,63.9,1383,1
0.0,30.5,89.6,1268,1
172.1,27.7,85.4,683,0
411.7,28.8,74.0,768,0
147.1,27.7,76.3,775,1
41.6,33.4,67.0,15,0
0.0,33.6,64.4,1396,1
126.3,24.0,80.7,586,1
17.3,32.0,53.9,171,0
6.9,33.9,54.4,1437,1
41.5,26.8,59.0,201,0
162.0,29.5,74.2,906,0
69.0,22.8,66.9,429,1
214.6,28.8,87.7,928,0
185.3,26.9,81.4,995,0
0.0,30.3,81.8,1103,1
0.0,33.5,78.7,1315,1
193.1,26.0,85.6,885,0
194.0,28.4,75.8,913,0
318.0,29.1,90.1,853,0
7.4,28.5,54.6,84,0
352.5,26.8,79.2,645,0
11.6,32.4,63.2,21,0
305.3,26.8,85.2,891,0
37.1,30.6,84.5,1129,1
32.3,27.1,60.9,226,0
332.0,23.2,72.9,622,0
41.0,29.3,82.3,271,0
0.0,27.2,74.4,145,0
349.2,27.8,98.0,770,0
290.8,22.0,69.8,566,0
151.5,23.0,84.9,644,0
98.6,28.7,65.9,1031,1
39.7,26.5,78.5,78,0
0.0,23.5,60.1,378,1
116.1,24.7,72.4,531,1
306.5,27.2,84.4,573,0
159.4,30.4,78.7,1051,0
0.0,31.6,66.0,1348,1
0.0,25.2,78.6,380,1
0.0,23.1,83.4,394,1
24.3,28.0,69.8,161,0
201.7,29.3,81.4,664,0
0.0,25.3,68.3,371,1
98.0,34.2,82.4,966,1
43.5,30.0,68.6,40,0
13.6,24.8,74.8,241,0
134.2,31.1,79.7,924,1
79.1,30.5,69.9,849,1
51.6,28.0,70.3,97,1
71.0,24.7,75.9,523,1
80.1,24.4,76.2,365,1
0.0,24.2,68.5,206,0
19.6,29.2,61.6,1174,1
128.3,30.4,77.4,1029,1
0.0,34.3,72.7,1208,1
57.0,28.7,74.4,199,0
182.3,24.2,69.9,756,0
0.0,27.8,52.7,34,0
11.9,29.1,60.8,1416,1
11.7,26.1,63.8,159,0
278.8,27.3,68.7,907,0
0.0,27.8,62.7,1305,1
0.7,22.1,57.6,235,0
28.0,26.3,57.2,1373,1
137.8,25.9,82.4,930,1
0.3,33.8,70.4,1128,1
8.7,37.2,55.4,42,1
4.4,30.0,76.1,297,0
0.0,32.0,68.9,1095,1
1.7,30.3,78.7,1287,1
0.0,30.0,50.7,1385,1
108.7,24.8,88.8,631,1
327.4,30.1,84.7,747,0
0.0,29.9,70.0,1150,1
24.5,26.0,68.1,281,0
43.7,32.2,69.6,1222,0
16.2,26.8,69.1,209,0
0.0,22.9,78.1,188,0
0.0,26.4,66.7,207,0
0.0,24.3,77.7,203,1
67.0,36.4,69.9,1198,1
0.0,33.1,70.6,1227,1
26.6,33.1,75.7,1043,1
131.2,29.1,63.6,1034,1
112.0,28.1,75.6,938,1
232.1,28.1,92.5,529,1
69.8,32.9,70.7,1052,1
11.2,32.7,74.3,1306,1
18.3,31.7,48.0,93,0
0.0,35.9,66.8,1221,1
0.0,30.0,71.3,208,0
368.0,27.3,84.2,693,0
1.7,26.8,78.0,401,1
129.3,27.3,63.7,891,1
8.9,24.9,66.8,406,1
0.0,33.2,62.9,1269,1
42.1,32.6,61.8,1250,1
263.3,31.0,79.0,1013,0
237.8,28.8,67.5,959,0
0.7,26.0,72.2,1139,1
112.6,25.4,95.5,524,1
365.3,27.2,81.7,809,0
88.4,30.3,66.8,1015,1
0.0,30.4,78.0,250,0
0.0,29.7,60.6,113,0
0.0,30.3,60.0,1173,1
39.0,30.4,80.4,920,1
159.5,27.1,80.2,838,0
393.3,29.2,85.6,792,0
0.0,28.8,65.2,53,0
0.0,26.4,70.4,144,0
0.0,23.5,76.2,413,1
154.5,24.5,98.0,897,0
0.0,30.6,69.5,1100,1
23.6,35.0,61.4,1140,1
0.0,27.6,57.8,117,0
0.0,28.8,84.0,1084,1
183.9,22.9,66.5,532,0
45.2,31.9,82.6,1101,1
63.6,24.5,87.0,246,0
58.3,31.0,88.5,1032,1
310.0,29.5,78.5,944,0
0.0,27.0,73.2,231,0
131.8,25.0,91.7,682,1
6.3,28.1,71.5,380,1
401.1,27.3,75.9,785,0
0.0,29.9,65.8,1339,1
404.7,26.7,91.7,671,0
37.3,27.9,76.9,159,0
22.3,26.1,70.7,248,0
51.0,32.0,78.3,1009,1
269.5,26.8,81.1,567,0
139.4,22.0,97.4,550,1
393.0,28.0,85.2,651,0
41.9,29.9,85.7,991,1
18.2,25.9,79.2,250,0
182.0,24.0,82.9,743,0
240.9,25.6,76.9,595,0
230.6,22.0,81.5,494,0
143.4,31.1,73.8,1000,1
23.6,33.3,60.9,34,0
17.4,26.3,51.4,196,0
0.0,29.1,76.1,204,0
88.8,31.0,70.5,1068,1
60.6,22.0,89.8,514,1
14.9,31.1,69.9,1038,1
379.1,26.6,73.8,820,0
147.8,29.8,69.8,870,1
0.0,24.4,54.6,316,0
0.0,31.8,77.8,1434,1
122.7,22.0,88.3,589,1
75.1,28.9,85.0,862,1
30.5,27.0,79.0,226,0
109.9,30.6,70.3,1020,1
48.2,30.9,69.5,1077,1
234.7,29.4,81.2,969,0
414.5,25.5,80.2,667,0
18.2,24.1,84.9,401,1
121.5,27.1,98.0,925,1
346.1,22.0,92.5,633,0
368.9,26.0,87.2,798,0
0.0,27.4,66.8,133,0
11.6,25.5,88.3,1087,1
53.2,30.9,78.2,1070,1
287.1,28.5,86.7,540,0
0.0,26.6,64.4,347,0
320.3,25.7,81.0,744,0
284.5,22.5,86.1,563,0
48.5,27.4,87.1,1066,1
15.5,33.6,70.9,1159,1
341.3,29.9,85.9,955,0
13.9,22.7,64.2,329,1
386.9,27.9,88.4,724,0
0.0,28.6,76.7,182,0
0.0,30.1,66.7,1351,1
385.3,26.4,83.5,796,0
38.9,30.5,61.3,41,0
7.4,33.0,68.8,1144,1
0.0,23.8,80.8,250,1
61.6,25.3,73.3,457,1
198.8,25.3,84.4,663,0
12.1,31.3,57.9,98,0
392.1,26.7,84.3,678,0
0.0,26.1,78.0,278,0
0.0,33.7,59.0,1305,1
0.0,23.0,62.4,288,0
394.3,25.3,97.0,742,0
55.0,22.1,75.7,496,1
98.3,23.0,88.9,552,1
0.0,28.9,61.2,26,0
0.0,25.5,60.3,120,0
0.0,32.7,95.6,1021,1
393.0,26.7,83.1,677,0
22.7,26.8,71.7,155,0
82.1,22.0,79.0,524,1
13.0,28.0,63.9,92,0
16.9,27.9,76.4,155,0
399.1,29.7,81.7,781,0
27.4,25.8,60.2,183,1
35.7,33.4,72.7,1095,1
207.4,25.0,85.5,723,0
0.0,25.7,71.2,416,1
400.4,26.8,79.4,668,0
0.0,29.2,56.3,168,0
46.2,29.5,62.1,1340,1
5.3,30.7,54.7,1342,1
88.3,25.2,72.2,531,1
12.8,25.9,71.6,119,1
10.3,33.4,76.4,1312,1
129.4,22.0,80.3,481,1
423.6,22.5,72.6,662,0
434.5,24.1,80.8,682,0
132.7,26.6,92.8,865,1
0.0,29.4,69.0,106,0
125.9,31.4,68.1,1026,1
126.5,26.1,91.5,755,1
143.7,25.0,81.6,823,1
2.8,28.4,65.0,272,0
113.2,24.3,84.7,588,1
405.7,27.0,83.9,695,0
255.1,22.0,96.1,543,0
23.4,31.9,71.0,1433,0
340.7,23.4,83.1,622,0
86.1,30.6,70.4,84,0
0.0,29.6,62.8,280,0
3.8,22.2,87.5,385,1
22.2,26.9,75.5,327,0
0.0,30.7,86.1,1287,1
0.0,27.7,60.5,1340,1
42.4,29.9,49.9,129,0
425.2,29.6,83.1,746,0
0.0,32.2,49.2,170,0
0.0,31.4,83.8,1430,1
23.9,29.1,69.5,1214,1
10.7,24.8,62.0,353,0
155.7,24.3,78.9,616,0
76.1,32.2,67.0,998,1
138.9,24.1,74.5,574,0
202.6,22.0,97.9,664,0
125.9,31.3,84.0,975,1
0.0,27.1,72.6,202,0
76.6,30.8,67.9,98,0
366.2,25.0,83.8,647,0
0.0,25.9,63.4,368,0
13.2,29.1,67.7,92,0
110.4,31.4,96.3,1054,1
0.0,30.2,77.6,1256,1
0.7,27.7,70.9,219,0
124.6,23.8,75.7,469,1
24.2,32.8,66.4,1163,1
136.9,24.6,98.0,803,1
370.3,28.0,90.9,709,1
0.0,32.4,68.2,1283,0
0.0,33.6,68.2,1218,1
130.1,30.8,70.6,1058,1
174.6,25.7,96.1,624,0
97.1,22.0,79.6,471,1
33.7,28.8,70.1,90,0
151.8,26.4,74.0,898,0
84.0,23.3,84.3,517,1
56.0,33.5,74.8,1104,1
12.6,28.7,75.4,1166,1
37.3,25.6,75.2,451,1
25.1,32.4,74.1,1090,1
0.0,28.6,74.0,244,0
339.8,22.0,76.1,643,0
146.4,29.2,75.8,872,1
125.1,24.6,63.5,438,1
7.2,31.4,76.1,1122,1
0.0,34.4,69.7,1366,1
14.9,22.0,69.8,476,1
0.0,31.7,64.8,1095,1
110.8,32.9,77.0,1054,1
243.9,22.0,87.3,550,0
42.3,25.7,61.6,370,1
89.4,24.7,76.3,489,1
10.6,25.7,74.0,33,0
0.0,33.7,68.8,1131,1
0.0,24.2,65.3,244,0
2.7,34.6,80.7,1102,1
26.5,31.1,63.6,54,0
341.8,28.6,87.0,864,0
145.2,31.1,88.8,928,1
7.1,33.3,78.2,1359,1
20.9,22.0,84.0,372,1
383.0,22.0,98.0,706,0
114.9,23.8,93.3,451,1
28.7,23.9,75.0,273,0
80.7,27.5,83.2,551,1
28.4,30.0,68.1,1223,1
35.2,26.2,64.4,279,0
265.7,31.2,66.2,980,0
11.4,30.9,66.0,268,0
0.0,34.2,77.2,1310,1
85.1,26.7,77.4,896,1
373.4,27.0,96.3,779,0
40.3,31.4,64.8,22,0
412.3,25.8,92.5,632,0
0.0,29.5,74.8,1327,1
4.1,34.1,59.8,41,0
269.0,22.1,97.7,612,0
61.0,32.2,92.8,1024,1
107.6,29.1,82.2,1073,1
0.0,32.8,52.2,1240,1
253.9,28.6,75.3,909,0
389.4,23.4,72.7,733,0
0.0,22.0,73.8,383,1
0.0,31.8,59.9,10,0
244.7,27.9,85.6,945,0
0.0,30.3,55.1,2,0
45.3,33.6,61.1,988,1
21.1,26.4,80.2,352,0
0.0,23.2,73.7,107,0
78.4,27.6,61.5,1011,1
0.0,22.0,68.1,329,0
354.8,25.3,81.4,828,1
70.8,30.3,72.8,1056,1
31.2,30.3,82.7,357,1
107.7,26.1,83.3,546,1
0.0,31.5,51.1,1396,0
11.3,31.7,83.3,1039,1
39.7,25.0,81.0,533,1
82.0,22.0,78.1,430,1
70.0,22.0,87.4,583,1
67.0,30.9,64.6,984,1
0.0,31.5,66.2,1378,1
0.0,25.8,76.5,323,0
191.7,30.2,80.0,781,0
0.0,30.5,64.3,1286,1
3.2,31.1,64.3,1278,1
41.7,25.7,79.5,357,0
0.0,22.0,66.3,388,1
139.9,22.2,83.0,696,1
0.0,30.7,62.4,130,0
388.5,26.4,96.1,834,0
24.9,30.9,68.9,1278,1
0.0,31.9,74.8,1107,0
26.3,28.1,49.6,1358,1
122.5,28.4,71.2,920,1
1.1,23.4,80.8,385,1
66.3,24.9,76.0,441,1
126.7,26.6,82.4,1025,1
210.5,24.4,91.4,730,0
0.0,31.1,79.5,1258,1
190.5,23.0,70.9,493,0
283.5,26.2,96.1,599,0
0.0,30.4,72.7,1235,1
0.0,37.6,69.9,1379,1
230.9,25.5,65.4,519,0
344.4,27.0,88.6,880,0
9.3,33.1,65.7,1141,1
66.4,30.5,66.3,116,0
203.9,25.4,98.0,762,0
0.0,31.3,68.4,119,0
52.3,29.5,76.7,1099,1
44.0,30.2,68.6,81,1
45.9,27.8,60.4,158,0
0.0,25.8,60.0,303,0
9.2,28.5,71.3,175,0
271.1,24.2,83.0,568,0
12.6,34.8,75.8,1425,1
57.7,24.0,65.1,357,0
9.5,29.9,56.1,1343,1
61.5,28.9,87.8,900,1
68.8,32.6,74.7,983,1
0.0,31.5,62.6,1137,1
54.6,27.9,61.7,149,0
79.1,29.7,69.2,1031,1
0.0,23.6,62.7,378,1
188.8,26.1,83.4,516,0
51.2,31.7,77.0,1197,1
183.4,25.7,82.2,699,0
27.0,24.6,84.8,282,0
11.3,29.6,64.3,173,1
352.9,27.0,88.8,603,0
4.5,25.1,55.6,194,0
65.2,24.2,60.8,259,0
0.0,28.3,73.6,43,0
0.0,32.9,87.0,1039,1
167.8,23.2,82.9,713,0
202.1,25.3,89.9,774,0
205.6,22.0,82.5,500,0
0.0,32.4,69.8,69,0
25.9,24.9,61.9,269,0
128.1,29.3,98.0,743,1
244.3,29.0,98.0,947,0
253.5,28.0,77.1,954,0
0.0,32.4,64.3,1419,1
11.6,27.9,72.7,171,0
0.0,34.7,75.6,1299,1
0.0,26.5,63.9,217,0
417.8,23.6,89.5,602,0
0.0,30.6,65.0,1348,1
156.1,29.5,75.5,787,0
47.9,28.5,63.9,148,0
133.5,27.6,84.5,954,1
58.9,29.0,71.2,1269,1
325.5,28.4,77.1,844,0
314.3,22.3,79.9,550,0
94.7,22.0,86.7,483,1
168.4,26.7,88.4,648,0
308.2,26.6,82.0,957,0
259.7,22.0,81.5,574,0
284.7,29.7,89.7,1009,1
0.0,30.9,84.5,1119,1
0.0,27.3,61.9,115,0
21.8,31.3,45.0,1391,1
10.0,30.9,53.0,1340,1
7.7,33.4,53.6,75,0
24.4,24.8,71.4,313,0
0.0,28.9,79.7,1100,1
66.6,24.7,83.4,467,1
0.0,28.8,59.1,146,0
428.4,26.3,80.1,815,0
273.7,25.7,81.2,900,0
17.2,33.1,64.0,0,0
20.5,29.5,66.1,1221,1
29.6,29.8,86.8,134,0
5.9,34.3,70.4,1311,1
32.8,30.2,68.9,1039,1
176.7,25.8,80.0,482,0
17.9,27.1,69.0,313,0
0.0,29.3,64.1,1328,1
13.1,34.9,62.9,1218,1
18.5,30.7,58.3,39,0
58.9,27.7,54.5,1233,1
93.3,24.5,80.1,543,1
12.7,24.1,72.6,332,0
9.4,32.4,61.7,1362,1
121.4,23.9,91.9,696,1
0.6,25.7,67.6,181,0
119.8,23.9,85.3,746,1
228.9,30.4,81.9,1004,0
121.2,25.2,77.3,436,1
16.6,31.9,72.8,1188,1
0.0,27.4,55.2,169,0
197.1,25.4,93.6,712,0
0.0,26.6,64.2,419,1
156.0,23.1,92.0,690,0
0.0,26.4,68.1,100,0
0.0,28.4,61.0,1385,1
192.7,23.7,87.8,839,0
23.0,29.8,65.6,1311,1
0.0,33.7,74.2,1350,1
0.0,22.6,64.3,242,1
188.6,23.5,79.9,519,0
0.0,33.3,64.1,1202,1
354.6,24.6,75.9,632,0
72.7,27.7,69.1,291,0
0.0,26.8,77.5,178,0
257.9,29.0,83.9,972,0
8.6,28.3,64.2,80,0
14.8,31.9,64.5,1416,1
16.1,35.5,52.2,15,0
0.0,24.5,68.2,380,1
168.2,26.5,78.5,835,0
0.0,24.1,71.3,287,0
6.3,34.9,82.8,1135,1
351.3,23.8,82.4,643,0
0.0,30.2,68.0,1332,1
2.2,28.6,65.6,63,0
32.6,27.8,78.8,450,1
75.4,22.9,80.1,488,1
0.0,27.9,69.5,167,0
0.0,24.0,59.7,92,0
2.3,26.5,82.1,396,1
30.4,25.4,61.5,292,0
1.0,33.8,57.4,1236,1
2.2,27.3,71.5,263,0
21.8,32.2,71.8,1164,1
468.1,25.1,82.4,770,0
2.3,32.1,66.8,1240,1
0.0,29.2,77.7,1168,1
0.0,25.6,65.7,358,0
18.1,33.0,64.4,1179,1
148.9,31.0,81.7,1070,1
0.0,29.1,71.7,109,1
5.9,24.0,66.0,346,0
80.6,23.7,90.1,515,1
0.0,25.8,64.2,134,0
56.0,28.9,62.2,44,0
42.6,34.1,66.5,59,0
10.3,31.6,75.7,1097,1
0.0,27.0,76.5,259,0
188.7,25.9,98.0,724,0
15.4,31.6,66.8,1097,1
141.4,25.4,81.7,719,1
312.0,28.6,79.3,939,0
11.1,32.7,90.4,1080,0
0.0,26.6,53.0,138,0
356.6,22.2,83.3,682,0
0.0,26.4,74.2,265,0
31.9,31.3,74.0,108,0
0.0,30.6,65.3,1288,1
18.8,26.1,85.2,418,1
465.2,27.3,78.3,753,0
370.2,31.1,80.0,858,0
0.0,35.6,53.7,1307,1
0.0,29.2,72.9,137,1
0.0,31.8,62.8,1201,1
0.0,28.6,70.8,1199,1
0.0,28.0,81.7,266,0
0.0,33.1,57.6,1385,1
119.5,23.6,86.9,458,1
0.0,32.6,76.3,1265,1
0.0,27.9,64.1,58,1
55.5,22.9,77.1,425,1
29.7,28.2,60.5,1410,1
45.6,31.4,76.8,1060,1
0.0,31.1,67.3,1179,0
271.3,31.5,95.1,929,0
8.0,31.3,78.7,1075,1
29.9,32.6,80.5,1193,1
140.6,25.2,79.1,680,1
453.9,29.2,95.9,760,0
385.4,28.9,92.0,763,0
122.4,23.8,85.8,557,1
0.0,25.1,79.9,382,1
169.2,29.8,85.1,817,0
17.6,28.5,71.3,1402,1
139.8,29.6,88.2,927,1
134.5,27.3,88.4,875,1
424.5,28.1,89.6,684,0
209.0,25.1,81.5,486,0
84.2,22.0,65.3,437,1
84.4,30.0,76.4,1039,1
24.4,34.3,60.0,1324,1
141.5,32.6,67.0,1037,1
366.3,23.9,88.2,761,0
126.1,28.9,90.8,1059,1
301.8,28.2,65.6,872,0
0.0,26.9,60.5,194,0
214.7,29.5,79.8,994,0
0.0,25.2,73.9,286,0
45.5,30.7,65.4,1305,1
301.1,33.5,86.4,900,0
44.6,23.3,89.8,500,1
302.5,22.8,84.3,547,0
0.0,31.8,68.6,1386,1
41.5,30.6,65.0,1060,1
226.3,28.2,62.1,1009,0
124.8,30.3,72.8,1063,1
0.0,24.4,75.5,399,1
0.0,27.8,69.9,219,0
0.0,26.6,71.8,269,0
9.1,29.4,61.7,1357,1
307.0,30.3,84.9,934,0
69.1,29.8,65.9,121,0
27.7,28.7,78.4,1065,1
32.3,29.9,67.6,1327,1
32.3,31.6,65.4,1237,0
140.3,27.4,81.5,783,1
160.2,28.5,98.0,876,0
55.5,29.9,86.1,980,1
11.6,27.1,63.0,12,0
0.0,34.0,70.9,1208,1
213.3,28.0,77.4,1004,0
16.0,34.2,67.7,1348,1
330.5,26.9,85.1,640,0
79.7,27.8,75.0,1015,1
382.5,27.7,87.6,803,0
0.0,34.6,74.0,1155,1
0.0,32.6,70.6,1091,1
0.0,28.6,76.5,1201,1
0.0,24.5,70.0,378,1
0.0,32.5,57.6,1409,0
392.3,29.4,91.5,735,0
105.2,30.6,70.0,1043,1
0.0,28.1,70.7,1332,1
190.6,31.3,98.0,784,0
26.2,29.8,73.7,22,1
0.0,27.4,70.9,415,1
67.0,23.6,72.4,457,1
35.0,31.9,85.2,1050,1
71.8,22.6,81.8,532,1
0.0,28.7,52.0,55,0
0.0,35.5,73.2,1276,1
103.0,31.9,78.2,1008,1
0.0,31.4,76.0,1128,1
30.8,27.0,73.9,302,0
3.4,26.6,69.0,145,0
23.6,30.8,82.3,1392,1
24.1,26.2,82.4,283,0
20.1,27.5,53.6,97,0
38.3,30.1,76.3,1161,1
7.1,23.2,55.4,200,0
238.0,22.2,92.7,568,0
73.1,27.8,91.2,584,1
0.0,27.3,59.6,1425,1
23.8,31.9,68.9,1238,1
334.4,24.8,90.7,604,0
289.0,28.5,80.6,913,0
96.1,31.7,75.5,977,0
287.8,28.5,82.4,903,0
0.0,26.4,86.2,392,1
77.5,30.1,69.9,938,1
60.0,25.3,59.5,139,0
292.6,31.4,77.3,912,0
22.5,23.5,92.5,455,0
156.6,22.0,95.5,704,0
54.3,28.9,59.2,123,0
208.2,29.4,79.3,994,0
3.8,35.3,77.0,1207,1
48.7,33.0,84.1,1071,1
130.4,22.7,84.8,639,1
0.0,28.9,68.2,236,0
246.2,27.6,97.9,948,0
156.5,26.7,78.9,1006,0
252.2,22.8,67.3,515,0
24.6,22.5,73.7,305,0
42.2,30.8,67.7,1435,1
0.0,35.7,71.6,1161,1
8.8,29.2,55.3,119,0
49.8,24.9,83.1,485,1
0.0,30.0,62.2,1241,1
16.5,24.1,72.4,335,0
6.0,29.1,62.5,128,0
9.9,31.7,80.4,1155,1
0.0,23.7,59.9,338,0
3.8,26.5,65.7,405,1
12.7,30.3,65.5,58,0
0.0,35.6,66.4,1357,1
0.0,31.3,63.1,32,0
0.0,23.7,72.8,257,0
0.0,25.4,73.9,311,0
460.2,23.6,92.2,773,0
11.5,33.0,66.6,86,0
335.6,26.0,97.6,886,0
370.4,30.2,75.0,840,0
373.9,27.9,97.9,734,0
389.7,25.6,84.9,826,0
35.9,32.5,53.4,1286,1
0.0,25.0,55.7,375,1
139.8,28.6,80.1,800,1
0.0,31.2,70.8,1380,1
307.9,22.8,89.4,568,0
206.2,31.1,72.8,962,0
189.7,28.1,79.6,791,0
66.7,22.3,87.2,479,1
0.0,22.4,55.2,207,0
295.2,30.2,75.8,938,0
18.4,31.6,70.6,1416,1
182.0,26.9,78.9,750,0
49.4,34.5,70.6,1319,1
0.0,33.6,70.1,1170,1
47.2,33.4,72.9,1077,1
123.0,28.5,76.9,812,1
117.7,31.1,73.2,1052,1
12.4,23.5,88.3,286,0
182.9,27.1,74.9,519,0
0.0,27.6,68.0,130,0
78.5,22.9,81.1,465,1
0.8,33.1,93.9,1168,1
0.0,28.2,80.3,1284,1
331.9,22.7,68.6,594,0
42.8,30.6,72.7,1272,0
21.7,30.1,81.3,1130,1
3.8,35.9,80.0,1243,1
41.0,27.8,54.4,173,0
141.5,23.3,83.2,618,1
143.4,24.4,80.7,657,1
28.2,31.7,83.4,995,1
290.7,25.2,78.8,927,0
0.0,24.8,72.2,363,1
0.0,26.1,56.7,182,0
9.4,32.0,72.3,1377,1
0.0,29.2,73.8,1117,0
168.9,24.8,82.3,696,0
378.0,27.7,81.2,882,0
112.0,22.0,80.4,624,1
12.7,29.7,77.2,280,0
0.0,26.8,74.1,274,0
103.6,29.8,67.5,868,1
112.8,30.1,65.6,1060,1
367.8,25.0,68.8,628,0
109.3,22.8,65.2,671,1
63.0,27.8,74.4,94,0
0.0,30.1,78.0,1159,1
144.8,28.6,96.0,856,1
0.0,35.3,69.7,1192,1
0.0,28.8,75.4,191,0
46.5,35.5,72.1,1316,1
148.7,32.4,61.9,1069,1
0.0,26.0,81.4,335,0
0.0,29.6,62.5,1329,1
88.5,32.1,78.5,1097,1
125.6,23.6,79.8,629,1
18.6,32.5,53.1,1387,0
36.2,26.3,67.9,100,0
67.0,23.9,90.5,470,1
54.0,24.6,73.9,612,1
12.0,29.6,71.7,270,0
156.0,28.8,87.6,1076,0
1.0,33.8,46.1,1325,1
10.2,32.5,69.5,1073,1
355.7,26.5,84.6,786,0
0.0,32.7,64.3,1319,1
303.1,23.6,76.9,560,0
87.3,28.0,56.4,157,0
191.3,25.5,80.6,522,0
18.0,33.1,59.1,168,0
92.2,26.5,73.5,650,0
335.8,25.7,75.0,687,0
139.6,28.0,94.5,716,1
14.2,25.2,59.8,163,0
0.0,31.2,73.7,1220,1
1.6,24.7,70.3,380,1
146.3,24.9,71.4,803,1
2.5,29.7,59.1,1406,1
337.6,22.0,79.0,626,0
0.0,22.0,75.4,372,1
0.0,31.5,71.1,1249,1
323.6,22.3,72.2,568,0
321.7,25.4,94.5,638,0
131.3,28.5,95.1,896,1
35.7,32.2,75.4,1134,1
274.8,28.0,84.5,927,0
26.7,34.0,61.2,1296,0
0.0,33.0,57.6,1228,1
55.8,32.3,72.0,1187,1
393.2,25.6,81.5,681,0
40.6,30.4,90.4,1055,1
0.0,34.1,85.7,1349,1
423.0,28.3,78.3,747,0
14.2,25.3,71.0,262,0
0.0,27.3,74.7,212,0
141.1,26.2,88.3,783,1
51.1,29.1,80.8,422,1
51.0,23.5,90.3,511,1
0.0,33.9,86.1,1083,1
0.0,33.4,69.1,120,0
57.0,26.6,87.9,251,0
19.4,28.5,76.9,1212,1
113.4,33.8,71.9,1053,1
0.0,29.0,72.9,59,0
83.0,22.8,71.9,478,0
25.5,35.0,76.2,1108,1
219.8,27.4,86.6,968,0
157.4,32.9,75.0,990,0
388.4,24.1,90.0,606,0
0.0,25.3,67.2,72,0
13.7,26.9,63.0,353,0
85.5,27.4,53.7,1261,0
142.0,26.9,70.7,812,1
9.4,24.7,63.7,169,0
369.6,24.5,79.8,666,0
5.6,28.4,81.4,197,0
429.1,26.0,83.1,710,0
394.2,26.4,79.9,727,0
0.0,31.1,66.9,114,0
38.5,29.0,66.1,71,0
308.5,27.6,79.1,882,0
3.9,32.0,66.6,1378,1
178.2,28.7,78.0,989,0
0.0,26.3,71.1,418,1
359.7,27.1,80.7,788,1
343.5,26.6,88.9,687,0
133.7,29.6,75.0,963,1
141.0,28.0,72.8,818,1
7.8,26.5,71.3,316,0
24.4,27.4,74.3,1090,1
0.0,27.9,59.7,1438,1
14.2,24.1,91.9,301,0
120.3,30.6,83.6,1042,1
18.6,33.4,63.6,1429,1
9.0,26.9,64.1,261,0
0.0,31.9,54.9,1405,1
0.0,33.9,55.9,1391,0
0.1,27.9,70.1,331,0
18.7,27.0,72.0,68,0
83.0,26.6,84.5,462,1
338.6,28.2,86.1,844,0
336.1,27.0,89.2,865,0
350.3,23.9,85.7,606,0
7.7,30.6,72.6,1288,1
19.5,32.1,67.5,1292,1
16.7,30.7,59.4,1403,1
3.9,32.5,64.5,24,0
118.5,34.7,72.8,1050,1
148.0,24.4,87.2,688,1
342.9,22.6,76.2,664,0
311.7,25.9,83.7,637,0
0.0,26.0,90.4,464,1
49.9,25.3,91.2,370,1
39.1,28.4,74.0,1351,1
31.6,30.4,79.9,1207,1
0.0,29.3,58.4,79,0
167.9,23.3,79.1,633,0
33.8,29.9,71.3,1306,1
69.5,28.4,97.9,581,1
0.0,26.0,78.4,127,0
23.6,34.3,64.5,1141,1
98.5,25.0,83.7,560,1
20.2,32.0,84.7,1034,1
179.3,29.2,96.0,785,0
78.7,29.5,75.7,1024,0
76.4,30.2,64.4,1433,1
151.4,25.1,79.8,473,0
106.7,22.0,73.0,542,1
46.3,35.2,67.2,1302,0
405.6,26.2,90.2,762,0
0.0,30.1,67.2,1215,1
162.9,26.3,91.8,454,0
12.4,27.1,72.0,188,0
0.0,25.5,56.9,214,0
14.8,27.9,65.5,258,0
59.5,25.3,49.6,42,0
200.1,30.8,78.6,1005,0
15.5,31.7,57.8,93,0
32.4,22.5,78.0,458,1
10.6,22.0,73.3,369,1
317.1,28.8,86.9,849,0
0.0,24.6,81.3,259,0
0.0,33.5,75.6,60,0
5.0,23.5,88.1,365,1
74.8,23.7,76.7,472,1
0.0,25.6,72.6,405,1
24.8,22.0,68.9,418,1
141.3,27.1,79.7,781,1
26.6,34.2,73.4,1237,1
77.4,30.7,67.2,1052,1
2.9,22.9,69.4,302,0
14.2,26.1,57.8,215,0
265.3,22.0,82.3,552,0
121.1,30.2,69.4,1054,1
70.5,27.4,73.6,674,1
234.1,27.8,81.1,944,0
17.2,25.9,62.6,381,0
0.0,22.2,74.5,342,0
0.0,29.8,65.9,243,0
42.9,30.3,67.2,136,0
412.3,24.2,69.7,664,0
418.3,25.4,94.3,860,0
285.1,23.1,72.8,596,0
0.0,32.4,86.7,1163,1
0.3,33.6,71.5,1110,1
255.1,24.8,92.5,939,0
132.2,26.9,91.3,652,1
3.6,24.7,74.0,475,1
36.6,25.7,71.9,149,0
27.3,26.4,63.8,1361,1
0.0,24.8,73.2,366,1
0.0,31.9,72.3,1368,1
11.7,23.3,62.6,419,1
394.5,28.8,79.9,786,0
0.0,33.1,69.0,86,0
115.1,23.3,89.3,563,1
17.1,30.0,76.4,1098,0
98.0,27.4,74.6,520,1
163.7,28.6,85.9,955,0
7.5,32.8,72.4,1113,1
66.3,29.6,95.2,1041,1
168.1,26.3,81.5,531,0
150.8,26.5,68.9,950,0
448.3,26.3,81.1,746,0
112.1,24.7,74.9,545,1
13.8,31.5,61.3,1149,1
389.2,25.7,75.1,824,0
377.4,28.8,83.3,690,0
0.0,33.1,68.3,1104,1
14.3,22.8,77.2,361,1
61.6,27.7,68.5,1329,1
143.7,31.0,81.9,849,1
104.1,27.2,81.8,925,1
90.6,24.3,92.1,424,1
128.0,24.3,94.1,561,1
35.4,27.5,69.4,183,0
16.0,28.1,76.5,1134,1
0.0,30.8,79.1,1113,1
52.6,32.0,73.2,1206,1
371.4,27.9,87.0,889,0
381.0,28.4,72.2,796,0
0.0,30.3,65.4,10,0
99.7,29.9,88.0,952,1
308.7,22.9,80.4,589,0
0.0,34.9,68.1,1087,1
16.8,31.3,67.0,1287,1
18.1,28.7,66.9,179,0
13.6,26.2,58.8,283,0
165.1,24.9,75.6,535,0
0.0,33.2,83.3,1052,1
413.7,22.9,86.9,651,0
286.8,30.7,84.3,924,0
65.3,30.5,77.6,80,0
413.5,25.5,85.9,671,0
3.9,32.3,69.1,1318,1
9.4,22.9,81.8,325,0
171.0,23.9,83.5,628,0
139.3,22.0,81.5,457,1
400.7,24.6,70.2,694,0
35.4,28.9,69.4,96,0
234.2,22.0,77.2,525,0
148.5,28.6,83.0,883,1
0.0,31.4,77.2,104,0
23.2,30.4,68.0,44,1
260.4,24.1,85.3,568,0
0.0,28.0,61.5,108,0
166.5,25.9,83.1,683,0
0.0,29.4,77.2,1378,1
80.9,22.0,81.1,434,1
0.0,29.2,83.3,245,0
0.0,33.8,61.0,1291,1
42.7,27.8,52.9,43,0
347.8,25.1,81.8,873,0
3.9,25.4,80.2,335,0
130.9,25.3,86.6,679,1
47.0,25.8,67.6,476,1
375.4,25.3,81.1,776,1
17.1,33.8,79.8,1132,1
0.0,29.6,72.8,11,0
336.4,27.0,78.0,634,0
0.0,31.5,82.9,1188,1
57.9,28.3,70.6,37,0
101.7,23.4,72.0,475,1
70.3,27.3,84.9,256,0
91.0,30.7,75.7,986,1
87.9,24.2,74.7,436,1
261.3,22.0,88.9,550,0
0.0,28.9,63.2,114,0
74.4,22.7,92.3,518,1
20.6,29.5,74.4,1381,1
22.3,33.5,69.6,1370,1
12.6,26.5,73.1,121,0
110.2,29.2,73.6,1073,1
11.8,25.2,72.1,388,1
129.3,26.2,72.8,884,1
1.8,30.9,73.0,1223,1
0.0,35.7,85.3,1283,1
9.7,31.5,67.8,1155,1
136.0,32.2,62.5,1050,1
43.3,33.0,72.1,168,0
0.0,31.9,69.0,1362,1
153.0,28.0,89.0,788,0
0.0,31.5,62.6,1406,1
33.4,28.4,51.4,115,0
117.5,27.2,77.1,820,1
0.0,31.5,52.5,1273,1
221.7,22.7,91.0,644,0
77.8,30.7,86.6,924,1
85.8,22.0,75.2,462,1
0.0,24.6,66.2,403,1
99.7,24.0,81.3,621,1
0.0,25.9,52.6,154,0
117.8,31.2,75.6,992,1
363.0,24.9,98.0,806,0
0.0,24.4,74.0,339,0
72.2,25.6,96.6,445,1
0.0,28.0,53.3,1278,0
1.7,28.2,68.5,284,0
114.3,24.1,68.9,458,1
0.0,28.4,60.7,104,0
147.6,25.2,83.6,865,1
196.5,25.4,81.0,665,0
110.5,30.0,71.2,962,1
24.2,31.1,60.7,5,0
150.8,27.1,75.9,867,0
145.0,25.0,87.0,782,1
44.7,32.5,79.7,1152,1
13.3,30.7,77.5,1272,1
258.7,30.0,83.4,956,0
195.5,22.0,79.7,492,0
0.0,31.6,52.8,0,0
75.8,33.0,79.3,999,1
436.5,25.7,86.8,756,0
2.4,34.7,67.4,1230,1
0.0,33.5,60.6,1251,1
34.8,26.7,76.1,256,1
151.4,24.1,75.5,548,0
0.0,24.1,79.5,344,0
47.8,33.2,71.8,1436,1
28.9,33.5,58.0,1092,1
383.4,23.9,91.7,756,0
37.7,30.2,63.4,13,0
0.0,30.2,59.2,1150,1
332.0,29.0,78.8,864,1
353.5,28.5,92.5,810,0
12.1,22.0,77.6,477,1
308.4,24.0,76.9,553,0
199.6,24.8,80.8,536,0
46.7,30.2,78.9,966,1
62.3,27.6,70.3,503,1
0.0,24.9,56.5,168,0
353.9,27.2,85.3,635,0
222.7,23.4,89.7,701,0
289.0,22.0,78.8,581,0
208.2,30.6,81.9,1006,1
246.2,29.7,73.8,1011,0
330.1,24.7,98.0,643,0
49.8,32.9,67.8,1300,1
0.0,28.1,53.2,182,0
0.0,23.5,66.8,406,1
0.0,33.6,67.5,1243,1
151.3,22.9,92.9,805,0
0.0,24.3,80.2,406,1
12.3,33.1,60.1,1405,1
90.8,24.7,65.0,420,0
9.6,30.1,63.2,14,0
0.0,30.1,59.9,1390,1
23.6,32.6,66.3,1296,1
36.0,26.4,67.4,186,0
393.0,26.4,86.8,671,0
24.4,29.8,64.2,1431,1
0.0,31.1,49.0,176,0
205.5,27.1,87.0,757,0
9.5,35.5,75.9,1193,1
0.0,24.4,67.7,302,0
175.0,27.0,72.5,641,0
25.4,28.9,70.6,1377,1
56.7,28.4,65.7,232,1
52.8,31.6,65.8,1165,1
153.4,29.3,82.9,953,0
14.2,26.0,83.4,389,1
30.7,33.4,63.9,1291,1
314.1,26.2,81.6,635,0
0.0,31.5,62.7,1424,1
89.6,31.1,55.0,50,0
0.0,24.1,74.2,396,1
163.9,23.9,97.7,714,0
0.0,24.9,60.8,418,0
30.3,27.2,64.5,1373,0
6.0,25.4,81.4,377,1
149.6,25.9,72.7,540,1
283.3,30.3,83.6,952,0
64.6,22.9,84.6,440,1
91.0,22.0,67.9,507,1
71.3,25.3,92.4,527,1
0.0,27.5,64.4,75,0
438.3,23.4,81.5,767,0
178.7,27.9,72.8,747,0
32.3,28.8,61.1,1341,1
38.8,31.1,52.4,1338,1
0.0,30.5,51.1,227,0
0.8,29.5,66.7,1380,1
376.1,23.0,85.6,690,0
110.9,31.0,66.6,1011,1
11.7,29.7,66.9,111,0
405.5,22.7,74.5,761,0
9.8,30.9,78.8,1053,1
163.3,30.4,87.7,885,0
67.1,26.9,60.6,459,1
155.4,27.5,83.3,845,0
11.1,31.0,70.0,27,0
37.0,32.9,63.1,1142,1
111.7,26.2,79.2,570,1
429.0,25.0,91.1,675,0
24.3,28.6,67.0,256,0
162.1,22.5,88.2,523,0
0.0,33.0,77.7,1346,0
113.3,22.1,88.5,470,1
261.9,25.5,77.8,923,0
186.9,28.2,76.1,799,0
340.7,31.9,89.8,751,0
24.4,32.1,65.1,1354,1
22.9,31.6,69.1,1212,1
340.4,28.5,98.0,767,0
7.1,25.1,68.7,282,0
269.8,25.5,76.3,919,0
181.1,26.4,57.7,658,0
0.0,35.0,59.1,1307,1
25.5,26.3,67.5,291,0
189.9,26.6,92.2,721,0
334.6,23.3,94.7,603,0
38.9,31.1,75.7,1106,0
0.0,28.4,63.0,179,0
386.4,28.1,79.4,864,0
78.1,24.6,77.9,363,1
27.9,22.0,68.7,419,1
20.3,25.5,79.3,331,0
0.0,25.3,75.6,136,0
215.7,27.0,94.8,720,0
26.6,26.7,63.3,392,1
0.0,27.1,72.8,269,0
50.0,29.2,64.6,1324,1
106.8,29.2,63.5,1073,1
30.2,31.7,67.4,1271,1
29.1,25.8,74.5,457,1
51.8,32.0,76.3,991,1
0.0,32.6,85.3,1177,1
0.0,28.1,52.8,56,0
169.9,29.3,84.1,796,0
191.1,29.9,81.5,1017,0
259.1,23.3,60.9,593,0
357.8,24.2,85.1,704,0
320.8,26.0,83.9,939,1
150.9,29.2,91.3,811,0
54.4,28.8,59.8,923,1
103.3,22.8,77.1,431,1
0.0,32.7,62.4,1366,1
119.3,25.7,84.9,570,1
183.0,26.5,82.7,978,0
142.1,33.9,79.6,1048,1
0.0,36.3,73.4,1160,1
106.8,29.2,81.5,925,1
70.5,30.5,81.0,1011,1
127.3,33.8,67.3,927,1
11.8,29.3,98.0,1096,1
0.0,29.8,70.6,1388,1
6.3,32.0,78.7,1400,1
95.9,26.4,77.6,469,1
26.3,25.2,76.8,359,0
0.0,23.5,59.5,333,0
0.0,34.6,83.3,1210,1
194.1,24.0,90.8,534,0
51.4,27.0,60.3,199,0
421.6,27.0,79.8,708,0
398.1,28.2,83.2,712,0
0.0,31.9,69.5,1369,1
201.7,31.0,78.3,1006,0
402.8,30.1,89.2,878,0
195.5,23.5,82.0,495,0
3.9,23.4,77.2,416,1
118.7,23.4,82.3,568,1
257.3,27.2,93.1,900,0
362.1,23.0,91.4,719,0
0.0,29.0,72.1,377,1
94.6,29.0,84.9,1078,0
151.8,28.5,76.7,861,0
8.7,25.0,68.1,307,0
401.6,27.3,91.7,666,0
203.4,24.8,88.2,624,0
78.5,34.6,74.5,1169,1
7.3,27.7,70.1,153,1
30.2,29.5,78.5,103,0
23.2,26.7,72.0,347,0
34.6,31.2,65.4,1420,1
36.0,32.9,78.9,1311,1
0.0,26.6,61.6,250,0
163.0,28.0,73.9,1034,0
328.8,30.6,87.5,934,0
132.5,26.5,72.6,442,1
30.4,31.6,72.8,1192,1
13.9,31.5,58.5,1304,1
144.7,25.1,85.8,620,1
306.5,28.0,69.4,567,0
12.8,30.3,54.8,1392,1
397.7,26.4,87.1,693,0
1.5,31.7,77.0,1237,1
0.0,26.4,72.7,305,0
57.5,29.3,83.5,1183,1
8.6,29.6,73.3,243,0
0.0,32.2,61.9,1324,1
208.7,23.4,90.7,534,0
80.7,28.5,86.5,939,1
32.4,32.4,71.8,1265,1
158.7,31.0,95.9,800,0
0.0,35.0,65.0,1287,1
94.4,23.6,82.9,422,1
0.0,32.1,68.5,1162,1
58.5,31.8,75.0,1087,1
164.3,23.1,76.3,798,0
58.1,24.1,77.3,412,1
0.0,26.4,76.1,250,1
59.1,29.0,77.0,1069,1
29.7,32.5,68.1,69,0
157.3,22.3,65.9,657,1
0.0,29.8,71.5,1287,1
54.4,25.5,67.1,439,1
75.6,30.6,73.3,43,0
0.0,31.0,75.4,1311,1
234.7,27.2,77.6,687,1
0.0,29.5,61.0,88,0
148.9,34.5,88.6,1027,1
21.5,22.0,85.7,378,0
102.9,29.0,83.6,1012,1
0.0,35.2,63.8,1307,1
0.0,32.4,51.7,1378,1
378.6,26.8,90.6,800,0
9.8,30.0,60.6,1397,1
0.0,25.2,80.2,368,1
0.0,29.6,74.5,1263,0
0.0,25.1,64.6,160,0
0.0,26.3,74.1,324,0
19.1,33.6,82.9,1173,1
0.0,30.9,63.5,68,1
47.0,29.1,75.4,968,0
158.8,24.2,87.9,677,0
89.1,25.2,83.0,670,1
199.8,28.0,81.0,972,0
115.5,25.5,90.3,577,1
26.0,27.4,57.1,128,0
12.0,31.7,77.0,1155,1
65.2,30.5,72.6,1023,1
394.4,27.0,82.4,753,0
174.1,25.7,85.0,666,0
92.5,33.8,79.0,974,1
0.0,26.2,54.5,236,0
13.7,35.0,77.4,1357,1
310.3,22.0,91.1,550,0
109.3,25.5,82.5,631,1
0.0,22.0,79.9,326,1
58.2,23.1,69.2,329,0
209.5,22.1,72.1,531,0
332.7,25.9,84.1,856,0
0.0,27.8,56.0,95,0
4.7,31.4,72.8,198,0
32.3,24.2,64.4,246,0
34.7,26.8,67.2,1002,1
29.4,25.1,48.6,464,1
91.0,24.6,76.6,478,1
27.8,36.3,70.5,1317,1
176.7,25.1,95.4,680,0
20.7,27.4,56.1,1227,1
112.8,23.3,85.7,422,1
0.0,30.6,71.1,1093,1
0.0,25.5,65.8,121,0
127.7,29.7,77.6,1048,0
0.0,31.7,69.9,1217,1
8.5,31.3,58.7,1116,1
4.6,28.7,80.7,1124,1
412.2,29.2,90.3,884,0
0.0,28.4,80.1,323,0
317.9,29.6,86.0,955,0
62.6,26.3,75.9,465,1
279.3,29.4,70.3,911,0
66.2,28.7,81.2,1072,1
0.0,32.4,72.7,1184,0
140.1,28.0,82.1,931,1
309.7,22.3,87.2,617,0
25.1,24.4,74.6,372,1
120.3,31.6,76.4,963,1
202.9,29.3,70.6,982,0
182.0,29.1,84.6,713,0
164.2,27.9,96.8,729,0
300.0,23.0,73.2,594,0
44.8,23.4,83.0,364,1
339.8,31.3,90.4,829,0
0.0,30.8,52.6,1359,1
40.5,30.7,69.9,13,0
243.1,30.8,80.1,1019,0
0.0,23.5,67.3,213,0
48.9,28.6,86.0,1227,1
0.0,27.7,77.5,247,0
26.6,29.8,65.0,1155,1
8.8,30.9,70.5,1410,1
0.0,28.4,59.0,1326,1
0.0,23.9,68.0,362,1
263.8,24.6,83.4,568,0
73.9,25.9,89.4,995,1
59.6,24.6,63.1,398,0
27.7,30.2,61.0,3,0
43.0,23.6,84.4,368,1
0.0,28.6,57.8,1434,1
353.3,23.8,83.9,616,0
167.9,23.2,77.5,528,0
378.0,29.0,94.9,679,0
0.0,27.8,68.9,133,0
15.5,26.0,65.5,225,0
0.0,26.7,61.2,208,0
134.9,26.8,98.0,776,1
20.8,32.2,65.7,1332,1
0.0,32.4,73.2,1115,1
261.8,25.3,86.1,584,0
0.0,23.1,75.8,292,0
0.0,25.6,63.8,376,1
24.5,31.2,63.8,1426,1
125.7,27.8,73.5,949,1
0.0,30.2,60.5,42,0
133.1,25.0,94.8,663,1
0.0,29.0,74.6,119,0
0.0,24.9,79.7,379,1
350.1,22.0,72.4,610,0
373.6,26.5,86.5,761,0
73.0,30.3,60.7,81,0
18.7,25.0,82.9,404,1
345.4,26.5,79.2,893,1
141.1,22.8,77.0,607,1
0.0,29.4,68.2,87,0
0.0,26.1,84.7,404,1
42.5,29.6,76.5,220,0
395.5,26.1,94.1,629,0
0.0,30.1,75.8,92,0
127.2,24.0,95.1,932,1
41.4,23.3,76.4,406,1
149.7,26.6,81.4,773,1
49.2,24.6,63.4,275,0
223.0,28.1,89.6,986,0
14.8,29.9,68.6,1219,1
147.2,28.7,77.4,692,0
2.8,28.9,79.2,1104,1
0.0,24.1,63.4,403,0
9.3,23.7,63.8,342,0
111.1,22.4,79.3,438,1
387.0,26.8,92.1,766,0
0.0,27.6,67.4,260,0
0.0,26.7,63.5,101,0
49.5,24.1,86.3,512,1
312.8,24.3,90.3,655,0
0.0,29.9,48.7,1382,1
25.7,23.3,84.3,313,0
0.0,26.8,72.4,374,1
0.0,22.5,69.0,392,1
21.2,28.9,71.3,1121,1
0.0,27.4,61.5,321,0
104.7,24.9,98.0,600,1
370.7,22.2,73.2,630,0
0.0,24.4,63.0,406,1
5.9,27.8,63.2,94,0
0.0,34.4,64.0,1132,1
14.7,26.5,68.9,199,0
27.9,26.2,85.5,331,0
76.3,30.0,81.3,1014,1
0.0,28.9,72.7,293,0
8.9,24.9,72.7,371,1
189.8,26.3,71.7,530,0
29.0,31.1,62.7,15,0
0.0,28.9,73.4,58,0
0.0,31.5,85.9,1087,1
0.0,24.7,72.7,355,1
127.0,29.7,84.6,1033,1
319.6,22.0,75.9,557,0
331.8,27.3,78.7,654,0
1.5,25.9,52.2,29,0
0.0,32.7,73.9,32,0
378.6,23.3,80.4,753,0
21.6,27.1,59.4,295,0
0.0,30.7,76.4,1183,1
16.1,26.7,75.7,48,0
6.9,34.2,69.4,1173,1
24.5,23.2,52.2,179,0
91.8,32.4,75.0,1068,1
112.6,24.3,81.9,532,0
442.6,29.1,89.4,786,0
29.0,31.3,86.2,965,1
1.5,32.7,66.9,1325,1
151.8,28.8,82.6,801,0
0.0,28.6,73.4,187,0
20.4,26.9,59.4,276,0
36.5,31.3,62.2,1214,1
140.8,29.5,74.2,985,0
0.0,32.1,64.4,1298,1
53.0,28.5,54.3,62,0
0.0,35.8,74.1,1376,1
3.4,31.7,58.2,1269,1
0.0,23.7,48.5,242,1
4.9,26.7,75.8,209,0
43.2,25.3,72.1,225,0
17.5,29.1,71.9,321,0
12.2,32.1,76.2,1142,1
0.0,33.3,70.9,1200,1
422.3,27.0,94.3,752,0
0.7,33.8,61.8,1278,1
0.0,26.5,83.9,275,1
25.6,30.7,73.9,1353,1
0.0,31.6,61.5,1376,1
16.8,22.1,68.9,390,1
37.8,31.6,73.6,1182,1
6.5,33.6,56.0,23,0
373.7,28.4,83.0,791,0
0.0,30.6,76.1,1392,0
12.5,31.0,69.4,195,0
187.0,28.8,96.8,975,0
71.3,32.7,63.8,1250,0
112.1,26.4,88.3,834,1
278.9,28.6,77.8,951,0
394.5,27.8,83.0,832,0
117.7,30.2,86.1,919,1
0.0,30.4,59.5,1420,1
37.1,30.2,65.5,1187,1
123.5,27.8,73.9,446,1
30.7,31.0,61.0,1418,1
0.0,25.9,58.3,132,0
0.0,29.4,86.6,1083,1
16.2,34.0,62.6,31,0
0.0,34.0,72.0,104,0
366.4,28.7,89.7,879,0
6.6,30.6,76.1,1293,1
314.8,24.8,71.4,578,0
28.6,30.2,74.8,1062,1
56.2,33.0,73.4,1276,1
398.7,27.7,79.7,803,1
95.6,29.9,91.9,988,1
139.2,25.8,75.2,765,1
10.4,29.6,71.6,27,0
0.0,27.9,66.4,284,0
113.8,25.6,93.4,766,1
380.5,31.1,86.8,801,0
36.2,35.1,58.6,1407,1
0.4,27.2,72.9,172,0
129.7,27.3,69.8,864,0
0.0,31.4,72.2,1120,1
147.2,28.7,76.4,962,1
23.6,29.7,69.8,176,1
65.4,31.4,60.6,912,1
138.3,29.5,86.5,810,1
374.3,24.8,87.6,672,0
364.7,24.7,78.3,700,0
348.3,22.0,81.2,617,0
182.8,28.7,80.3,996,0
26.0,22.3,85.2,462,0
204.6,27.8,62.7,993,0
0.0,31.0,69.5,1216,1
0.0,30.8,70.2,1374,1
40.8,31.8,77.4,1191,1
371.5,27.3,81.9,620,0
15.2,31.4,69.9,95,0
122.3,22.0,81.5,593,1
277.2,25.0,91.1,598,0
436.9,22.9,77.0,649,0
7.9,25.5,67.1,355,0
78.5,29.6,71.6,231,1
67.6,29.9,70.5,1419,0
168.4,23.2,88.7,678,0
132.3,24.6,80.3,611,1
3.8,34.1,63.1,1347,1
0.0,35.5,66.2,1330,1
413.8,24.8,76.2,767,0
21.0,26.3,63.5,276,0
0.0,25.7,84.1,327,0
86.3,27.2,63.7,34,0
0.0,22.2,68.2,343,0
22.9,31.5,73.0,1034,1
0.5,31.1,70.3,1275,1
165.5,22.0,96.9,524,0
1.4,32.2,74.5,1386,1
348.5,28.1,73.2,886,0
116.9,24.2,87.9,422,1
30.2,29.3,68.3,1110,1
0.0,27.4,60.2,1391,1
102.2,27.8,78.3,907,1
28.1,25.3,63.0,324,0
0.0,23.8,82.7,343,0
0.0,29.7,63.3,1309,1
21.6,27.3,49.6,154,0
96.2,24.2,75.3,551,1
0.0,32.8,66.6,54,0
158.2,27.3,70.9,800,0
3.9,24.0,70.1,205,0
184.5,22.0,77.6,714,0
0.0,22.0,81.3,301,0
206.4,25.2,87.3,613,0
343.9,23.1,85.3,705,0
271.2,25.1,69.7,543,0
77.5,33.2,67.3,1036,1
1.7,25.7,70.4,406,1
0.6,24.1,73.2,407,1
143.6,28.2,95.9,604,1
15.8,26.0,70.3,203,1
39.9,30.1,69.3,1188,1
7.3,30.7,76.8,54,0
441.7,27.5,84.3,726,0
0.0,25.7,81.1,1042,1
134.5,26.2,92.4,526,1
13.0,27.6,71.1,1396,0
17.1,26.7,68.9,1391,1
184.0,23.3,84.6,490,0
1.5,29.3,65.8,1370,1
112.3,24.8,80.3,490,1
133.2,24.8,69.4,573,1
0.0,29.7,59.7,106,0
6.5,27.6,72.0,336,1
161.3,27.4,87.4,889,0
0.0,28.7,62.9,148,0
114.4,22.0,98.0,652,1
36.9,27.1,78.7,352,0
0.0,27.0,68.3,167,0
0.0,30.3,53.8,1415,1
310.0,23.9,83.2,626,0
373.9,27.8,87.7,894,0
367.5,25.3,84.3,761,0
25.0,27.5,71.3,1161,1
102.5,26.6,80.8,541,1
57.6,23.9,66.8,346,0
350.3,27.3,73.7,875,0
135.5,30.4,95.1,1067,1
117.3,31.9,69.6,1049,1
0.0,23.5,71.3,418,1
138.2,30.1,85.7,846,0
41.7,34.6,61.1,1076,1
27.6,34.1,90.0,1076,1
30.6,32.4,81.8,1151,1
155.3,22.8,68.0,482,0
8.1,29.6,62.8,1396,1
23.1,28.3,73.0,100,0
119.4,22.4,77.4,451,1
0.0,32.7,80.4,1147,1
16.9,28.6,77.6,82,0
359.7,24.5,77.0,637,0
0.0,23.9,78.7,389,1
0.0,26.1,62.8,314,0
126.0,24.6,78.4,549,1
58.9,25.3,70.6,294,0
127.5,24.2,84.8,658,1
0.0,29.7,58.2,56,0
69.7,30.4,70.1,97,0
28.5,29.3,53.6,1394,1
0.0,29.1,58.0,29,0
0.0,27.7,83.6,1125,1
65.9,26.9,59.0,85,0
0.0,31.5,72.2,1250,1
0.0,31.0,85.5,1184,1
23.5,27.5,66.2,1333,1
1.6,33.1,80.8,1202,1
14.5,29.1,54.5,1415,1
9.5,23.7,63.2,205,0
150.2,25.9,86.4,673,0
39.8,33.5,59.7,1290,1
0.0,27.0,68.7,1153,1
107.1,32.2,78.7,1077,1
0.0,29.6,66.3,39,0
50.7,29.5,62.5,9,0
0.0,28.6,50.7,1388,1
212.2,26.7,79.5,825,0
0.0,26.8,56.7,219,0
7.1,30.5,69.4,282,0
171.2,25.6,83.3,641,0
0.0,30.8,64.3,1397,1
48.6,33.8,58.8,1355,1
400.8,27.8,71.6,755,0
295.2,26.1,93.5,911,0
25.7,32.2,65.5,1429,0
397.7,26.2,82.5,759,0
0.0,29.4,64.8,1382,1
10.3,29.8,57.2,1277,1
0.0,28.7,75.6,66,0
243.5,29.0,76.4,930,1
0.0,27.5,71.5,300,0
432.8,22.5,88.5,810,0
47.7,27.5,70.7,53,1
109.4,30.4,79.8,972,1
300.2,24.3,75.4,628,0
9.0,31.7,79.8,1082,1
0.0,27.1,73.1,148,0
344.4,25.0,93.0,634,0
31.0,22.8,74.3,254,0
219.7,34.2,96.8,980,0
40.4,32.7,69.1,1278,1
0.0,25.5,76.6,387,1
82.5,22.0,91.9,543,1
183.8,23.4,96.5,644,0
46.0,29.0,77.4,132,0
7.8,31.2,71.8,1154,1
112.4,24.7,88.2,590,1
148.3,22.6,90.6,587,1
402.3,24.3,85.2,818,1
172.7,27.4,77.9,691,0
110.8,26.2,75.6,842,1
317.3,26.0,85.1,569,0
107.1,22.5,89.1,597,1
0.0,31.1,71.3,1099,1
0.0,29.2,58.9,1,0
0.0,30.4,61.2,1429,0
327.2,25.7,83.3,564,0
0.0,32.3,71.6,70,0
91.5,29.6,83.0,960,1
0.0,31.1,65.4,1427,1
28.1,24.0,86.1,408,1
0.0,24.7,96.8,407,1
15.7,30.4,72.5,1149,1
91.7,22.0,92.9,496,1
19.1,32.5,62.4,1289,1
12.8,29.5,74.5,94,1
443.8,29.2,78.1,829,0
86.3,30.1,77.2,978,1
69.7,29.9,64.7,45,0
219.1,25.0,64.6,532,0
8.4,33.8,57.8,1196,1
29.6,31.7,63.2,1233,1
5.9,26.3,85.6,1111,1
16.8,24.9,66.0,191,0
113.9,26.3,84.9,462,1
167.4,29.4,71.8,736,0
72.7,29.6,70.8,238,0
268.2,23.1,83.5,485,0
209.8,23.3,72.3,530,0
37.8,33.3,82.8,1272,1
77.4,32.0,67.5,1058,1
419.2,22.0,82.7,681,0
129.5,24.2,98.0,550,1
158.5,24.4,76.0,606,0
17.1,22.2,70.0,404,1
58.4,22.8,81.2,524,1
7.6,25.7,61.8,320,0
0.0,31.0,79.1,1080,1
130.4,30.9,67.8,929,1
151.5,31.5,83.7,858,0
21.0,26.4,86.6,410,1
89.9,29.9,87.2,954,1
36.6,25.7,69.7,286,1
127.3,30.6,79.5,945,1
68.1,28.8,64.3,28,0
24.2,30.4,72.7,1114,1
0.0,23.5,73.2,298,0
0.0,22.0,80.2,412,1
6.5,34.0,76.1,1099,1
0.0,32.4,73.5,1295,0
0.0,27.1,74.1,278,0
51.0,29.7,70.0,960,1
0.0,35.6,49.2,1282,1
85.1,27.7,79.0,450,1
0.0,30.0,61.4,55,0
0.0,29.0,67.0,110,0
95.6,27.6,97.0,874,1
0.0,29.6,70.3,1191,1
95.1,30.0,80.1,1066,1
144.8,23.9,76.9,644,1
248.3,22.0,86.0,561,0
0.0,26.3,59.1,1425,1
0.0,30.7,73.3,1386,0
6.6,28.6,68.9,212,0
36.9,24.5,68.8,284,0
0.0,30.5,54.8,215,1
140.6,25.4,74.0,763,1
432.5,24.3,89.6,726,0
97.1,28.0,86.9,1046,1
0.0,31.0,67.3,1381,1
13.4,25.0,63.5,76,0
99.8,27.5,82.5,900,1
0.0,30.1,63.9,57,0
9.2,28.7,69.4,1125,1
38.6,23.0,69.2,509,1
0.0,28.0,55.6,141,0
0.0,22.1,69.5,387,1
134.5,25.4,82.8,592,1
42.8,31.9,54.4,32,0
268.6,22.1,81.5,565,0
26.5,31.6,64.0,1234,1
121.5,23.8,66.6,490,0
139.7,28.7,78.5,846,1
365.5,27.4,85.6,867,0
59.4,26.6,61.3,144,0
0.0,23.9,81.8,280,0
72.8,25.7,85.0,510,1
57.4,30.7,76.4,1313,1
51.8,22.4,98.0,482,1
6.5,33.6,61.8,1352,1
0.0,24.8,63.5,410,0
43.1,28.8,59.1,1437,1
0.0,31.1,66.9,1353,1
152.5,23.2,87.8,718,0
48.6,22.0,81.5,500,1
0.0,24.1,68.8,355,1
0.0,31.1,69.6,1356,1
4.5,27.8,74.5,108,0
94.5,25.1,74.0,498,1
200.5,31.3,72.6,1019,0
16.0,28.6,80.7,36,0
0.0,31.1,66.0,1134,1
36.4,24.2,79.2,320,0
24.8,24.0,68.4,253,0
6.0,29.3,77.2,69,0
86.2,22.0,77.7,532,1
140.6,25.0,87.8,786,1
62.3,24.6,57.4,208,0
24.8,25.2,62.5,219,0
0.8,29.8,72.0,1207,0
341.2,24.8,78.3,878,0
91.8,23.6,67.3,432,1
0.0,26.2,84.9,225,0
290.2,29.0,81.9,918,0
0.0,32.5,79.2,1210,1
0.0,27.8,83.2,181,0
109.2,27.4,77.9,948,0
1.5,32.0,67.2,1265,1
391.6,24.6,85.3,688,0
283.8,28.8,85.8,940,0
12.2,30.5,83.9,1130,1
37.4,22.5,85.4,424,1
30.4,24.7,78.2,340,0
302.6,23.2,79.5,569,0
69.9,26.6,69.9,296,0
62.5,32.7,67.6,1058,1
260.5,22.3,87.8,575,0
278.1,23.1,98.0,566,0
0.0,29.2,77.1,409,1
103.8,27.2,88.8,1037,1
34.4,26.8,71.7,51,0
0.0,26.6,70.6,408,1
0.0,35.8,62.9,1235,1
18.8,32.9,55.9,59,0
322.0,28.6,84.6,898,0
0.0,26.1,72.4,233,1
13.4,31.3,77.3,1155,1
59.4,24.9,73.0,593,1
0.0,33.3,76.2,1374,1
225.7,25.1,75.6,484,0
0.0,25.0,66.3,68,0
101.7,24.6,79.5,813,1
70.1,29.6,72.6,933,1
0.0,27.2,54.9,35,0
59.2,25.2,71.0,90,0
3.6,26.3,74.9,411,1
93.0,24.7,73.3,559,1
0.0,35.0,63.0,1276,1
70.9,33.8,83.8,1159,1
22.6,28.8,72.1,27,0
396.1,26.5,89.9,740,0
37.8,28.4,81.9,56,1
16.1,22.8,82.0,258,0
267.8,31.4,82.4,902,0
328.2,27.6,79.3,869,1
182.3,32.7,98.0,964,0
0.0,31.7,76.0,1361,1
316.2,29.6,77.7,905,0
384.5,27.2,74.3,722,0
387.0,24.2,65.7,648,0
55.1,29.5,69.8,1001,1
182.0,30.5,76.2,983,0
0.0,31.5,76.1,103,0
373.0,27.0,92.9,720,0
368.8,27.0,86.8,829,0
362.9,23.7,88.6,650,0
318.9,23.9,75.8,593,0
13.7,26.3,55.9,171,0
164.3,28.0,78.2,995,0
328.4,27.5,91.6,854,0
62.6,24.0,80.4,520,1
333.9,25.6,87.7,577,0
133.1,22.0,77.9,463,1
36.8,32.0,59.6,1217,0
378.7,26.9,87.3,742,0
65.3,28.9,74.5,1066,1
26.5,25.1,78.7,268,0
0.0,26.7,59.8,350,0
208.7,29.9,92.3,1000,0
150.9,22.0,73.8,621,0
0.0,33.4,70.1,1163,1
313.0,29.2,70.2,944,0
156.2,22.0,88.1,527,0
11.7,27.3,56.4,72,0
24.2,25.7,65.6,272,0
54.7,30.6,73.3,49,0
6.5,29.0,63.9,201,0
44.7,25.2,67.3,214,0
43.1,31.0,72.6,1276,0
71.2,29.8,69.2,141,0
209.7,26.1,81.7,484,0
63.0,31.2,63.3,1284,1
24.5,30.4,63.2,1325,1
340.3,26.2,88.1,712,1
283.7,22.0,79.8,556,0
0.0,29.0,67.4,90,0
392.3,24.5,68.3,616,0
118.2,23.2,81.9,598,1
0.0,32.8,72.2,1292,1
34.5,27.4,77.7,338,0
143.2,28.9,75.9,1073,1
0.0,27.6,67.9,107,0
0.0,30.4,60.5,96,1
119.2,22.0,93.4,587,1
58.8,28.0,79.3,903,1
407.7,29.5,94.9,702,0
55.3,30.4,64.1,13,0
0.0,31.4,60.7,1212,1
96.7,22.0,75.7,446,1
312.7,24.2,74.1,923,0
39.1,33.0,75.4,1046,0
179.0,23.7,76.8,727,0
394.3,28.1,81.8,892,0
5.9,34.5,77.9,1251,0
398.1,24.2,96.1,706,0
87.5,23.2,72.7,469,1
109.5,25.5,87.9,578,0
175.6,29.7,96.8,800,0
0.0,27.7,60.7,290,0
26.3,33.8,63.9,1076,1
34.5,26.8,63.9,1120,1
360.9,28.8,83.3,850,0
0.0,27.7,55.0,330,0
399.0,25.4,92.8,626,0
66.3,31.7,52.1,1241,1
169.0,22.1,83.6,645,0
0.0,30.4,75.0,1187,0
18.6,34.9,77.9,1166,1
19.4,31.9,79.0,1207,1
0.0,29.6,90.7,1052,1
139.3,27.7,80.7,1031,1
119.4,25.1,77.3,574,1
37.0,27.4,66.8,93,0
70.8,23.9,83.2,495,1
400.9,30.4,86.6,815,0
16.0,33.1,71.2,1081,1
288.5,26.8,91.7,551,0
16.3,31.8,63.2,1346,1
0.0,28.4,67.0,235,0
0.0,27.8,65.7,316,0
93.3,25.3,92.1,799,1
0.0,26.9,85.5,200,1
162.3,26.6,93.3,869,0
251.7,27.8,73.5,941,0
31.8,24.2,68.5,379,1
241.7,28.1,67.5,967,0
14.2,30.7,77.4,1097,1
0.0,32.8,78.9,1136,1
110.7,29.8,74.6,977,0
38.2,23.6,68.0,317,0
131.8,26.1,68.4,601,1
115.7,27.2,81.2,911,1
17.0,22.0,72.0,451,1
147.2,26.9,78.2,641,1
0.0,26.2,93.3,367,1
0.0,30.1,70.7,1430,1
0.0,35.7,67.7,1269,1
0.0,30.3,76.8,1090,1
259.0,25.5,78.0,553,0
22.6,22.0,87.8,505,1
0.0,24.9,65.7,226,1
0.0,33.5,57.7,1349,1
378.4,30.8,96.7,895,0
380.8,25.7,78.7,774,0
0.0,33.6,81.8,101,0
0.0,31.7,72.6,63,0
317.1,27.6,87.5,938,0
193.3,23.2,72.3,490,0
408.2,23.2,96.8,743,0
0.0,27.1,85.5,173,0
147.4,24.5,71.9,501,1
132.9,26.1,84.3,722,1
50.0,32.1,62.8,1236,1
0.0,33.9,65.2,1317,1
0.0,29.4,64.0,61,0
103.9,25.5,87.9,431,1
61.2,24.9,68.6,500,1
127.5,29.6,87.8,904,1
0.0,30.9,71.4,66,0
0.0,26.8,65.1,303,0
86.1,29.6,68.1,1302,1
75.4,27.8,73.0,473,1
26.8,26.2,71.0,280,0
171.7,22.1,94.8,515,0
0.0,29.9,58.0,58,0
197.3,24.5,82.4,501,0
72.9,25.3,74.7,568,1
0.0,33.4,72.1,1379,1
0.0,28.5,70.5,188,0
37.9,31.7,71.1,145,0
66.9,24.3,77.8,551,1
366.7,27.7,74.5,887,0
355.0,22.0,70.9,600,0
379.5,28.9,84.7,787,0
0.0,26.4,76.7,332,0
391.5,24.0,87.8,711,0
406.8,26.5,90.9,770,0
211.8,30.0,75.7,963,0
105.1,29.4,81.3,913,1
0.0,27.5,47.6,174,0
31.0,29.3,64.2,88,0
346.3,22.0,97.6,613,0
181.6,23.2,81.5,488,0
0.0,28.6,82.4,128,0
131.2,29.4,81.1,1045,1
46.0,32.6,80.4,1188,1
363.7,32.1,89.4,886,0
405.6,24.7,91.3,821,0
43.0,25.4,68.0,76,0
189.1,32.4,86.8,1000,0
67.7,36.0,63.9,1263,1
71.7,24.9,88.3,479,1
275.5,24.1,94.5,585,0
80.4,29.5,80.7,1022,1
1.9,32.5,72.1,1108,0
93.3,24.1,67.9,444,1
96.4,25.8,80.7,440,1
14.3,24.6,66.2,131,0
0.0,28.7,61.2,173,1
399.2,23.5,76.8,660,0
33.6,33.8,59.5,1260,1
83.7,27.7,80.5,1004,1
0.0,28.2,71.8,225,0
164.0,28.8,84.2,1007,0
369.7,26.1,98.0,786,0
0.0,33.2,80.8,1089,1
127.3,22.4,88.9,494,1
16.1,29.0,70.0,1239,0
429.7,25.3,73.5,670,0
0.0,24.7,66.6,295,0
115.6,22.0,98.0,645,1
0.0,32.6,65.8,1184,1
0.0,28.6,67.0,142,0
0.0,32.2,70.4,1212,1
383.1,29.0,96.0,866,0
413.8,23.0,89.0,820,0
146.7,23.0,88.5,616,1
0.0,32.4,71.2,1189,0
50.3,26.2,59.7,470,1
0.0,27.4,64.8,192,1
196.7,27.5,84.5,671,1
68.3,22.8,79.0,448,1
7.6,23.9,67.0,320,0
75.6,27.3,72.4,859,1
382.3,25.0,90.8,679,0
93.5,25.5,79.5,930,1
295.0,29.0,82.0,907,0
0.0,31.9,56.1,1223,1
8.3,30.6,70.5,1150,1
0.0,30.3,78.1,1178,1
0.0,27.5,70.5,212,0
320.0,25.7,80.4,641,0
383.6,26.3,80.7,734,0
91.7,24.3,78.5,483,1
0.0,26.9,70.8,180,0
367.1,25.2,87.5,691,0
61.5,25.4,84.5,490,1
420.6,29.2,91.6,749,0
107.4,32.0,83.0,936,1
0.0,23.0,86.2,318,0
250.5,22.0,87.4,590,0
143.4,27.1,79.1,755,1
0.0,24.6,77.7,393,1
48.8,31.3,79.3,1086,1
2.8,31.6,71.4,1439,1
0.0,31.0,71.6,1124,1
48.4,26.8,64.4,979,1
123.8,23.7,96.6,772,1
411.1,23.8,84.2,731,0
0.0,33.3,53.2,1231,1
0.0,32.8,63.1,61,0
300.1,23.2,88.0,561,0
0.0,37.1,59.4,1300,1
129.6,22.2,76.3,767,1
225.1,23.0,78.0,519,0
0.0,30.4,65.8,23,0
378.0,22.0,80.0,829,1
116.6,32.1,79.1,930,1
0.0,30.5,78.9,1143,1
102.6,28.1,83.8,863,1
0.0,30.9,53.1,42,0
210.2,26.8,89.5,976,0
0.0,35.7,63.9,1419,1
173.6,26.3,77.7,738,0
338.8,27.3,82.2,879,0
95.0,26.8,71.5,937,1
91.4,29.4,82.1,954,1
8.6,25.9,69.7,93,0
113.8,30.3,75.4,1006,1
350.1,27.3,81.2,632,0
74.6,26.5,72.9,425,1
35.3,30.8,78.2,1199,1
0.0,27.4,64.4,170,0
206.4,26.3,80.0,695,1
3.7,34.2,73.6,1152,1
256.5,32.1,79.8,946,0
403.1,30.2,83.5,788,0
103.8,27.2,75.6,934,1
16.5,33.5,75.0,1233,1
202.8,27.2,76.8,975,0
97.2,23.6,81.3,617,1
77.9,27.7,81.5,977,1
15.0,29.2,90.7,1117,1
6.5,32.3,74.6,1309,0
44.7,28.6,59.6,42,0
163.9,25.7,74.6,691,0
131.3,25.6,86.2,846,1
47.7,31.8,72.9,1042,1
0.0,30.6,64.5,1342,1
165.4,26.4,83.2,825,0
11.0,27.4,64.1,17,0
362.8,28.0,83.3,726,0
161.7,28.3,79.8,881,0
67.0,25.6,57.9,399,1
154.9,25.4,85.1,863,0
0.0,33.2,77.4,1153,1
270.0,24.2,74.5,589,0
348.0,26.0,90.4,784,1
0.0,27.9,74.9,345,0
406.9,27.8,85.6,833,0
0.0,31.7,66.8,1436,1
56.8,27.9,73.8,1281,1
68.1,27.3,89.0,717,0
131.1,25.4,71.0,621,1
19.8,34.3,82.8,1149,1
0.0,30.7,72.4,1285,1
0.0,29.4,57.4,1394,1
22.7,34.7,60.7,1117,1
59.5,31.0,55.7,100,0
62.8,29.0,77.9,1301,1
0.0,31.9,71.5,1194,1
49.3,32.0,71.3,48,0
39.3,24.5,93.8,420,1
413.9,25.9,75.4,793,0
73.7,22.7,70.4,515,1
0.0,29.2,65.2,90,0
50.8,33.5,68.7,1347,1
58.6,24.0,76.1,273,0
0.0,27.2,58.9,1354,1
131.6,23.3,72.3,479,1
278.5,29.9,93.1,938,1
66.5,33.2,71.2,1282,1
68.3,27.0,84.6,945,1
154.7,26.5,81.4,763,0
0.0,30.6,82.9,1158,1
298.8,29.5,92.2,857,0
5.5,29.7,64.8,14,0
0.0,33.5,54.6,1260,1
0.0,28.1,73.9,144,0
26.2,26.2,76.7,325,0
40.1,31.0,68.7,1294,1
401.8,25.5,94.0,836,0
0.0,26.4,71.6,194,0
113.7,32.1,75.2,1023,1
356.3,33.0,91.7,854,0
54.7,26.5,81.8,521,1
113.9,33.9,85.0,1057,1
0.0,27.8,67.5,164,0
258.2,23.1,86.6,578,0
164.5,25.6,91.8,1017,0
25.0,23.3,86.2,413,1
177.4,25.2,79.4,840,0
0.0,31.5,72.4,21,0
376.0,24.1,78.8,610,0
125.8,27.4,86.4,1005,1
5.9,27.1,68.9,277,0
0.0,25.2,62.9,396,1
14.1,29.2,77.3,1130,1
0.0,33.9,73.7,1405,1
362.8,26.5,88.5,890,0
9.4,29.2,59.4,146,0
99.4,27.8,85.8,897,0
0.0,29.3,68.9,252,0
0.0,33.3,72.8,1326,1
169.9,23.0,92.9,667,0
0.0,35.5,62.1,1185,1
3.2,23.5,70.8,290,0
42.7,25.9,59.1,170,0
213.3,27.2,81.6,502,0
60.7,23.9,68.9,505,1
0.0,25.2,74.5,403,1
12.1,29.9,67.6,114,0
0.0,29.3,48.0,1346,1
43.5,35.2,64.2,1328,1
13.2,36.4,58.0,1245,1
117.0,25.3,88.7,937,1
51.4,23.1,64.5,526,0
418.6,27.4,82.2,732,0
33.9,31.2,85.5,1086,1
3.9,30.8,64.0,1150,1
107.8,31.1,74.1,969,0
0.0,26.5,71.8,332,0
0.4,30.3,68.4,218,0
65.3,26.5,46.4,49,0
92.4,28.8,75.5,1074,1
16.2,30.0,80.5,1082,1
188.3,28.8,97.2,520,0
168.4,29.0,78.9,748,0
124.4,24.7,75.2,456,1
0.0,31.3,69.6,1374,1
378.8,26.9,78.5,775,0
363.4,30.3,95.5,884,0
143.4,24.0,83.4,615,1
189.7,25.7,86.4,675,0
162.6,26.3,89.0,823,0
59.4,24.2,54.2,229,0
22.3,26.4,67.2,42,0
62.7,29.4,60.3,1428,1
57.0,26.2,61.0,186,0
0.0,32.3,78.7,1094,1
124.4,24.5,89.0,517,1
311.1,22.0,82.1,545,0
26.8,27.0,80.2,197,0
36.2,30.8,70.5,1158,1
70.7,23.5,66.2,531,1
409.9,26.2,75.7,770,0
373.8,27.7,96.9,661,0
415.7,23.6,97.9,602,1
363.8,28.5,87.6,705,0
65.2,28.2,72.7,1073,1
361.8,23.4,82.2,684,0
111.5,28.8,81.7,935,1
0.0,23.7,70.1,293,0
30.6,29.2,76.9,1188,1
387.3,25.3,87.4,687,0
0.0,29.4,60.5,1237,1
153.1,22.6,74.6,627,0
114.9,23.8,84.3,511,1
47.6,34.2,74.4,1070,1
26.2,27.6,65.7,160,0
2.7,32.1,72.5,1175,1
72.2,27.7,75.7,998,1
175.5,24.9,85.7,815,0
16.7,25.4,70.5,42,0
230.1,28.0,79.0,1013,0
149.8,25.7,88.6,442,1
0.0,24.9,82.5,241,0
20.7,26.3,63.2,249,0
112.0,24.4,83.3,485,1
19.8,29.5,64.4,127,0
15.3,34.8,68.9,1094,1
7.3,32.7,66.0,1364,1
207.7,23.5,62.9,508,0
23.3,33.5,74.2,1287,1
23.2,31.4,84.5,1041,1
62.2,24.6,83.9,933,1
0.0,27.6,72.7,19,0
0.0,28.6,59.8,92,0
435.0,25.8,62.4,794,0
163.4,26.7,80.8,786,0
22.7,25.1,55.3,23,0
270.5,30.7,82.2,925,0
328.5,27.9,95.2,889,0
321.4,30.4,86.0,849,0
348.6,25.2,82.6,674,0
304.6,29.4,91.0,936,0
395.6,24.9,98.0,838,0
50.2,28.4,68.9,1403,1
362.9,28.3,78.5,850,0
8.1,31.5,67.3,1359,1
287.0,24.7,84.9,860,0
57.2,33.3,73.5,1119,1
104.7,24.2,87.9,457,1
0.0,28.0,72.1,74,0
14.5,27.3,56.1,74,0
258.5,25.6,72.0,576,0
0.0,26.6,62.1,164,0
11.7,31.9,58.4,1333,1
182.4,29.7,76.3,1002,0
134.3,23.1,77.6,471,1
0.0,28.9,64.9,1340,1
13.3,29.6,69.3,223,0
171.5,25.0,82.0,799,0
14.4,30.3,58.8,1232,1
119.6,26.8,74.3,542,1
6.4,29.8,56.6,39,0
54.3,27.6,61.6,202,0
28.8,33.0,68.2,43,1
59.3,33.0,76.8,1006,1
166.7,28.9,72.6,982,0
0.0,26.8,74.3,386,1
20.5,28.3,68.7,1354,0
0.0,28.3,74.5,1164,1
326.8,28.1,98.0,871,0
119.7,25.8,80.2,741,1
29.3,30.3,68.3,67,0
19.9,32.5,83.5,1135,0
31.4,32.2,77.9,1430,1
145.8,29.2,83.0,771,1
0.0,34.8,51.0,1417,1
321.4,26.3,81.2,617,0
0.0,31.8,70.8,1287,1
305.7,27.6,98.0,867,0
317.0,24.1,71.0,550,1
72.6,22.9,79.6,491,1
208.7,25.8,74.6,534,1
37.0,33.9,79.7,1141,1
0.0,28.7,60.1,58,0
98.4,29.7,67.7,996,1
342.8,22.0,68.2,719,0
120.7,24.0,84.1,543,1
33.3,26.1,70.6,280,0
69.3,28.6,81.8,1064,1
371.3,26.9,84.7,884,0
10.3,22.9,74.9,346,1
0.0,22.0,78.7,393,1
164.0,33.0,73.3,982,0
10.9,22.0,72.4,312,0
56.2,24.4,81.7,426,1
145.0,27.1,77.0,691,1
0.0,34.8,55.9,1222,1
409.2,24.8,87.4,828,0
190.1,27.7,83.2,667,0
38.5,31.8,77.1,1369,1
160.8,25.3,87.3,586,0
0.0,35.4,65.4,1306,1
0.0,33.1,61.6,1176,1
358.7,26.1,94.4,873,0
0.0,22.0,81.3,407,1
109.6,25.3,90.3,508,1
82.0,25.0,89.8,576,1
84.2,22.5,72.3,562,1
284.9,29.4,85.8,937,0
5.2,22.0,82.6,388,1
23.4,26.7,70.9,283,0
6.5,28.8,63.8,1324,1
0.0,30.4,62.6,171,0
145.0,35.0,71.5,1059,1
139.6,25.1,82.8,610,1
433.1,28.8,73.6,853,0
0.0,33.2,55.4,1255,1
0.0,32.4,68.0,1188,1
0.0,23.8,65.3,281,0
34.8,33.7,83.2,1381,1
173.1,26.1,95.6,694,0
14.8,28.1,66.3,224,0
344.6,30.0,83.4,888,0
203.9,25.9,88.4,538,1
0.0,27.0,74.9,394,1
318.7,25.0,80.6,581,0
29.8,29.7,64.3,1347,1
131.7,26.8,83.8,727,1
59.2,24.1,68.7,451,1
349.6,23.4,93.8,663,0
0.0,34.8,65.8,1304,1
7.2,30.5,75.4,1386,0
0.0,31.9,83.6,1118,1
20.3,28.5,68.8,47,0
282.4,28.9,91.9,926,0
53.9,33.7,66.3,1296,1
215.3,34.1,75.6,1019,0
41.9,27.9,72.4,1036,1
93.2,24.6,84.2,609,1
51.9,24.6,83.2,1023,1
15.0,23.7,78.1,382,1
82.1,31.1,92.9,1033,1
6.7,24.5,81.6,424,1
34.8,28.4,68.0,301,0
0.0,24.1,76.3,405,1
6.5,34.6,73.5,1343,1
2.6,32.4,64.1,1277,1
296.2,23.1,77.0,566,0
317.6,24.9,92.8,623,0
396.4,26.3,91.2,748,0
51.0,24.4,80.3,490,1
2.2,23.1,70.9,407,1
215.1,22.6,77.7,497,0
186.9,28.3,87.4,778,0
47.2,30.1,72.2,167,0
0.0,26.3,74.6,172,0
0.0,29.7,66.4,3,0
39.6,32.8,60.4,1232,1
20.5,33.5,84.0,1153,1
38.4,29.4,74.8,103,0
61.8,30.3,74.1,175,0
321.1,27.8,94.6,881,0
26.2,33.9,71.9,1411,1
0.0,30.3,73.3,359,0
446.9,26.1,76.2,770,0
0.0,32.8,63.8,1203,1
31.4,28.1,61.9,19,0
0.0,31.5,78.6,1160,1
16.6,31.8,87.7,1082,1
45.4,31.4,76.1,24,0
0.0,31.6,66.4,1203,1
0.0,33.4,66.9,1317,1
0.0,28.3,54.5,106,0
334.8,30.0,97.0,850,0
347.8,27.8,73.0,795,0
0.0,32.2,73.6,1138,0
382.9,23.6,94.7,635,0
183.3,27.8,86.8,845,0
0.0,24.4,76.9,330,0
0.0,33.6,74.4,1179,1
104.2,22.0,66.1,492,1
24.8,24.6,73.6,262,0
56.0,34.3,77.3,1191,1
20.5,29.4,60.8,63,0
0.0,27.6,78.4,336,0
65.1,32.5,73.9,1061,1
0.0,33.3,77.3,1356,1
0.0,32.3,74.7,1123,1
233.4,22.7,84.5,512,0
0.0,32.2,72.4,1255,1
0.0,28.3,71.1,1421,1
0.0,24.8,73.3,328,0
356.7,25.9,90.4,816,0
0.0,27.1,71.0,1398,1
448.9,26.9,75.2,770,0
347.4,25.2,88.9,619,0
465.7,27.7,81.0,691,0
28.6,29.0,73.7,1123,1
29.5,33.6,73.0,1134,1
0.0,27.4,66.8,1215,1
0.0,31.2,86.2,1084,1
0.0,34.8,54.4,1428,0
390.7,25.9,63.2,765,0
372.7,25.5,80.2,791,0
0.1,30.7,63.8,1424,1
128.3,32.5,71.1,1040,1
378.5,24.6,77.1,673,0
26.8,27.7,73.5,216,0
238.9,24.9,83.0,561,0
93.4,31.1,98.0,989,1
0.0,29.0,61.6,202,0
162.2,29.1,87.7,664,0
185.9,26.2,89.4,748,0
0.0,27.6,65.6,238,0
326.9,22.0,73.5,569,0
3.3,29.9,65.6,137,0
194.4,30.7,88.1,885,0
7.4,30.4,60.0,109,0
239.6,27.2,78.1,1011,0
2.1,24.4,71.4,300,0
49.4,24.2,71.3,458,1
5.5,26.3,76.7,136,0
96.9,35.1,78.9,1022,1
0.0,32.7,66.3,1301,1
15.5,31.9,71.5,6,0
129.6,30.9,83.3,926,1
7.0,24.8,84.6,387,1
18.2,25.6,59.3,163,0
0.0,33.0,71.2,1373,1
28.1,31.0,67.7,210,0
57.7,23.2,90.7,494,0
0.0,24.9,77.7,294,0
55.4,33.1,77.3,1132,1
388.7,29.8,86.1,887,0
41.1,26.4,76.9,427,1
35.3,24.9,81.5,305,0
31.5,30.5,73.3,1047,1
0.0,26.2,74.5,1083,1
0.0,30.9,70.4,1409,1
119.4,26.9,77.7,882,1
0.0,22.0,66.9,376,1
261.4,27.9,89.3,573,0
0.0,25.7,60.9,359,0
149.0,23.4,92.1,785,1
50.9,30.8,77.3,995,1
88.9,27.7,70.3,514,1
0.0,33.9,85.9,1118,1
22.9,27.9,55.6,278,0
9.4,29.0,75.3,1335,1
0.0,23.4,98.0,361,1
0.0,29.7,88.6,1087,1
0.0,31.9,69.9,1154,1
0.0,26.1,87.3,386,1
0.0,31.7,74.4,1395,1
29.9,27.2,58.7,60,0
8.7,31.1,58.5,1378,1
227.0,31.1,84.1,909,0
373.7,27.0,89.4,726,0
40.3,24.9,85.9,467,0
0.0,23.4,80.4,309,0
2.6,25.5,74.2,311,0
174.8,22.0,76.0,496,0
0.0,25.3,75.2,224,0
329.3,22.0,92.7,611,0
5.4,29.5,71.1,254,0
123.2,33.5,78.5,1005,1
28.1,29.9,68.6,1190,0
0.0,23.0,63.2,391,1
421.7,27.4,77.9,871,0
174.0,30.4,95.2,890,0
365.8,28.2,85.0,805,0
374.0,28.8,80.3,733,1
148.8,27.9,83.4,649,1
181.1,27.0,82.1,745,0
58.1,32.5,71.4,1264,1
18.9,33.6,62.5,1431,1
180.1,26.2,79.6,517,1
97.9,26.3,65.8,589,1
22.6,27.9,60.1,225,0
159.8,32.1,82.5,963,0
199.4,26.4,83.5,807,1
0.0,29.7,70.0,1434,1
132.3,30.2,79.6,1020,1
174.5,29.1,94.9,612,0
204.8,26.9,58.8,942,0
0.0,31.9,64.5,2,0
0.0,28.5,80.1,408,1
103.2,24.9,82.7,589,1
85.2,23.4,77.9,504,1
0.0,29.1,62.8,161,0
39.3,30.9,62.8,1275,1
31.7,29.6,62.8,1340,1
378.7,29.7,77.3,792,0
325.1,30.6,81.5,891,0
0.0,28.4,58.7,103,0
0.0,29.9,74.1,1415,1
169.4,27.4,77.8,787,0
288.6,28.8,94.7,943,0
24.7,22.9,82.6,378,1
53.4,23.9,77.4,226,0
112.5,27.9,77.3,1079,1
18.3,28.4,56.3,1395,1
77.4,23.9,56.4,251,0
18.9,25.6,79.1,319,0
0.0,22.9,74.2,377,1
136.5,26.4,80.1,893,1
0.0,27.5,70.3,11,0
23.9,28.4,86.4,1427,1
0.0,24.4,68.2,204,0
0.0,29.8,73.9,59,0
320.5,26.6,82.4,651,0
137.8,33.8,85.3,1030,1
378.6,27.1,85.5,801,0
29.0,34.0,75.2,1311,1
358.0,23.0,88.6,645,0
288.9,25.3,76.9,573,0
68.5,28.3,68.9,972,1
16.9,27.8,49.9,225,0
0.0,29.2,68.7,1417,1
351.1,26.5,94.5,851,1
316.0,28.9,86.8,938,0
40.1,35.2,81.1,1235,1
146.9,27.7,98.0,747,1
91.2,22.5,84.1,506,1
363.9,22.4,65.8,638,0
353.5,22.9,74.3,612,0
28.0,26.5,67.0,342,0
32.7,30.4,53.9,39,0
64.5,33.2,54.7,1286,0
66.1,24.1,72.1,350,0
395.1,26.7,75.7,750,0
55.4,32.4,61.6,1261,1
13.6,33.4,67.5,1432,1
0.0,35.0,61.0,1277,1
20.5,27.8,70.5,265,0
339.4,30.5,81.5,892,0
40.1,30.8,86.2,1061,1
0.0,30.5,67.2,1170,1
157.0,26.9,73.8,817,0
374.4,27.7,81.1,895,0
30.4,25.6,87.2,261,0
19.5,26.9,80.2,215,0
53.7,28.7,78.5,78,0
64.0,23.6,78.4,373,1
128.1,23.9,83.6,553,1
161.1,30.6,74.0,949,0
293.3,22.4,85.7,568,1
44.1,33.5,66.7,1036,1
108.8,32.2,78.5,1009,1
1.2,32.2,73.2,1249,1
329.2,22.0,80.2,756,0
0.0,25.6,68.5,8,0
0.0,30.2,60.8,0,0
126.9,29.4,62.8,843,1
0.0,33.5,71.1,57,0
0.0,24.4,77.5,306,1
128.5,25.0,80.2,730,1
0.0,27.6,64.3,13,0
0.0,27.2,89.9,281,0
188.9,24.0,85.7,498,0
71.1,29.0,75.1,999,1
120.9,29.1,84.9,902,1
124.7,23.9,82.3,427,1
49.7,31.9,77.4,988,1
320.2,27.1,82.3,889,0
57.0,30.8,51.4,1416,1
26.5,31.7,63.7,51,0
363.1,24.6,74.4,702,1
0.0,24.5,60.5,248,0
0.0,28.3,61.9,1398,1
1.6,23.1,76.2,311,0
24.4,28.7,49.2,26,0
0.0,31.9,62.3,36,0
253.9,22.7,70.4,587,0
336.8,23.7,98.0,597,0
2.3,25.9,54.6,144,1
81.9,30.1,79.3,1004,1
0.0,32.0,65.1,1117,1
370.1,25.2,86.6,647,0
0.0,34.3,59.3,1069,1
0.0,29.0,76.7,76,1
17.6,24.6,98.0,523,1
2.3,29.7,74.5,1438,1
186.6,34.3,81.0,992,1
337.5,28.7,81.5,818,0
35.2,28.7,59.8,193,0
220.7,32.2,69.8,987,0
230.9,31.5,74.9,977,0
109.3,27.4,89.0,714,1
0.0,31.5,68.2,1172,1
77.5,35.4,76.0,1071,0
25.7,24.9,68.4,161,0
180.7,24.0,91.3,614,1
96.3,34.3,92.6,1030,1
0.0,26.6,54.9,215,0
98.5,31.3,95.8,974,1
63.0,29.9,88.6,1072,1
13.2,26.9,76.3,287,0
462.4,26.2,82.0,809,1
272.1,26.5,78.6,597,0
90.5,28.6,92.1,854,1
15.3,26.5,62.1,48,0
86.1,27.4,66.4,922,1
343.2,22.6,82.5,642,0
36.1,34.3,61.5,1369,1
17.9,29.4,80.9,1199,1
0.0,24.6,61.4,347,0
28.0,35.1,84.9,1438,1
0.0,34.4,67.4,1274,1
288.8,27.3,68.4,928,0
0.0,27.3,65.6,70,0
0.0,28.0,68.5,44,0
0.0,31.2,75.3,1397,1
1.2,29.8,65.9,1419,1
222.4,24.5,81.3,510,0
3.6,32.5,68.6,1268,1
377.5,25.3,75.0,681,0
104.3,30.3,80.2,970,1
146.8,28.2,83.4,856,1
29.9,29.9,69.4,1112,1
20.2,29.0,52.8,1270,1
91.8,24.2,79.0,578,1
406.5,23.6,89.5,667,0
183.4,28.9,96.4,830,0
122.0,22.0,78.3,536,1
384.2,25.3,83.8,723,0
0.0,28.3,64.1,155,0
28.2,34.5,72.5,1218,1
411.6,26.2,80.8,803,0
0.0,32.4,74.5,1240,1
262.7,25.4,63.7,588,0
100.1,30.6,86.5,917,1
2.4,25.3,71.5,392,1
0.0,30.6,66.9,225,0
15.6,31.1,59.6,1175,1
0.0,34.9,66.1,1329,1
113.6,25.9,87.9,654,1
288.4,29.5,91.1,913,0
0.0,32.5,72.5,1146,1
0.0,28.8,70.5,191,0
0.8,30.4,72.9,1281,1
70.2,32.2,61.9,1286,1
0.0,31.0,76.7,1367,1
87.1,33.2,69.1,996,1
369.3,24.7,91.5,730,0
314.5,28.5,74.6,635,0
0.0,27.1,55.2,179,0
195.3,22.0,73.3,492,1
43.9,23.4,77.2,331,0
42.4,30.2,59.6,1267,1
0.0,35.3,76.9,1206,1
338.4,22.0,83.9,642,0
130.9,29.7,72.8,942,1
1.7,34.4,73.0,1137,1
0.0,31.5,76.2,256,0
174.4,26.7,95.0,801,0
248.6,30.2,85.9,1005,0
33.7,25.7,74.0,153,1
43.8,26.2,68.0,199,0
109.0,33.4,78.7,952,1
250.4,30.8,80.4,907,0
0.0,34.4,81.4,1221,1
0.0,28.3,61.1,206,0
0.0,33.6,75.4,1113,1
95.2,33.9,83.1,980,1
185.3,25.1,83.2,734,0
10.9,33.3,78.5,1264,1
0.0,30.1,69.3,1357,1
20.0,26.8,67.0,1396,0
0.0,30.5,66.7,7,0
353.3,25.4,93.8,678,0
21.2,26.8,64.8,184,0
309.4,23.3,78.3,622,0
0.0,26.3,73.8,258,0
0.0,29.9,70.2,73,0
85.1,33.9,84.4,969,1
59.1,25.2,59.0,450,1
20.8,26.3,72.3,312,1
0.0,30.5,70.5,1221,1
75.0,22.1,85.6,516,1
182.1,24.0,76.3,758,1
330.5,23.9,88.6,609,0
85.7,29.2,77.1,930,1
93.9,29.5,81.5,942,1
0.0,27.4,76.5,94,0
114.1,22.0,83.7,552,1
153.7,24.3,86.2,689,0
98.5,26.0,82.2,453,1
322.4,23.8,89.3,635,0
85.2,24.0,60.3,574,1
179.5,22.8,91.9,766,0
210.3,30.2,90.1,963,0
0.0,25.4,76.0,414,1
0.0,29.7,50.9,1432,1
37.6,29.9,60.7,123,0
7.3,34.3,63.1,1186,1
159.8,30.2,85.4,725,0
45.8,29.6,76.1,1134,1
32.1,25.1,84.1,387,1
60.8,22.0,91.2,509,1
32.1,32.7,95.3,1106,1
394.9,27.0,79.5,724,0
0.0,28.0,68.0,1303,1
142.7,24.7,77.5,458,1
0.0,31.5,62.5,1294,1
88.2,28.5,79.8,1058,1
0.0,30.9,72.3,1363,1
69.3,33.2,83.8,74,0
12.9,32.0,82.6,1038,1
85.4,29.2,69.0,1049,1
128.3,23.9,73.0,637,1
17.2,26.1,58.5,31,0
152.5,24.8,90.1,819,0
262.8,32.4,82.7,928,0
365.1,26.4,73.3,605,0
41.7,30.9,58.1,25,0
0.0,25.3,83.7,386,1
92.7,31.9,92.4,934,0
169.9,27.6,67.0,807,0
309.4,27.4,85.9,844,0
381.7,26.8,91.5,820,0
39.9,31.5,67.3,1255,1
365.1,24.0,91.9,647,0
128.8,32.4,96.3,953,1
22.4,29.4,83.3,1095,1
209.7,29.0,83.4,1000,0
0.0,22.0,65.4,317,0
375.4,26.6,97.5,612,0
65.7,30.7,72.5,1002,1
195.2,27.5,84.5,504,0
53.9,29.5,72.7,1029,1
65.7,28.4,71.8,988,1
388.7,22.8,95.3,669,0
7.5,32.4,77.5,1325,1
28.7,31.2,59.3,1275,1
0.0,32.5,71.8,1284,1
0.0,25.2,68.9,283,0
122.3,27.4,74.3,603,1
9.1,29.5,60.9,216,0
51.2,27.1,64.8,213,0
0.0,30.1,68.4,138,0
0.0,30.6,81.5,1412,1
0.0,31.4,74.6,1323,0
136.1,25.7,82.1,1003,1
0.0,25.5,74.1,393,1
0.0,27.0,55.0,191,0
0.0,33.2,61.4,1350,1
126.9,27.4,94.1,735,1
151.9,23.7,92.3,661,0
0.0,29.6,54.8,48,0
0.0,31.0,67.7,1257,0
0.0,33.6,64.3,1139,1
37.2,35.1,75.6,1201,1
16.2,33.5,75.6,1175,1
59.8,34.8,66.2,1025,1
405.3,25.6,88.5,659,0
15.6,29.9,79.4,1162,1
0.0,25.2,72.4,158,0
63.1,28.2,78.1,1014,1
360.7,24.3,89.4,706,0
278.8,22.8,89.8,591,0
29.1,24.2,60.5,463,1
110.3,27.6,88.8,876,1
33.0,26.1,55.0,285,1
30.9,31.8,63.9,195,0
5.9,33.8,68.1,1242,1
0.0,32.4,77.0,1183,1
3.6,33.6,74.3,1098,1
0.0,30.4,75.6,1248,1
40.1,25.3,63.9,203,0
102.7,29.8,89.1,897,1
99.7,30.0,83.9,986,0
405.5,25.4,86.5,666,0
36.9,25.7,63.6,149,0
288.7,23.2,80.4,580,0
336.5,27.2,83.3,853,0
354.6,23.2,76.1,597,0
0.0,35.1,64.8,1431,1
22.1,35.7,68.7,1363,1
42.0,33.1,78.0,1034,1
17.5,30.2,56.6,11,0
10.8,26.8,64.2,172,0
0.0,29.9,70.5,1252,1
346.1,25.9,81.2,688,0
0.0,32.5,66.6,22,0
0.0,29.6,62.3,132,0
7.7,28.2,67.7,128,0
0.0,27.3,75.4,263,0
0.0,31.4,72.2,1118,1
34.0,29.4,68.0,29,0
0.0,24.9,77.5,180,0
17.2,26.3,66.6,239,0
57.5,30.6,85.1,969,1
422.9,26.1,80.2,817,0
87.8,28.5,79.6,1077,1
0.0,30.2,62.3,46,0
0.0,32.5,52.9,1274,1
257.6,28.3,93.8,908,0
32.0,28.0,63.5,132,0
12.3,26.4,70.2,1342,1
0.0,33.5,68.1,1232,1
169.9,24.6,71.6,488,0
0.0,34.3,76.4,1322,1
0.0,26.5,73.2,209,0
42.2,33.5,63.1,1208,1
0.0,28.4,76.6,291,0
167.0,24.6,96.6,624,0
0.0,32.7,72.3,1246,1
142.4,24.3,87.6,503,1
0.0,24.8,77.1,151,0
26.2,25.9,66.1,306,0
0.0,28.9,70.1,1415,1
373.1,22.8,72.7,624,0
117.9,25.0,79.4,499,1
109.8,30.6,79.6,856,1
28.4,33.0,62.7,1373,1
42.8,29.2,59.8,155,0
38.4,30.7,58.0,25,0
0.0,33.6,63.4,1158,1
0.0,35.2,54.7,1319,1
0.0,30.3,71.8,1116,1
374.0,25.9,73.4,827,0
225.3,31.5,74.0,962,0
0.0,28.5,60.3,1302,1
167.0,26.8,73.1,836,0
47.5,30.5,82.4,987,1
164.9,25.9,85.3,801,0
140.8,22.0,86.6,706,1
293.6,31.8,82.4,918,0
0.0,28.8,70.0,52,1
333.8,24.9,83.2,775,0
21.5,27.8,85.0,345,0
115.1,24.1,69.1,975,1
129.5,28.2,72.8,715,1
26.1,35.9,49.3,1325,1
0.0,29.7,60.0,1116,1
0.0,24.2,68.7,330,1
0.0,25.5,72.9,412,1
0.0,30.5,72.7,48,0
0.0,32.0,62.6,47,0
41.8,27.0,82.3,273,0
0.0,26.8,74.4,330,0
96.9,35.9,86.2,959,1
85.5,25.8,89.1,910,0
195.2,29.6,81.6,815,1
0.0,33.0,78.4,5,1
184.8,23.8,88.2,746,0
8.4,30.3,85.7,1146,1
245.4,25.1,90.3,588,0
0.0,28.3,69.8,1411,1
277.4,22.9,79.2,547,0
97.5,24.5,79.4,539,1
380.7,24.6,87.7,752,0
20.4,27.5,57.2,176,0
42.9,29.1,59.6,1066,1
16.6,30.0,69.2,1191,1
0.0,30.0,62.7,103,0
72.8,29.8,84.1,974,1
3.3,31.7,85.8,1134,1
4.6,32.9,66.2,1346,1
398.8,26.4,75.4,749,0
462.8,25.3,85.1,741,0
17.9,28.2,66.3,46,0
28.0,29.9,63.6,88,1
13.4,34.0,57.7,40,0
21.9,32.6,81.2,1427,1
12.4,23.0,76.3,269,0
62.7,26.8,70.4,1381,1
1.9,26.5,51.9,134,0
24.9,22.0,65.2,406,1
68.4,28.3,53.1,1406,1
19.9,27.1,65.6,1266,1
151.5,26.5,94.4,746,0
0.0,29.1,64.8,1340,1
88.7,28.5,75.0,1032,1
19.3,29.5,52.0,1434,1
57.8,30.7,72.4,1216,1
18.1,24.0,71.1,370,1
0.0,27.2,73.8,58,0
0.0,28.0,63.7,249,0
75.5,30.6,78.5,1016,1
1.2,25.0,72.8,452,1
332.7,27.1,80.8,853,0
0.0,34.0,78.0,1176,1
88.4,27.9,58.4,187,0
30.9,29.4,63.8,92,0
0.0,28.0,69.6,246,0
0.0,26.7,69.9,33,0
0.0,26.4,66.9,246,0
52.1,23.8,80.7,306,0
0.0,27.6,49.2,100,0
49.9,31.6,68.7,53,0
8.7,29.7,67.8,215,0
0.0,27.1,82.7,414,1
0.0,31.9,59.7,1266,1
44.1,29.4,78.5,19,0
24.0,32.5,75.9,17,0
130.5,22.2,73.9,464,1
0.0,35.3,75.8,1182,1
133.1,28.3,73.3,940,1
46.7,31.9,74.9,1213,1
177.9,24.9,78.3,759,0
0.0,31.5,68.8,1372,1
23.2,29.0,57.3,1393,1
23.3,30.7,75.8,1340,1
91.7,31.1,82.2,1068,1
25.9,31.7,88.3,1198,1
315.9,22.0,83.5,596,0
404.9,30.1,72.4,686,0
0.0,33.2,67.3,45,0
307.7,22.0,98.0,565,0
203.6,22.8,78.1,506,0
61.4,27.7,70.3,143,0
0.0,32.8,80.1,1084,1
166.0,24.9,69.9,521,0
304.6,22.0,84.1,577,0
45.3,36.1,80.6,1107,1
279.2,28.2,87.9,941,0
0.0,34.4,62.1,1422,0
47.6,29.6,70.2,1077,1
140.0,29.1,78.7,811,1
29.7,28.8,64.4,143,0
0.0,27.3,66.2,65,0
27.3,31.2,54.3,9,0
1.7,31.2,86.0,1065,1
52.2,32.7,72.4,1431,0
16.4,22.4,98.0,482,1
128.1,25.8,87.4,726,1
70.4,30.7,63.9,88,0
3.0,22.0,62.9,393,1
263.0,26.7,69.9,906,0
0.0,32.1,61.7,1216,1
0.0,31.8,64.7,1092,1
355.1,27.8,79.8,897,0
22.2,33.5,61.9,1280,1
356.1,24.3,92.5,630,0
0.0,32.0,69.2,8,0
9.2,32.6,75.1,1244,1
10.2,22.3,62.1,406,1
12.7,32.2,72.7,1152,1
104.4,24.0,64.4,436,1
76.3,22.8,86.8,547,1
0.0,23.0,64.1,248,1
116.4,22.0,69.4,488,1
0.0,28.3,61.5,39,0
0.0,31.2,60.2,107,0
0.0,30.8,80.9,1131,1
349.9,29.4,80.3,809,0
21.3,29.8,72.6,1146,1
75.1,22.7,74.7,556,1
112.5,22.9,75.8,518,1
242.5,23.6,74.0,577,0
0.0,25.7,69.4,304,0
210.3,31.3,84.2,976,0
24.4,27.7,75.0,339,0
0.0,22.6,78.5,237,0
0.0,35.9,61.7,1140,1
42.7,25.9,65.3,135,0
8.4,31.7,61.8,1336,1
0.0,33.4,75.7,1109,1
0.0,32.1,78.5,1050,1
9.4,33.1,58.1,1414,1
1.9,29.0,70.2,224,0
62.9,25.0,76.4,427,1
56.6,31.5,90.8,1007,1
3.6,23.5,58.5,295,0
174.0,24.6,80.3,749,0
0.0,28.1,75.4,38,0
369.7,22.0,86.6,740,0
8.5,25.1,60.6,194,0
0.0,29.8,67.4,1315,1
0.0,29.0,50.1,1413,1
439.6,28.3,89.7,835,0
8.6,26.5,59.4,179,0
33.3,27.7,70.3,266,0
0.0,22.0,76.3,361,1
0.0,28.7,62.7,9,0
0.0,30.7,45.8,1324,1
353.3,27.5,82.1,686,0
85.5,24.7,63.7,603,0
8.5,31.4,77.9,1426,1
115.1,22.0,75.1,432,1
0.0,26.9,65.1,316,0
0.0,31.7,51.2,1280,1
2.5,25.5,70.1,82,0
0.6,32.9,78.4,1112,1
31.1,32.4,70.9,1189,1
36.2,31.2,71.9,1199,1
0.0,30.1,58.7,1394,1
152.5,24.8,78.3,793,0
0.0,32.3,74.7,8,0
327.9,25.6,79.0,583,0
121.1,26.9,84.8,936,1
30.6,27.1,64.8,209,0
127.7,23.1,82.1,628,1
143.8,26.5,98.0,922,1
30.2,35.0,83.3,1173,1
38.9,29.3,70.6,54,0
242.5,27.4,81.3,954,0
2.2,29.1,81.3,1086,1
41.5,31.5,55.8,1252,1
0.0,27.6,67.3,1268,1
215.7,23.7,74.0,529,0
217.1,26.4,85.6,483,0
221.0,25.9,86.4,481,0
210.0,31.0,89.2,1015,0
173.1,30.0,84.1,719,0
413.0,26.5,84.3,746,0
77.0,22.3,82.5,452,1
91.6,30.7,92.3,931,1
51.6,31.1,66.2,1076,1
37.9,30.1,63.7,43,0
0.0,30.6,46.7,44,1
365.6,24.4,92.5,705,0
17.6,28.9,66.8,336,0
121.5,22.0,83.3,506,1
0.0,33.1,55.6,1347,1
5.3,26.3,69.3,242,0
293.8,29.9,77.9,959,0
88.9,30.1,71.4,1078,1
265.8,33.0,87.7,995,0
75.8,32.6,70.4,1068,1
4.0,28.5,74.5,50,0
3.2,33.7,87.5,1122,1
0.0,32.5,63.8,1267,1
16.1,23.0,91.1,463,1
0.0,24.6,73.7,169,1
26.6,27.5,88.1,289,0
0.0,30.0,80.7,1360,1
69.7,25.2,79.1,456,1
0.0,34.4,83.5,1132,1
70.3,29.2,75.7,1068,1
61.6,33.5,88.4,1064,1
14.2,29.7,60.8,1237,0
28.5,33.0,61.5,55,0
155.8,31.6,78.2,861,0
4.8,32.6,74.6,1033,1
33.9,25.4,72.4,374,1
299.2,30.8,82.1,954,0
212.1,28.4,87.3,945,0
141.9,25.3,84.7,843,1
87.2,23.7,76.1,317,0
113.5,28.6,72.2,480,1
0.0,22.2,69.8,371,1
170.9,28.9,81.1,833,0
126.8,24.3,82.9,640,1
34.3,31.3,80.0,1241,1
88.7,32.4,82.6,952,1
39.7,25.4,66.5,359,0
29.9,33.7,72.8,1309,1
302.1,33.8,82.7,916,0
71.9,31.4,70.5,1158,1
143.3,30.0,93.1,935,1
185.2,26.6,90.9,707,0
113.8,29.4,79.6,966,1
23.9,27.0,69.1,248,0
413.9,28.3,82.5,727,0
21.1,25.7,66.6,444,1
0.0,31.1,63.1,1386,0
22.4,22.0,70.0,281,0
172.8,22.3,74.1,667,1
200.5,27.7,71.2,503,1
0.0,26.1,85.0,136,0
0.0,30.3,79.3,131,0
1.6,27.5,59.1,45,0
12.4,29.9,62.0,1290,1
96.9,32.2,81.9,1031,1
35.4,33.9,62.0,1436,1
383.0,26.5,85.3,661,0
180.7,24.7,79.6,491,1
197.6,22.0,76.0,506,0
8.4,26.6,65.6,1065,1
163.9,30.0,71.0,1026,0
19.7,24.8,71.9,417,1
3.4,26.9,62.8,237,0
202.5,30.4,75.0,732,0
193.8,26.9,93.3,1012,0
0.7,30.2,69.3,1415,1
0.0,32.4,63.6,60,0
358.2,28.3,89.8,828,0
12.3,25.8,64.2,154,0
33.0,22.0,88.9,269,0
360.0,26.2,98.0,810,0
0.0,26.0,79.9,136,1
0.0,30.6,74.3,1327,1
23.1,29.1,72.0,362,1
28.5,28.8,62.2,1078,1
182.6,24.7,95.7,729,0
23.9,33.3,62.4,1353,1
0.0,32.5,68.1,1281,1
104.3,27.1,85.5,543,1
162.4,27.6,89.7,751,0
269.7,27.7,84.9,928,0
53.2,25.0,73.8,525,1
46.9,29.3,64.1,70,0
0.0,27.9,63.8,1365,1
8.6,30.3,78.6,252,0
50.9,29.7,65.3,1318,1
175.8,29.8,77.8,963,0
4.4,30.5,67.1,1321,1
28.8,32.1,65.6,1293,1
0.0,27.4,67.9,222,0
78.5,31.2,71.5,981,1
32.8,23.0,71.0,484,1
34.8,34.0,67.8,1148,1
0.0,27.7,68.0,79,1
57.3,29.8,58.3,1400,1
12.8,27.4,79.7,1036,1
16.9,32.5,77.7,1211,1
0.0,34.9,56.1,1287,1
339.3,24.0,76.0,617,0
159.9,29.5,74.1,722,0
104.3,22.0,66.4,424,1
54.9,27.3,46.6,59,0
242.8,32.8,81.5,1012,1
132.1,24.8,77.5,711,1
8.2,25.0,69.5,193,0
0.0,32.5,77.6,1247,1
358.3,26.7,77.3,745,0
60.0,25.9,86.2,498,1
50.5,23.9,84.1,400,1
0.0,28.8,61.0,1336,1
17.9,30.3,49.5,1433,1
20.0,26.0,60.3,278,0
0.0,28.3,89.6,281,1
99.3,27.0,78.0,963,1
219.2,23.2,88.1,521,0
2.3,25.8,72.6,334,0
0.0,34.6,61.0,1103,1
275.5,27.7,86.1,940,0
0.0,30.4,65.0,1212,1
8.4,30.4,81.1,92,0
267.7,22.0,76.1,554,0
118.0,27.9,95.7,914,1
0.0,27.2,83.5,270,0
326.7,28.7,72.1,882,0
143.7,26.4,90.5,747,1
198.1,22.7,82.1,729,0
358.7,23.4,94.3,776,0
399.6,30.7,86.9,846,0
409.4,26.8,86.2,812,0
0.0,23.7,74.2,426,1
329.1,23.0,88.3,604,0
54.8,30.9,66.3,1045,0
23.1,29.9,72.9,1434,1
40.9,28.7,74.6,195,0
120.0,22.0,86.2,599,1
38.0,31.7,57.5,56,0
8.2,29.3,62.3,247,0
429.1,27.2,79.7,741,0
11.8,27.5,57.8,33,0
3.2,33.1,68.8,1359,1
126.7,23.2,73.5,447,0
0.0,27.0,63.3,165,0
44.5,28.3,62.6,155,0
0.0,24.0,65.7,415,1
17.6,26.0,63.6,226,0
0.0,29.4,75.2,126,0
91.4,28.2,90.3,891,1
114.3,22.0,81.5,459,1
0.0,30.0,78.3,178,0
64.5,26.9,70.7,402,1
92.9,32.0,74.8,1047,1
136.2,25.9,91.7,658,1
129.3,24.1,83.4,601,1
204.2,27.6,72.7,968,0
16.6,25.5,62.9,305,0
16.2,27.2,70.2,474,1
0.0,30.5,75.2,57,0
249.8,27.5,83.8,540,0
0.0,34.9,77.5,1082,1
9.8,27.9,66.7,129,0
12.5,26.0,62.3,216,0
369.0,23.7,62.6,643,0
297.1,27.7,70.5,862,0
0.0,28.1,74.9,32,0
66.8,25.1,86.1,488,1
392.1,26.4,96.5,652,0
81.6,27.8,77.1,1092,1
359.5,29.6,90.6,747,0
315.6,28.0,71.8,950,0
4.6,26.4,55.2,186,1
24.9,30.6,73.6,25,0
0.0,30.2,74.7,1155,1
440.7,24.8,85.0,759,0
0.0,28.3,61.0,57,0
0.0,26.0,84.5,265,0
0.0,24.8,63.3,290,0
136.8,27.7,96.7,818,1
9.3,28.8,66.5,1374,1
134.0,27.9,68.6,811,1
30.7,22.0,82.6,455,1
1.7,29.0,67.4,221,0
0.0,26.2,71.5,416,1
10.4,27.6,73.3,1140,1
26.9,33.1,54.3,1128,1
323.8,22.8,85.2,860,0
49.5,29.5,68.7,1272,0
3.0,29.0,82.8,230,0
37.8,30.4,93.7,1105,1
189.7,27.1,77.8,524,0
0.0,33.4,77.9,1208,1
162.4,25.1,95.8,756,0
463.3,25.8,85.4,802,0
0.0,34.5,68.3,1320,1
406.7,26.0,81.7,781,0
6.0,28.1,57.5,1302,1
295.0,22.3,91.0,567,0
77.0,29.3,74.2,935,1
15.8,24.4,67.9,270,0
16.6,36.2,74.8,1360,1
0.0,23.9,61.4,304,0
8.0,27.8,62.9,96,0
392.7,24.0,96.4,744,1
389.4,27.8,73.6,727,0
0.0,30.9,71.5,1113,1
74.0,32.5,67.4,1058,1
13.7,33.8,82.8,1128,0
0.0,30.7,80.5,31,0
118.4,24.8,87.2,477,1
4.5,29.5,70.9,1318,1
94.6,26.0,80.6,910,0
0.0,26.0,71.5,106,0
65.6,24.3,82.8,444,1
0.0,29.8,62.4,302,0
310.1,27.9,73.2,944,0
0.0,33.5,53.8,1369,1
198.4,25.6,85.6,651,0
159.0,30.1,77.8,991,0
24.3,31.0,71.2,1371,1
38.9,30.6,84.9,1114,0
125.0,23.6,86.4,631,1
87.0,25.3,76.9,453,1
39.4,33.6,78.2,1296,1
8.3,26.1,55.7,231,0
97.4,23.7,84.2,604,1
105.8,23.0,75.9,464,1
163.3,26.0,78.8,507,0
0.0,30.8,61.2,87,0
314.3,32.0,92.5,907,0
49.0,23.5,58.5,326,0
8.8,30.8,75.4,1215,1
42.0,35.3,61.9,1217,1
0.0,34.1,58.7,1104,1
92.4,22.2,81.1,477,1
132.9,25.2,88.8,827,1
0.0,31.3,76.3,1380,1
269.0,31.5,82.4,907,0
132.1,23.4,92.3,719,1
16.6,26.2,77.1,260,0
41.0,33.0,66.6,1413,1
3.7,30.4,55.1,1403,1
9.3,31.3,80.8,1116,1
62.1,33.7,84.8,1045,1
202.9,23.2,72.8,526,0
60.4,31.6,62.5,73,0
46.3,31.6,58.4,1197,1
353.5,23.0,92.1,688,0
0.0,30.1,57.6,89,0
215.3,22.9,87.1,542,0
16.5,27.7,71.6,6,0
48.4,30.9,72.9,215,0
202.4,26.0,85.5,670,0
166.5,23.4,87.9,511,0
28.8,26.4,67.2,238,0
205.6,27.1,88.3,537,0
61.4,28.4,69.0,311,0
59.2,28.9,74.9,14,0
88.2,24.7,84.0,577,1
257.8,26.2,84.5,837,0
8.9,33.4,68.1,1283,1
122.5,30.1,87.3,1020,1
0.0,22.0,68.9,317,0
71.7,28.8,79.7,1065,1
0.0,33.9,64.5,1195,1
278.5,27.6,78.3,906,0
329.8,29.6,87.9,881,0
296.8,29.8,77.1,940,0
108.9,22.7,85.3,421,0
177.6,25.7,96.7,759,0
38.4,30.2,61.8,1373,1
316.3,23.8,79.3,630,0
0.0,22.0,82.2,392,1
174.6,29.8,82.5,1011,0
75.9,29.7,65.9,1049,1
61.6,32.0,61.3,1290,1
0.0,32.5,67.6,1353,1
0.0,32.7,90.6,1086,1
225.8,24.9,92.7,744,0
342.6,26.7,98.0,855,0
0.0,31.2,66.6,1341,0
14.2,34.1,49.0,1295,1
0.0,30.8,87.9,1312,1
0.0,28.6,57.4,26,0
264.3,26.8,70.7,916,0
39.2,27.0,77.0,243,0
23.5,27.4,77.7,177,0
0.0,29.5,76.4,1354,1
109.1,22.5,85.6,580,1
23.4,32.8,60.0,1101,1
0.0,26.3,72.8,286,0
9.1,23.2,86.0,411,1
177.3,28.1,88.4,814,0
0.0,30.1,66.2,163,0
419.5,27.3,93.3,734,0
400.5,26.4,92.9,771,0
167.5,27.5,78.9,579,0
0.0,31.7,69.2,103,0
20.9,25.3,71.8,320,0
59.4,26.2,79.7,432,0
8.5,28.3,67.6,226,0
410.8,24.1,82.4,670,0
122.8,31.2,77.9,888,0
75.0,27.5,81.0,472,1
27.6,26.9,80.2,415,1
158.9,28.2,80.0,806,0
0.0,33.4,57.6,1350,1
0.0,30.8,74.1,1123,1
366.9,29.2,82.6,811,0
35.0,29.3,76.0,1311,1
151.8,25.3,93.1,749,0
18.3,27.0,60.0,1217,1
0.0,30.8,63.3,15,0
0.0,33.5,77.6,1114,1
27.7,33.3,62.1,58,0
0.0,26.5,79.1,188,0
275.0,24.6,70.1,578,0
19.6,28.0,60.9,170,0
0.0,35.5,72.9,1176,1
247.1,24.7,74.1,530,0
64.6,31.7,63.1,129,0
0.0,27.7,57.8,351,0
0.0,26.7,82.1,311,0
0.0,30.4,71.0,1327,1
189.1,23.0,68.5,662,0
22.5,31.6,74.3,1338,1
29.1,30.2,63.2,58,0
152.6,26.7,79.0,910,0
0.0,33.0,66.5,1387,1
18.1,26.4,66.8,265,1
201.5,25.2,79.8,524,0
295.7,27.5,73.9,597,0
434.5,24.4,82.1,742,0
341.9,23.8,77.9,894,0
365.5,24.0,88.4,669,0
0.0,29.5,69.1,257,0
54.4,26.0,69.4,251,0
40.2,30.4,69.8,1058,1
345.3,24.1,90.1,685,0
44.9,28.0,69.9,130,0
0.0,23.4,84.4,369,1
153.5,29.0,82.7,962,0
0.0,33.6,74.4,1086,1
25.0,36.0,82.5,1023,1
10.0,28.3,59.3,39,0
0.0,29.8,61.9,1387,1
11.2,24.9,65.7,277,0
42.7,32.2,75.3,72,0
0.0,31.5,64.3,11,0
0.0,24.0,75.9,394,1
114.5,23.5,78.6,637,1
356.0,27.7,85.9,653,0
71.3,30.9,77.4,1070,1
164.0,29.9,91.0,1002,0
4.3,24.7,64.4,95,0
10.1,26.1,80.3,406,1
4.5,24.5,67.3,361,1
269.7,24.3,82.7,554,0
22.3,32.1,70.8,1308,1
12.3,33.9,62.5,1233,1
0.0,23.5,68.2,158,0
306.1,22.8,75.9,685,0
19.7,31.9,48.7,167,0
338.7,22.1,85.1,604,0
121.2,23.6,92.7,707,1
52.6,29.5,51.0,204,0
161.6,29.1,88.0,950,0
38.7,32.0,81.3,1173,0
110.3,34.0,61.4,1066,1
0.0,25.8,67.0,183,0
38.1,30.8,58.0,1293,1
0.0,26.7,88.3,326,0
0.0,32.3,70.6,1254,1
165.5,30.1,70.1,881,1
63.7,28.7,72.4,53,0
50.2,28.4,63.2,175,0
10.6,25.9,70.2,268,0
22.9,31.1,59.4,1264,1
46.8,27.4,86.0,977,1
105.9,26.1,88.9,783,1
232.4,22.9,86.2,480,0
11.0,30.5,62.5,169,0
116.6,27.1,77.7,739,1
0.3,28.9,73.1,125,0
157.1,24.2,91.9,619,0
27.5,27.3,50.6,79,0
27.1,31.3,68.1,1425,1
335.5,30.8,85.7,866,0
134.6,24.3,85.1,745,1
3.5,32.4,80.1,1111,1
26.9,31.0,48.3,1269,0
310.0,29.0,95.7,917,0
150.9,30.5,96.4,1060,0
1.1,25.4,77.0,371,0
366.7,25.7,89.1,729,0
33.6,26.0,61.9,203,0
202.5,22.0,85.9,503,0
74.7,24.6,81.9,592,1
98.7,25.2,78.2,530,1
42.4,24.7,73.4,397,0
357.9,27.9,76.3,885,0
146.2,27.1,88.0,444,1
0.0,34.7,88.0,1087,1
116.7,26.7,77.2,654,1
27.6,26.7,73.4,253,0
0.0,29.2,71.8,102,0
319.0,22.0,73.7,570,0
288.0,25.2,77.8,923,0
38.3,34.2,61.6,1335,1
418.9,26.2,94.5,739,0
76.5,30.9,84.9,457,1
140.3,22.8,85.6,526,1
369.9,25.4,80.5,614,0
155.5,26.6,86.4,613,0
0.0,30.2,75.5,1372,1
137.1,28.5,93.7,911,0
324.6,23.7,75.8,573,0
0.0,30.0,48.7,1387,1
96.5,26.0,75.5,678,1
30.5,25.3,68.3,345,0
424.5,22.0,86.8,664,0
260.8,24.4,86.3,595,0
126.7,31.6,77.1,1046,1
113.5,30.7,80.6,1060,1
0.0,30.3,73.2,192,0
97.4,24.7,75.2,511,1
0.0,24.6,71.7,390,1
70.5,32.6,82.0,1060,1
115.7,28.7,80.8,465,1
146.6,24.2,73.1,636,1
0.0,26.6,81.1,361,1
164.6,27.7,81.0,486,0
21.2,23.7,69.3,467,1
18.6,25.7,64.6,130,0
34.3,30.9,78.2,970,1
0.0,31.7,58.2,82,1
404.5,27.4,84.7,870,0
388.4,29.2,86.9,823,0
107.4,29.1,87.5,1064,1
281.0,28.5,69.0,907,0
29.8,31.7,73.4,1195,0
4.2,31.6,64.2,1291,1
0.0,25.2,65.2,227,0
13.4,31.2,88.8,1160,1
45.7,22.0,80.7,330,0
14.2,26.6,81.7,300,0
348.1,24.6,85.8,612,0
115.3,32.3,81.0,970,1
0.0,30.6,56.1,1408,1
0.0,24.4,80.0,123,0
413.4,26.6,77.3,755,0
13.3,30.5,71.3,1274,0
0.0,30.1,63.2,178,0
105.1,28.6,79.3,902,1
176.3,32.0,72.2,895,0
152.2,22.7,85.9,650,0
85.7,31.3,62.9,1048,1
354.5,29.2,64.0,860,0
0.0,25.3,65.4,241,0
304.1,26.4,85.5,905,0
293.9,28.6,72.8,930,1
213.2,26.4,64.2,1013,0
73.1,22.6,94.7,503,1
0.0,31.1,82.6,1359,1
0.0,30.0,71.7,136,0
16.5,32.4,69.3,1144,1
419.5,25.2,89.1,721,0
0.0,30.9,73.1,1317,1
0.0,26.9,70.8,131,1
0.0,26.4,80.9,364,0
0.0,22.2,77.0,341,0
181.9,22.3,77.2,539,0
390.8,22.2,85.1,700,0
352.0,29.2,89.9,859,1
72.8,35.0,73.4,1207,1
15.0,33.0,79.6,1140,1
27.7,29.3,59.4,175,0
70.5,23.1,84.5,545,1
0.0,31.0,58.5,55,0
0.0,30.0,75.6,1133,0
18.0,30.3,69.6,1090,1
2.4,31.4,64.0,1322,1
0.0,31.5,73.7,1350,1
188.7,29.6,89.5,747,1
146.5,26.9,76.7,706,1
42.4,30.2,61.2,42,0
39.6,34.9,81.6,1135,0
0.0,35.6,80.2,1384,1
146.5,29.1,88.8,959,1
6.6,32.2,61.1,1345,1
0.0,29.0,65.0,1335,1
358.3,28.3,86.4,892,1
235.2,27.7,84.7,930,0
122.4,22.0,85.2,627,1
13.6,32.8,58.3,1386,1
0.0,25.4,68.9,337,0
378.8,22.8,85.7,608,0
0.0,24.3,63.0,158,0
350.1,26.8,91.5,874,0
0.0,28.7,50.8,42,0
0.0,24.3,85.2,386,1
13.8,26.5,81.8,11,0
89.5,30.9,83.0,1012,1
142.0,25.3,74.0,504,1
0.0,28.9,79.1,1362,1
386.4,22.6,82.5,748,0
383.3,26.6,77.4,630,0
82.9,31.6,74.9,1197,1
0.0,26.5,81.8,333,1
58.1,30.2,80.5,32,0
34.8,24.4,70.2,386,1
368.9,27.2,85.7,715,0
65.3,33.5,68.8,1315,1
23.9,32.6,68.7,1141,1
0.0,32.4,68.4,1333,1
0.0,30.6,79.5,1092,1
83.1,31.1,82.5,983,1
2.9,30.1,60.4,184,0
67.6,30.0,66.9,153,0
0.0,26.3,56.0,54,0
76.9,31.7,64.9,1042,1
0.0,33.1,69.8,1218,1
218.3,30.3,87.3,869,0
69.0,26.6,77.8,468,1
40.7,31.0,62.6,42,0
0.0,29.4,74.9,1155,1
167.5,26.7,98.0,831,0
12.7,25.4,69.8,229,0
0.0,23.7,87.5,291,0
25.2,34.3,65.0,1359,1
376.0,25.1,84.1,753,0
0.0,34.8,67.4,1428,0
337.1,27.2,64.3,850,0
0.0,23.7,73.6,313,0
17.7,31.2,57.0,47,0
0.0,31.3,72.1,1366,1
46.9,32.0,70.4,1094,1
150.4,24.9,79.8,754,0
12.3,24.1,73.6,357,0
311.5,27.0,78.2,846,0
100.3,27.0,76.2,928,1
0.0,32.8,64.9,1423,1
38.4,31.9,77.6,1373,1
260.1,29.3,80.5,921,0
263.3,25.5,98.0,562,0
10.8,32.6,77.6,1283,1
58.6,28.5,77.2,514,1
122.3,24.9,82.9,530,1
138.7,25.9,82.7,969,1
173.1,29.0,79.1,967,0
105.4,28.1,82.4,1007,1
0.0,31.8,57.4,1427,1
143.9,24.3,94.8,671,1
180.7,27.0,85.6,748,0
390.6,23.8,92.5,688,0
159.5,27.4,80.6,802,0
146.1,23.1,97.7,565,1
34.8,30.8,64.5,1356,1
1.5,31.9,68.7,1111,1
0.0,29.9,48.7,111,0
0.0,29.8,69.2,217,1
0.0,33.7,81.1,1136,1
23.6,26.4,82.0,365,1
340.8,28.9,84.0,847,0
313.2,27.0,75.4,856,0
44.1,32.1,78.3,1391,1
8.1,27.6,70.3,321,0
0.0,30.4,50.3,133,0
36.3,25.2,71.2,333,1
320.6,28.3,66.2,918,0
0.0,30.6,45.4,65,1
33.2,22.0,71.1,377,1
143.3,27.7,74.9,635,1
29.1,27.0,70.1,413,1
0.0,26.4,67.0,216,0
17.1,30.2,55.5,1417,1
0.0,36.0,76.8,1154,1
29.8,22.5,66.7,397,1
0.0,26.4,63.8,219,0
185.3,28.7,87.5,668,0
5.5,23.9,83.1,292,0
24.7,31.8,61.8,1373,1
0.0,31.0,70.5,1085,1
12.9,30.1,76.2,293,0
16.0,30.4,74.6,1081,1
64.0,29.3,70.0,1215,0
22.2,28.5,68.4,171,0
120.9,23.4,78.1,600,1
0.0,25.7,76.4,389,1
102.8,30.9,96.9,1019,1
183.8,22.0,78.9,527,0
0.0,35.7,86.6,1232,1
174.2,22.8,67.8,480,0
286.8,23.1,80.0,578,0
406.6,27.2,84.9,735,0
336.6,31.3,72.5,856,0
51.8,29.3,65.5,1307,1
23.9,25.1,64.2,287,0
53.9,29.9,60.5,157,0
45.3,23.0,78.0,437,1
0.0,32.2,85.4,1161,1
83.3,23.3,87.0,561,1
396.3,27.0,91.7,779,0
25.5,25.5,68.7,178,0
0.0,32.5,60.6,1294,1
129.2,25.1,76.2,450,1
122.1,25.4,80.2,519,1
0.0,30.8,66.0,1286,1
0.0,34.9,67.7,1235,1
183.0,22.0,89.0,714,0
354.5,23.2,91.4,603,0
18.4,33.9,76.3,108,0
124.4,30.9,77.0,1073,1
34.2,26.2,90.8,484,0
18.8,29.4,64.5,84,0
15.2,32.5,66.3,90,0
20.5,27.6,69.6,133,0
254.2,29.5,89.8,929,0
2.4,33.2,90.8,1126,1
0.0,30.0,57.8,236,0
34.9,27.8,64.2,1331,1
100.9,31.9,82.0,1046,1
0.0,30.2,63.6,1184,1
11.7,30.7,65.4,1043,1
309.0,23.1,80.6,594,0
375.8,22.0,75.9,629,0
257.7,32.1,84.7,977,1
0.0,28.2,59.8,1393,1
0.0,31.3,70.5,1375,1
0.0,30.6,77.1,1398,1
0.0,30.3,88.1,1161,1
94.3,30.3,84.6,925,1
16.0,31.1,66.4,1146,1
432.8,24.6,96.0,747,0
12.8,26.1,67.4,97,0
7.2,29.0,67.5,1384,1
32.7,29.9,69.6,95,0
147.7,23.0,76.2,797,1
48.8,30.3,58.3,236,0
290.0,29.7,86.4,973,1
381.1,24.3,81.7,767,0
43.9,28.2,72.6,202,0
41.2,27.2,66.2,174,0
170.4,27.0,93.5,711,0
48.2,29.7,81.2,1273,1
12.5,29.5,67.9,1351,1
60.9,25.3,84.6,424,1
11.5,31.4,65.3,81,1
7.8,25.6,83.0,327,0
23.1,32.3,56.0,1302,1
295.5,22.5,87.0,551,0
355.0,24.1,81.7,677,0
16.2,30.7,75.1,1235,1
105.8,26.7,81.2,570,1
96.5,26.9,85.4,552,1
30.0,32.5,63.5,1339,1
0.0,32.0,45.0,179,0
1.0,33.1,82.2,1184,1
81.2,26.5,66.8,575,0
67.9,23.6,71.7,534,1
73.1,31.5,76.2,1194,1
0.0,31.2,78.9,1086,1
150.0,25.1,92.6,802,0
45.0,28.2,69.0,93,0
16.6,26.7,79.6,292,0
0.3,30.7,78.8,1197,1
20.6,25.2,64.6,469,1
20.2,23.1,76.3,391,0
0.0,23.6,67.8,320,0
203.8,24.6,97.9,659,0
377.9,22.0,79.7,665,0
154.2,33.0,84.0,1035,0
26.3,32.9,63.3,1114,1
139.2,25.8,80.8,593,1
1.5,33.5,70.9,1246,0
372.6,26.7,72.2,832,0
0.0,28.5,63.8,139,0
72.8,31.6,81.4,1061,1
17.0,27.9,73.4,1420,1
290.4,28.4,90.9,850,0
0.0,24.4,73.5,331,0
278.8,27.8,85.7,553,0
170.6,24.8,75.8,683,0
0.0,24.3,61.4,403,1
64.9,27.6,80.0,998,1
0.0,29.2,54.3,42,0
68.8,26.6,59.7,1050,1
141.5,31.7,81.3,856,1
50.4,32.6,72.5,1104,1
0.0,29.3,58.5,8,1
24.5,27.0,73.0,261,0
362.8,26.1,87.8,894,0
28.2,27.6,69.7,164,0
26.9,27.8,63.1,47,0
26.2,22.0,74.1,454,1
149.1,26.7,74.9,696,1
14.3,31.7,67.2,1314,0
0.0,28.0,80.8,1096,1
185.5,23.5,83.5,687,0
85.8,28.6,85.9,720,1
0.0,28.6,66.9,52,0
0.0,32.7,73.9,1088,0
35.1,23.7,67.0,354,0
110.0,24.6,77.4,468,1
0.0,28.0,70.1,192,0
4.7,24.7,74.4,286,0
15.4,31.6,84.9,1291,1
0.0,25.2,75.8,387,1
6.7,30.3,69.9,1372,1
44.6,26.5,62.3,210,0
50.6,30.0,73.2,1147,1
30.6,27.2,59.8,187,0
354.2,30.2,72.5,899,0
35.0,29.7,61.5,1233,1
22.9,24.6,70.1,262,0
0.0,26.7,51.8,1389,1
52.6,25.0,82.1,516,1
21.6,25.8,65.8,107,0
0.0,25.5,64.6,384,1
49.2,31.1,77.3,1010,1
151.8,30.9,79.5,932,0
81.9,30.7,86.0,1004,1
7.6,28.8,65.9,1143,1
0.0,31.2,76.7,1326,1
0.0,29.4,62.8,92,0
336.1,25.6,80.8,601,0
0.0,30.2,49.2,107,0
0.0,29.1,45.0,45,0
54.0,28.8,61.8,91,0
44.6,31.3,53.0,1324,1
196.9,22.0,70.9,536,0
0.0,29.9,65.5,1305,1
0.0,28.9,74.2,76,0
332.9,26.3,81.5,851,0
215.2,22.0,79.5,591,0
125.0,25.0,79.0,851,1
52.5,25.5,84.1,574,1
5.0,32.2,85.4,1340,1
85.9,30.3,84.0,980,1
74.4,23.3,70.5,537,0
106.6,29.7,79.6,1021,1
0.0,22.9,61.5,232,0
251.9,25.2,87.1,536,0
291.7,28.2,81.2,920,0
60.5,28.2,71.1,194,0
60.5,27.2,89.6,910,1
0.0,34.8,90.9,1089,1
0.0,30.4,59.6,17,0
51.5,31.2,49.7,1342,1
0.0,23.1,58.9,330,0
92.7,24.5,78.9,593,1
301.0,30.3,86.1,954,0
31.0,22.5,66.5,235,0
0.0,31.6,67.7,1285,1
0.0,31.6,57.6,1312,1
450.8,26.9,86.5,721,0
150.6,25.7,84.3,938,0
46.7,33.5,56.6,1146,1
33.6,26.6,88.3,323,0
320.8,26.1,90.1,638,0
3.5,29.5,67.3,1411,1
0.0,30.2,83.7,145,0
34.3,30.2,68.4,1162,0
96.8,22.0,84.4,553,1
0.0,30.6,52.9,28,0
4.1,31.7,86.3,1164,0
380.2,27.0,89.0,655,0
113.2,23.1,79.1,690,1
382.6,26.3,79.7,781,0
86.9,23.3,85.3,421,1
376.1,26.1,96.1,622,0
0.0,24.8,63.4,237,0
34.0,27.1,81.3,406,0
92.0,22.7,74.7,550,1
0.0,30.6,79.8,1108,1
26.8,27.0,68.2,221,0
48.2,27.0,52.1,94,1
4.8,32.8,65.9,1248,1
81.8,31.4,84.3,1028,1
138.6,25.7,88.5,811,1
148.1,29.6,72.3,929,1
0.0,32.5,59.5,1274,1
356.3,25.7,70.1,613,0
283.1,26.3,75.5,590,0
102.8,30.8,81.5,976,1
155.6,27.9,90.6,801,0
0.0,29.7,54.2,1311,1
0.0,23.9,69.0,209,0
0.0,30.4,66.1,1096,1
0.0,29.7,65.4,75,0
15.2,25.4,89.6,411,1
86.3,22.0,70.3,487,1
0.0,31.7,75.1,1138,1
101.0,31.3,58.4,938,1
0.0,36.4,72.3,1290,1
95.6,31.9,78.4,911,1
99.9,29.8,87.0,1052,1
0.0,30.3,64.8,1377,1
28.9,33.0,74.2,1211,1
5.8,33.6,85.3,1224,1
364.2,26.8,88.7,637,0
0.0,25.7,80.5,407,1
168.2,22.0,89.6,497,0
0.0,24.2,70.9,198,0
148.1,28.9,79.0,774,1
5.5,26.6,47.6,182,0
50.0,29.5,70.0,1114,1
0.0,26.8,70.5,64,1
225.5,22.9,76.6,514,1
361.4,28.4,83.2,710,0
5.6,28.5,63.6,86,0
0.4,26.6,68.0,336,0
0.0,26.7,75.3,285,0
0.0,25.9,74.5,260,0
53.1,27.9,71.5,1155,1
0.0,33.5,73.6,1287,1
30.8,24.5,70.4,264,0
30.2,23.7,69.0,212,0
61.7,22.0,77.2,496,1
3.4,33.0,64.6,1302,1
116.8,25.7,78.3,569,1
297.5,24.5,81.0,940,0
270.7,23.1,86.2,592,0
237.6,24.9,78.0,543,0
0.0,31.8,75.4,1081,1
148.1,23.1,91.1,599,1
0.6,25.0,81.1,308,0
67.4,31.9,71.8,1013,1
0.0,26.9,89.1,270,0
41.0,26.5,77.5,324,0
1.0,30.0,61.4,1416,1
171.2,25.5,68.7,875,0
20.5,31.9,82.0,1134,1
65.3,32.4,80.9,1024,1
55.9,25.6,60.5,203,0
107.2,24.6,78.5,443,1
109.1,29.0,70.9,928,1
49.8,27.5,54.4,1429,1
25.0,31.1,72.6,1124,1
0.0,32.2,70.6,1170,1
38.3,27.1,78.3,156,0
328.3,26.3,82.1,597,0
0.0,26.5,61.7,115,0
0.0,31.3,62.1,198,0
0.0,25.2,74.6,322,0
160.3,24.2,63.7,634,0
178.2,28.8,85.5,833,0
128.7,26.0,95.9,949,1
28.0,36.6,78.0,1205,1
0.0,30.1,91.8,1085,1
0.0,30.8,59.8,115,0
237.6,30.0,83.7,996,0
203.1,22.0,78.7,509,0
236.3,32.0,89.8,960,0
117.6,29.1,82.9,847,1
0.0,30.6,83.6,387,1
0.0,32.6,60.1,1284,1
25.4,30.2,65.2,1352,1
34.0,27.8,72.5,1132,1
21.9,26.5,76.1,179,0
0.0,30.5,57.1,37,0
20.0,26.2,64.2,231,0
121.8,32.4,76.0,1033,1
0.0,24.9,62.6,430,0
0.0,29.0,72.6,1081,1
13.4,30.6,67.0,1372,1
34.0,29.7,78.8,1349,1
1.3,25.9,69.8,329,0
5.9,30.9,63.9,3,0
101.5,22.9,73.0,432,0
16.6,26.7,61.1,6,0
0.0,37.1,72.6,1117,0
120.4,25.2,82.9,602,1
0.0,32.6,72.6,1208,1
0.0,27.1,70.2,1393,1
361.3,29.4,80.5,891,0
0.0,33.6,68.0,1330,1
131.0,25.2,80.0,636,1
11.7,31.7,69.1,1093,1
87.9,32.3,79.6,1218,1
110.7,22.4,82.1,547,1
26.4,29.4,60.8,1438,1
380.8,24.7,86.8,666,0
17.8,32.2,73.7,58,0
7.9,31.4,60.8,1438,1
0.0,23.1,78.0,366,1
193.9,28.7,84.4,1015,0
320.3,22.0,83.4,594,1
12.3,26.1,72.4,302,0
44.1,29.6,94.5,962,1
90.8,31.2,74.9,1037,1
0.0,32.1,69.5,284,0
131.4,29.9,74.3,1052,1
57.2,30.4,83.1,996,1
26.4,30.6,55.2,1287,1
142.4,28.7,90.8,935,1
107.9,22.2,67.1,435,1
17.7,28.6,68.8,1394,1
145.0,22.4,80.3,748,1
34.3,28.7,78.2,1438,1
75.9,29.5,84.4,917,0
332.5,23.9,64.7,648,0
0.0,24.7,70.6,345,0
35.1,27.1,69.8,165,0
54.3,30.3,62.6,18,0
27.8,31.0,69.4,1048,1
0.0,26.1,48.9,245,0
364.6,25.3,98.0,764,0
280.3,25.6,98.0,589,0
38.8,22.0,61.7,297,0
100.7,25.4,86.6,826,1
200.6,28.4,76.3,1014,0
25.3,31.3,73.0,26,0
2.6,28.0,63.0,66,0
0.0,22.6,72.5,386,1
309.1,24.5,71.5,558,0
0.0,33.5,66.3,1156,1
0.0,26.0,82.0,400,1
0.0,32.7,70.1,1390,1
122.9,29.3,81.0,904,1
15.0,26.6,81.0,241,0
369.2,24.7,74.5,706,0
173.2,29.3,70.9,1015,0
111.7,27.1,80.7,911,1
10.1,33.3,80.4,1181,1
77.2,25.4,95.1,941,1
0.0,28.8,55.9,1131,1
86.8,31.7,78.4,850,1
110.9,24.9,94.8,669,1
0.0,32.3,59.2,1227,1
280.3,22.0,64.6,546,0
5.9,32.8,65.6,1273,1
0.0,31.8,74.7,72,0
10.8,27.4,76.6,364,0
412.0,23.0,94.9,770,0
12.2,30.3,79.8,161,0
141.2,28.0,93.4,847,1
0.0,24.9,76.6,49,0
0.0,24.9,53.7,120,0
266.0,22.0,77.7,544,0
380.5,29.2,76.1,850,0
73.0,31.5,64.9,1311,1
19.1,23.9,80.3,342,0
13.0,31.7,79.1,1187,1
170.6,31.5,81.8,849,0
48.9,30.2,75.3,1394,1
0.0,32.7,59.3,1238,1
87.1,25.8,93.3,406,1
56.5,29.6,76.1,1228,1
0.0,27.1,82.6,264,0
0.0,28.8,64.6,227,0
86.4,33.9,61.6,1265,0
72.5,30.5,89.3,1030,1
0.0,29.9,67.6,136,0
82.4,31.0,75.6,974,1
64.0,31.0,78.3,1035,1
68.1,32.7,75.0,1075,1
43.5,34.3,67.8,1381,1
11.0,32.7,75.6,1415,1
10.3,28.9,65.7,78,0
389.1,25.0,68.2,757,0
0.0,32.9,61.4,1309,1
317.2,28.3,81.3,860,0
0.0,28.2,68.9,250,0
12.6,26.1,50.3,160,0
0.0,28.1,66.3,242,1
62.6,23.2,69.3,273,0
0.0,25.6,64.2,257,0
0.0,29.2,66.1,134,0
1.9,27.8,76.6,144,1
0.0,32.7,68.0,1193,1
11.4,34.2,52.4,1369,1
11.7,29.7,94.7,1070,1
0.0,29.1,67.6,1154,0
5.2,24.7,65.9,209,0
4.8,29.8,65.3,16,0
341.2,31.5,71.1,917,0
46.8,23.5,79.5,450,1
205.2,34.3,76.1,1009,1
104.8,22.0,79.5,462,1
0.0,22.0,79.4,377,1
105.8,24.6,87.1,474,1
2.4,30.9,84.0,1234,1
0.0,29.3,63.6,1392,1
361.4,25.2,80.1,673,0
299.8,26.6,72.3,958,0
125.2,26.3,89.1,695,1
21.2,31.9,75.1,1097,1
294.5,23.4,80.7,544,0
42.1,25.0,65.1,373,1
140.6,29.0,79.3,684,1
42.6,31.4,77.3,1183,1
6.6,25.0,77.4,296,0
110.9,30.4,84.0,938,1
174.4,22.7,80.6,491,0
11.9,25.5,85.2,399,1
0.0,33.5,79.3,1192,1
0.6,34.7,74.7,1312,1
409.7,26.3,78.4,807,0
137.6,22.0,98.0,634,0
9.5,24.0,87.4,413,1
328.3,24.5,85.5,540,0
216.9,22.8,74.8,482,0
0.0,27.2,60.6,222,0
101.0,32.5,85.5,949,1
117.4,23.0,84.2,546,1
63.6,29.8,73.1,1088,1
0.0,32.7,56.9,1415,1
205.7,27.5,82.9,982,1
240.9,24.0,78.7,503,0
418.4,25.0,73.1,729,0
0.0,26.7,65.1,49,0
0.0,28.7,72.8,114,0
205.3,24.7,87.8,767,0
0.0,31.8,62.7,1391,1
51.4,24.4,93.7,498,1
7.5,24.9,69.2,391,1
156.0,27.1,85.1,923,0
12.1,30.3,70.9,1101,1
0.0,25.0,75.6,362,1
8.5,23.4,69.0,339,0
107.1,30.8,87.8,1046,1
0.0,32.2,77.5,1098,0
348.4,26.0,85.6,608,0
129.8,24.1,81.7,718,1
253.2,23.4,80.8,590,0
176.6,26.4,90.7,768,0
374.5,23.7,90.5,672,0
0.9,29.2,72.0,1201,1
259.7,24.8,87.9,575,0
0.0,31.3,83.5,1168,1
26.9,31.9,82.2,1030,1
0.0,25.8,53.2,213,0
0.0,31.0,67.2,1383,1
7.4,22.4,86.0,243,0
43.4,27.2,77.8,291,0
177.4,24.1,84.7,660,0
0.0,27.7,72.3,144,0
84.6,23.8,75.2,445,1
0.0,31.2,72.4,1270,1
0.0,29.2,71.3,82,0
70.6,30.9,89.5,1021,1
201.6,24.4,67.2,498,1
450.1,23.5,75.8,748,0
0.0,26.1,71.8,399,1
239.3,23.9,87.9,594,0
74.1,24.7,88.0,531,1
0.0,31.6,68.7,1263,1
384.2,25.9,68.3,896,0
0.0,31.1,80.2,255,0
356.6,25.4,87.9,706,0
25.8,26.8,68.5,36,0
107.5,25.0,65.9,686,1
22.1,31.1,79.6,1264,1
0.0,24.8,71.0,314,0
30.8,28.2,84.7,1102,1
0.0,31.5,81.4,1128,1
108.3,27.3,77.0,902,1
18.0,34.4,78.3,1097,1
0.6,27.8,75.2,162,0
0.0,32.9,52.5,1345,1
97.5,25.9,90.0,545,1
54.7,31.7,67.1,1078,1
374.1,26.3,78.0,763,0
39.4,33.0,68.5,1073,1
77.3,26.8,84.6,177,0
2.5,33.0,67.9,1336,1
17.9,27.2,50.7,165,0
0.0,31.6,60.6,1357,0
170.3,22.8,79.1,701,1
24.9,29.3,73.2,1187,1
28.1,24.4,69.1,409,1
0.0,33.0,53.6,1406,1
134.0,23.7,88.7,439,1
181.8,27.4,79.3,485,0
165.8,27.8,83.2,830,0
3.2,25.7,83.1,274,0
0.0,35.0,85.2,1211,1
0.0,34.1,74.4,1127,1
0.0,29.3,61.1,1202,1
274.0,29.0,82.1,947,0
0.0,31.9,83.8,1383,1
417.9,26.6,77.7,716,0
44.0,33.2,61.9,1251,0
23.2,26.6,69.8,224,0
59.0,23.5,76.9,423,1
0.0,24.3,77.3,363,1
143.9,26.5,85.4,878,1
15.4,22.4,71.3,320,0
8.3,27.0,65.9,283,0
404.1,28.1,81.6,781,0
3.6,35.5,61.3,1215,1
145.1,24.8,83.1,726,1
121.0,24.9,81.1,558,1
34.3,30.3,75.0,1062,0
44.4,26.7,71.5,212,0
90.7,22.9,75.9,428,1
86.9,30.9,66.6,1416,0
395.6,27.3,83.5,657,0
166.0,29.1,80.7,976,0
141.1,31.6,69.2,1046,1
4.8,30.8,62.3,1232,0
155.5,22.0,92.6,648,0
330.1,28.7,84.7,911,0
131.3,29.0,76.4,716,1
146.1,24.4,70.7,764,1
135.7,27.1,89.2,955,1
0.0,29.7,71.6,1330,1
0.0,35.6,66.4,1212,1
29.2,32.2,65.7,30,1
293.9,30.3,83.6,912,0
137.9,30.7,76.5,877,1
6.0,27.0,72.4,325,1
453.5,25.0,83.9,690,1
71.8,23.2,69.9,441,1
0.0,26.6,76.6,365,1
5.6,29.3,67.7,79,0
421.9,23.3,76.0,680,0
35.4,33.0,76.9,1209,1
341.3,26.3,80.1,798,0
267.8,31.3,76.7,934,1
104.5,22.6,89.6,625,1
20.2,33.0,78.0,1146,1
172.8,24.3,73.3,516,0
329.5,24.5,85.6,547,1
118.9,30.6,83.4,964,1
379.0,24.8,81.5,703,1
0.0,26.2,77.1,335,0
0.0,32.0,59.8,1130,0
152.1,24.8,78.7,627,0
105.6,26.4,86.9,529,1
0.0,29.3,66.2,1202,1
0.0,26.3,63.9,338,0
21.8,31.3,45.0,1387,1
52.5,30.0,90.3,914,1
0.0,33.1,66.9,1192,1
312.8,30.4,69.7,926,0
0.0,24.4,75.3,348,0
10.7,24.7,82.8,290,1
4.9,32.9,70.6,1235,1
0.0,29.9,52.1,195,0
9.3,28.6,59.1,85,0
0.0,23.1,80.3,344,0
201.4,25.6,81.7,523,0
68.4,28.3,69.4,963,1
139.5,27.6,98.0,791,0
0.0,22.5,70.4,376,1
0.0,31.3,66.0,1317,1
25.6,31.4,72.4,1120,1
0.0,29.4,72.0,43,0
0.0,32.3,70.6,1165,1
126.3,28.6,68.7,870,1
87.7,29.8,62.7,1034,1
0.0,26.9,61.6,171,1
62.8,33.4,79.2,1053,0
0.0,28.6,61.2,88,0
271.5,24.7,86.9,548,0
365.7,22.0,95.2,613,0
14.1,34.4,55.3,1415,1
0.0,28.9,68.0,123,0
29.0,22.0,71.0,418,1
130.8,22.1,71.4,457,1
25.2,30.0,70.7,1135,1
112.6,34.2,83.2,1056,1
154.8,31.0,85.7,779,0
127.8,27.1,80.8,743,1
0.0,33.0,80.6,1396,0
0.0,34.0,72.1,1092,1
1.9,29.3,69.1,1339,1
146.7,25.0,83.9,676,0
196.7,29.8,67.7,1010,0
44.9,34.6,65.5,1286,1
435.2,29.4,80.0,714,1
366.8,30.4,81.5,752,0
163.2,26.2,98.0,680,0
1.6,32.2,70.0,1096,1
174.8,26.1,85.4,801,0
52.0,24.7,81.6,384,1
465.6,28.1,78.9,722,0
31.2,27.1,64.4,326,0
2.9,31.9,67.6,1406,1
0.0,29.8,75.2,1125,1
74.6,35.3,79.0,1091,1
0.0,27.9,54.7,194,0
24.7,31.9,88.0,1117,1
192.1,25.8,80.5,499,0
242.7,27.8,90.3,921,0
56.6,25.5,87.3,181,0
0.0,24.4,71.3,303,0
39.1,22.1,70.6,464,1
22.5,31.1,62.3,1392,1
273.7,25.0,80.7,954,0
16.0,25.0,71.4,271,0
4.8,28.1,80.3,1258,1
25.8,31.3,68.0,1281,1
104.3,23.7,92.3,564,1
27.7,33.8,75.7,1346,1
187.9,26.6,86.2,774,0
432.8,25.4,72.2,796,0
37.9,23.8,82.1,365,1
0.0,34.7,78.0,1182,1
21.0,23.0,70.6,350,0
12.5,28.8,66.7,375,1
16.1,26.8,69.5,247,0
0.0,29.4,74.0,1232,1
126.1,28.8,67.9,1029,0
24.1,33.1,56.8,1353,1
209.2,26.6,98.0,678,0
36.0,26.0,63.3,313,0
9.8,30.2,59.3,2,0
0.0,26.8,80.8,234,0
0.0,29.9,67.2,1135,1
209.1,25.9,76.4,700,0
314.4,31.2,91.2,862,0
0.0,27.9,51.5,159,1
28.4,32.0,62.2,1330,0
5.5,33.9,77.7,1186,1
111.5,23.1,89.7,425,0
352.0,25.4,87.7,633,0
81.4,30.6,85.8,900,1
211.1,22.5,81.2,514,1
0.0,25.4,76.8,144,0
0.0,25.5,80.4,268,0
42.8,33.6,75.9,1162,1
178.3,24.0,86.1,797,0
277.4,28.5,75.9,853,0
13.8,24.8,66.1,316,0
33.8,26.5,52.6,181,0
66.1,24.7,76.0,450,1
0.0,28.1,66.0,1098,0
39.3,28.4,63.6,271,0
146.4,24.2,94.5,773,1
223.5,29.8,89.0,927,0
37.3,31.4,59.9,40,0
394.8,28.9,81.8,727,0
12.8,31.8,85.7,1301,1
344.9,22.0,76.9,640,0
36.2,28.8,75.6,1258,1
8.4,26.7,90.0,478,1
61.3,23.0,79.4,459,1
44.3,30.1,68.6,1418,1
345.9,24.7,71.1,801,0
137.8,25.2,81.7,743,1
58.9,31.5,67.8,157,0
33.2,27.0,79.5,181,0
0.0,30.2,68.0,1180,1
102.1,30.1,84.8,880,1
354.9,23.0,93.6,858,0
13.0,32.0,78.6,1240,1
398.2,25.3,88.3,721,0
270.0,23.4,75.2,507,0
302.2,22.0,86.4,571,0
361.2,24.9,85.9,678,0
418.1,26.2,75.0,795,0
3.1,28.1,63.3,29,0
366.1,26.2,89.1,801,0
181.6,23.1,96.8,793,0
85.7,28.5,71.5,471,1
119.6,22.2,88.9,955,1
357.1,26.7,79.9,780,0
4.8,29.7,64.5,44,0
84.5,27.9,78.9,953,1
48.2,30.4,93.1,1021,1
22.6,25.8,80.2,381,1
79.3,25.5,90.1,885,1
27.3,27.3,59.7,1412,1
188.8,28.9,84.2,974,0
0.0,26.0,65.5,1129,1
0.0,29.7,46.1,1360,1
127.8,24.9,81.4,741,1
132.9,24.2,90.9,519,1
28.1,33.4,62.1,1418,1
44.3,31.4,70.7,1420,1
112.8,28.7,98.0,880,1
62.9,26.5,65.6,130,0
4.8,29.6,79.5,1383,1
0.0,28.8,48.1,6,0
80.8,28.8,77.4,920,1
10.0,23.2,81.5,426,1
0.0,32.1,65.3,1323,1
133.2,27.2,89.5,731,1
68.5,26.7,69.7,477,1
278.0,30.6,96.5,986,0
0.0,32.5,80.3,1318,1
0.0,33.8,71.8,1336,1
330.6,28.4,76.6,799,0
0.0,31.3,70.1,1230,1
0.0,29.9,78.5,1225,1
24.4,23.6,70.4,390,1
404.4,26.3,95.9,874,0
250.4,29.3,85.4,908,0
0.0,32.4,73.8,1084,1
0.0,24.4,80.2,351,0
29.4,30.7,59.9,1367,1
7.4,24.7,62.6,7,1
449.8,24.0,80.3,680,0
18.9,37.1,64.7,1035,1
140.1,31.3,65.4,950,1
136.7,27.8,77.5,675,1
0.0,32.8,66.6,1157,1
442.8,27.9,90.3,766,1
97.6,23.4,74.7,475,1
12.7,30.2,73.0,1287,1
0.0,33.0,52.0,17,0
0.0,29.8,72.7,1213,1
16.8,25.5,63.3,415,1
282.6,31.6,79.7,887,0
30.9,33.8,75.6,1296,1
387.5,25.5,82.3,759,1
386.8,28.6,76.5,735,0
47.8,24.4,90.0,500,1
0.0,30.6,72.5,1380,1
136.8,29.5,95.3,899,1
7.1,25.2,58.0,190,0
157.2,23.1,70.7,730,0
419.2,24.7,96.7,661,0
1.9,24.7,59.6,271,0
21.5,22.0,74.9,413,1
0.0,24.2,76.6,438,1
0.0,24.9,64.7,295,0
124.5,22.1,70.2,484,1
183.7,26.9,81.7,782,0
396.4,23.3,92.1,687,0
0.0,29.3,63.3,205,0
0.0,35.4,62.6,1162,1
25.5,25.5,78.3,449,1
99.1,29.1,63.9,967,1
0.0,25.0,80.0,455,1
59.7,30.7,74.9,1228,1
39.5,31.3,61.3,12,0
45.8,33.3,78.9,1198,1
26.0,30.6,64.7,84,0
6.0,26.2,65.8,201,0
11.4,32.2,57.1,1425,0
0.0,33.0,77.6,1232,1
67.8,30.5,61.2,36,0
0.0,24.7,72.9,412,1
0.0,27.9,70.4,6,0
192.0,24.8,73.2,502,0
0.0,27.4,60.3,125,0
410.6,22.6,84.8,674,0
0.0,30.1,62.2,1094,1
134.8,28.9,86.7,879,1
45.9,30.9,67.7,1293,1
315.0,27.9,68.7,913,0
252.1,22.0,64.8,568,0
38.4,34.0,63.5,1275,1
0.0,23.0,69.2,328,0
155.0,30.1,90.0,982,0
0.0,31.1,86.8,1209,1
15.4,32.4,61.2,1306,1
0.0,31.3,58.5,1434,1
213.2,29.6,91.4,963,0
0.0,32.6,73.0,1211,1
0.0,31.5,98.0,1121,1
97.8,28.1,75.9,1053,1
92.9,26.9,91.5,603,1
1.0,33.9,84.2,1399,1
0.0,22.8,65.2,387,1
298.4,22.0,74.4,567,0
40.6,27.0,78.4,365,1
0.0,23.9,69.6,253,0
93.3,27.8,85.9,714,1
273.8,31.4,76.0,934,1
34.6,31.7,69.7,1246,1
46.1,30.5,74.7,1077,1
0.0,26.0,70.7,120,0
0.0,32.0,79.9,1158,1
160.3,29.0,71.6,896,0
50.3,26.7,80.1,240,0
103.9,27.2,85.2,732,1
8.8,33.6,82.6,1087,1
230.9,25.1,83.3,677,0
0.0,37.1,75.0,1373,1
0.0,32.9,77.0,1234,1
5.3,26.8,73.3,262,0
0.0,26.0,72.8,349,0
32.9,25.3,79.1,411,1
167.2,24.9,97.5,565,0
62.0,31.1,90.9,940,1
13.4,22.0,82.8,457,0
237.4,23.5,75.6,499,0
18.8,23.7,63.0,181,0
17.3,34.7,64.1,1225,0
27.1,29.2,60.1,1256,1
44.3,22.6,84.4,455,1
14.4,23.2,76.1,384,1
336.6,25.6,86.5,869,0
0.0,31.4,57.0,1217,1
2.1,23.8,60.3,126,0
187.8,33.1,79.0,986,0
152.6,25.4,74.2,610,0
88.9,22.5,70.7,516,1
0.0,27.1,62.3,247,0
107.0,24.8,86.1,550,0
347.0,26.1,63.4,863,0
432.3,28.4,83.3,809,0
0.0,26.5,80.1,209,0
6.4,34.3,78.5,1251,1
0.0,30.9,81.4,1191,1
40.9,26.3,62.6,74,0
350.5,27.1,98.0,715,0
0.0,29.5,60.4,34,0
0.0,30.8,68.9,1418,1
3.9,32.4,76.6,1163,1
0.0,24.0,61.2,247,1
47.9,24.6,56.7,342,0
13.0,29.8,72.4,1421,1
364.0,23.7,76.3,619,0
104.5,26.6,76.8,460,1
0.0,23.0,78.2,406,1
28.2,25.3,67.8,205,0
18.9,28.0,77.8,351,0
159.3,27.1,85.8,923,0
28.5,32.0,76.7,1161,1
123.3,29.4,86.6,844,1
167.3,28.3,73.0,794,0
0.0,28.7,66.6,1355,1
140.5,23.7,88.5,696,1
154.1,22.0,98.0,688,0
277.3,30.7,85.3,914,0
319.6,30.1,82.3,866,0
331.9,28.0,90.4,768,0
147.5,24.5,78.2,654,1
211.0,29.5,91.3,967,0
20.4,30.9,69.3,1259,1
195.7,25.0,81.8,896,0
108.5,28.0,73.1,808,1
159.7,22.2,78.3,558,0
461.1,22.0,84.0,690,0
335.8,31.7,95.9,908,0
335.9,26.8,80.5,849,0
126.7,24.6,81.5,576,1
0.0,26.7,73.5,189,0
0.0,33.7,59.7,1373,1
131.7,22.0,76.2,512,1
27.8,33.5,80.3,1224,1
23.3,31.8,60.3,1196,1
46.3,24.9,74.5,533,1
0.0,31.2,72.9,1255,0
32.3,30.1,68.5,1383,1
13.4,33.7,93.5,1192,1
337.5,23.0,85.0,604,0
398.5,23.5,78.9,622,0
17.8,24.1,71.6,398,1
0.0,29.1,79.0,1254,0
55.0,23.6,76.6,544,1
18.6,26.6,66.4,231,0
0.0,27.4,77.3,247,1
0.0,24.9,67.5,256,0
131.9,22.0,88.4,600,1
242.9,24.1,67.8,533,0
308.1,28.1,74.1,949,1
197.1,22.0,75.6,491,0
1.5,32.5,56.4,1294,1
8.7,27.7,58.9,231,0
39.7,30.3,60.2,73,0
157.0,27.7,98.0,827,0
0.0,29.5,69.5,137,0
67.4,31.5,84.2,1029,1
0.0,36.0,75.4,1254,1
0.0,28.1,54.2,314,0
356.7,25.0,84.7,641,0
13.9,28.5,65.8,1232,0
77.1,34.6,64.9,1038,1
148.3,24.6,88.3,693,1
33.8,27.3,55.3,284,0
248.3,24.9,79.9,504,0
4.2,31.6,70.0,1155,1
108.5,29.9,70.5,1027,0
43.1,30.8,82.7,1114,1
0.0,22.6,64.8,140,0
168.3,22.0,81.8,498,0
2.0,26.0,73.4,225,0
122.0,30.1,86.5,970,1
98.9,31.2,80.9,1003,0
11.7,30.3,59.2,1330,1
39.7,32.8,65.5,1379,1
6.6,28.6,71.4,70,0
197.7,23.3,75.1,501,0
78.6,24.1,83.7,500,1
0.0,27.5,64.8,266,0
170.6,27.5,90.2,857,0
326.6,28.7,83.0,881,0
6.6,29.5,57.9,167,1
0.6,32.6,95.8,1119,1
25.5,26.7,67.5,157,0
6.3,24.2,52.3,329,0
0.0,28.1,60.5,230,1
14.1,30.6,76.2,1424,1
409.9,24.4,91.6,766,0
128.1,26.1,94.7,764,1
343.1,26.1,80.9,632,0
47.7,27.8,76.4,260,0
79.8,32.0,62.8,59,0
148.8,24.1,82.8,538,1
104.8,30.8,69.7,961,1
6.8,34.1,65.8,1272,1
0.0,28.7,45.0,1,0
0.0,30.0,65.5,176,0
318.2,29.4,76.7,882,0
0.0,33.4,71.6,1244,1
13.6,28.1,57.4,1350,1
166.6,23.0,81.3,549,0
114.1,22.9,98.0,442,1
391.5,28.0,83.1,681,0
0.0,30.1,63.1,1306,1
110.7,25.9,84.6,868,1
80.7,22.0,55.8,512,1
0.0,30.1,62.2,1410,1
146.8,24.9,81.5,553,1
0.0,35.5,74.0,1149,1
54.7,23.2,88.5,497,1
206.1,26.5,86.8,850,0
40.9,34.6,57.2,1358,1
0.0,35.4,54.9,1246,1
0.0,28.5,78.0,1202,1
0.0,29.0,60.1,1,0
0.0,29.5,67.7,113,0
0.0,31.8,87.0,1087,1
426.5,31.4,86.9,810,1
109.8,23.0,65.2,427,1
0.0,22.9,75.0,342,0
136.3,23.6,82.7,707,1
314.9,30.2,72.4,841,0
367.6,26.9,92.4,801,0
0.0,35.2,72.8,1259,0
0.0,31.3,80.3,4,0
378.8,23.2,83.9,606,0
28.9,29.7,60.6,139,0
0.0,33.9,77.8,1107,1
80.9,33.7,75.3,1032,1
18.2,29.1,82.7,1141,1
0.0,29.6,66.2,91,1
0.0,22.3,69.8,385,1
50.6,23.5,79.2,422,1
14.3,31.0,77.5,1120,1
0.0,32.4,69.7,1301,1
122.8,29.0,81.4,895,1
138.7,22.9,82.8,552,1
49.4,34.3,63.4,1316,1
6.2,32.7,67.0,20,0
10.6,25.5,65.0,344,0
386.5,29.5,78.7,756,0
431.0,26.8,98.0,802,0
24.5,24.3,62.2,126,0
113.3,22.7,86.8,616,1
33.1,27.1,53.3,147,0
0.0,33.3,72.2,1126,1
84.6,22.2,89.2,569,1
125.1,27.9,86.8,844,1
112.7,29.5,70.5,623,1
111.4,28.5,78.5,846,1
0.0,34.0,72.8,1438,1
379.0,23.6,75.8,753,0
0.0,22.0,74.0,295,0
0.0,23.7,69.9,229,0
416.2,28.2,71.9,761,0
147.0,23.5,85.7,512,0
188.6,29.3,86.2,1018,0
28.1,32.5,64.6,86,0
43.7,33.0,67.5,1393,1
0.0,26.9,64.2,298,0
143.5,31.4,80.0,918,0
0.0,24.2,76.7,407,1
71.1,30.7,73.3,50,0
110.8,22.7,88.3,697,1
0.0,30.5,66.8,1211,1
143.4,24.0,81.1,602,1
348.5,25.1,85.6,666,0
0.0,33.4,73.1,1135,1
168.1,27.6,84.5,694,0
392.1,30.9,63.4,684,0
385.3,31.6,77.7,828,0
0.8,31.3,79.2,74,0
0.0,26.1,68.9,78,0
8.3,29.8,72.1,239,0
0.0,35.6,76.0,1158,1
0.0,31.7,69.2,1342,1
235.1,25.6,83.2,910,0
303.0,24.5,91.6,598,0
416.6,27.8,89.1,740,0
0.0,29.5,51.5,111,0
9.3,27.2,60.8,153,0
49.4,31.3,70.2,1118,1
10.8,27.8,91.3,350,0
0.0,32.4,75.9,1086,1
0.0,34.9,80.9,1241,1
12.7,34.0,70.7,1183,1
63.5,31.1,77.7,1134,1
5.1,25.8,78.1,446,1
150.1,30.0,80.5,829,0
81.1,24.4,74.8,562,1
28.6,29.3,66.3,157,0
0.0,22.1,66.2,357,0
264.5,27.1,84.8,859,0
0.0,31.2,62.9,1346,0
0.5,29.4,73.0,1372,1
115.2,31.1,71.1,1079,1
160.0,30.4,83.8,787,0
19.7,32.1,72.7,1116,1
279.1,26.8,79.2,542,1
348.9,29.4,90.1,841,0
4.3,30.4,54.0,201,0
0.0,31.3,51.3,1325,1
22.5,27.7,62.8,98,0
27.7,29.6,81.8,159,0
0.0,22.0,77.8,395,0
0.0,32.7,78.0,1363,1
250.4,24.6,90.6,923,0
123.8,22.4,70.8,551,1
0.0,32.2,74.9,1096,1
204.8,27.5,73.0,981,0
3.9,30.6,66.7,1133,1
32.7,23.4,56.5,258,0
44.1,32.9,58.9,1328,1
0.0,34.1,76.2,1151,1
154.0,26.0,90.1,779,0
337.0,30.4,87.8,751,0
381.3,24.1,76.6,652,0
345.7,22.0,80.1,630,0
317.4,26.2,73.9,916,0
354.2,27.7,94.5,862,0
39.5,30.6,85.1,969,1
0.0,36.9,55.4,1289,1
37.4,28.7,79.8,1038,1
17.1,30.2,66.4,1105,1
4.0,27.9,71.0,205,0
14.1,32.1,74.0,1270,1
0.0,30.7,45.0,1279,1
39.8,31.4,84.2,1373,1
8.3,23.7,78.9,295,1
1.5,23.6,68.8,404,1
14.7,26.8,65.0,63,0
0.0,32.1,70.9,46,0
144.0,26.7,68.5,671,1
127.6,24.0,85.4,564,1
64.7,24.2,81.4,475,1
30.4,30.4,72.1,57,0
380.5,24.3,77.2,669,0
9.4,25.7,67.7,81,0
264.6,23.5,89.8,546,0
26.2,32.8,60.3,1283,1
51.7,31.9,85.1,961,1
9.1,28.1,58.7,151,0
26.4,23.3,70.7,380,1
158.3,26.3,70.8,666,0
50.4,24.5,58.1,427,1
0.0,29.8,79.1,1192,1
330.8,22.0,93.3,710,0
0.0,26.9,69.7,157,0
81.3,33.0,71.6,980,1
59.3,25.1,86.3,487,1
297.4,27.1,84.0,596,0
0.0,31.8,72.0,1284,1
0.0,25.1,75.7,327,0
21.8,24.6,59.8,27,0
0.0,28.0,68.7,1313,1
396.8,26.1,81.7,690,0
0.0,26.4,71.1,291,0
416.9,22.0,91.1,755,0
179.3,28.3,78.8,864,0
42.9,33.9,73.8,1311,1
327.0,25.2,84.1,655,0
90.9,23.1,76.4,460,1
10.3,22.0,68.9,276,0
57.6,29.8,71.3,97,0
351.8,23.4,83.2,710,0
0.0,30.1,64.4,71,0
308.9,30.4,94.9,936,0
0.0,33.8,76.7,1236,0
21.5,28.8,75.8,150,0
95.6,23.4,95.2,557,1
10.6,32.6,77.0,1105,1
26.1,22.1,96.5,425,1
0.0,27.2,78.9,368,1
8.9,28.6,54.4,10,1
118.2,28.8,80.5,690,1
16.7,25.5,57.2,294,0
275.8,30.0,91.4,945,0
0.0,27.2,69.7,235,0
209.0,26.4,76.1,961,0
10.8,31.9,66.8,1438,1
0.0,30.5,68.5,1228,1
0.0,28.8,58.4,105,0
154.8,25.3,98.0,716,1
3.6,27.9,66.2,50,0
331.8,24.0,85.4,701,0
397.0,27.7,83.9,664,0
401.8,22.5,75.3,682,0
0.0,32.6,61.1,1115,1
38.0,29.2,90.1,966,1
0.0,33.9,68.7,1195,1
10.3,32.2,47.5,1392,0
0.0,29.4,53.6,1421,1
305.8,25.9,88.4,609,0
223.0,24.9,90.6,755,1
103.4,27.6,73.9,435,1
273.5,24.4,91.1,554,0
21.3,23.5,66.4,472,1
0.0,31.0,85.2,1182,1
157.6,23.4,64.3,438,1
224.5,23.4,84.3,500,0
71.6,26.0,77.0,415,1
398.1,26.0,91.3,814,0
0.0,27.4,51.2,74,0
146.7,26.7,81.5,647,1
120.0,26.9,86.0,433,1
418.4,24.4,76.3,748,0
0.0,31.4,81.5,1204,1
192.7,30.5,67.7,897,0
0.0,28.9,52.7,168,0
12.6,34.7,59.4,1337,1
377.6,28.4,89.8,830,0
323.1,29.0,94.9,840,0
17.3,28.3,59.9,86,0
37.7,29.5,76.8,1139,1
166.7,22.8,94.7,686,0
14.6,31.8,77.3,1164,1
0.0,29.8,85.0,220,0
30.5,25.9,61.2,140,0
0.0,25.8,80.3,253,0
19.5,24.7,60.3,171,1
374.0,30.8,86.5,892,0
5.8,29.8,75.6,1099,1
0.0,33.6,68.2,87,0
428.9,26.1,75.8,680,0
56.8,29.1,65.7,262,0
31.6,28.4,60.4,1270,1
178.2,25.0,74.9,1015,0
423.3,26.2,83.9,781,0
0.0,31.9,60.0,1279,1
280.8,25.4,76.2,563,0
37.0,31.1,71.0,174,0
22.5,26.3,70.5,204,0
0.0,24.3,86.0,336,0
9.3,30.4,66.5,1401,1
38.8,32.6,82.0,1318,1
72.2,26.6,70.0,923,1
29.3,22.0,60.0,374,1
296.3,28.7,80.7,851,0
0.0,29.3,66.4,1245,1
18.6,34.1,66.3,1170,1
131.0,22.0,80.3,642,0
35.5,30.3,73.8,1290,1
0.0,29.3,66.5,1252,1
25.2,28.7,70.5,29,0
2.6,24.2,79.9,280,0
134.4,28.3,91.0,739,0
16.7,37.6,68.3,1207,1
384.3,24.5,81.2,823,0
244.4,22.6,90.4,509,0
217.5,29.7,93.3,994,0
358.8,25.9,86.2,860,0
0.0,33.1,76.5,1246,1
4.4,22.0,80.0,399,1
0.0,33.1,62.7,1317,1
0.0,32.0,68.9,1287,1
423.7,26.7,87.5,698,0
0.4,31.4,77.3,1336,1
0.0,26.6,71.2,311,0
15.0,33.1,60.6,1251,1
306.4,28.7,80.9,949,0
50.9,27.1,68.5,257,0
225.9,26.8,74.0,526,0
378.2,23.4,92.8,834,0
49.2,22.0,86.3,447,1
398.0,29.6,64.7,839,0
167.6,27.0,94.9,662,0
208.6,27.0,84.5,590,0
0.0,31.6,73.3,1154,1
15.2,35.4,76.4,1155,1
34.3,37.8,56.1,1221,1
141.0,28.3,81.2,773,1
0.0,32.6,80.5,1128,1
131.4,29.5,88.0,870,1
99.5,24.5,74.9,450,0
32.0,32.1,66.8,1320,1
0.0,32.9,71.1,1210,1
308.8,28.7,85.3,545,0
48.0,26.5,83.8,142,0
0.0,31.6,58.0,1208,1
0.0,28.0,59.6,171,1
13.2,27.3,70.0,255,0
95.5,29.5,85.8,957,1
197.4,27.4,80.4,997,0
0.0,25.3,64.7,343,0
26.9,31.7,76.3,1158,1
55.2,31.8,75.0,1184,1
92.9,30.7,84.0,912,1
0.0,33.2,60.8,1438,1
28.2,27.4,69.2,91,0
0.0,35.7,81.9,1175,1
326.4,25.0,90.4,848,1
99.9,29.4,68.5,1065,1
0.0,29.6,57.3,45,1
14.5,32.9,81.0,1128,1
116.6,22.0,79.8,696,1
5.9,28.6,67.7,450,1
0.0,22.0,67.7,330,0
391.3,28.3,79.2,718,0
0.0,23.7,72.8,414,1
166.2,31.0,76.1,1038,0
0.0,27.4,53.7,1261,1
91.1,28.5,86.5,824,1
9.6,23.8,81.4,451,1
20.3,33.2,66.5,1422,0
44.0,29.1,76.9,1173,1
8.7,34.7,72.2,1260,1
388.9,23.5,74.7,800,0
0.0,26.5,69.8,242,0
124.7,22.0,82.5,506,1
58.1,28.1,80.0,463,1
12.6,30.9,76.6,66,0
113.6,32.2,85.3,932,1
415.9,25.5,85.6,728,0
0.0,23.9,81.9,389,1
141.3,29.0,89.4,917,1
24.1,24.3,75.5,415,1
151.6,26.2,95.2,805,0
378.2,26.5,86.1,799,0
321.6,27.5,80.6,697,0
0.0,31.9,72.4,40,0
26.3,27.7,59.3,54,0
181.7,26.6,96.3,690,0
41.7,29.1,68.6,1147,1
0.0,35.0,62.1,1222,1
415.2,26.1,77.5,889,0
37.2,28.6,74.2,204,0
0.0,25.8,69.8,406,1
287.7,28.4,75.9,900,0
0.0,27.2,63.4,165,0
0.0,24.1,53.8,377,1
23.0,31.8,75.4,1398,1
4.3,33.6,56.3,1310,1
60.9,29.6,81.5,341,0
238.5,32.5,91.5,951,0
0.0,32.0,70.1,1432,1
7.3,24.7,77.8,425,1
49.9,30.4,65.7,1336,1
8.0,33.2,81.0,1305,1
1.2,27.9,90.7,344,0
278.8,26.4,66.5,547,0
256.5,29.6,87.9,953,0
174.5,23.3,81.4,641,0
165.1,26.3,98.0,728,1
9.9,26.6,74.6,336,0
17.9,33.2,59.6,1434,1
0.0,30.5,58.1,26,0
63.9,33.9,69.5,1235,1
47.1,33.6,57.9,1085,1
385.3,24.6,75.4,665,0
0.0,29.7,53.8,1424,1
22.8,28.6,51.3,303,1
137.1,32.3,82.7,1041,1
212.5,27.1,90.9,759,0
19.3,23.5,82.3,386,1
5.7,27.4,57.8,1356,1
164.1,27.0,88.8,721,0
0.0,33.0,69.8,1208,1
90.6,25.5,69.3,430,1
12.2,32.0,66.8,1219,1
132.3,28.9,69.3,1011,1
85.4,24.5,65.9,522,1
0.0,34.4,65.6,1178,1
447.3,27.1,80.0,777,0
0.0,26.3,72.0,73,0
0.0,26.6,62.3,205,0
0.0,27.7,73.4,97,0
0.8,30.2,77.1,209,0
127.3,30.4,79.0,1055,0
0.0,29.0,66.4,277,0
0.7,31.9,66.9,1114,1
306.8,23.3,75.0,594,0
103.8,28.9,83.0,1025,1
20.9,31.3,76.7,1202,1
269.5,24.2,79.4,540,0
11.5,23.8,71.3,299,0
239.3,31.3,67.9,1017,0
24.8,30.2,63.5,1312,1
103.9,23.1,88.1,777,0
18.3,28.8,61.1,1337,1
165.4,29.0,70.2,982,0
172.3,25.1,72.8,511,0
23.2,34.1,53.7,1408,1
125.5,24.7,76.2,682,1
121.3,27.6,91.1,815,1
386.3,26.8,96.0,785,0
85.1,22.0,91.1,436,1
0.0,32.2,64.7,1337,1
26.4,26.0,69.0,270,0
29.6,28.3,81.1,1085,1
413.5,30.3,74.6,813,0
53.1,25.2,73.6,523,1
12.3,22.0,69.5,403,1
88.7,25.2,88.5,446,1
348.3,33.0,80.7,815,0
0.0,31.9,77.6,1307,1
301.8,28.3,79.1,831,0
106.8,23.4,75.2,641,1
342.4,26.1,98.0,804,0
9.6,35.1,71.5,1209,0
112.3,25.4,72.0,458,1
0.0,30.1,52.6,165,0
30.8,31.0,61.7,1358,1
85.3,31.7,92.3,1031,1
0.0,27.8,63.4,130,0
346.3,27.2,64.8,768,0
130.5,24.9,81.4,702,1
342.2,31.6,90.1,892,0
71.3,30.4,75.4,1022,1
0.2,26.9,74.5,290,0
0.0,22.0,78.3,381,1
363.8,26.9,81.6,603,0
142.8,22.2,77.6,607,0
301.3,26.7,79.4,853,0
269.7,22.0,78.3,559,0
121.3,25.2,70.9,863,1
395.5,27.9,88.8,733,0
372.1,25.4,79.1,807,0
55.8,27.1,88.9,975,1
443.9,23.0,95.3,751,0
111.8,26.4,78.7,586,0
20.9,29.3,64.7,11,0
0.0,29.9,60.7,15,0
163.0,29.8,71.4,891,0
110.4,30.2,77.4,918,1
183.7,25.6,84.6,664,1
0.0,33.4,69.8,1391,1
11.6,22.6,86.9,328,0
11.2,24.6,67.4,304,0
163.7,27.0,77.7,701,0
313.9,31.7,90.8,897,0
0.0,30.9,45.9,196,0
0.0,28.4,57.3,1426,1
20.4,27.1,76.9,187,1
33.1,30.0,57.7,99,0
0.0,30.5,61.0,1419,1
160.7,26.6,84.6,689,0
0.0,29.1,80.4,369,1
54.2,30.1,72.0,1159,1
216.9,22.0,79.5,524,0
189.4,25.3,77.2,495,0
37.4,23.2,75.3,460,1
425.3,28.3,77.9,795,1
5.1,30.4,56.7,41,0
0.0,31.1,76.4,1322,1
49.3,30.6,64.6,1222,1
24.4,31.7,64.6,1341,1
138.4,24.4,92.3,716,1
24.3,31.3,48.8,87,0
381.6,26.2,73.0,765,0
0.0,24.4,67.6,224,0
0.0,34.7,72.4,1175,1
59.4,30.6,65.0,1023,1
14.1,35.6,60.2,1117,0
311.0,28.5,70.1,923,0
400.6,25.4,87.0,798,0
147.1,23.5,83.8,430,1
438.1,25.0,86.1,699,1
209.1,23.5,65.5,525,0
0.0,23.9,62.1,339,0
98.1,29.9,75.9,1065,1
0.0,32.3,65.2,114,0
2.1,31.0,61.6,1358,0
85.0,28.4,74.6,472,1
0.0,32.9,67.7,1397,1
385.2,26.8,98.0,791,0
0.0,26.5,80.6,313,0
107.8,23.1,79.1,586,1
109.6,26.3,76.2,437,1
33.9,32.7,79.1,1003,1
427.0,26.4,80.1,701,0
213.3,29.0,90.2,971,0
198.7,27.2,95.0,759,0
13.0,30.1,76.7,1106,1
397.2,22.4,96.7,665,0
328.5,29.6,77.6,923,0
47.4,22.7,74.1,290,1
341.1,28.2,92.1,932,0
0.0,25.9,77.2,344,0
114.7,27.7,96.9,653,1
165.3,28.7,84.2,975,0
0.0,29.4,64.9,1369,0
174.9,28.5,75.7,791,0
82.9,25.6,68.9,330,0
52.4,31.6,73.2,1376,1
341.0,22.0,91.8,636,0
177.5,27.3,68.5,712,0
143.4,22.0,80.6,732,1
0.0,27.4,71.6,237,0
0.0,27.0,76.5,367,1
0.0,29.3,59.2,97,0
17.1,24.7,84.5,302,0
46.6,23.1,79.6,356,0
134.8,29.7,95.1,1077,0
44.8,36.2,69.6,1159,1
127.0,23.0,65.1,477,1
40.4,25.0,78.7,423,1
25.6,22.5,93.7,463,1
58.7,23.5,79.1,464,1
0.0,26.7,69.8,1,0
0.0,28.9,69.2,110,0
130.9,24.4,74.2,695,1
175.9,30.7,76.0,862,0
0.0,25.3,63.4,224,0
33.5,27.1,64.2,138,0
166.2,28.8,92.6,819,1
16.8,31.8,61.8,1267,1
0.0,31.1,46.7,1335,1
59.6,23.8,70.7,477,1
415.0,24.0,81.3,762,0
29.0,30.6,77.1,1337,1
14.9,31.6,68.5,1115,1
0.0,29.5,45.0,1283,1
0.0,23.9,62.4,240,0
141.3,28.4,85.1,720,1
14.6,32.9,53.7,1185,1
0.0,30.6,69.7,35,0
254.0,27.9,85.7,910,0
0.0,31.9,66.5,1337,1
25.3,26.0,69.3,1395,1
15.4,26.6,61.6,76,0
34.6,25.8,69.7,383,1
0.0,23.8,67.4,333,1
36.2,25.6,67.4,243,0
40.1,27.7,84.0,214,0
45.2,27.5,59.3,74,0
286.4,22.9,88.2,541,0
13.6,31.1,60.1,1315,1
16.3,26.3,69.8,290,0
14.0,27.6,77.0,1050,0
87.0,24.7,54.9,548,1
9.7,31.4,67.3,1329,1
0.0,32.1,62.3,1312,1
160.0,26.5,69.7,864,0
69.3,23.9,81.8,530,1
302.3,26.4,92.2,659,0
0.0,33.4,70.1,1204,1
177.2,32.5,88.3,973,0
28.1,30.2,87.1,1241,1
184.4,25.4,79.6,527,0
11.3,30.2,68.1,1357,1
232.7,24.5,84.6,956,0
14.3,27.0,79.1,339,0
2.7,33.4,62.2,1261,1
174.3,27.5,92.1,617,0
10.2,28.5,74.9,1348,1
102.9,30.3,82.7,1012,1
58.4,26.5,79.9,232,0
347.6,30.3,92.2,892,0
54.3,27.2,56.3,19,0
8.8,31.4,68.2,1267,1
0.0,32.1,79.1,1198,1
0.5,31.5,73.5,36,0
184.8,24.8,59.5,528,0
372.3,25.1,83.8,707,0
0.0,26.3,77.8,205,0
0.0,31.7,76.2,1296,1
421.3,27.5,72.8,768,0
0.0,22.9,67.6,363,1
50.0,23.7,80.9,452,1
403.6,25.5,84.1,741,0
180.1,22.0,81.8,605,0
69.0,22.0,80.3,512,1
35.3,27.8,63.4,1407,1
257.0,28.6,79.4,923,0
99.5,25.1,86.8,543,1
358.9,23.3,90.0,601,0
172.8,22.0,85.3,672,0
378.4,28.9,95.1,825,0
6.7,32.0,70.4,1128,1
381.4,24.7,85.3,670,0
65.2,31.3,76.0,1054,1
0.0,29.9,58.3,1238,1
73.3,32.1,84.5,969,1
33.4,28.6,75.5,162,0
10.8,29.7,71.7,9,0
20.0,30.8,77.1,1087,1
76.8,27.1,55.7,184,0
0.0,32.4,71.8,1342,0
252.0,25.5,96.7,933,0
358.5,23.6,83.8,719,0
0.0,31.3,71.0,1259,1
43.6,31.3,80.2,1246,1
80.0,24.6,85.7,751,1
94.5,31.6,78.6,975,1
57.5,22.8,77.6,423,1
160.8,23.9,91.4,773,0
10.6,30.9,79.8,1199,1
28.1,29.0,53.0,267,0
95.6,30.9,83.0,1067,0
341.2,27.0,84.9,883,0
324.9,24.5,78.3,719,0
268.4,26.5,91.4,973,0
147.8,27.6,88.9,851,1
15.3,29.5,54.9,119,0
32.7,26.0,78.3,320,0
78.0,29.7,89.4,1007,1
125.9,27.5,75.9,915,1
221.5,31.8,81.7,1013,0
0.0,31.1,71.8,1183,1
215.9,22.0,80.1,481,0
65.4,24.5,67.4,262,0
53.7,30.8,62.8,1375,1
51.6,29.4,70.0,28,0
58.1,24.1,73.3,345,0
0.0,31.5,71.5,1422,1
370.6,26.8,93.3,788,0
52.7,31.8,92.9,1013,1
104.9,31.6,68.9,1086,1
10.3,29.3,75.5,28,0
0.0,29.0,68.7,43,1
366.9,25.2,86.5,736,0
157.8,24.8,87.3,788,1
0.0,24.7,71.4,305,0
59.7,26.1,59.6,343,0
25.9,31.6,71.6,19,0
395.8,27.3,89.3,789,0
0.0,34.8,68.8,128,0
0.0,32.1,54.6,1331,1
123.6,22.0,83.5,572,1
4.1,32.3,78.6,1111,1
0.0,33.7,89.9,1113,1
0.0,30.9,78.1,1098,1
6.5,28.5,52.4,1352,1
23.3,23.3,72.1,227,0
66.9,31.7,81.8,1155,1
0.0,29.4,72.4,1129,1
306.9,23.7,69.7,589,0
0.0,28.3,80.3,82,1
14.8,29.9,68.9,205,0
9.6,32.5,61.0,1424,1
18.3,24.0,78.8,353,0
0.0,23.7,67.5,403,1
142.2,30.9,74.6,940,1
1.2,24.8,72.0,396,1
83.2,31.5,79.5,1028,1
50.8,34.2,67.5,1169,1
9.8,30.3,72.4,1272,1
29.7,33.4,80.5,1127,1
107.1,23.2,79.8,539,1
45.0,27.4,70.8,1181,1
320.8,22.0,88.8,555,0
365.1,24.1,89.8,765,1
111.9,33.5,69.0,1076,1
241.2,28.8,91.8,901,0
0.0,31.3,74.1,1290,1
185.6,33.0,75.7,1019,0
21.4,30.3,54.8,1316,1
393.1,25.2,87.3,770,0
381.6,25.2,86.5,702,0
312.8,24.0,84.2,558,1
29.2,30.7,76.0,59,0
111.8,25.2,77.4,430,0
24.3,30.3,73.1,1213,1
27.1,28.1,72.4,1306,1
162.5,31.6,74.0,1044,0
0.0,25.3,71.6,66,0
260.3,29.7,93.0,914,0
160.7,26.6,81.3,689,1
171.5,26.3,65.4,538,0
0.0,27.7,60.0,150,0
21.1,35.9,68.5,1283,1
0.0,29.2,57.4,1254,1
0.0,29.9,63.8,204,1
0.0,27.5,65.6,67,0
28.4,24.2,82.7,449,1
80.2,24.5,89.9,575,1
313.2,31.7,84.9,949,0
44.1,29.3,65.0,1333,1
167.1,28.8,80.4,628,0
131.8,26.5,77.1,1046,1
0.0,31.7,74.3,1312,1
159.8,28.1,88.9,829,0
80.1,26.2,77.8,455,1
0.0,28.6,76.9,1379,1
345.0,24.1,81.0,873,0
38.4,32.6,88.7,980,1
5.1,32.5,66.5,1237,1
87.6,27.0,68.7,1030,1
9.7,24.2,73.0,332,0
0.0,30.0,51.9,1334,1
396.8,29.2,82.3,791,0
23.1,30.7,72.8,1343,1
0.0,27.6,72.7,169,1
0.0,24.0,85.7,396,1
119.1,31.3,78.0,850,1
38.8,33.8,61.5,1255,1
54.4,32.2,70.6,1432,1
114.4,29.4,76.1,918,1
295.0,29.4,83.8,953,0
59.3,22.3,69.4,420,1
9.1,26.3,71.4,376,1
0.0,24.4,68.5,339,0
41.9,26.5,65.2,114,0
0.0,31.6,67.0,1275,1
375.4,26.0,86.8,745,1
346.1,27.9,86.4,717,0
144.0,29.7,87.4,882,1
63.7,22.0,77.3,538,1
36.6,31.1,69.2,110,0
219.0,24.8,88.2,1015,0
0.0,26.8,60.7,282,0
365.2,23.2,75.7,614,0
62.0,29.1,73.6,1267,1
0.0,29.1,81.3,1109,1
0.0,33.8,62.7,1393,1
58.2,25.4,79.8,392,1
0.0,29.8,62.3,101,0
133.0,31.0,81.9,906,1
422.0,24.7,84.5,677,0
3.7,34.2,67.3,1331,1
159.2,27.6,94.8,841,0
0.0,23.7,84.8,49,0
214.5,29.2,74.1,748,0
0.0,25.6,61.8,1340,1
0.0,24.6,66.9,306,0
186.7,27.5,96.0,771,0
124.8,26.1,87.1,1046,0
6.8,27.7,73.5,131,0
4.5,29.7,61.8,19,0
331.5,29.8,85.4,896,0
378.0,27.0,72.3,733,0
0.0,23.3,75.8,249,0
409.4,24.7,88.1,760,0
2.4,29.7,64.2,1282,1
0.0,22.3,76.2,269,0
0.0,30.2,73.4,1126,1
0.0,35.0,55.2,1257,1
18.0,31.7,75.6,1410,1
112.3,31.7,91.5,1071,1
55.8,29.6,59.1,1255,1
0.0,28.0,70.1,1269,0
299.4,25.3,94.0,558,0
22.2,32.8,54.8,1398,1
111.9,24.5,60.6,463,0
129.7,29.5,81.8,862,1
0.0,31.3,70.7,1258,1
1.6,32.0,82.7,1183,1
0.0,30.0,84.6,1360,1
0.0,32.6,73.3,1318,1
0.0,26.6,54.0,211,0
17.1,30.2,69.0,79,0
26.4,32.4,64.2,1383,1
0.0,24.5,80.1,332,0
0.0,29.0,51.2,167,0
0.0,23.1,82.4,360,1
312.2,27.7,94.7,552,0
30.7,34.3,68.1,1322,1
29.3,25.8,81.8,311,0
327.9,27.5,88.3,928,0
54.5,29.5,48.1,114,0
0.0,28.4,66.6,1410,1
188.2,30.8,82.7,1000,0
423.4,22.0,76.5,755,0
0.0,27.8,67.5,1,0
0.0,25.9,59.3,321,0
37.6,28.8,70.2,261,0
389.5,26.7,88.6,760,0
25.9,30.8,85.9,1350,1
0.0,28.9,70.4,1071,1
163.1,24.1,90.6,715,0
0.0,22.0,65.3,404,1
131.8,27.2,92.8,853,1
0.0,32.4,65.9,148,0
330.8,29.3,86.7,934,0
4.1,30.8,57.8,49,1
117.5,25.3,86.4,908,1
70.9,33.6,60.6,1426,1
126.8,28.2,83.6,713,1
4.2,31.9,66.1,1111,1
83.1,25.4,74.8,478,1
0.0,30.1,68.5,1375,1
395.6,24.6,84.5,686,0
130.1,33.4,93.6,849,1
62.2,28.1,60.7,84,0
253.5,33.7,92.8,1008,0
0.0,28.6,72.3,404,1
113.8,26.9,98.0,752,1
0.0,29.8,67.7,10,0
35.9,22.5,88.9,336,0
133.4,27.1,86.3,728,1
186.7,24.6,71.1,606,0
130.6,23.9,80.2,546,1
247.7,28.1,82.0,933,0
0.0,31.4,78.4,1398,1
0.0,32.4,52.3,1339,1
0.0,31.8,65.2,1189,1
45.6,32.4,81.8,1001,1
182.7,30.0,82.5,984,0
0.0,26.7,77.9,184,0
47.7,23.8,54.3,287,0
16.8,31.0,60.6,1348,1
401.3,26.8,91.4,834,0
11.4,26.9,71.9,1166,1
259.0,25.2,87.7,564,0
420.8,28.8,83.6,816,1
0.0,34.4,73.3,14,0
336.3,22.7,78.4,653,0
19.3,31.2,64.3,1367,1
178.5,31.7,77.2,1023,0
96.2,28.9,76.3,913,1
54.6,29.3,78.5,1075,1
50.1,22.0,74.1,468,1
133.7,24.3,84.6,556,1
100.1,26.6,84.2,560,1
0.0,26.0,64.0,255,0
75.0,24.0,86.5,565,1
51.5,31.6,79.5,1028,1
60.4,33.5,65.3,1201,0
52.7,31.5,72.3,1422,1
12.9,22.7,73.3,314,0
0.0,28.9,74.9,154,0
115.0,22.9,88.9,443,1
190.3,22.6,71.2,527,0
0.0,23.8,83.5,292,0
8.8,28.9,69.8,110,0
46.4,28.0,67.8,113,0
0.0,23.9,69.5,397,1
194.0,28.0,82.7,973,0
105.2,25.9,64.3,576,1
178.3,24.4,75.8,696,0
26.0,27.6,50.4,65,0
80.8,22.0,81.0,557,1
0.0,35.2,83.3,1161,1
35.8,26.9,67.1,17,0
0.0,27.5,72.7,230,0
201.8,27.3,83.1,721,0
175.1,24.4,84.8,691,1
191.3,25.4,69.3,616,0
273.5,25.1,90.5,599,0
159.6,29.7,87.7,840,1
25.8,27.2,76.3,248,0
112.3,29.4,82.8,972,1
12.9,25.2,66.3,275,0
42.8,33.1,69.4,96,0
181.1,26.2,77.6,537,1
0.5,23.8,71.8,329,0
0.0,31.5,86.7,1050,0
378.3,27.8,92.7,802,0
0.0,31.4,71.2,1129,1
164.5,30.5,87.7,807,0
71.0,23.9,86.2,478,1
216.9,29.8,68.2,969,0
30.4,29.6,67.3,144,0
116.0,22.2,83.0,599,0
75.8,28.9,66.5,995,1
311.2,27.5,76.0,625,0
0.0,24.1,67.8,445,1
0.0,28.4,64.0,44,0
380.1,26.3,86.7,732,1
29.6,32.3,58.7,1216,1
0.0,29.6,62.2,219,0
0.0,26.7,73.5,363,1
140.4,27.4,98.0,802,1
48.4,29.3,65.5,274,0
0.0,33.4,64.9,1390,1
350.5,25.3,86.2,611,0
92.3,28.3,93.9,968,1
49.8,29.6,71.2,254,0
5.5,34.4,86.7,1184,1
0.0,25.6,54.2,156,0
10.3,24.8,75.8,244,0
389.6,25.3,77.2,858,0
19.2,29.3,73.0,1090,0
289.3,31.6,78.5,908,0
114.1,24.3,69.0,454,1
344.9,24.7,93.8,769,0
53.8,30.5,74.1,926,0
26.9,29.7,61.1,132,1
41.3,32.7,63.1,56,0
181.1,25.2,74.6,539,0
85.8,25.3,82.3,491,1
20.7,30.2,52.8,1268,1
129.8,30.2,72.8,1001,1
0.0,30.8,59.3,1407,1
23.8,24.3,58.4,72,0
139.8,24.7,91.0,499,0
0.0,27.4,61.8,1431,1
1.9,32.9,71.1,1092,1
366.8,25.2,86.4,746,0
0.0,25.3,78.1,265,0
226.3,23.0,74.8,508,0
435.8,24.8,87.0,748,0
39.6,29.5,54.8,21,1
107.6,29.9,86.2,848,0
0.3,24.8,67.6,203,0
15.6,27.0,59.5,221,0
0.0,36.1,58.6,1158,1
296.6,22.8,91.6,577,0
64.4,25.1,79.7,330,0
43.3,32.5,69.6,1418,1
314.1,29.5,95.0,674,0
15.1,35.0,76.7,1193,1
119.6,28.8,74.6,931,1
12.1,28.8,67.9,170,1
389.6,26.5,96.9,825,0
0.0,32.2,60.7,47,0
213.1,23.9,79.7,585,0
355.7,31.4,86.7,868,0
18.8,22.0,87.1,416,1
0.0,28.2,73.3,231,0
192.3,28.5,77.8,813,0
0.0,25.8,66.2,1388,1
231.1,25.8,82.9,934,0
388.9,29.6,89.9,785,0
0.0,29.0,55.3,156,0
229.2,31.6,69.2,973,0
0.0,35.4,69.1,1246,1
427.1,26.3,84.5,829,0
19.8,34.2,70.8,1068,1
5.0,33.9,66.9,128,0
0.0,34.4,68.1,1278,0
0.0,32.3,89.7,1102,1
3.9,27.9,63.2,176,0
422.7,25.6,75.3,700,0
0.0,32.2,79.6,1287,1
0.0,26.1,65.6,255,0
326.4,22.0,85.4,565,0
247.6,24.9,89.0,517,0
0.0,30.5,78.5,39,0
379.4,28.7,86.2,744,0
0.0,29.1,57.0,154,0
0.0,30.0,78.3,1133,1
126.9,22.3,82.7,604,1
93.8,29.0,73.6,906,1
61.9,23.4,80.1,322,1
13.1,31.1,72.2,1404,0
0.0,26.6,77.3,120,0
19.7,34.0,76.7,1101,1
32.3,26.3,59.2,352,0
77.8,26.1,92.6,423,1
9.2,31.5,56.7,1317,1
159.3,26.4,77.9,747,0
159.3,27.0,80.5,707,0
111.4,24.9,86.9,598,0
0.0,29.4,63.9,133,0
38.3,25.6,72.9,212,0
0.0,31.7,56.0,3,0
129.6,24.8,83.1,761,1
3.3,35.0,72.6,1390,1
21.7,27.4,76.9,218,0
0.0,34.1,74.3,1291,0
338.3,23.7,87.4,603,0
0.0,31.0,69.7,1080,1
411.9,24.0,77.2,625,0
389.1,22.0,90.8,692,0
185.1,22.0,84.3,616,0
10.0,24.6,65.3,326,1
164.6,22.0,91.8,701,0
78.2,24.6,75.3,484,1
276.2,23.8,93.3,546,1
0.0,22.4,62.5,144,0
0.0,26.9,61.1,127,1
1.7,31.8,67.7,1173,1
0.0,34.3,63.9,1360,1
288.0,28.1,87.0,903,0
0.0,24.7,65.3,131,0
116.0,22.0,95.0,597,1
11.0,29.8,64.7,1410,1
388.9,22.6,75.4,610,0
113.0,23.7,79.3,456,1
0.0,25.5,88.6,343,0
0.0,32.9,72.3,1198,1
367.9,25.7,69.8,652,0
0.9,30.8,63.1,1235,1
132.0,26.4,87.3,704,1
117.7,26.0,67.0,921,1
0.0,31.1,90.5,1020,1
162.4,26.4,81.7,769,0
0.0,32.1,45.0,1263,1
0.0,25.9,86.0,155,0
406.2,26.1,95.4,847,0
0.0,33.2,63.2,1284,1
24.2,31.2,62.8,1227,1
417.8,28.1,83.9,831,0
129.1,29.6,90.7,1057,1
397.5,32.7,84.8,815,1
0.0,25.4,58.6,275,0
0.0,34.4,80.4,1259,1
119.6,31.7,88.7,822,1
93.0,26.4,66.5,479,1
0.0,30.8,60.8,1360,1
319.0,27.8,82.3,885,0
362.8,22.0,82.4,843,0
0.0,26.8,82.4,1092,1
0.0,31.8,81.2,1177,1
0.0,24.0,75.4,344,0
2.1,29.2,83.7,1104,1
100.7,24.2,81.3,422,1
0.0,24.0,64.3,354,0
13.3,29.9,72.8,1171,1
6.7,33.5,62.2,1358,1
364.0,25.4,92.9,840,0
22.3,29.4,60.8,130,0
304.3,24.6,84.8,541,0
396.5,30.7,78.6,844,0
7.8,29.9,52.4,1435,1
84.8,26.3,82.8,921,1
187.1,28.7,82.4,1005,0
0.0,31.4,83.2,1092,1
111.0,26.5,89.4,647,1
37.7,30.6,72.3,922,1
8.1,25.6,69.8,286,0
7.2,25.8,61.5,270,0
443.8,28.4,78.1,814,0
159.0,32.9,80.0,1057,1
61.8,24.8,81.7,460,1
19.2,26.6,57.4,274,0
0.0,25.0,77.6,404,1
118.8,29.6,84.5,912,1
4.8,32.0,57.3,1373,1
158.9,25.0,83.6,786,1
0.0,22.8,61.5,244,0
22.0,29.1,50.7,1437,1
158.9,23.1,88.3,508,0
94.7,28.3,75.2,187,0
43.7,26.4,66.5,187,0
322.7,29.4,85.6,953,0
0.0,31.0,56.4,1386,1
31.4,31.0,86.9,978,1
354.7,27.1,85.0,878,0
0.0,25.5,58.0,202,0
64.5,22.0,74.9,335,0
301.7,29.7,85.1,941,0
3.3,22.0,63.9,211,0
53.2,25.5,60.3,344,0
9.5,27.8,66.1,243,0
289.7,28.7,91.1,929,0
314.1,29.8,87.6,950,0
92.8,23.3,84.6,581,1
110.6,24.0,74.5,518,1
17.2,26.6,63.3,184,0
126.9,28.4,77.4,782,1
63.6,26.4,69.3,201,0
372.6,22.8,86.4,687,0
0.0,31.5,74.4,1401,0
89.8,23.9,70.1,561,1
0.0,25.6,66.1,213,0
109.4,32.1,72.3,1048,1
208.7,30.0,85.4,762,0
167.5,26.9,90.3,761,0
433.9,28.6,79.2,839,0
135.5,31.1,83.3,1074,1
0.0,32.9,69.6,12,0
34.9,33.3,67.5,1206,1
265.4,27.9,89.6,909,0
153.9,29.2,87.6,867,0
2.1,32.7,62.5,1263,1
89.8,25.2,64.0,298,0
13.3,27.7,79.3,331,0
17.8,22.6,68.0,321,0
38.5,28.7,71.7,139,0
238.2,28.2,73.2,947,0
418.9,22.0,92.6,679,1
0.0,27.2,55.2,185,0
0.0,29.2,52.3,8,0
30.3,25.8,64.2,207,1
0.0,27.9,75.1,12,0
29.2,36.0,78.5,1230,1
98.8,22.0,83.1,458,1
0.0,26.5,69.7,1429,1
0.0,27.0,64.3,253,0
27.5,30.0,53.6,81,0
162.0,22.4,95.3,696,0
0.0,30.7,77.1,1313,1
172.2,31.3,72.2,1004,0
23.4,24.0,76.6,383,1
149.0,26.1,82.1,607,1
2.1,26.9,59.7,194,0
0.0,25.0,58.7,290,0
14.5,22.3,74.6,340,0
353.7,24.4,82.4,605,0
42.4,28.7,61.4,22,0
246.9,26.1,81.2,564,0
0.0,33.8,71.8,1170,1
59.4,30.3,67.9,1425,1
10.1,31.9,79.8,1228,1
354.0,23.8,91.1,622,0
29.5,29.8,71.7,1389,1
254.4,27.9,76.3,968,0
68.7,24.3,72.0,468,1
465.5,25.4,79.6,732,0
0.0,34.8,79.5,1171,1
49.3,30.1,83.7,1068,1
5.3,36.7,54.3,1310,1
327.8,32.7,90.1,944,0
37.9,27.6,67.4,100,0
4.8,25.8,70.2,240,0
7.6,27.7,86.4,1020,1
0.7,27.2,68.6,156,1
0.0,32.6,60.8,1299,1
226.7,30.4,73.9,977,0
92.8,27.4,83.8,935,1
0.0,25.0,73.9,330,0
35.2,32.5,79.9,1133,1
24.2,24.3,93.5,360,1
115.0,33.5,87.6,1066,1
130.7,26.8,77.5,831,0
15.4,22.0,72.9,335,0
79.7,22.0,75.3,476,1
361.2,27.2,85.8,848,0
307.2,25.6,75.7,861,1
382.6,24.8,72.1,895,0
288.8,28.2,71.3,927,0
5.4,31.6,45.2,25,0
150.3,23.6,77.8,651,0
0.0,26.7,87.0,249,0
3.8,28.9,66.3,295,0
39.2,32.8,72.4,1246,1
33.6,23.3,63.7,302,0
27.3,29.0,58.9,61,0
8.0,24.3,64.4,353,1
376.9,28.0,79.7,816,0
170.8,24.9,83.5,655,0
0.0,26.4,76.7,210,0
56.0,31.0,76.2,1412,1
221.3,23.4,85.3,511,0
39.0,27.6,71.2,1422,1
17.7,24.1,63.3,131,0
109.5,30.8,98.0,957,1
167.0,26.6,77.6,602,0
0.0,27.3,67.4,234,0
0.0,31.9,61.8,47,0
0.0,35.4,78.0,1225,1
0.0,31.0,64.4,1273,1
302.0,27.6,83.4,911,0
38.0,32.9,82.5,1131,1
231.6,31.8,73.6,925,0
333.9,23.2,88.5,615,0
36.3,27.1,80.3,472,1
13.1,30.7,59.8,1327,0
28.5,30.4,60.5,48,0
0.0,31.3,69.1,1248,1
228.2,24.5,81.7,507,1
157.2,23.1,96.2,666,1
0.0,33.9,82.3,1274,0
110.4,22.0,71.6,479,1
42.1,28.1,98.0,1000,1
275.2,26.7,78.4,575,0
0.0,29.1,89.7,367,1
0.0,30.4,86.5,1089,1
76.1,28.2,64.4,314,0
40.1,34.6,58.8,1254,1
10.4,31.6,66.3,1397,1
13.9,29.9,72.6,1425,1
15.5,34.3,75.2,1116,1
122.3,30.5,77.9,1060,1
393.3,28.9,87.2,884,0
35.8,24.7,52.8,116,1
326.8,26.2,85.6,830,0
25.4,30.8,63.5,1242,1
257.7,24.4,79.1,583,0
96.5,28.4,71.9,934,0
29.4,23.5,64.5,361,1
0.0,24.1,80.2,474,1
164.5,22.6,81.0,561,0
163.1,24.7,96.8,854,0
51.4,23.2,74.5,456,1
185.0,25.5,91.0,758,0
420.8,26.7,94.1,695,0
48.1,23.7,79.0,424,1
161.8,28.8,85.6,896,0
357.0,23.7,94.5,707,0
162.9,24.5,94.3,614,0
18.2,28.0,79.8,1106,1
429.5,25.7,95.8,795,0
108.8,25.4,79.2,1076,1
409.2,23.6,76.3,755,1
0.0,24.4,70.5,217,0
80.0,31.2,74.7,977,1
18.3,32.2,85.0,1114,1
221.2,26.1,77.8,504,0
52.1,28.8,73.5,1341,1
13.8,26.2,68.6,415,1
0.0,28.8,56.6,30,0
16.7,28.1,73.3,418,1
0.0,24.2,64.5,396,1
43.6,35.1,78.7,1173,1
0.0,30.3,84.8,382,1
91.4,25.0,82.3,435,1
250.6,32.6,93.3,905,0
5.0,27.3,71.9,178,1
179.4,28.6,81.7,734,0
332.4,24.0,83.0,557,0
39.7,32.0,78.6,1057,1
0.0,25.5,84.5,372,1
0.0,31.6,70.7,1223,0
7.2,29.0,61.3,1212,1
1.7,23.3,59.4,240,0
2.8,33.8,64.9,1367,1
48.6,31.2,65.8,1415,1
25.3,33.8,57.3,1308,1
0.0,23.5,84.0,377,1
0.0,31.2,66.4,1307,1
45.3,29.3,87.2,992,1
0.0,23.6,61.1,217,0
11.4,30.1,72.8,1422,1
0.0,30.8,58.2,1325,1
109.1,29.0,77.7,916,1
24.1,31.0,71.7,1083,1
82.1,26.9,79.9,553,1
3.5,26.8,75.0,149,0
0.0,29.7,69.3,165,0
118.8,30.6,72.1,979,1
258.8,24.2,73.5,547,0
168.1,31.5,81.3,1013,0
29.9,31.2,66.0,1261,1
94.4,29.0,81.6,996,1
0.0,31.3,56.8,1203,1
41.7,27.4,85.8,189,0
22.9,28.3,56.3,1219,1
0.0,31.1,64.6,1379,1
10.1,26.6,66.5,355,0
126.2,25.1,74.8,712,1
0.0,32.1,72.9,1294,1
7.2,32.8,70.8,1187,1
39.1,30.2,70.8,969,1
193.2,26.8,76.3,987,1
125.5,27.1,87.3,554,1
0.0,29.8,82.8,395,1
119.3,32.1,94.7,900,1
424.8,25.6,87.6,741,0
0.0,26.2,62.3,146,0
22.3,32.1,60.3,88,0
170.1,29.3,86.2,914,0
0.0,27.0,83.0,309,0
23.1,23.2,56.6,319,0
129.9,27.0,84.8,741,1
27.6,25.3,64.9,409,1
18.8,28.8,70.6,287,0
8.6,32.5,79.1,1432,1
4.8,24.9,60.8,418,1
18.4,32.8,52.1,68,0
78.1,29.5,92.2,1015,1
130.8,29.1,87.6,770,0
2.7,33.1,69.8,1231,1
0.3,33.5,77.3,1216,1
247.6,35.0,96.1,941,0
3.0,27.6,74.6,1158,1
2.0,26.3,65.3,99,0
0.0,28.3,54.9,266,0
52.0,32.7,70.5,1070,1
17.7,24.8,60.1,396,1
118.7,26.8,83.9,633,1
143.0,22.3,95.0,646,1
32.8,35.8,64.6,1308,1
49.7,32.8,83.6,1018,1
63.2,32.4,89.1,909,1
371.8,22.9,88.2,749,0
20.3,34.0,67.2,1280,1
0.0,26.0,59.1,260,1
0.0,36.6,78.1,1193,1
151.2,29.6,91.6,933,0
0.0,30.1,68.2,1268,1
2.4,33.0,65.2,1293,0
135.2,25.6,88.6,949,1
302.9,31.2,84.8,911,0
398.9,26.1,97.6,826,0
0.0,24.8,68.8,320,0
16.8,29.5,71.3,116,0
386.8,26.3,88.0,799,0
295.0,32.3,82.5,905,0
42.2,30.9,61.6,1369,1
0.0,32.9,78.5,1184,1
171.6,27.1,97.8,755,1
350.7,28.1,67.7,851,0
414.7,23.6,85.9,700,0
133.3,22.0,84.7,510,1
155.9,33.0,70.8,1021,1
34.1,29.9,73.6,1215,0
368.4,31.0,87.5,780,0
0.0,30.6,78.2,1143,1
24.1,29.5,65.2,226,0
64.9,24.4,67.0,471,1
96.5,27.3,77.8,420,1
0.0,32.6,78.3,1311,1
0.0,32.8,75.0,1306,1
290.3,26.7,71.6,934,0
26.7,32.3,64.0,1392,1
300.9,26.0,81.2,589,1
7.6,32.3,74.7,1244,1
189.4,32.2,79.2,1001,0
0.0,30.8,63.7,30,0
67.6,33.3,72.9,1039,1
97.8,24.4,98.0,595,1
0.0,34.2,55.8,1206,1
15.3,27.5,68.2,236,0
0.0,34.1,66.0,39,0
8.8,26.3,73.1,212,0
0.0,26.8,64.7,207,0
0.0,25.6,64.5,229,0
72.5,29.2,84.3,1003,0
222.6,23.0,77.0,529,0
5.3,35.6,69.6,1139,1
168.8,30.2,93.9,775,0
29.3,26.7,59.8,223,0
20.2,28.8,64.3,259,0
394.6,25.7,87.8,751,0
17.1,32.3,72.2,1328,1
277.8,32.1,80.2,933,0
17.1,31.4,71.7,1273,1
35.1,24.0,71.6,243,0
119.1,25.1,75.3,448,1
245.5,27.4,74.3,914,0
0.0,30.1,72.9,16,0
26.7,32.1,58.4,1338,1
0.0,26.5,93.9,337,0
356.1,25.9,79.5,608,0
290.9,29.6,94.9,926,0
81.8,27.7,78.7,288,0
126.1,32.2,79.7,914,1
0.0,26.2,83.3,396,1
34.9,33.6,82.8,1107,1
0.0,28.2,62.3,49,0
201.3,24.5,66.3,534,0
106.2,31.7,65.5,1023,1
178.0,30.7,89.7,740,0
318.7,23.6,83.5,895,0
30.8,29.8,67.8,153,0
0.0,31.9,73.4,1398,1
344.6,25.6,79.1,598,0
34.6,22.0,86.0,516,1
377.3,26.4,80.0,777,0
222.0,32.8,82.8,903,0
89.9,25.7,67.8,156,0
0.0,33.3,59.4,1310,0
24.2,30.3,66.3,1351,1
160.4,31.4,90.5,884,0
172.8,31.7,84.1,1007,0
409.6,27.9,96.3,791,0
0.0,23.1,71.3,400,1
0.0,31.6,84.5,1195,1
236.0,28.3,83.8,915,0
24.0,30.3,66.2,1213,1
44.8,23.8,78.9,473,1
14.6,23.1,62.2,180,0
0.0,33.3,74.9,1191,1
59.6,30.0,52.2,1434,1
347.4,26.6,93.6,897,0
31.6,23.1,64.9,271,0
175.3,26.8,85.3,740,0
0.0,29.0,82.0,303,0
36.3,25.4,65.0,248,0
211.4,32.7,85.4,1015,0
27.0,25.7,84.3,410,1
0.0,24.9,73.5,345,0
16.4,32.9,68.5,81,0
370.5,22.0,94.1,611,0
0.0,24.8,65.8,389,1
0.0,31.2,77.5,1289,1
0.0,32.6,56.8,1231,0
0.0,22.0,73.4,479,1
2.1,27.6,85.9,275,1
95.4,27.6,85.3,1026,1
59.0,33.2,68.1,1276,1
104.0,28.0,98.0,900,0
357.8,27.9,75.9,793,0
182.4,23.8,88.9,706,0
139.9,28.3,79.2,1003,1
0.0,29.2,70.2,283,1
132.1,30.4,90.7,817,1
1.4,22.9,77.5,325,0
179.8,28.3,84.5,866,0
0.0,26.1,81.0,404,1
163.9,26.8,95.7,795,0
51.7,30.8,80.3,1065,1
3.8,31.4,71.6,6,1
15.4,26.3,74.2,331,0
21.9,27.1,62.5,144,0
8.4,27.1,70.4,270,0
325.3,24.6,90.2,675,0
111.9,23.8,69.6,654,1
447.9,24.5,87.5,760,0
78.1,27.6,87.6,957,1
43.8,31.3,78.4,1033,1
178.4,26.9,72.3,984,0
217.8,26.9,85.7,989,0
132.5,24.2,78.6,655,1
22.5,31.9,86.1,1146,1
124.6,22.0,90.6,551,1
271.1,32.5,84.1,902,0
0.0,27.5,63.2,86,0
54.0,28.7,68.4,1005,1
0.0,30.4,82.5,1278,1
0.0,33.8,67.7,1182,1
128.2,27.5,95.3,576,1
460.7,24.1,67.3,774,0
80.6,26.9,84.1,704,1
93.4,28.5,79.1,899,1
7.0,23.0,67.2,401,1
0.0,32.4,70.5,1266,1
14.0,29.4,83.1,1248,0
158.6,25.5,81.8,735,0
425.9,23.2,86.4,691,0
403.5,24.5,78.6,667,0
27.7,29.2,58.0,108,0
31.4,29.0,52.7,252,0
0.0,29.1,59.9,70,0
18.4,29.5,64.5,1339,1
26.7,31.9,60.9,1157,1
389.7,22.0,98.0,756,0
0.0,29.7,70.3,125,0
336.8,22.9,89.5,619,1
256.5,32.8,70.2,931,0
0.0,31.8,68.6,45,0
64.4,31.7,87.2,1123,0
378.8,23.9,83.0,628,1
200.8,23.1,82.8,483,0
342.3,26.2,82.6,786,0
216.4,24.0,83.5,522,0
0.0,23.7,75.1,379,1
108.4,30.1,79.8,933,1
70.2,30.9,69.6,155,0
56.9,31.7,74.9,1086,1
0.0,29.2,70.6,212,0
11.0,22.0,74.4,374,1
13.9,32.2,75.1,1371,1
165.2,25.3,98.0,691,1
86.8,28.0,79.7,1041,1
6.8,25.5,74.2,295,0
0.0,33.2,63.1,1359,1
33.8,26.1,71.5,1348,1
33.9,31.5,55.5,1284,1
162.4,23.2,86.3,544,0
363.2,25.7,77.3,673,0
49.5,25.9,88.5,469,1
61.3,32.9,81.7,1114,1
118.3,29.9,82.6,841,1
0.0,32.4,69.9,24,1
9.8,27.3,81.6,173,0
138.5,26.0,76.8,1035,1
21.4,32.2,80.2,1065,1
61.1,27.0,69.3,75,0
0.0,26.6,74.6,250,0
20.1,27.2,62.5,59,0
262.5,22.7,88.8,588,0
0.0,33.0,72.5,1174,1
137.8,23.2,83.6,562,1
0.0,22.7,65.5,294,0
0.0,28.1,86.1,1024,1
0.0,34.3,63.0,1234,1
160.2,27.3,71.9,868,0
12.6,31.2,55.8,1186,1
63.2,22.9,84.1,474,1
61.9,27.0,76.1,964,1
354.6,24.6,79.8,713,0
0.0,34.5,70.2,1202,1
363.9,23.6,74.9,665,0
6.9,26.2,68.0,22,0
0.0,28.5,86.1,225,0
135.5,24.3,83.4,475,1
17.6,30.4,68.2,1,0
320.5,28.8,90.9,857,0
35.5,27.3,97.4,1049,1
0.0,29.8,61.9,37,0
134.1,25.0,80.6,655,1
0.0,31.4,61.9,1324,1
66.0,28.9,53.5,105,0
0.0,32.3,66.2,48,1
116.5,26.1,84.9,670,1
275.7,30.3,84.6,900,1
6.0,31.5,59.7,1269,0
8.7,26.7,52.7,1300,1
310.4,23.5,66.4,591,1
54.7,30.8,80.1,1063,1
318.8,27.6,86.6,865,0
231.9,29.8,93.9,992,0
132.0,24.6,91.5,566,1
41.8,29.9,55.7,175,0
2.0,30.3,61.2,1249,1
315.5,28.6,86.2,911,0
0.0,28.2,72.7,301,0
0.0,24.8,74.2,120,0
52.6,23.4,91.0,480,1
367.5,22.0,86.7,656,0
0.0,31.5,70.5,1232,1
189.3,26.2,76.9,741,0
127.1,27.2,69.8,1031,0
0.0,32.3,73.1,1298,1
11.9,29.5,55.5,1415,1
0.0,34.0,64.9,1280,1
12.0,27.9,58.7,199,0
23.9,30.8,60.0,1295,1
0.0,30.4,63.9,1405,1
53.8,27.2,75.3,466,1
177.9,25.8,89.8,750,0
315.0,22.0,92.1,540,0
0.0,26.8,63.4,97,0
102.4,23.8,67.9,433,1
0.0,27.4,69.7,325,0
316.7,28.1,89.7,945,0
76.9,28.6,69.7,1061,1
55.7,30.0,71.5,966,1
0.0,25.8,61.0,354,0
407.3,27.0,96.2,775,0
0.0,28.1,48.1,1374,1
180.3,27.6,76.0,833,0
1.8,32.5,61.1,1211,1
161.3,23.3,79.0,563,1
52.4,33.1,60.2,1398,1
393.0,25.4,84.7,608,0
172.1,24.3,80.7,754,0
358.0,26.1,76.7,663,0
35.5,22.0,76.2,524,1
18.2,26.0,58.1,221,0
20.1,23.7,83.2,391,0
10.2,32.2,76.1,1425,1
0.0,37.9,53.2,1265,1
0.0,28.4,69.1,87,0
2.5,27.5,75.8,387,1
61.6,26.7,80.7,519,1
0.0,23.3,65.9,290,0
317.4,30.7,78.0,868,0
99.5,29.4,85.1,1061,1
0.0,27.0,75.6,233,0
0.0,36.1,75.9,1084,1
2.1,32.9,59.7,1144,1
7.5,23.3,75.5,396,1
114.1,25.0,74.3,460,1
51.3,26.9,79.5,1014,1
150.8,28.1,86.0,747,0
9.8,29.5,64.4,1420,1
6.7,27.1,77.9,1246,1
0.0,30.7,61.0,1328,1
128.3,23.5,91.5,628,1
18.5,31.0,62.2,13,0
0.0,26.7,71.8,97,0
90.7,30.7,87.2,1013,1
9.5,24.6,73.3,291,0
0.0,25.0,67.7,339,0
43.8,33.0,50.8,1413,1
0.0,26.7,78.8,396,1
0.0,34.6,66.6,1248,1
124.0,26.5,84.4,881,1
44.4,32.1,82.8,1093,1
324.6,29.7,76.5,917,0
194.4,28.5,86.1,752,0
27.4,25.3,57.0,293,0
0.0,25.0,69.3,153,0
0.0,29.7,61.4,147,0
0.0,34.1,56.7,1115,1
185.5,27.6,88.1,824,0
183.2,26.8,98.0,947,0
24.8,36.2,67.7,1296,1
130.3,30.2,71.5,982,1
13.8,25.6,73.0,221,0
409.5,28.2,82.0,736,0
24.0,27.5,81.2,479,1
18.4,28.3,67.1,1090,1
27.6,27.1,57.7,271,0
31.8,31.6,68.0,96,0
349.5,27.8,79.1,854,0
15.0,29.3,59.8,63,0
344.6,24.3,91.4,638,0
143.1,29.1,81.3,749,1
26.6,29.3,69.8,1329,1
226.0,23.6,77.6,562,0
0.0,32.3,76.0,143,0
0.0,24.8,84.0,275,0
0.0,24.9,71.8,171,0
40.4,25.2,64.8,357,0
146.7,28.2,91.6,724,1
309.2,24.1,82.0,576,0
39.1,30.5,78.5,1122,1
43.3,25.1,74.9,438,1
51.2,35.8,74.3,1056,1
36.9,27.5,68.3,172,0
31.9,35.0,80.5,1387,1
0.0,31.7,67.7,1386,0
67.6,28.3,78.3,999,1
56.8,27.5,72.1,432,1
119.6,23.4,79.3,576,1
0.0,25.9,77.8,119,0
335.1,25.8,80.7,686,0
22.2,30.5,63.0,1337,1
0.0,28.8,63.3,323,0
0.1,29.8,71.3,100,0
5.7,30.9,74.6,1201,1
0.0,33.2,77.2,1335,1
0.0,30.8,71.4,1393,1
0.5,28.7,65.3,136,0
183.7,25.2,92.0,1019,0
49.7,22.2,85.5,365,1
14.5,32.5,71.1,1234,1
78.4,23.4,73.2,256,0
0.0,30.3,53.2,1364,1
0.0,31.9,67.3,37,0
32.3,25.2,78.4,479,1
363.1,27.5,84.1,699,0
375.8,27.0,88.4,836,0
98.7,27.7,74.7,905,1
83.8,27.0,98.0,599,1
400.2,28.1,89.7,887,0
5.4,29.9,75.7,1237,1
27.9,34.1,71.0,1428,1
376.1,28.1,91.6,860,0
156.0,26.1,83.1,574,0
0.0,32.6,65.4,1222,1
38.0,26.5,62.6,371,1
0.0,29.3,74.9,176,0
71.0,28.4,69.9,88,0
19.9,24.4,62.6,326,0
0.0,33.4,59.6,1205,0
117.7,24.2,65.5,500,0
317.6,24.1,79.7,546,0
0.0,26.1,77.2,222,0
25.8,27.5,54.6,160,0
248.1,22.0,80.7,495,0
18.6,31.8,53.2,1384,1
0.0,30.6,56.3,1274,1
230.3,30.2,74.5,980,0
174.5,26.8,98.0,837,0
275.9,24.5,75.7,543,0
386.2,26.1,73.8,724,0
406.2,26.1,80.3,666,0
0.0,28.2,60.8,34,0
8.8,31.7,65.9,1295,1
36.0,31.5,69.7,1136,1
45.6,29.7,70.5,1094,1
0.0,23.2,75.6,327,0
112.4,24.9,84.7,721,1
0.0,31.8,67.0,1135,1
424.5,23.8,89.6,776,0
0.0,33.7,85.6,1264,1
38.5,30.8,73.3,1206,1
0.0,26.9,77.4,201,0
0.0,32.2,61.0,1428,1
0.0,26.1,66.0,90,0
374.7,30.7,74.8,871,0
107.0,23.4,65.5,667,1
8.4,27.2,69.2,400,1
8.7,32.9,68.9,1181,0
73.8,27.2,68.3,1030,1
15.9,31.2,64.6,1320,1
154.6,24.4,75.1,766,0
166.1,33.3,95.1,999,0
0.0,27.4,57.7,198,0
355.1,23.1,77.8,823,0
0.0,34.4,67.3,1177,1
426.4,27.1,92.4,761,0
0.0,28.8,71.9,175,0
129.3,30.9,77.9,1056,1
381.7,24.1,79.4,835,0
317.5,31.2,61.9,846,0
24.0,27.5,59.3,158,0
17.9,32.9,65.3,54,0
0.0,30.9,62.0,1404,1
114.1,29.6,88.8,1013,1
49.3,24.5,70.1,141,1
405.2,25.5,79.1,806,0
9.6,30.6,71.7,160,1
460.4,27.4,73.1,766,0
362.6,29.0,85.8,877,0
109.4,32.0,85.4,1067,1
437.4,27.0,89.2,818,0
54.8,31.1,65.3,1214,1
0.0,26.4,72.7,174,0
0.0,30.5,61.0,1081,1
121.1,24.4,68.3,479,1
46.4,25.4,60.3,187,0
0.0,27.0,53.3,223,0
27.2,31.6,83.4,1122,1
334.3,24.2,95.5,605,0
21.9,26.7,63.3,19,1
86.5,22.0,87.3,446,1
276.4,27.7,75.5,884,0
0.0,25.7,61.4,22,0
0.0,26.6,71.9,407,1
0.0,34.6,61.0,1239,1
2.1,33.6,76.3,1156,1
0.0,32.4,71.7,1197,1
1.7,28.4,61.4,1392,1
331.5,25.1,84.3,603,0
386.2,29.8,91.7,799,0
28.6,29.6,64.7,1301,1
282.4,34.1,98.0,924,0
170.8,28.6,90.2,801,1
176.0,23.1,87.1,711,1
75.3,28.0,80.6,1007,1
100.8,26.0,98.0,796,1
120.7,24.0,84.6,579,1
0.0,30.1,64.4,1390,1
180.4,22.0,77.4,804,0
82.4,28.2,80.2,1024,1
0.0,31.8,72.5,1280,1
204.9,24.4,93.7,505,0
100.0,31.8,78.4,975,0
0.0,23.8,74.3,355,0
41.7,24.4,75.3,459,1
353.6,26.0,89.7,740,0
72.7,29.2,82.7,1067,1
52.8,27.2,65.8,271,0
8.5,26.1,72.9,303,0
0.0,36.6,70.8,1237,1
7.8,33.6,77.6,1137,1
0.0,23.9,76.3,232,1
0.0,26.4,87.2,367,1
0.0,24.1,56.5,188,0
122.9,27.5,91.2,644,1
161.1,24.6,77.1,676,0
167.6,27.6,89.2,820,1
400.4,28.6,87.5,732,0
309.9,25.1,77.0,548,0
53.1,32.5,89.8,1025,1
98.3,27.7,78.4,926,1
0.0,24.1,77.9,281,0
101.1,24.2,77.9,456,1
374.9,28.3,71.6,818,0
16.2,25.8,69.0,282,0
0.0,34.1,70.7,1403,1
42.4,25.3,75.2,428,1
13.7,24.6,65.0,356,0
131.1,28.7,86.9,941,0
36.9,25.9,65.8,190,0
150.3,26.1,84.0,694,0
163.5,23.8,73.1,628,0
21.7,28.4,78.0,127,0
394.3,28.2,97.3,676,0
0.0,26.9,66.5,246,0
37.9,25.1,66.7,311,0
2.9,31.0,94.2,1127,1
96.0,33.5,79.7,1034,1
78.4,29.8,75.6,952,1
0.0,33.0,68.4,1348,1
403.5,23.4,83.9,644,0
10.7,23.3,79.5,289,0
166.8,26.6,98.0,529,0
0.0,30.1,66.1,143,0
95.2,22.0,83.2,456,1
27.9,26.8,68.8,313,1
19.7,29.7,57.9,239,0
406.8,24.4,85.2,670,0
359.7,25.1,69.7,694,0
0.0,35.8,90.3,1216,1
286.7,31.6,90.4,958,1
111.4,22.7,84.6,594,1
18.2,30.6,53.7,1286,1
201.8,26.5,85.5,823,0
166.3,26.5,73.7,722,1
182.5,25.1,86.2,534,0
0.0,22.0,84.7,419,1
391.6,24.0,85.0,661,0
0.0,22.3,56.9,243,0
54.3,32.4,65.3,1037,0
11.0,27.1,54.8,199,0
48.0,28.6,58.9,80,0
6.6,27.1,56.8,133,0
168.2,24.9,79.7,667,0
0.0,28.8,78.1,121,0
0.0,24.6,63.0,205,0
39.8,23.7,67.0,318,0
422.6,23.1,85.6,701,0
0.0,26.3,80.2,1107,1
55.1,27.7,90.9,568,1
43.5,31.4,79.9,4,0
235.6,28.4,74.4,1002,0
109.6,29.5,80.5,927,1
112.1,22.0,64.0,539,1
8.2,33.0,60.5,1240,1
206.5,28.8,77.8,527,1
0.0,33.4,60.4,1345,0
236.7,22.0,73.3,538,0
333.8,22.1,76.8,664,0
56.4,28.5,73.1,1334,1
134.7,23.2,68.5,525,1
269.8,27.9,95.6,848,0
47.0,31.9,56.5,91,0
339.2,22.0,95.9,651,0
359.1,24.6,72.6,625,0
61.2,22.0,67.3,456,1
0.0,29.4,68.0,1334,1
0.0,22.5,72.1,340,0
0.0,27.7,76.4,1203,1
40.2,33.4,64.7,1192,1
30.0,23.2,72.0,412,1
27.6,28.4,66.0,155,0
87.4,22.0,81.9,439,1
20.7,33.2,81.2,1046,1
30.5,28.1,86.3,980,0
366.8,26.8,93.9,659,0
65.9,31.2,64.4,81,1
48.8,32.5,81.8,1206,1
2.3,31.5,64.1,1426,1
14.8,29.4,76.0,1133,1
7.4,22.0,77.9,390,0
130.8,31.2,78.0,1036,1
93.7,24.6,83.5,469,1
369.3,26.2,87.5,786,0
0.0,22.9,63.1,378,0
0.0,30.3,56.6,1227,1
0.0,24.0,70.6,189,1
221.8,31.9,73.0,986,0
0.0,24.6,73.8,252,0
128.9,23.3,71.5,661,1
174.8,25.3,79.3,501,0
0.0,30.8,66.6,1198,1
156.8,24.8,88.9,739,0
134.5,33.1,68.3,1079,1
14.8,29.6,76.7,1182,1
216.9,22.0,88.5,484,0
0.0,23.2,71.6,185,0
0.0,31.9,72.5,1234,0
46.8,23.0,85.2,420,1
39.6,33.7,71.6,34,0
225.3,28.8,65.1,962,0
179.8,25.3,88.6,533,0
72.6,30.1,84.7,1175,1
99.1,27.6,89.7,726,1
10.5,31.9,54.3,88,0
163.1,25.0,75.1,734,0
73.7,23.7,62.1,490,0
20.7,31.4,80.8,1157,1
0.0,25.7,82.8,343,0
0.0,32.0,68.6,3,1
0.0,24.8,76.3,263,0
14.0,30.1,63.9,130,0
30.5,27.4,72.2,185,0
45.7,33.2,64.7,57,0
360.7,27.6,86.8,830,1
130.2,22.0,81.9,537,1
0.0,32.3,70.8,1439,1
0.0,27.0,60.7,197,0
29.1,30.3,67.7,1034,1
96.0,28.0,96.2,782,0
0.0,25.4,76.5,196,0
322.2,23.8,87.2,572,0
21.2,27.0,66.9,153,0
9.1,32.8,58.3,1349,1
10.5,23.9,78.7,378,1
151.0,24.4,74.8,548,0
133.7,26.3,93.3,759,1
34.8,28.0,57.9,223,0
105.5,29.9,77.6,1050,0
322.9,26.9,88.8,658,0
19.2,29.0,71.3,206,0
11.9,34.6,73.0,1426,1
130.3,25.2,77.2,804,1
71.4,31.2,82.4,1074,1
90.5,22.0,75.0,426,1
267.5,22.0,83.2,592,0
38.7,27.5,55.1,287,0
0.0,31.2,74.8,1326,1
0.0,22.6,67.0,379,1
420.2,26.7,87.2,712,0
41.5,28.7,77.1,163,0
0.0,22.2,85.6,228,0
245.5,26.3,88.2,582,0
19.1,27.1,72.4,215,0
132.3,26.9,90.6,858,1
266.5,22.0,78.2,541,0
34.8,32.9,70.0,1233,1
0.0,30.9,74.8,1315,1
340.4,28.7,80.4,916,0
140.0,28.1,68.6,863,1
4.9,32.5,84.9,1088,1
71.9,32.4,78.1,1193,0
9.3,34.5,65.8,1080,1
20.2,27.3,68.3,1061,1
123.9,24.0,87.3,687,1
99.3,31.2,98.0,954,1
8.7,34.1,65.5,14,0
310.2,31.4,77.5,920,0
0.0,30.0,50.9,74,0
3.8,32.6,68.2,1436,1
384.8,29.7,89.1,862,1
7.9,23.4,72.2,412,1
42.3,31.2,63.7,1,0
0.0,24.1,67.6,285,0
276.0,24.4,74.1,575,0
8.1,30.9,60.2,1309,1
24.6,33.0,48.0,1208,1
0.0,25.9,59.3,181,0
398.8,27.1,87.8,781,0
174.8,24.0,77.5,737,0
0.3,29.3,68.4,16,0
296.9,31.4,68.3,940,0
15.9,27.8,69.3,1327,1
60.2,24.1,75.1,513,1
0.0,34.7,62.7,1293,1
75.7,30.8,92.5,904,1
0.0,31.6,56.3,1123,1
354.0,29.5,88.1,868,0
329.6,25.5,91.0,807,0
0.0,33.3,69.8,1155,0
125.5,26.6,70.8,553,1
2.0,32.5,70.6,1251,1
220.1,27.2,81.0,661,0
22.5,28.0,73.3,55,0
0.0,29.7,77.0,1239,1
218.2,31.6,80.0,963,0
40.6,28.9,71.4,531,1
32.1,31.6,65.4,1360,0
0.0,33.2,76.2,1131,1
74.6,25.0,76.5,1050,1
12.0,25.8,73.1,385,0
98.8,23.0,75.1,506,1
0.0,35.9,57.8,1316,1
0.0,33.5,68.1,1250,1
351.5,25.3,85.7,693,1
0.0,23.4,75.6,390,1
143.0,29.5,84.3,827,1
120.9,30.6,68.4,850,1
168.9,26.4,77.3,847,0
0.0,27.5,82.0,311,0
70.3,34.0,75.6,1234,1
124.5,27.5,83.4,824,0
0.0,30.7,65.9,93,0
59.1,25.3,68.7,432,1
160.3,23.9,76.4,746,0
0.0,32.2,60.8,1327,1
0.1,24.9,69.9,346,0
15.0,23.8,65.7,295,0
36.1,24.4,71.1,260,0
0.0,26.7,65.4,40,0
80.6,22.0,81.7,490,1
28.6,24.0,57.0,321,0
0.0,34.1,92.9,1160,1
82.9,22.0,77.3,387,1
270.2,22.0,77.1,482,0
6.2,29.8,66.8,246,0
121.3,25.1,84.6,793,1
0.0,26.1,66.2,254,0
110.5,25.1,71.4,428,1
19.2,24.1,74.3,411,1
344.7,25.9,91.8,762,0
131.6,24.4,84.3,726,1
45.7,22.8,79.0,431,1
304.3,25.2,91.5,618,0
94.6,28.4,84.1,1046,1
12.9,34.3,88.6,1097,1
0.0,22.0,60.2,312,0
0.0,32.3,60.6,1302,1
4.6,26.9,58.5,60,0
415.2,26.9,71.0,757,0
0.0,29.5,60.1,1340,1
356.7,25.7,89.0,633,0
13.4,31.6,76.0,12,0
18.8,32.6,68.4,1424,1
10.2,28.1,80.4,110,0
203.9,33.0,73.4,1000,0
98.8,24.2,83.9,470,1
0.0,29.0,70.7,82,0
25.7,26.3,74.0,300,0
0.0,28.6,67.1,1282,1
16.7,25.5,67.8,296,0
298.4,29.8,88.7,927,1
75.3,23.0,81.4,478,1
0.0,31.4,77.7,1111,1
281.3,32.4,86.4,907,0
402.7,24.4,84.5,774,0
15.7,33.5,78.7,1165,1
5.4,23.3,69.5,373,0
114.4,29.2,83.0,923,0
0.0,32.5,66.1,1367,1
144.8,30.7,80.4,928,1
165.0,25.9,85.3,663,0
151.2,28.5,80.0,797,0
0.0,30.5,85.9,1393,0
111.9,30.0,87.0,1046,1
42.3,32.9,87.0,1060,1
67.4,25.4,87.1,946,1
0.0,31.1,80.1,1142,1
322.0,28.5,89.6,929,0
171.1,26.4,82.9,778,0
60.8,25.8,77.8,515,1
188.8,24.4,73.7,502,1
374.1,25.6,90.7,737,0
0.0,28.6,54.4,225,0
230.7,24.6,83.1,526,0
341.0,28.3,81.0,879,0
179.5,30.2,71.6,839,0
48.8,33.4,77.2,1089,1
142.7,30.5,82.5,715,1
0.0,28.1,73.3,1211,1
15.5,27.8,68.3,352,0
0.0,31.0,54.8,160,0
3.9,30.5,66.7,1267,1
13.2,31.6,65.5,1171,1
338.6,29.2,67.2,916,0
12.1,31.0,79.2,1180,1
0.0,30.1,60.5,1424,1
24.1,38.1,65.2,1333,1
224.5,30.0,62.3,996,1
149.3,30.2,78.7,908,1
0.0,25.9,78.0,356,0
142.3,24.3,61.3,477,1
68.6,29.2,73.9,1105,1
39.4,31.0,59.7,107,0
429.9,26.9,90.5,830,0
0.0,28.8,64.1,1283,1
437.1,25.5,88.4,682,0
65.7,30.6,85.0,990,1
345.2,30.3,81.0,878,0
89.6,28.1,81.5,1063,1
95.7,28.8,80.0,957,1
159.8,24.6,87.7,721,0
0.0,30.3,62.4,1249,1
179.4,30.5,72.4,977,0
12.2,23.2,68.3,435,0
46.9,31.0,67.1,28,0
49.2,26.2,76.0,130,0
189.5,28.8,89.8,901,0
0.0,29.6,63.4,73,0
139.4,28.8,82.4,843,1
24.9,30.4,71.6,38,0
161.7,23.9,90.5,513,0
253.5,27.9,64.8,952,0
0.0,30.1,63.9,225,0
411.5,25.6,85.9,698,0
0.0,27.7,64.7,8,0
35.5,26.1,64.4,39,0
0.0,26.9,90.2,400,1
103.6,28.3,70.9,1026,0
0.0,31.8,61.4,1370,1
6.7,29.1,58.6,1336,1
331.7,28.3,71.0,897,0
191.2,26.6,79.7,742,0
108.1,30.6,74.4,944,0
10.9,24.4,72.6,370,1
116.4,28.9,89.0,921,1
129.6,23.9,79.5,737,1
426.8,26.5,91.3,828,0
180.5,30.1,87.4,987,0
178.8,25.3,83.9,675,0
25.1,30.5,69.3,1421,1
0.0,28.7,72.0,1383,1
0.0,29.3,69.6,1175,1
177.4,29.0,83.3,741,0
0.0,32.0,68.3,1390,1
0.0,36.6,76.1,1160,1
352.9,28.8,83.2,896,0
0.0,32.2,71.4,1419,1
11.3,30.2,68.5,1240,1
1.7,29.9,72.3,195,0
3.4,28.2,71.0,1301,1
0.0,30.3,60.3,114,1
115.7,31.1,88.5,1028,1
0.0,32.0,72.8,94,1
354.3,27.7,75.3,896,0
0.4,31.5,80.3,1113,1
322.0,24.1,81.1,848,0
0.0,28.1,78.6,1152,1
295.4,24.9,90.8,545,0
0.0,33.1,69.7,1383,1
5.7,32.4,81.9,1199,1
291.3,24.3,88.2,645,0
297.1,24.8,78.7,567,0
29.6,31.9,49.5,1330,1
0.0,27.3,60.7,273,0
53.1,22.1,75.2,537,0
17.6,32.4,76.3,1174,1
0.0,29.4,64.8,1084,1
425.9,28.2,73.9,776,0
104.1,28.6,74.0,1058,1
15.7,29.6,77.4,970,1
0.0,26.4,73.0,311,0
91.8,22.0,92.0,582,1
20.1,27.4,61.1,78,0
0.0,35.3,63.9,1392,1
17.2,27.1,79.2,303,0
0.0,32.7,62.5,1213,1
461.9,27.3,94.1,763,0
97.9,27.4,69.5,1078,1
8.1,25.8,71.4,361,0
0.0,32.9,59.4,67,0
373.8,26.0,97.0,801,0
19.1,29.6,70.7,290,0
40.0,29.9,75.9,1032,1
55.1,24.8,74.0,620,1
297.8,22.0,91.2,560,0
364.7,25.4,90.0,627,0
23.9,29.3,59.8,92,0
379.4,27.6,83.7,868,0
5.4,22.8,78.0,396,1
271.9,24.5,82.5,501,0
10.4,24.7,66.0,297,0
0.0,26.7,87.0,385,1
8.5,32.4,70.5,1198,1
36.3,28.1,63.7,70,0
0.0,30.0,74.1,130,0
0.0,28.2,71.1,104,0
42.8,33.9,77.2,1233,1
0.0,32.1,83.0,1278,1
0.0,27.6,60.9,1367,1
23.4,32.6,76.1,1137,1
0.0,26.9,61.4,216,0
3.2,31.9,61.1,1393,1
0.0,32.3,66.0,1168,1
0.0,25.0,74.3,378,1
10.9,31.9,74.3,1296,1
31.8,30.3,72.1,380,1
89.4,31.1,81.2,983,1
0.0,27.9,67.8,1105,1
37.0,28.8,61.9,1300,1
131.6,29.9,71.1,955,1
0.0,26.9,63.5,131,0
163.7,30.1,82.4,887,0
388.3,27.6,84.2,798,0
345.4,28.8,77.6,886,0
190.3,25.1,87.1,828,0
0.0,25.7,73.3,389,1
27.4,28.3,59.6,134,0
238.3,28.1,80.8,962,0
115.0,22.3,82.6,588,1
359.8,31.3,82.5,852,0
21.2,26.3,81.2,358,0
213.9,29.2,83.0,968,0
226.7,28.9,98.0,1019,0
355.0,27.0,81.1,792,0
0.0,31.4,65.9,1395,0
3.6,28.1,68.3,1070,1
53.8,25.8,66.0,253,0
53.3,22.0,62.4,427,1
39.6,24.5,78.8,413,1
17.6,34.4,73.9,1338,1
0.0,24.4,65.7,236,0
65.4,30.5,64.3,1075,1
0.0,25.6,87.1,271,0
276.1,26.8,78.5,934,0
398.2,26.1,80.8,802,0
0.0,28.8,81.1,1100,1
148.9,25.0,76.8,797,1
53.7,24.3,74.2,527,1
38.4,25.9,77.8,313,0
92.3,29.3,90.3,975,1
0.0,34.1,72.9,1103,1
429.0,26.6,73.2,708,0
0.0,30.9,75.4,231,0
110.0,28.8,63.3,931,1
354.5,22.4,87.6,610,0
28.0,31.5,57.2,1304,1
1.9,31.0,65.0,190,0
242.6,28.0,82.4,1019,0
91.5,25.8,69.8,423,1
356.9,24.9,81.0,805,0
49.8,28.3,61.8,105,0
129.2,23.5,82.7,604,1
364.2,22.7,85.0,635,0
25.9,32.4,65.3,1412,1
66.2,34.7,68.1,1273,1
0.0,32.6,73.9,1411,1
15.8,25.2,83.9,306,0
0.0,29.0,73.7,1209,1
0.0,32.3,72.3,1258,1
363.6,28.2,72.4,781,0
138.5,24.0,63.0,549,1
69.0,26.8,74.8,454,1
11.1,24.1,87.3,380,1
80.3,22.9,75.6,459,1
84.0,26.1,83.3,461,1
0.0,33.2,64.7,1327,1
14.4,32.0,66.6,105,0
65.7,30.1,77.0,917,1
188.1,22.4,86.0,488,0
359.8,22.0,85.2,773,1
16.5,28.0,60.1,1360,1
356.6,24.0,72.0,689,0
68.0,34.5,74.1,1263,1
231.4,32.4,83.0,994,1
0.0,28.2,67.0,73,0
172.4,27.6,78.0,733,0
15.1,27.2,71.1,52,0
0.0,33.9,69.3,1127,1
175.7,24.0,90.9,636,0
2.0,27.3,62.5,259,0
0.0,31.1,55.1,28,0
21.6,32.8,72.2,1162,1
366.3,23.6,90.3,775,0
61.1,23.0,83.9,466,1
11.3,27.3,73.9,320,0
60.5,31.0,89.2,990,1
183.2,23.0,86.8,691,0
30.5,30.8,65.7,40,0
0.0,25.9,47.6,126,0
402.5,24.4,76.3,792,0
63.6,22.9,86.1,442,1
361.2,24.3,76.1,607,0
342.6,24.6,82.4,791,0
45.3,25.9,74.4,455,1
20.8,26.6,58.0,135,0
10.2,24.5,70.0,385,1
46.6,32.4,74.6,1108,0
0.0,30.7,58.6,208,0
295.1,30.2,79.2,905,0
96.0,25.4,79.4,756,1
0.0,29.9,73.2,1172,1
0.0,29.0,82.1,1110,1
50.3,24.0,81.0,285,0
8.5,31.2,67.0,1360,0
31.8,28.4,61.9,257,0
0.0,31.6,83.7,1177,1
0.0,29.7,68.5,1426,1
0.0,27.2,63.4,210,0
0.0,32.3,62.7,75,0
132.2,24.5,79.7,759,1
94.7,30.0,87.9,950,1
70.8,31.1,75.8,1296,0
0.6,29.4,68.0,73,0
0.0,32.7,83.7,1118,1
184.3,32.7,79.5,963,0
33.2,25.9,88.8,269,0
20.4,33.1,76.6,1079,0
44.9,32.3,50.9,1372,1
38.2,29.4,77.3,1232,1
97.7,30.4,74.4,1055,1
83.8,28.8,86.2,449,1
110.0,27.8,86.0,853,1
165.8,25.4,79.5,742,0
412.4,25.4,84.2,767,0
153.3,28.1,70.4,927,0
19.6,29.1,61.8,1317,1
0.0,27.3,75.0,1146,1
441.2,24.5,91.1,761,0
25.8,31.2,78.7,1149,1
0.0,30.1,60.4,63,0
0.0,27.3,74.9,163,0
366.2,28.3,83.9,877,0
9.5,29.1,71.1,1332,1
0.0,28.0,83.6,1100,1
165.3,26.7,87.0,752,0
0.0,27.3,62.6,279,0
9.9,33.8,77.4,1287,1
0.0,27.6,75.9,322,0
359.6,29.6,88.0,811,0
63.6,28.3,58.4,227,0
0.0,30.7,77.5,1264,0
33.4,32.0,78.4,1137,1
0.0,30.8,55.5,1345,1
0.0,24.1,73.3,398,1
0.0,27.7,67.3,205,0
0.0,31.6,65.8,62,1
64.4,26.1,73.4,383,1
0.0,28.0,66.5,172,0
144.0,28.2,91.3,873,1
29.2,30.7,64.5,33,0
16.7,31.4,60.9,79,0
308.8,27.8,83.3,594,0
97.4,29.3,90.9,929,1
310.9,27.6,89.6,881,0
0.0,31.1,46.8,1399,1
92.6,30.1,73.2,880,1
138.9,28.0,70.3,797,1
0.0,30.8,71.4,1297,1
176.3,27.0,93.4,799,0
20.9,25.2,72.0,305,0
125.3,25.7,85.7,837,1
38.7,28.7,72.2,1016,1
87.2,28.4,86.4,1061,1
30.8,31.6,66.2,1199,1
0.0,33.7,83.8,1104,1
59.7,32.0,75.2,1000,1
114.3,29.0,95.1,940,1
60.3,27.7,66.3,422,1
8.8,24.4,66.6,403,1
0.0,31.2,81.8,1182,0
314.6,22.0,93.9,705,0
55.6,24.4,77.8,536,1
124.1,25.2,73.8,798,1
54.5,34.8,52.4,1149,1
52.3,27.5,76.2,50,0
249.4,26.7,85.4,544,0
197.0,30.4,81.3,981,0
60.3,27.7,74.5,968,1
255.1,26.7,76.9,992,0
0.0,27.7,74.9,194,0
214.0,28.2,71.0,983,0
79.8,26.9,84.4,1049,1
0.0,35.8,77.6,1175,1
1.6,33.2,79.0,1377,1
37.4,26.7,69.6,98,1
8.2,22.0,84.6,425,1
419.1,28.4,73.6,734,0
0.0,28.8,64.5,1357,1
0.0,32.1,67.1,1298,0
26.2,32.7,75.4,1191,1
0.0,30.8,68.8,1281,1
351.8,26.0,91.7,842,0
0.0,28.1,73.5,1192,1
13.0,32.4,59.4,1348,1
30.2,28.8,71.9,508,1
39.1,25.7,78.5,150,0
24.9,26.0,68.6,164,0
0.0,30.6,66.4,61,0
0.0,25.1,67.1,34,0
380.2,25.4,86.3,824,0
69.2,30.4,77.6,968,1
383.7,24.3,89.8,741,0
31.5,32.5,83.1,1098,1
38.8,32.3,73.1,1369,1
151.4,28.2,83.3,876,0
199.3,25.4,76.2,789,0
0.0,28.2,55.0,105,0
0.0,24.7,82.7,380,1
69.4,30.4,76.1,976,1
128.8,33.7,78.8,1022,1
0.0,26.6,65.4,306,0
19.1,31.2,71.6,1240,1
27.0,25.3,86.5,456,1
0.0,30.3,75.7,95,0
26.0,28.7,53.9,2,0
113.1,30.2,87.7,957,1
9.2,24.1,67.9,372,1
0.0,32.4,82.0,1300,1
21.4,32.8,80.9,1409,1
106.3,26.6,86.7,622,1
397.8,26.3,84.5,899,0
152.3,23.8,83.5,726,0
0.0,34.4,77.2,1409,1
29.2,32.6,66.6,88,0
153.0,28.4,87.0,787,1
28.7,30.2,63.5,1389,0
0.0,24.6,72.8,332,0
221.4,22.0,84.2,538,0
0.0,25.0,78.5,379,1
129.5,30.6,84.8,1048,1
34.7,30.6,67.2,1408,0
152.5,22.0,78.8,532,0
20.5,33.4,68.9,1340,1
55.5,27.9,69.8,180,0
98.5,24.9,74.3,530,1
79.1,23.4,51.1,213,0
358.5,22.1,76.9,703,0
11.8,24.8,57.9,234,0
18.0,32.4,72.5,1411,1
0.0,30.9,64.9,1184,1
349.3,24.9,96.1,793,0
67.1,32.1,59.4,1416,1
37.3,30.2,70.2,1414,1
16.7,25.3,90.3,418,1
401.4,24.0,89.8,743,0
10.1,31.8,83.4,1308,1
60.3,26.8,70.0,420,1
46.5,33.9,75.9,1365,1
0.0,24.4,64.3,245,0
389.5,24.6,92.6,708,0
148.9,27.6,84.5,723,1
0.0,32.0,74.3,1177,1
368.0,27.7,84.5,780,0
47.9,33.6,75.1,1060,1
0.0,31.3,66.4,1410,0
0.9,30.7,75.9,1175,1
24.7,29.5,55.9,188,0
43.9,30.4,67.8,1240,1
121.0,30.8,82.8,1073,1
23.1,23.4,76.3,404,1
327.9,25.6,91.4,862,0
37.5,31.8,58.2,1230,1
0.0,25.3,74.9,328,0
261.9,28.5,88.2,948,0
20.7,33.9,70.1,1160,1
45.4,29.3,62.3,1382,1
85.4,24.9,88.4,477,1
10.0,29.6,46.6,1225,1
126.8,33.8,78.1,905,1
0.0,30.6,63.4,1279,1
239.9,25.8,87.0,946,1
0.0,27.5,74.5,165,0
238.4,30.5,88.6,972,0
66.1,25.8,75.1,520,1
0.0,30.1,68.4,142,0
13.4,33.1,68.2,1154,0
39.0,26.2,83.3,405,1
6.5,33.0,79.8,1050,1
329.7,25.7,84.1,663,0
44.3,29.9,76.5,1090,1
298.3,29.2,89.5,953,0
0.0,30.4,70.5,1261,1
0.0,32.9,63.0,1395,1
49.9,32.4,78.4,1010,1
20.3,34.4,78.3,1170,1
377.1,25.7,75.5,887,0
28.0,32.1,72.6,58,0
5.8,27.9,49.8,98,0
52.8,24.9,78.2,462,1
0.0,33.5,62.6,1303,1
0.0,26.2,88.1,63,0
0.2,33.2,56.4,1127,1
71.7,22.0,77.4,507,1
200.0,23.6,74.5,537,0
111.5,28.0,91.7,735,1
28.6,27.8,82.4,338,0
314.2,29.6,82.9,864,0
0.0,30.3,53.7,1092,1
0.0,30.8,85.3,1204,1
339.9,27.7,91.6,869,0
164.1,30.9,92.1,1020,0
0.0,26.3,73.8,364,0
352.7,24.4,86.3,653,0
51.0,23.2,73.3,433,1
0.0,24.5,55.2,310,0
100.4,26.4,74.3,453,1
0.0,29.1,58.2,115,0
2.5,34.5,74.3,1108,1
295.5,30.9,69.4,917,0
25.5,23.5,80.1,374,1
87.4,23.2,84.8,585,1
169.0,25.0,67.6,684,0
58.1,29.7,60.5,989,1
0.0,26.8,68.2,404,1
53.3,30.8,74.5,1261,1
0.0,24.4,94.7,470,1
0.0,25.2,66.7,399,1
11.5,28.4,63.5,206,0
0.0,28.9,56.2,173,0
4.5,32.3,73.3,1128,1
98.3,27.0,82.1,854,1
0.0,26.2,75.7,211,0
173.8,24.5,68.2,499,0
164.6,25.6,92.9,772,0
98.4,29.0,83.7,1033,1
19.4,31.1,65.4,1226,1
70.4,29.4,75.9,902,1
0.0,32.4,63.0,48,0
0.0,25.1,61.9,182,0
12.3,28.6,74.8,1032,1
45.6,25.7,62.9,444,1
0.2,31.0,69.8,1157,1
297.4,27.3,78.8,900,0
10.7,32.0,71.2,1238,1
83.0,22.7,93.8,654,1
45.2,36.3,70.9,1144,1
0.0,30.5,62.2,1201,1
0.0,32.4,56.1,1229,1
0.0,33.0,74.5,1216,1
8.9,33.4,76.8,1108,1
0.0,29.3,65.5,1372,1
0.0,32.4,76.3,1121,1
101.1,27.5,84.3,1023,1
15.8,32.1,77.5,1088,1
312.0,24.4,86.1,620,0
0.0,29.5,77.8,162,0
15.4,24.7,78.0,477,1
42.5,31.6,67.0,1151,1
11.2,31.4,85.4,1091,1
130.3,22.0,77.5,589,1
330.6,27.4,72.3,903,0
23.9,29.0,73.3,267,0
8.6,32.3,77.6,1148,1
246.7,25.4,73.6,519,0
12.3,22.9,84.3,470,1
338.5,26.3,83.6,655,0
147.8,28.5,78.3,931,0
0.0,22.0,75.3,372,1
322.5,27.8,78.7,873,0
26.9,33.4,65.2,1398,1
9.7,27.9,83.4,1213,1
18.3,33.3,69.8,1144,1
0.0,31.8,63.4,1346,1
54.8,35.2,73.1,987,1
19.9,29.8,68.8,325,0
111.5,24.5,73.6,849,1
128.3,26.9,73.9,443,1
8.6,23.8,69.3,376,0
0.0,28.6,63.3,111,1
410.4,24.8,76.7,735,1
24.3,30.1,86.2,1336,1
15.5,27.8,65.9,300,1
17.4,22.0,66.8,299,0
0.0,30.5,74.5,1160,1
69.7,31.4,68.2,53,0
126.0,26.8,83.5,1066,1
389.3,27.5,81.6,888,0
5.6,29.0,59.5,1362,1
270.7,24.6,93.9,561,0
0.0,28.1,59.3,124,1
24.9,27.9,68.3,275,0
33.7,26.2,65.8,1437,1
380.5,26.9,90.0,740,0
40.8,22.6,81.1,475,1
39.2,34.8,63.3,1268,1
0.0,31.1,71.6,1226,1
3.5,27.4,52.9,107,0
241.3,22.9,97.6,491,0
236.5,31.1,73.6,977,0
127.7,32.2,84.8,1073,1
367.9,25.9,77.2,754,0
0.0,28.0,70.1,14,0
364.3,22.8,76.5,709,0
0.0,33.2,79.6,1183,1
14.9,32.9,87.6,1169,1
6.1,32.8,70.6,1244,1
0.0,29.2,74.5,272,0
95.8,22.5,85.4,455,1
320.1,32.0,79.0,879,0
0.0,28.7,73.9,170,0
75.9,24.2,68.8,352,0
421.0,25.9,98.0,749,0
387.0,22.8,75.0,685,0
0.0,29.4,76.3,1100,1
73.8,30.6,69.4,1056,1
5.4,32.4,74.9,1422,1
47.1,28.6,84.9,56,0
6.9,28.8,77.3,390,1
392.8,25.1,98.0,715,0
316.1,22.9,88.7,595,0
125.4,22.6,98.0,676,1
388.6,23.5,90.2,616,0
0.0,29.8,82.0,213,0
34.7,34.9,87.9,1103,1
50.9,26.4,68.5,357,0
172.8,24.1,76.3,512,0
0.6,29.0,70.8,1143,1
306.5,22.0,77.1,548,0
0.0,26.4,74.5,241,0
152.2,25.2,96.8,754,1
188.0,22.9,84.2,538,0
0.0,29.8,62.8,97,0
73.1,28.2,79.5,1064,1
0.0,34.9,54.3,1214,1
0.0,33.7,56.0,42,0
37.2,32.2,62.9,1421,1
18.9,31.4,74.1,1202,1
115.0,24.0,82.7,690,1
315.4,23.5,83.7,591,0
21.4,29.7,63.5,100,0
200.0,26.0,76.8,536,0
0.0,29.9,56.2,101,0
0.0,34.0,69.9,1372,1
8.8,31.9,61.7,1434,1
0.0,33.9,69.0,1316,1
188.1,26.9,79.6,835,0
363.1,22.2,88.4,658,0
3.8,34.0,67.2,1342,1
398.7,28.9,85.8,611,0
191.0,30.6,73.9,967,0
55.7,25.9,61.4,232,1
408.8,26.9,87.5,740,0
22.7,23.8,63.6,380,1
102.1,29.1,89.0,931,1
0.0,30.2,64.1,16,0
174.4,24.5,77.2,773,0
0.0,28.6,53.0,36,0
328.0,24.4,91.7,623,0
6.1,24.8,54.4,307,0
0.0,33.0,76.2,1157,1
2.6,28.5,67.5,130,0
392.4,26.4,89.7,713,0
0.0,25.7,61.3,299,0
88.2,22.4,74.6,538,1
367.7,23.1,87.3,669,0
81.1,26.1,82.5,565,1
0.0,30.5,82.0,1126,1
0.0,24.7,69.6,245,0
3.6,28.6,81.2,290,0
81.3,23.2,81.1,496,1
17.9,27.5,85.4,1162,1
251.5,30.4,93.8,1001,0
153.8,23.0,96.1,576,0
39.3,30.6,64.1,1227,1
41.9,29.7,74.7,15,0
6.6,27.8,67.8,1271,1
287.7,25.3,81.9,957,0
184.7,27.1,90.2,860,0
13.6,32.6,63.5,1378,1
207.1,29.5,66.7,983,0
41.1,31.3,72.6,1167,1
391.7,26.0,98.0,756,0
0.0,31.8,62.2,20,0
0.6,24.2,77.0,452,1
0.0,25.9,73.2,241,0
0.0,24.1,69.5,336,0
0.0,30.7,64.7,1374,1
25.6,32.2,73.4,1158,1
124.3,29.6,81.4,807,0
50.8,32.3,78.4,1274,1
0.0,29.8,83.3,1320,1
156.5,23.9,87.3,642,0
30.6,27.4,68.5,327,0
367.2,24.7,87.7,649,0
192.9,23.2,75.9,754,0
380.0,26.0,73.6,691,0
38.6,30.6,67.3,1287,1
0.0,26.7,75.4,68,0
0.0,32.2,81.3,1223,1
65.6,26.3,69.5,123,0
6.5,33.1,72.0,1375,1
28.6,27.1,69.8,224,1
214.9,32.7,79.2,1000,0
22.8,32.6,58.3,1262,1
0.0,24.2,81.9,347,0
11.3,23.5,71.6,381,1
139.0,27.3,90.3,879,1
167.8,25.5,83.4,657,0
0.0,27.9,57.7,1418,1
35.9,28.5,59.7,176,0
0.0,23.3,67.8,354,0
0.0,33.5,66.2,108,0
339.0,28.1,94.1,804,0
47.6,25.3,85.7,539,1
41.6,31.0,71.2,1067,1
41.1,28.3,64.5,1132,1
387.4,25.2,90.0,681,0
121.5,26.8,98.0,769,1
323.0,24.0,92.3,707,0
174.8,25.0,98.0,706,0
21.7,32.1,73.6,1053,1
184.3,24.2,80.0,499,1
232.3,30.5,90.6,995,0
0.4,33.1,56.9,1236,1
273.9,31.5,85.1,938,0
84.8,28.3,82.5,986,1
53.1,35.9,81.2,1259,1
9.0,34.7,57.6,1426,1
38.7,23.0,75.8,468,1
114.0,25.9,78.2,631,1
0.0,34.5,64.5,1421,1
35.2,31.9,55.5,111,0
66.2,22.0,81.8,448,1
390.8,24.9,86.0,700,0
0.0,31.0,67.8,1247,1
31.6,31.7,67.3,31,0
0.0,33.4,69.9,1343,1
405.0,23.6,96.9,722,0
50.9,30.4,67.2,1313,1
30.3,28.9,80.7,1226,1
218.0,29.8,73.5,968,0
145.2,26.4,79.7,819,0
159.1,27.9,97.5,802,0
109.8,32.6,91.8,906,1
225.7,30.5,66.4,976,0
25.6,24.6,54.9,336,0
0.0,26.1,87.1,366,1
55.6,29.3,64.0,29,0
174.7,27.6,78.6,852,0
0.0,32.2,74.5,1157,1
0.0,29.6,65.3,1230,1
36.7,30.2,77.6,1041,0
184.5,24.4,82.7,733,0
0.0,32.4,62.4,1397,1
0.0,27.0,49.9,94,0
26.4,29.6,66.8,1096,1
363.2,26.6,92.5,858,0
327.9,23.6,90.8,690,0
366.1,31.3,85.3,878,0
0.0,33.0,84.0,1072,1
367.3,27.9,85.3,815,0
0.0,24.4,58.7,314,0
372.3,25.0,75.8,688,0
0.0,35.0,76.3,1199,1
0.0,30.8,52.4,1375,0
25.1,23.0,66.0,339,0
31.6,25.6,74.3,495,1
0.0,26.5,70.0,212,0
223.7,29.7,78.4,984,0
14.3,28.6,66.8,75,0
71.6,28.7,85.9,929,1
0.0,31.8,68.2,1436,1
353.7,26.4,91.6,813,0
0.0,24.8,78.9,421,1
389.1,29.1,76.7,819,0
0.0,32.0,55.4,103,0
101.7,27.2,85.3,942,1
22.8,29.0,67.1,217,0
26.3,32.3,64.9,50,0
10.8,34.0,61.0,1379,1
0.0,32.0,71.9,1157,1
133.5,26.5,72.5,784,1
93.0,22.0,66.3,466,1
8.5,28.2,89.8,159,0
32.5,29.6,52.7,245,0
0.0,25.8,64.1,311,1
0.0,31.4,58.5,1310,1
103.3,25.3,68.2,431,1
0.0,22.8,68.7,311,0
9.1,24.6,61.9,308,1
32.0,28.6,73.5,235,0
70.8,25.7,75.6,401,1
5.1,29.8,68.9,1401,1
25.8,35.0,77.0,1128,1
0.7,22.0,69.3,409,1
49.4,28.6,60.0,135,0
28.7,25.8,88.1,423,1
13.4,32.5,65.9,49,0
27.5,30.2,66.0,2,1
398.0,28.5,85.4,795,1
0.0,25.2,73.1,313,0
71.9,27.5,70.5,595,1
417.0,27.6,87.6,820,0
14.7,29.3,88.4,217,0
11.8,22.9,73.0,303,0
139.9,28.8,95.9,958,1
29.0,33.1,71.2,1201,1
16.3,31.1,67.4,54,0
20.2,24.0,75.0,309,0
184.2,22.0,64.5,490,0
362.4,24.5,71.6,878,0
107.5,23.3,83.2,685,1
4.5,33.6,80.2,176,0
161.0,22.0,80.0,636,0
117.0,27.7,87.8,865,1
7.6,27.4,58.9,123,0
163.6,27.0,92.2,805,0
0.0,28.9,53.6,97,0
40.5,25.0,76.6,207,0
9.6,33.5,74.7,1081,1
104.3,22.0,83.2,661,1
2.9,32.8,70.9,75,0
243.6,30.9,90.8,1019,0
3.0,26.2,53.9,176,0
93.6,22.8,87.6,562,1
266.5,31.3,68.8,922,0
0.0,29.2,62.6,1272,1
43.6,24.1,59.8,500,0
180.6,24.5,81.5,638,1
34.6,31.9,71.6,1224,1
378.7,29.1,91.3,897,0
0.0,29.3,68.9,156,0
286.7,29.9,82.5,956,0
34.4,34.2,77.4,1248,1
0.0,32.5,80.8,1212,1
3.1,31.0,78.4,1214,1
353.4,22.9,98.0,687,1
26.6,31.6,62.1,1322,1
3.2,26.8,80.2,262,0
0.0,22.0,63.3,363,1
46.1,24.9,70.0,526,1
47.4,30.3,69.9,1249,1
42.9,29.0,73.8,1079,1
27.3,32.3,75.6,1202,0
52.9,22.0,81.2,458,1
359.1,28.1,97.3,667,0
0.0,33.7,76.8,1182,1
0.0,26.7,69.1,84,0
316.0,23.8,73.0,593,0
0.0,31.8,73.0,1137,1
138.4,22.5,87.4,520,1
27.6,29.8,88.8,1431,1
47.1,23.9,70.9,431,1
4.8,30.8,74.8,1384,1
32.8,30.6,65.5,1412,1
0.0,30.9,66.3,1425,1
15.3,30.7,58.4,24,0
18.7,24.5,68.6,324,0
440.2,26.0,83.9,716,0
0.0,33.2,72.4,1414,1
1.3,32.4,87.1,1094,1
198.0,33.5,76.1,1001,0
0.0,26.2,60.9,85,0
390.8,23.4,89.7,609,0
12.2,31.6,75.6,1043,1
0.0,31.9,74.9,1354,1
12.5,31.1,73.0,1288,1
324.7,25.8,78.9,637,0
111.2,31.2,85.0,1024,1
60.4,26.5,81.6,443,1
350.8,25.9,81.9,858,0
80.7,24.1,83.7,525,1
76.7,27.1,75.7,888,1
16.8,26.3,71.8,403,1
9.8,33.0,78.7,1148,0
216.2,25.0,82.8,745,1
434.1,28.0,88.6,744,0
0.0,30.0,53.4,34,0
37.6,29.4,71.9,1189,1
0.0,26.5,69.9,215,0
28.8,35.5,60.4,1393,1
45.1,26.6,68.8,235,0
63.8,27.4,69.7,185,0
388.1,26.6,76.8,751,0
22.4,28.9,45.0,85,0
36.4,34.5,59.1,1334,0
152.7,29.5,66.8,888,0
0.0,28.3,73.7,210,0
8.5,24.6,81.5,355,0
19.1,29.4,57.0,156,0
0.0,23.9,66.5,397,1
0.0,26.0,69.4,352,0
0.0,32.1,61.0,177,0
28.9,30.1,61.9,216,1
124.9,23.9,68.3,558,1
21.3,32.4,69.6,1213,1
192.5,22.0,72.6,515,0
16.1,24.7,59.8,336,0
0.0,27.4,68.5,1150,1
345.1,26.4,84.7,626,0
0.0,23.0,73.2,361,1
42.2,30.6,81.6,1041,1
0.0,26.1,83.4,181,0
14.5,28.1,69.6,259,0
67.0,29.7,79.1,223,0
3.5,29.8,56.6,227,0
401.4,23.4,58.4,736,0
358.1,30.3,75.3,903,0
126.1,25.2,81.4,793,1
361.3,24.8,74.0,606,0
49.8,31.0,70.3,74,0
0.0,31.3,63.0,1289,1
180.1,27.4,83.3,795,0
7.4,29.6,65.0,1419,0
0.0,33.0,75.1,1381,1
0.0,24.1,70.1,378,1
345.5,23.5,79.7,600,0
0.0,27.6,77.8,210,0
0.0,26.4,86.8,414,1
100.8,26.2,93.8,903,1
0.0,26.1,83.7,326,0
16.4,24.2,53.7,357,0
19.4,30.4,57.5,115,0
0.0,29.8,81.7,1432,1
43.9,22.4,82.1,444,1
0.0,23.1,89.1,381,1
0.0,31.2,72.5,1422,1
134.5,28.0,88.8,789,1
94.4,22.8,84.5,529,1
297.8,28.1,82.4,872,0
38.8,30.6,68.2,1308,1
78.2,30.1,68.6,1067,1
382.0,24.2,80.3,703,0
0.0,30.0,62.8,1379,1
0.0,29.0,78.0,1109,1
432.9,25.9,90.8,749,0
59.5,26.8,82.6,375,1
114.4,24.3,97.3,548,1
248.0,23.5,89.6,556,0
0.0,30.6,71.7,94,0
190.0,26.0,74.0,839,0
405.1,26.4,72.1,769,0
0.0,28.8,70.8,1306,1
72.6,25.2,70.0,314,0
111.4,23.3,81.2,527,1
176.5,22.3,76.2,747,0
183.3,23.1,80.1,499,0
197.2,22.0,81.0,752,0
30.3,24.8,73.7,272,0
151.4,28.0,89.5,815,0
41.0,24.2,72.6,252,0
111.4,22.6,71.0,483,1
111.7,22.0,76.5,442,1
0.0,25.1,88.5,367,1
10.8,23.3,73.5,432,0
0.0,31.8,62.5,1283,1
44.2,30.3,72.5,159,0
0.0,29.5,61.9,1365,1
4.3,33.4,58.1,1409,1
90.8,27.5,78.2,899,1
91.9,26.2,85.3,449,1
0.0,29.8,63.5,24,0
9.7,22.0,81.5,392,1
0.0,29.0,84.5,1088,1
34.1,28.5,61.9,85,0
418.9,23.6,83.4,803,0
41.9,31.9,75.7,1052,1
344.4,29.6,77.3,878,0
410.7,24.0,92.7,804,1
0.0,30.3,62.0,1431,1
32.7,31.3,66.7,1124,1
8.9,32.8,88.7,1094,1
0.0,32.7,66.1,1300,1
135.4,29.2,79.5,1007,1
8.2,29.0,63.3,1308,1
0.0,31.5,65.8,1120,0
118.1,28.8,70.1,905,1
0.0,30.2,79.3,1159,0
0.0,35.7,70.5,1123,1
30.6,30.3,48.1,15,0
20.6,30.2,68.5,1139,1
18.6,23.4,72.7,380,1
0.0,33.1,60.4,1334,1
112.7,26.9,87.6,638,1
20.3,27.2,66.6,281,0
223.1,32.0,86.9,963,0
324.4,22.1,90.6,623,0
0.0,30.7,57.3,1382,1
115.3,22.0,71.8,469,1
280.0,25.7,90.5,540,0
189.3,27.0,86.9,689,0
73.9,22.2,87.6,552,1
356.4,24.8,90.6,773,0
74.3,28.9,72.1,1037,1
301.4,24.6,98.0,579,1
2.7,31.3,82.9,1090,1
0.0,31.9,69.0,1181,1
94.1,29.3,88.3,988,1
7.8,35.5,71.5,1143,1
122.1,31.0,83.0,924,1
0.0,25.7,65.0,275,0
23.1,24.9,59.2,155,0
374.0,24.6,89.9,883,0
28.8,25.8,59.8,99,0
413.7,26.9,78.8,747,0
9.6,31.5,65.4,1304,1
116.9,26.6,69.0,427,1
38.0,32.9,66.7,1340,1
195.4,25.5,75.9,994,0
0.0,25.3,75.9,223,0
14.8,28.1,83.2,1097,1
25.6,31.1,67.8,1306,1
197.0,24.6,73.3,504,0
21.0,31.6,64.7,1365,1
321.2,28.0,80.7,880,0
199.7,22.0,92.7,484,0
46.9,35.4,62.7,1426,1
24.2,32.3,71.8,1207,1
60.6,27.1,85.2,502,1
139.2,28.6,96.3,782,1
0.0,32.7,63.5,1363,1
48.9,33.2,58.3,1236,1
83.3,27.9,83.1,930,1
0.0,29.6,74.4,1408,1
0.0,31.3,69.4,1360,1
201.6,29.7,75.6,979,0
378.5,22.0,82.3,722,0
203.9,24.0,73.1,502,0
356.7,29.1,81.8,879,1
0.0,22.0,68.0,380,1
0.0,27.9,68.1,12,0
32.6,30.1,69.0,7,0
15.5,26.8,70.7,244,0
0.0,30.5,72.4,1404,1
33.9,24.7,89.8,518,1
332.6,25.4,96.2,696,0
3.6,24.4,73.4,340,0
406.1,25.9,80.7,724,0
36.3,24.1,60.0,427,1
119.7,28.0,80.0,883,1
30.7,24.9,62.2,303,0
10.9,25.9,72.6,340,0
0.0,28.9,74.4,239,0
321.0,25.4,89.6,653,0
0.0,27.4,76.6,1221,1
93.1,28.1,65.7,1033,1
9.5,29.2,54.6,138,0
15.2,26.4,76.6,132,0
129.8,27.5,68.5,694,1
0.0,29.0,75.6,1203,1
13.3,33.7,68.5,1232,1
31.4,23.4,69.7,321,0
51.9,34.2,71.6,1200,1
16.1,23.7,86.9,310,0
81.6,22.2,71.2,435,1
156.9,28.2,80.4,843,0
36.9,27.9,86.6,1048,1
0.0,30.0,65.4,1178,1
111.7,30.8,88.9,943,1
17.1,28.1,72.1,337,0
43.8,31.5,52.1,1223,1
82.1,29.0,80.9,1011,1
55.5,22.0,80.7,488,1
0.0,32.7,76.7,1137,1
66.7,29.9,83.1,1027,1
0.0,29.0,71.1,1333,1
53.1,26.6,70.0,254,0
0.0,22.5,81.6,352,0
151.9,25.5,81.7,681,0
379.4,23.8,86.0,636,0
300.9,29.4,75.1,914,0
0.0,29.0,55.9,1145,1
114.4,30.4,73.7,960,1
0.0,28.3,73.2,1159,1
88.5,24.5,67.2,520,1
0.0,29.8,57.9,35,0
13.6,24.3,80.1,121,0
33.4,32.0,67.7,1205,1
34.7,32.9,70.0,1321,0
107.1,23.1,73.1,482,1
93.5,29.3,56.9,1266,1
0.0,30.6,66.9,1099,1
372.9,22.0,93.5,768,0
16.3,32.1,64.0,1360,0
360.0,28.5,85.6,833,0
0.0,30.9,66.7,1180,1
0.0,30.9,80.9,1130,1
60.4,33.7,77.6,1324,1
20.7,27.6,93.0,384,1
16.2,28.4,73.1,217,0
336.2,23.1,76.9,677,0
0.0,33.9,51.3,1320,1
429.3,28.2,95.2,804,0
0.0,29.5,50.6,76,0
74.5,30.6,64.4,45,0
117.0,33.0,85.7,1034,1
4.6,28.1,85.9,1144,1
94.1,23.8,70.4,436,1
0.1,25.7,67.6,140,0
0.0,26.0,71.4,352,0
32.9,30.2,62.1,1314,1
413.3,32.2,94.9,742,0
192.3,25.5,84.6,522,1
196.7,22.0,70.5,489,0
24.5,33.8,70.8,1156,1
260.9,23.2,77.0,536,0
184.5,28.2,87.1,840,0
165.6,25.7,98.0,756,0
0.0,28.2,70.6,1307,1
236.8,27.8,79.8,906,0
12.4,26.8,64.6,71,0
362.9,22.1,87.9,819,0
7.3,24.1,58.6,349,0
11.1,28.5,74.2,60,0
125.0,22.0,78.9,439,1
0.0,29.1,66.9,223,0
0.0,32.7,66.7,1230,1
0.0,31.0,64.8,1383,1
394.2,28.0,77.0,805,0
144.6,25.6,70.6,611,1
79.3,31.4,69.6,1401,1
86.8,30.1,78.7,780,1
187.9,22.0,86.5,660,0
314.6,30.1,80.5,902,0
0.0,24.4,82.8,352,0
0.0,34.7,76.2,1151,0
55.6,30.7,73.8,53,0
135.9,24.9,90.7,680,1
0.0,27.4,89.1,372,0
107.1,23.8,65.1,432,1
215.4,24.8,91.7,532,0
31.8,27.8,59.0,100,0
231.2,30.3,71.3,977,0
26.2,36.0,62.4,1199,1
102.8,27.7,81.7,779,0
7.1,26.9,73.4,272,0
133.1,22.0,93.1,545,1
175.1,29.9,69.4,684,0
58.7,27.6,82.4,982,0
0.0,32.1,62.1,1223,1
0.0,26.1,62.4,336,0
16.5,29.3,61.9,145,0
376.6,26.6,84.4,843,0
4.3,25.9,69.7,397,1
0.0,22.7,62.5,334,0
6.0,30.3,64.6,228,0
0.0,28.9,79.6,1090,1
0.0,25.0,73.2,275,0
0.0,29.1,62.2,144,0
176.0,23.7,78.6,499,0
0.0,28.2,66.2,300,0
446.5,28.5,86.8,749,0
0.0,32.9,74.9,1263,1
0.0,30.4,66.1,1162,1
0.0,26.7,63.9,214,0
46.6,26.1,69.9,101,0
8.9,25.3,88.2,201,0
95.1,23.6,83.1,450,1
137.8,27.8,83.6,720,1
147.6,25.0,73.7,598,1
79.3,30.3,86.1,1023,1
206.3,22.5,73.5,498,0
0.0,31.5,63.3,29,1
414.4,24.8,81.9,720,0
88.5,32.2,76.9,1067,1
367.6,29.0,76.1,858,0
0.0,31.2,73.0,111,0
188.8,22.8,87.2,620,0
433.8,26.1,82.2,801,0
34.6,31.9,66.0,1309,1
147.0,27.4,80.9,841,1
363.2,25.6,85.6,785,0
211.9,27.7,75.8,920,0
9.4,28.9,58.0,1352,0
161.8,26.5,81.8,858,0
0.0,32.9,80.1,1106,1
212.5,25.8,92.3,516,0
0.0,26.6,71.5,268,0
16.8,25.5,76.5,299,1
120.1,24.3,90.2,627,1
0.0,34.7,75.0,1173,1
0.8,32.5,69.0,1380,1
0.0,22.0,64.8,227,0
33.3,30.2,66.6,1164,1
104.1,29.8,69.9,1040,0
0.0,31.1,64.8,153,0
0.0,28.2,70.1,205,0
404.1,24.1,81.9,815,0
0.0,25.9,74.6,394,0
124.8,29.9,65.7,442,1
0.0,32.5,83.5,1396,1
274.5,27.3,94.9,946,0
0.5,34.9,71.0,1181,1
413.2,28.7,86.0,851,0
0.0,23.2,88.3,403,1
218.8,30.1,86.3,979,0
23.2,31.4,63.4,1298,1
58.5,30.5,72.0,1286,1
44.4,29.4,56.9,1301,1
372.5,24.0,86.8,696,0
9.9,30.7,79.9,1039,1
0.0,32.4,50.4,1431,1
393.4,24.4,92.9,790,0
169.0,25.2,87.2,867,0
172.9,28.2,81.0,841,0
0.0,25.3,67.9,263,0
114.5,28.2,88.8,915,1
43.8,24.2,65.3,251,1
0.0,27.3,60.3,75,0
0.0,29.6,66.5,1175,1
114.6,22.0,86.3,481,1
0.0,32.5,73.0,1284,0
191.3,25.0,70.9,508,0
14.5,30.3,69.1,207,0
332.5,29.2,86.0,849,0
378.8,24.5,93.1,644,0
87.9,30.9,61.7,22,0
79.3,30.1,73.4,1051,0
5.3,28.3,69.2,30,0
103.7,25.4,73.3,438,1
292.2,29.7,87.4,914,0
0.0,29.3,69.8,1314,0
21.9,30.8,63.7,1052,1
0.0,30.2,65.9,1319,0
66.2,25.8,81.7,496,1
373.0,24.3,90.3,711,0
0.0,34.9,71.0,1115,1
44.1,33.2,71.0,1039,1
0.0,23.8,63.2,248,0
0.0,27.7,66.9,97,0
2.8,25.9,75.2,362,1
282.7,24.2,76.5,593,0
126.6,27.4,87.2,841,1
0.3,24.6,76.6,377,1
0.0,25.8,65.3,262,0
311.3,30.0,79.0,858,0
62.2,31.3,86.3,1146,1
0.0,32.8,55.2,1174,1
354.4,28.9,71.4,899,1
360.7,26.6,80.4,599,0
0.0,30.7,73.2,1429,1
400.2,27.3,77.7,799,0
182.9,24.9,86.7,559,0
30.5,28.7,65.9,978,1
47.7,31.7,67.9,1240,1
161.2,25.1,87.1,795,1
0.0,30.4,72.2,97,1
114.6,32.2,86.9,920,1
389.1,22.2,69.9,748,0
127.3,26.0,80.1,523,1
0.0,24.4,69.3,419,1
134.1,31.6,81.2,937,1
267.0,24.7,79.6,584,0
15.3,32.8,70.9,1438,1
0.0,31.7,67.7,1283,1
157.4,24.1,81.9,516,0
42.6,33.8,68.4,1288,0
18.7,36.4,48.6,1350,1
23.1,23.5,75.3,404,1
261.0,29.3,81.8,951,1
115.5,22.6,83.9,518,0
15.1,30.4,69.1,1391,1
204.5,29.0,65.6,989,0
31.0,29.9,63.7,1192,1
0.0,25.6,75.6,363,1
385.3,24.9,88.0,629,0
21.5,22.3,75.1,424,1
1.0,22.2,79.1,375,1
0.0,33.2,90.7,1106,1
0.0,30.9,76.4,1143,1
372.4,29.7,95.8,667,0
0.0,24.4,72.8,407,1
120.1,24.2,82.6,427,1
0.0,24.1,83.2,376,1
21.3,22.4,80.8,345,0
70.4,22.0,63.7,523,1
385.2,28.8,80.4,722,0
18.9,27.2,81.9,386,1
87.2,22.2,65.9,471,1
59.6,32.9,61.4,1293,1
93.0,32.7,84.6,1004,1
39.0,27.3,74.1,980,1
279.3,29.0,72.9,942,0
0.0,30.8,78.9,1283,1
0.0,29.4,61.4,103,1
73.1,26.6,68.7,469,1
112.4,30.8,71.2,1000,1
378.3,27.2,95.0,748,0
124.8,26.4,80.2,1058,1
27.5,32.2,75.9,1385,1
3.2,31.8,65.9,1315,1
311.4,28.5,82.8,553,0
16.7,30.2,58.1,109,0
43.6,28.4,72.7,73,1
351.2,30.7,76.4,816,0
287.3,28.9,96.8,951,0
6.0,25.1,66.1,383,1
0.0,29.2,59.3,1212,1
0.0,30.7,72.8,1200,1
0.0,29.4,59.3,1391,1
387.7,24.8,80.6,710,0
0.0,29.0,74.7,1361,1
347.6,23.5,96.6,803,0
42.3,27.2,68.6,216,0
13.6,24.0,65.5,199,0
19.7,32.3,74.9,1025,1
7.1,31.9,69.8,131,0
0.0,30.5,46.4,20,0
153.1,30.5,79.2,962,0
8.2,22.0,66.4,386,1
332.0,30.3,84.2,945,0
50.8,25.8,68.3,292,0
3.1,32.4,75.8,1115,1
0.0,22.2,76.4,376,1
171.4,26.4,88.0,828,0
9.7,31.5,59.0,105,0
0.0,26.5,75.8,134,0
255.8,29.4,81.1,998,0
101.3,30.8,83.6,903,1
132.2,25.5,77.2,436,1
107.8,32.9,73.0,1057,0
143.0,26.6,88.3,850,1
0.0,24.2,76.8,371,1
233.0,22.2,96.5,526,0
25.7,23.3,66.5,331,0
109.2,28.9,88.8,1046,1
72.5,30.7,77.5,1063,1
18.9,34.0,64.8,1422,1
115.6,29.5,77.7,806,1
357.3,28.0,87.7,828,0
384.6,25.1,83.2,819,0
0.0,24.9,71.8,223,0
43.4,26.4,60.5,208,0
339.9,28.8,85.4,848,0
142.7,29.1,83.8,882,0
74.1,31.3,74.0,1022,0
173.9,26.8,85.5,818,0
0.0,30.4,65.0,28,0
273.1,23.0,86.5,560,0
43.5,29.0,79.4,1174,1
152.4,23.6,86.1,592,0
135.6,24.5,83.3,587,1
6.3,30.6,57.0,1389,1
0.0,26.0,59.9,82,0
32.7,23.7,84.7,458,1
0.0,28.8,68.4,24,1
18.0,32.7,61.9,23,0
2.4,28.1,75.0,199,0
0.0,22.0,69.8,374,1
246.2,24.1,73.2,500,0
317.2,26.8,90.1,952,0
0.0,23.1,80.8,281,0
18.3,24.5,61.4,71,0
0.0,33.2,72.2,1337,0
364.5,26.6,90.6,659,0
99.3,27.8,78.7,1042,1
0.0,33.7,73.4,1134,1
423.7,30.2,80.2,760,0
49.3,30.4,66.6,1408,1
134.5,22.7,81.6,640,1
18.2,31.7,80.9,1175,1
51.4,33.8,83.7,1084,1
51.9,32.6,79.6,998,1
0.0,25.9,74.2,265,0
362.7,24.2,88.3,758,0
26.7,32.3,84.9,1150,1
0.0,29.8,65.0,41,0
129.9,24.4,85.3,550,1
144.3,23.4,76.5,475,1
0.0,31.2,70.4,1435,1
80.7,22.0,73.9,437,1
20.1,32.2,65.6,1091,1
3.6,27.4,88.4,356,0
315.5,24.8,79.3,675,0
46.0,24.8,65.5,386,1
129.7,25.8,85.6,935,1
68.6,25.0,80.4,496,1
0.0,33.9,61.4,1248,1
29.5,35.1,69.2,1280,1
281.5,22.0,77.4,594,0
114.9,25.2,72.1,576,1
117.7,22.0,85.8,570,1
0.0,32.6,73.3,1184,1
272.0,27.9,87.1,934,0
0.0,31.0,58.5,26,0
177.2,30.9,86.8,982,0
11.9,32.2,62.3,1231,1
400.9,26.1,85.0,796,0
50.6,31.8,71.4,1090,1
0.0,33.9,63.1,1200,1
28.1,32.5,74.8,1227,1
122.7,31.6,84.1,977,1
414.9,24.2,82.8,828,0
26.5,24.3,76.0,460,1
0.0,31.0,70.3,1219,1
53.3,33.6,70.7,1206,1
194.4,25.1,72.9,516,0
40.5,23.1,75.5,435,1
145.4,26.3,78.1,758,1
223.2,29.7,84.6,1004,0
0.0,32.2,56.7,1124,1
0.0,25.2,74.0,406,1
170.6,30.1,85.3,982,0
54.7,27.3,66.5,31,0
16.5,29.0,64.5,288,0
0.0,27.3,51.7,316,0
0.0,29.2,68.1,118,0
241.4,30.1,89.6,918,0
44.6,33.1,66.9,1301,1
0.0,24.6,76.8,273,0
18.7,28.5,71.7,253,0
134.9,22.0,84.5,714,1
1.8,24.6,70.1,122,0
255.3,27.6,82.2,938,0
2.3,25.8,82.5,324,0
169.8,28.3,88.8,899,0
349.6,28.1,84.1,850,0
294.1,28.9,96.5,948,0
2.1,31.2,68.2,1154,1
448.9,23.4,88.9,738,0
361.9,22.4,89.0,702,0
278.7,22.0,90.3,554,0
392.0,24.8,87.5,794,0
0.0,26.2,63.6,97,0
5.4,25.1,66.0,134,0
200.9,23.5,83.9,488,1
142.0,26.6,98.0,604,1
142.1,25.4,71.7,618,0
0.0,30.0,75.9,1283,1
234.1,22.8,90.6,568,0
160.0,30.8,91.3,839,0
173.2,23.0,80.5,484,0
0.0,29.7,69.0,1161,1
0.0,31.4,66.2,1212,1
68.7,23.0,89.7,589,0
14.0,30.2,75.0,1311,1
101.0,24.1,67.5,528,1
34.7,28.5,63.4,286,0
90.1,22.0,76.6,465,1
139.8,25.3,79.7,628,1
14.6,32.0,70.4,15,0
39.8,32.9,65.9,1235,1
230.3,26.2,98.0,556,0
0.0,31.1,61.4,19,0
45.0,30.5,61.0,1273,1
0.0,28.1,83.3,409,1
413.9,28.0,82.7,785,0
42.4,30.6,77.2,261,0
224.1,26.3,90.6,999,0
0.0,36.6,76.5,1268,1
0.0,33.7,66.5,1231,1
1.9,26.1,60.1,323,0
165.7,27.2,95.3,932,0
190.9,26.0,73.1,612,0
122.1,26.5,98.0,574,1
298.6,24.5,82.6,845,0
4.9,25.7,72.9,408,1
0.0,30.2,62.2,1359,1
3.2,30.2,66.0,89,0
104.9,23.1,79.5,697,1
7.3,34.0,78.6,1095,1
109.4,25.0,84.1,660,0
206.9,30.5,73.4,941,0
10.8,27.1,64.8,317,0
59.4,28.6,64.0,141,0
0.0,27.3,47.8,85,0
0.0,33.1,59.8,1153,1
35.6,25.8,80.0,295,0
381.3,24.9,93.4,636,1
6.4,27.3,73.8,168,0
0.0,24.4,71.8,133,0
40.5,32.0,71.7,1285,1
0.0,24.8,73.7,289,0
0.0,32.5,62.7,1295,1
27.6,31.4,74.7,1371,0
299.3,23.5,76.1,622,0
13.1,32.3,86.6,121,0
194.2,25.4,80.9,758,0
54.8,32.2,62.5,1206,1
29.7,27.9,98.0,458,1
0.0,29.8,63.9,1184,1
134.6,25.8,88.5,590,1
0.0,27.5,68.1,81,0
0.0,26.5,73.2,207,0
113.2,31.6,86.9,1057,0
11.2,33.8,81.4,1099,1
0.0,24.9,55.7,228,0
0.0,32.4,75.2,1196,1
25.0,22.5,82.5,497,1
232.8,30.3,88.3,956,0
0.0,27.1,72.4,323,0
0.0,28.3,61.3,212,0
196.2,22.4,72.9,538,0
335.4,23.8,84.1,774,0
52.0,23.7,70.3,524,1
0.0,22.7,68.0,325,0
0.0,33.0,66.2,1218,1
0.0,34.3,72.9,1127,1
424.1,25.4,98.0,821,0
0.0,33.0,62.3,1212,1
328.2,26.4,61.8,849,0
0.0,30.5,69.1,133,0
0.0,28.0,63.4,248,1
43.8,31.8,79.2,1252,1
93.5,32.4,76.3,1030,1
168.2,28.6,85.4,782,0
306.5,26.7,71.4,939,0
366.5,28.0,85.2,791,0
145.9,22.8,90.2,514,1
332.0,28.2,90.7,878,0
19.1,23.8,76.5,405,1
103.7,27.0,74.8,818,1
7.6,27.0,76.4,331,0
34.8,29.7,73.1,1238,1
180.3,24.5,94.0,853,1
22.6,31.0,74.8,1183,1
112.3,26.3,82.2,420,0
14.7,27.2,62.4,86,1
67.3,23.1,73.1,456,1
0.0,32.3,68.8,59,0
28.0,32.8,82.1,1002,1
2.2,32.8,77.2,1080,1
13.6,26.8,71.1,294,0
7.1,33.9,51.4,1304,1
17.3,31.0,77.2,1168,1
305.6,30.4,87.5,923,0
0.0,22.9,70.2,414,1
1.9,27.8,80.5,376,1
48.8,32.9,76.3,1054,1
89.5,32.1,78.5,1050,1
0.0,28.4,59.8,101,0
107.8,29.4,83.5,871,0
371.1,26.9,71.9,798,0
108.0,29.7,75.2,1050,1
201.0,25.2,94.7,518,0
444.1,23.2,86.0,799,0
29.1,27.8,67.4,267,0
345.7,22.5,80.8,602,0
107.2,25.6,72.2,451,1
40.4,23.0,71.0,261,0
385.7,23.7,75.7,643,0
13.1,26.9,76.1,297,0
252.0,31.7,86.9,1013,0
0.0,30.5,73.5,1301,1
4.5,25.1,75.7,232,0
441.4,30.0,91.2,883,1
21.3,35.3,77.6,1094,1
4.2,30.0,78.7,1297,1
6.1,23.8,69.2,78,0
7.0,33.9,60.7,1410,1
250.1,29.7,79.5,985,0
178.7,23.4,91.8,664,1
0.0,30.9,69.1,1436,1
149.7,33.9,75.8,979,1
261.0,25.5,82.5,598,0
105.3,32.4,71.5,1021,1
0.0,31.8,81.5,1100,1
74.3,31.8,88.3,1070,1
153.1,29.4,72.4,779,0
411.5,25.2,88.0,830,1
0.0,32.3,56.8,1415,1
97.4,29.0,71.0,927,1
124.4,30.7,88.0,1039,1
165.5,28.5,86.6,1056,0
278.6,29.9,83.8,938,0
104.9,31.2,76.0,995,1
40.1,24.2,72.7,370,1
415.0,28.1,79.8,714,0
24.8,29.2,81.2,116,0
272.2,22.0,97.7,542,0
48.6,27.1,76.6,276,0
0.0,29.7,70.6,1219,0
0.0,30.9,56.5,151,0
56.0,35.2,73.3,1126,1
410.8,28.0,85.2,744,0
117.4,25.2,79.2,680,1
0.0,29.2,77.3,177,0
0.0,23.7,87.3,349,0
215.6,28.2,83.5,795,0
0.0,25.4,76.2,227,0
144.5,29.8,87.4,761,1
48.9,29.5,69.0,1080,0
111.1,27.6,86.9,1042,1
0.0,27.7,79.0,162,1
35.0,33.0,76.9,1188,1
26.9,29.8,69.0,323,0
300.9,27.6,88.7,946,0
0.0,32.0,70.5,1164,1
0.0,30.8,72.6,1386,0
0.0,25.9,78.2,176,0
389.5,23.2,79.6,717,0
0.2,27.7,79.8,1117,1
14.5,34.5,72.8,1126,1
0.0,29.2,74.8,1426,1
39.7,22.8,68.4,218,1
0.0,29.2,77.2,34,0
15.0,31.5,85.3,73,1
132.7,27.0,78.7,728,1
392.7,27.0,87.7,722,0
0.0,32.3,75.1,97,0
0.0,33.5,73.6,1099,1
0.0,26.6,73.2,1300,1
0.0,29.9,62.4,1412,1
311.8,29.9,69.7,940,0
344.7,25.6,90.7,703,0
22.8,31.1,71.1,31,0
105.6,29.4,73.8,515,1
101.9,28.1,77.3,985,1
282.0,22.0,80.8,587,0
70.8,26.0,83.3,1024,1
0.0,33.3,83.0,1138,1
0.0,24.2,79.2,408,1
0.0,28.5,66.3,1109,1
16.1,30.4,63.0,1396,1
303.9,27.0,82.2,845,0
193.8,23.3,77.9,537,0
284.0,22.0,89.9,554,0
0.0,32.6,76.9,1320,1
0.0,33.3,80.3,1152,1
38.8,32.1,83.7,1187,1
24.9,26.8,68.6,213,0
22.8,25.5,68.5,329,0
0.0,27.1,58.8,198,1
30.8,22.4,67.7,294,0
209.1,22.3,73.6,481,0
392.7,25.6,98.0,712,0
0.0,30.0,73.3,1376,1
110.6,25.9,70.3,463,1
65.7,29.3,68.6,1211,1
18.4,30.7,65.6,297,0
189.8,28.7,78.7,639,0
0.0,30.9,63.4,1363,1
348.6,22.0,81.1,623,0
184.6,24.9,81.7,730,0
398.0,29.4,85.1,781,0
56.9,23.5,75.3,420,1
91.9,31.6,86.9,1076,1
36.3,31.6,75.3,1137,1
338.3,26.3,84.7,687,0
381.9,26.2,81.2,663,0
107.3,30.2,76.7,1060,0
96.0,27.0,71.9,598,1
0.8,25.6,73.0,389,1
44.6,33.2,87.4,1079,1
115.7,24.7,79.1,718,0
192.7,26.6,87.3,786,0
353.7,33.4,93.5,899,0
271.5,29.0,84.3,921,0
34.9,31.5,62.7,85,0
145.1,27.9,82.8,1048,1
440.7,25.9,84.4,684,0
226.2,28.2,89.1,909,0
201.5,29.1,87.6,739,0
0.0,30.5,59.7,1153,1
89.0,29.1,75.7,992,1
121.9,32.0,79.5,1024,1
48.9,25.9,74.8,164,0
17.0,31.7,72.7,1325,1
121.5,22.9,89.4,561,1
0.0,30.3,63.7,59,0
0.0,25.0,67.3,316,0
0.0,31.7,61.8,134,0
42.2,32.4,69.4,1118,1
4.5,24.4,85.5,219,0
51.3,30.0,87.1,1167,1
0.0,30.6,56.8,1372,1
25.6,26.6,69.6,121,0
108.6,27.0,76.6,437,1
142.4,23.0,75.2,446,1
0.0,24.5,80.0,380,1
0.0,30.2,61.4,82,0
36.9,37.6,66.3,1206,1
0.0,24.9,76.5,351,0
278.5,32.4,92.9,958,0
233.0,23.3,98.0,587,0
2.6,28.9,72.3,198,0
387.4,24.3,78.2,728,0
300.9,25.7,88.0,551,0
16.3,31.3,67.0,1245,1
146.0,28.8,84.9,809,1
51.1,25.6,92.7,486,1
348.8,25.8,95.0,601,0
43.1,32.3,73.7,1336,0
74.1,29.9,91.0,1030,1
93.5,26.0,65.1,649,1
144.7,26.8,74.6,971,1
0.0,34.1,70.7,62,0
3.8,29.3,66.2,140,0
304.2,25.6,92.9,613,0
92.3,31.8,68.3,1034,1
20.0,26.5,76.2,170,0
282.6,26.8,88.1,881,0
376.0,25.0,84.9,640,0
181.4,23.6,70.7,609,0
58.2,29.5,90.4,1191,0
390.6,24.4,74.4,654,0
72.4,32.2,64.1,1115,1
9.3,30.0,70.2,50,0
26.5,28.1,79.1,249,0
275.3,24.5,81.3,556,0
302.7,27.3,75.5,583,0
390.5,31.6,81.1,804,0
0.0,28.8,68.9,86,0
0.0,24.7,63.4,212,0
55.4,26.7,75.4,70,0
108.2,30.7,71.3,1032,1
202.6,27.6,72.4,720,0
0.0,30.8,87.8,1110,1
0.0,26.1,64.6,272,0
4.1,30.8,76.5,1160,1
24.8,28.4,69.8,75,0
180.3,24.8,78.5,638,0
109.1,32.8,82.6,1042,1
21.1,27.0,69.1,309,0
0.0,27.0,60.8,1367,1
326.5,25.5,81.7,572,0
44.2,33.2,82.0,1281,0
0.0,31.3,68.9,1360,1
91.5,29.3,87.4,965,1
0.0,33.1,68.6,1306,1
370.9,24.8,79.5,635,0
0.0,31.0,77.8,1126,1
176.1,34.3,78.9,969,0
0.0,31.9,61.8,1436,1
35.7,25.9,74.1,195,0
10.7,32.3,68.8,1392,1
162.1,27.8,79.7,830,0
25.2,32.6,79.6,1197,1
0.0,28.7,67.9,199,0
358.8,26.0,91.4,783,0
20.2,27.5,62.6,199,0
43.8,23.5,65.5,321,0
96.0,25.6,76.3,508,1
48.5,32.0,70.2,1215,0
403.3,23.5,83.2,702,0
118.8,24.0,87.8,466,1
27.7,31.3,59.0,1422,1
0.0,28.8,52.1,202,0
0.0,28.4,69.9,269,0
2.9,27.0,76.4,356,0
24.4,27.1,67.2,269,0
0.0,32.9,76.8,1122,1
61.3,23.6,71.4,422,1
178.2,22.0,72.6,535,0
386.5,26.7,88.2,863,0
17.8,27.1,72.9,228,0
196.2,23.6,84.7,516,0
0.0,24.0,79.4,372,1
111.8,24.7,80.9,461,1
352.0,30.0,82.5,871,0
13.7,32.0,80.6,1116,0
213.7,27.0,77.1,851,0
22.9,23.6,80.0,247,0
0.0,31.2,82.2,1103,1
0.0,22.0,63.1,403,1
0.0,27.4,79.0,315,0
0.0,31.7,81.5,1111,1
224.9,33.5,98.0,993,0
264.3,26.8,73.8,574,0
0.0,32.6,64.4,1111,0
362.6,23.5,91.8,649,0
327.8,27.3,87.2,856,0
300.1,27.3,71.3,541,0
113.2,25.5,98.0,625,1
0.0,28.8,63.5,1373,1
0.0,27.3,63.1,163,0
12.6,30.8,72.6,136,1
99.2,33.0,95.7,1057,1
309.8,25.4,79.8,648,0
0.0,34.6,77.2,1141,1
0.0,29.4,60.0,1267,1
0.0,29.6,77.3,1065,0
126.1,27.8,97.6,845,0
7.7,23.5,86.9,368,1
247.4,25.6,78.5,540,0
29.2,33.6,77.3,1204,1
49.9,32.5,67.7,1358,1
36.4,29.8,71.8,1148,1
302.9,27.7,67.8,553,0
172.7,26.7,81.6,746,0
353.6,24.8,75.3,848,0
12.8,29.1,68.8,1355,1
23.3,29.3,71.1,1048,1
3.7,34.8,48.4,1339,1
12.6,25.2,70.7,194,1
22.9,29.7,77.1,1175,1
32.3,32.2,74.1,962,0
11.0,29.8,47.8,175,0
40.8,30.9,67.5,1252,1
0.0,33.0,63.2,1222,1
0.0,28.5,54.0,117,0
0.0,28.2,66.5,233,0
3.5,29.4,61.9,45,0
301.8,29.1,77.4,848,0
0.0,30.0,67.5,29,0
1.6,24.0,73.3,318,0
0.0,26.4,71.7,397,1
0.0,31.6,76.6,1082,0
165.7,27.1,84.0,709,0
6.2,31.0,57.5,47,1
4.2,24.5,75.6,362,0
0.0,33.8,79.8,1113,1
155.3,26.5,83.2,721,0
87.9,26.1,98.0,717,1
142.7,24.6,84.4,686,1
65.2,30.9,71.4,1282,1
428.1,26.4,86.7,761,0
111.7,25.2,89.7,811,1
0.0,32.2,72.7,1306,1
149.3,25.6,79.9,694,1
19.2,29.8,74.4,1179,1
180.1,27.8,82.3,677,0
49.4,28.1,67.9,326,1
84.5,26.9,80.6,550,1
9.0,31.5,70.8,1178,1
0.0,31.2,75.8,1398,1
212.3,23.3,73.4,504,0
14.9,30.5,67.3,66,0
0.6,24.2,76.9,390,1
99.6,24.4,78.0,536,1
360.5,25.9,93.8,661,0
0.0,23.8,74.2,277,0
0.0,29.9,52.1,4,0
14.4,33.7,79.8,1273,0
385.7,35.7,98.0,857,0
77.8,22.0,93.5,455,1
0.0,28.7,68.8,3,1
107.0,29.6,68.8,1043,0
503.4,23.5,86.3,732,0
0.0,33.9,54.7,54,0
29.6,25.9,78.2,260,0
36.1,30.5,82.1,1076,1
96.9,30.3,98.0,932,1
243.0,23.0,88.8,559,1
0.0,28.4,61.4,184,0
26.4,28.9,75.9,23,0
0.0,34.2,65.8,1354,1
106.4,24.4,76.5,449,1
0.0,28.8,72.5,267,0
0.0,30.3,61.6,112,0
0.0,26.2,60.8,1430,1
269.5,27.6,98.0,1004,0
9.2,27.8,84.9,366,1
70.2,29.4,85.1,1001,1
43.3,22.0,73.0,334,0
3.1,30.9,56.6,1314,0
360.2,27.3,91.9,869,0
47.7,28.6,66.0,273,0
182.8,26.4,81.8,878,0
69.2,30.6,84.8,1028,1
103.9,33.0,65.1,1079,0
44.3,31.1,69.0,1252,1
0.0,30.3,71.6,1211,1
0.0,32.2,72.2,1373,1
0.0,26.8,68.9,328,0
15.2,28.9,53.1,69,0
104.1,31.3,81.6,986,1
38.3,30.9,63.0,1218,1
4.2,23.0,72.3,192,0
123.3,26.9,93.5,701,1
0.0,29.5,76.5,1116,1
0.0,27.8,55.5,91,0
0.0,29.5,67.2,74,0
407.6,28.9,86.4,800,0
95.5,27.8,77.8,842,1
0.0,30.9,83.1,1147,1
29.7,32.0,67.0,65,0
22.9,26.4,69.6,208,1
0.0,31.0,75.3,1098,1
173.0,22.0,94.0,496,0
47.3,24.8,87.4,369,1
411.2,28.9,82.4,752,0
362.0,22.3,92.2,672,0
4.7,26.6,66.1,146,0
432.6,25.9,90.7,761,1
111.7,29.1,78.1,851,1
127.1,27.6,83.2,781,1
8.1,30.9,52.6,1389,1
159.4,22.7,79.9,500,1
379.8,28.7,78.1,742,0
0.0,27.2,55.7,1320,1
0.0,34.1,68.8,1292,1
4.6,31.0,59.3,231,0
19.8,33.5,64.8,1225,1
162.0,23.0,93.0,434,0
20.6,28.6,58.5,141,0
0.0,26.7,62.9,84,0
0.0,29.6,66.7,1080,1
57.8,32.5,77.6,1378,1
117.1,25.3,79.3,445,1
111.4,30.7,89.1,980,1
382.8,23.6,88.4,760,1
0.0,29.2,76.7,383,1
197.9,25.1,84.6,518,0
182.2,24.9,70.4,675,0
373.5,27.1,75.5,811,0
404.5,25.7,88.6,795,0
346.4,26.3,86.2,852,0
0.0,32.9,57.6,161,0
346.3,26.3,84.5,871,0
33.1,30.1,72.9,1129,1
1.0,30.2,73.4,1420,1
0.0,30.4,74.5,1183,1
429.1,27.0,87.6,803,0
53.1,23.3,71.7,432,1
0.0,25.7,67.4,250,0
0.0,30.8,68.3,1094,1
11.8,26.5,68.1,189,1
393.4,23.9,84.6,821,0
128.5,28.4,87.7,940,1
3.8,31.6,82.2,1196,1
0.0,30.3,64.9,1436,1
1.9,24.7,54.5,302,0
24.4,33.3,77.2,1374,1
0.0,24.1,77.7,315,1
1.1,30.0,59.5,163,1
353.8,32.0,98.0,856,0
0.0,26.7,67.0,144,1
360.3,25.3,78.6,629,0
17.2,28.5,62.9,166,0
51.1,24.2,90.1,596,1
42.4,27.6,72.8,1054,1
45.5,31.8,53.2,36,0
158.0,28.3,92.2,959,0
303.3,31.4,81.9,912,0
320.9,24.1,78.1,563,0
0.0,32.3,72.2,37,0
26.4,28.0,69.0,205,0
8.1,29.5,63.8,177,0
27.1,27.3,68.0,248,0
441.7,24.9,87.6,678,0
416.4,24.4,93.7,687,0
389.7,26.9,88.5,726,0
48.6,32.2,79.6,1424,1
393.8,25.2,73.8,681,0
302.4,30.6,74.7,929,0
152.9,24.5,70.6,756,0
31.3,26.5,66.5,255,0
18.6,33.1,78.8,1415,1
35.6,27.5,73.0,184,0
0.0,31.8,76.5,1228,1
167.1,29.8,86.3,891,0
81.4,28.3,79.3,710,1
0.0,32.7,86.9,1102,0
0.0,28.8,65.7,1205,1
10.1,29.9,73.6,1115,1
30.3,34.0,85.3,1256,1
138.3,23.6,88.1,632,1
42.3,32.2,77.0,1248,1
0.0,24.1,68.7,340,0
158.0,25.7,69.0,495,0
26.1,31.1,54.3,54,0
421.5,23.9,79.7,693,0
389.5,28.7,82.4,822,0
61.3,27.0,72.4,325,1
18.9,31.2,66.8,36,0
17.6,32.3,68.8,1272,1
0.0,36.4,70.7,111,0
0.0,28.0,67.6,1396,0
338.4,24.0,91.6,631,0
51.4,28.0,69.8,151,0
288.6,26.7,83.2,567,0
0.0,24.7,67.1,328,0
0.0,27.5,76.8,324,0
17.5,30.7,62.2,1186,1
0.0,32.9,80.0,1221,1
13.1,30.8,73.5,86,1
0.0,29.6,63.3,1423,1
275.0,25.7,78.9,577,1
22.4,34.4,74.0,1339,1
0.0,25.0,71.9,344,0
0.4,29.5,73.5,1369,0
34.2,29.4,88.5,983,0
383.0,26.8,78.6,826,0
15.6,28.0,58.0,286,0
25.1,29.7,65.5,1327,1
234.0,31.3,87.1,1010,0
23.4,30.2,64.9,114,0
187.8,25.0,88.2,493,0
332.1,27.6,75.6,698,0
29.7,32.0,60.3,1093,1
0.0,30.8,68.5,1264,1
0.0,24.5,66.7,406,1
136.1,24.1,76.3,500,1
2.8,31.0,68.6,1214,1
297.5,26.2,90.5,955,0
9.1,32.1,78.5,1175,1
346.0,25.1,80.1,632,0
374.8,25.1,93.9,676,0
121.1,28.1,98.0,896,0
170.3,29.0,77.7,1039,0
0.0,26.7,85.2,1080,1
100.1,28.5,98.0,915,1
319.7,25.3,89.5,884,0
18.0,26.7,67.7,257,0
126.1,22.4,88.0,609,1
331.4,27.9,76.4,862,0
60.7,30.2,72.3,1037,1
458.1,24.5,81.8,768,0
0.0,29.0,68.2,237,0
153.5,27.7,82.3,968,0
7.2,22.3,60.2,225,0
308.0,26.6,95.6,952,0
0.0,34.5,65.5,1349,1
157.6,27.5,80.2,852,0
369.9,29.1,97.5,831,0
226.3,25.1,91.4,711,0
20.5,30.4,69.6,150,0
268.3,22.5,85.4,585,0
18.9,24.7,78.3,462,1
9.4,26.8,72.5,312,0
21.5,29.3,69.7,1291,1
115.3,24.9,91.3,796,1
200.3,29.5,74.5,962,0
28.2,33.0,74.1,1200,1
10.0,29.9,70.1,1132,1
131.9,31.3,93.9,904,1
391.1,29.9,81.3,871,0
45.3,27.9,80.4,864,1
7.4,30.9,50.3,44,0
0.0,32.3,61.6,1435,1
0.0,33.2,74.2,1324,0
39.0,32.5,78.4,1356,1
382.5,24.0,69.8,682,0
254.8,22.0,73.1,551,0
179.3,27.3,88.7,813,0
117.3,26.6,78.9,562,1
288.5,26.8,98.0,555,0
65.6,32.5,77.2,1188,1
301.2,23.6,92.9,604,0
0.0,33.7,77.1,1303,1
124.4,26.8,82.1,946,1
116.6,22.8,74.1,507,1
317.6,25.1,98.0,845,0
374.0,29.0,80.1,792,1
0.0,28.2,70.3,1122,1
75.4,24.8,82.4,509,1
21.8,31.6,65.4,205,0
7.4,32.8,62.5,1216,1
19.5,22.6,76.7,368,1
0.0,31.0,69.8,1316,1
45.8,22.0,79.2,435,1
10.5,29.0,54.0,1428,1
66.7,22.7,66.7,471,1
75.6,29.8,74.6,1135,1
375.1,28.3,93.3,857,0
92.0,23.5,90.0,912,1
22.3,29.4,68.2,1288,1
5.1,32.6,57.1,1362,1
189.8,28.2,87.7,524,1
138.7,26.0,98.0,683,1
265.4,27.4,88.8,957,0
0.0,28.7,81.9,224,0
0.0,28.2,76.5,283,0
61.1,22.6,90.6,465,1
0.0,28.3,68.1,12,0
9.7,28.4,61.0,324,0
112.5,25.8,85.1,880,1
25.4,30.5,72.4,225,0
0.0,33.1,61.0,1200,1
306.2,27.1,65.7,608,0
49.8,28.0,71.1,243,0
109.8,32.9,79.6,1047,1
0.0,28.5,65.6,1391,1
340.6,29.4,95.2,863,0
30.6,33.4,85.4,1065,0
16.4,31.4,82.2,1148,1
353.6,22.0,93.5,754,0
0.0,23.4,67.4,277,0
5.4,26.8,62.9,34,0
0.0,31.1,62.3,1292,1
0.0,28.0,83.7,1077,0
413.5,25.7,70.9,833,0
8.7,30.0,67.9,292,0
14.6,26.9,70.6,334,0
0.0,32.1,62.4,1425,1
154.8,31.3,82.6,919,0
33.2,29.3,61.3,1261,1
0.0,30.1,79.1,1243,1
151.3,25.4,92.6,685,0
0.0,30.5,79.3,1181,1
40.1,30.1,84.4,1032,1
36.0,30.3,85.5,89,0
0.0,33.4,67.9,1371,1
31.5,33.1,69.7,1231,1
0.0,33.8,82.7,1355,1
141.5,22.0,82.3,738,1
67.9,34.0,75.4,981,1
63.8,31.6,86.2,960,1
113.9,28.3,83.1,956,1
6.6,29.0,86.0,1210,1
48.3,30.5,80.7,1045,1
130.1,22.5,75.0,467,1
23.0,30.4,73.7,138,0
34.9,31.4,70.5,978,1
45.9,29.5,73.8,1031,0
0.0,28.7,73.4,1322,1
32.4,24.7,64.3,354,0
142.4,26.1,74.9,475,1
27.0,32.6,74.2,1337,1
217.2,23.2,94.8,768,0
64.0,23.1,84.5,424,1
30.0,33.4,55.1,1127,1
0.0,24.9,75.6,323,0
6.9,31.4,76.4,1333,1
367.1,31.8,98.0,890,1
291.5,22.0,72.9,577,0
52.6,32.2,69.9,962,1
0.0,29.2,67.5,5,0
0.0,23.8,64.2,371,1
171.2,26.4,83.5,771,0
0.0,28.6,70.3,130,0
20.1,32.7,82.9,1118,1
368.1,27.7,87.9,898,0
7.5,27.4,77.9,265,0
358.3,24.8,91.1,600,0
32.2,30.8,70.0,1275,1
138.0,28.3,80.4,1067,1
0.0,29.3,79.5,168,0
23.5,25.8,78.4,346,1
17.0,26.7,72.9,172,0
9.0,23.2,71.8,248,0
94.2,22.8,69.5,484,0
0.0,27.6,73.4,1131,1
328.1,28.0,87.6,727,0
0.0,25.0,82.4,320,1
83.7,25.1,97.0,632,1
0.0,31.2,68.0,1238,1
35.1,35.5,79.1,1242,1
138.2,28.4,77.4,799,1
9.1,24.4,75.1,357,0
3.1,24.5,80.5,352,0
120.2,28.8,96.2,1004,1
348.7,24.2,75.7,621,0
328.5,28.8,75.3,852,0
124.4,24.7,94.1,518,1
0.0,31.5,83.4,1210,1
212.5,32.9,81.8,977,0
22.6,26.8,69.4,1409,1
0.0,23.4,71.9,392,1
27.6,25.9,73.8,403,1
42.1,34.8,56.4,1202,1
0.0,30.4,65.2,57,0
104.4,27.1,78.7,479,1
41.2,29.4,86.6,240,0
0.0,30.8,87.0,1115,1
122.4,22.4,82.0,425,1
162.5,28.3,72.5,996,0
0.0,28.6,71.2,1108,1
148.2,22.7,82.9,670,1
0.0,29.6,74.6,1371,1
319.1,25.7,70.5,894,0
6.8,29.0,66.3,192,0
41.9,30.6,65.9,1330,1
400.8,22.4,72.9,718,0
350.8,25.2,92.6,757,0
400.3,27.5,66.3,830,0
4.0,25.5,68.3,264,0
0.0,31.4,67.6,1274,1
269.7,25.4,93.5,952,0
14.9,26.4,80.6,372,0
91.4,27.3,69.1,881,1
380.6,23.4,77.7,752,1
248.5,28.8,69.9,912,0
362.4,24.2,83.8,697,0
9.9,24.8,68.9,412,1
284.3,34.1,80.4,957,0
23.3,30.0,57.5,1343,1
0.0,33.0,60.6,1339,1
391.9,25.3,91.0,763,0
0.0,30.7,72.4,1336,1
0.0,30.5,58.6,178,0
117.9,28.4,64.5,889,1
0.5,31.2,75.2,143,0
9.6,24.4,74.7,385,1
51.8,33.6,72.5,1059,1
95.4,26.3,75.4,811,1
22.5,29.5,75.1,1048,1
0.0,32.3,73.8,1093,1
386.2,27.2,90.2,816,0
0.0,29.2,90.5,1161,1
0.0,25.6,67.4,333,0
198.5,22.6,88.0,446,0
0.0,26.2,70.8,387,1
0.0,30.5,68.7,1196,1
117.9,30.1,62.5,1041,1
52.1,28.8,64.3,1079,0
155.9,30.0,68.4,896,0
14.4,32.7,82.4,1182,1
0.0,36.4,72.4,1317,1
0.3,34.0,87.8,1082,1
0.0,31.0,57.1,1281,1
0.0,28.9,68.1,1257,1
0.0,30.7,67.2,1247,1
24.9,28.7,64.6,80,0
136.6,22.0,67.0,435,1
0.0,30.3,77.2,1208,1
344.1,26.6,74.7,612,1
151.5,29.1,73.8,1029,0
38.9,29.7,77.3,1368,1
186.7,27.0,86.7,776,0
208.1,22.9,87.6,500,0
181.2,24.0,79.2,528,0
64.5,30.8,88.4,1001,1
7.1,23.3,78.7,399,1
213.2,25.5,63.4,486,0
0.0,33.2,55.5,1305,0
38.5,30.7,57.1,21,0
45.9,32.1,64.8,77,0
26.2,28.7,60.2,200,0
431.5,26.4,94.1,830,0
20.6,25.4,72.4,229,0
17.2,29.3,64.3,73,0
42.9,24.0,78.8,429,1
94.0,30.7,89.6,1052,1
0.0,30.3,62.8,1088,1
355.1,27.0,92.0,797,0
0.0,35.0,75.1,1152,1
247.8,25.5,98.0,598,0
56.0,30.3,89.2,976,1
140.4,26.6,80.8,442,1
421.8,28.4,83.7,804,0
0.0,31.3,75.6,1253,1
27.1,31.4,59.3,1335,1
85.9,25.9,63.7,443,1
0.0,26.5,71.4,270,0
324.6,29.9,85.1,910,0
70.7,22.0,67.1,442,1
59.5,23.1,67.5,580,1
83.6,24.0,82.2,458,1
181.9,26.3,85.9,501,0
30.2,34.6,71.6,1052,1
0.0,26.2,54.8,160,0
90.5,28.8,90.0,1001,1
60.9,32.8,80.2,1187,1
355.5,32.3,85.1,892,0
0.0,30.0,90.8,1217,1
100.0,26.1,83.4,973,1
105.8,24.5,77.4,447,1
2.7,26.3,59.4,70,0
197.5,31.1,77.6,983,0
110.1,32.4,66.3,1055,1
0.0,25.6,64.3,258,1
151.2,23.1,94.0,492,1
255.5,22.6,81.7,512,0
18.9,29.2,70.4,112,1
0.0,26.4,51.0,78,0
10.5,30.5,89.9,1126,1
0.0,30.0,72.4,1371,1
11.8,28.6,64.0,151,0
222.3,30.7,93.6,974,0
417.4,29.8,70.8,836,0
403.4,25.0,98.0,790,0
148.8,26.3,83.1,802,1
39.8,27.0,60.9,358,0
0.0,28.9,60.5,124,1
12.2,28.7,54.4,55,0
261.0,26.4,90.0,921,0
7.0,30.7,64.5,221,0
48.2,26.8,46.7,17,0
223.2,27.5,66.6,966,0
69.1,31.2,63.2,1052,1
136.9,26.1,85.9,422,1
0.0,27.3,68.3,87,0
77.3,32.2,68.4,1020,1
57.5,27.0,78.5,948,1
80.6,25.7,81.7,586,1
107.0,25.8,73.8,456,1
93.6,23.4,79.4,681,1
10.4,33.6,62.7,1307,1
128.0,27.1,97.1,943,1
107.6,22.0,80.5,678,1
164.9,24.2,97.6,613,0
0.0,32.6,69.2,1142,1
0.0,33.0,80.5,1098,1
0.0,32.1,74.3,32,0
0.0,25.9,66.7,140,0
388.9,25.1,81.3,660,0
79.6,23.1,85.7,505,1
31.3,32.0,66.7,1209,1
5.6,36.5,66.6,1294,1
0.0,25.6,76.9,252,0
0.0,28.0,59.7,5,0
145.6,23.6,93.1,582,1
166.4,31.7,83.0,965,0
13.8,27.9,67.8,214,0
144.7,30.1,86.6,855,1
30.7,35.2,65.7,1120,0
106.9,27.7,85.7,427,1
0.0,29.9,69.6,1378,0
352.2,29.5,98.0,842,0
21.6,22.0,79.9,364,1
142.8,30.2,80.5,860,1
74.3,22.0,67.5,450,1
0.0,28.4,60.8,1333,1
108.4,23.8,90.0,576,1
41.6,32.7,79.5,1038,1
24.0,25.1,55.6,216,0
165.5,26.9,70.3,892,0
347.1,22.9,95.2,619,0
0.0,32.2,66.7,1311,1
15.1,29.8,65.7,121,0
312.2,28.0,81.9,896,1
0.0,26.8,68.3,126,0
363.5,31.1,89.1,872,0
11.8,27.2,68.3,352,1
0.0,28.4,74.4,49,0
362.9,25.2,73.5,821,0
89.2,28.2,93.0,905,1
0.0,32.0,68.2,6,0
11.4,26.8,60.3,1243,1
236.0,32.6,92.6,977,0
81.1,23.4,80.9,462,1
13.8,28.4,85.6,1073,1
123.0,29.3,65.3,928,1
11.5,25.7,66.2,318,0
289.2,25.9,80.1,564,0
253.5,26.4,82.5,543,0
0.0,26.7,76.7,290,0
396.7,26.2,91.8,672,0
0.0,32.0,53.8,1171,1
82.7,31.3,75.0,986,1
356.0,25.7,81.1,830,0
371.7,26.2,87.8,813,0
0.0,24.9,73.9,147,0
394.3,28.5,91.5,668,0
0.0,30.6,79.5,1147,1
111.5,33.0,75.1,1040,1
375.4,27.7,89.5,705,0
10.9,25.9,51.1,89,1
57.5,29.3,69.7,88,0
184.3,31.3,92.4,968,0
297.6,23.0,69.6,552,0
21.6,28.1,77.3,1037,1
0.0,34.8,77.7,1297,1
14.2,32.8,80.9,1134,1
17.1,32.1,80.2,1221,0
21.8,27.9,67.2,30,0
37.9,28.8,77.1,1414,1
23.6,27.3,72.6,221,0
27.7,26.0,66.8,221,0
15.4,29.5,67.4,69,0
0.0,32.2,82.0,1088,1
24.2,31.1,69.1,1230,1
374.9,28.6,82.8,703,0
134.0,22.6,82.0,595,1
122.3,24.1,71.2,759,1
0.0,32.7,57.1,1283,1
0.0,32.4,56.2,1360,1
21.3,29.9,76.6,1188,1
0.0,30.8,80.2,1327,1
346.0,24.9,77.9,889,0
0.7,26.9,66.2,139,0
36.4,33.1,68.5,1336,1
16.4,29.3,55.0,1167,1
408.7,23.8,87.4,725,0
42.0,22.5,87.4,461,1
0.0,26.8,67.8,392,1
0.0,32.8,64.2,1407,1
111.8,22.0,83.7,472,1
61.1,27.3,70.2,1076,1
198.9,24.2,79.7,480,0
5.7,22.0,79.6,340,0
0.0,29.4,52.2,231,0
136.9,23.6,85.8,874,1
6.4,24.5,65.6,263,0
64.7,26.4,77.9,245,0
0.3,27.5,89.7,366,1
226.3,24.0,68.6,488,0
13.4,25.2,63.1,396,1
87.7,24.4,74.4,495,1
27.9,33.7,77.1,1173,1
69.8,24.8,81.5,574,1
0.0,28.4,80.4,214,0
11.6,26.7,61.4,319,0
0.0,33.0,58.2,1437,0
153.1,22.6,98.0,802,0
82.8,22.0,78.9,539,1
0.0,31.4,81.4,41,0
53.4,33.9,86.3,1013,1
377.4,26.7,86.4,754,0
0.0,30.3,70.2,1426,1
11.5,26.5,60.7,405,0
82.9,26.6,90.0,502,1
352.4,25.9,86.3,603,1
0.0,27.9,50.3,129,0
129.3,25.3,85.0,702,1
0.0,32.5,68.1,1210,1
0.0,30.7,75.4,159,0
47.7,28.8,78.2,894,1
0.5,32.9,73.4,1254,1
105.3,26.0,76.6,548,1
38.9,29.9,48.0,39,0
407.0,27.5,73.1,791,0
15.6,35.8,71.4,1156,0
0.0,23.9,69.4,331,0
32.6,27.9,68.3,82,0
10.0,29.7,62.6,1334,1
30.7,24.8,68.9,470,0
0.0,30.8,62.7,27,0
0.0,23.1,54.0,231,0
0.0,28.9,67.2,217,1
0.0,23.8,51.7,244,0
1.6,32.8,75.1,1179,1
195.0,24.3,83.1,497,1
23.8,25.8,76.2,1372,1
395.5,22.0,80.9,740,0
48.9,28.6,82.7,1034,1
190.7,32.4,66.5,962,0
0.0,26.3,67.3,45,0
0.0,34.1,62.1,1285,1
110.2,24.5,79.1,854,1
64.7,24.7,78.3,104,0
102.9,29.6,75.6,952,1
30.5,31.8,76.2,1159,1
0.0,28.3,68.0,1318,1
0.0,23.6,77.2,260,0
0.0,32.5,59.1,1285,1
0.0,30.7,63.1,1120,1
0.0,27.2,60.1,262,0
13.6,28.4,53.1,108,0
0.0,26.5,71.8,410,1
40.5,25.7,64.9,144,0
73.4,31.2,85.0,963,1
0.0,28.3,70.0,1431,1
2.3,31.4,52.9,1389,1
20.2,29.3,70.4,141,0
163.5,23.9,79.0,722,0
40.4,25.3,79.8,378,1
80.5,32.0,45.4,1410,0
30.6,29.0,64.5,128,0
149.8,26.5,85.4,868,1
0.0,30.1,74.0,1056,1
154.7,27.6,82.8,585,0
38.8,29.7,74.9,1326,1
46.0,24.8,72.6,412,1
103.9,23.6,87.1,517,1
0.0,26.7,75.6,263,1
0.0,34.7,66.5,1147,1
8.7,23.0,57.0,453,1
157.0,27.7,84.8,838,0
0.0,28.4,77.9,236,0
29.7,31.2,81.4,1165,1
137.4,25.3,87.1,839,1
376.6,25.4,80.1,687,0
8.3,29.1,71.0,87,0
145.7,22.7,74.3,765,1
0.0,28.4,68.2,53,0
0.0,33.3,80.4,1146,1
27.9,23.6,74.4,362,0
172.4,24.9,71.4,531,0
188.5,27.9,79.5,981,1
0.0,32.3,72.7,1254,1
0.0,31.7,58.3,1357,1
168.6,26.6,81.6,772,0
52.1,30.7,73.0,1365,0
141.9,24.5,89.8,583,1
271.6,32.8,83.0,917,0
37.1,26.0,65.9,311,0
61.1,32.0,64.8,930,1
163.5,24.2,85.9,638,0
0.0,26.7,60.2,1144,1
31.1,29.5,67.5,163,0
201.1,27.9,75.0,520,0
310.3,28.3,88.8,868,0
407.4,24.9,76.0,762,1
282.9,24.3,70.4,575,0
9.0,34.2,75.3,1153,1
0.0,31.1,65.0,1437,1
364.9,24.7,90.6,763,0
218.4,28.0,90.3,977,0
0.0,26.0,71.2,366,1
19.1,31.4,78.4,322,0
176.6,23.7,71.9,752,0
221.2,31.3,70.0,1018,0
187.1,29.4,83.6,884,0
10.3,24.7,64.9,195,0
316.5,29.6,65.9,876,0
363.2,31.0,98.0,830,0
0.0,33.9,52.7,1224,0
352.7,23.8,79.9,608,0
43.3,28.1,72.7,1434,1
1.9,27.9,66.1,207,0
50.9,27.7,71.0,128,0
56.6,30.4,59.1,71,0
13.9,31.3,73.4,1157,1
301.7,22.3,93.1,566,0
386.2,26.1,81.1,745,0
52.6,34.2,76.1,1195,1
0.0,33.6,67.8,1225,1
45.8,30.9,67.3,1329,1
72.6,28.5,81.3,1077,1
23.0,31.4,60.1,1216,1
316.3,28.4,73.4,950,0
165.8,24.4,78.6,631,0
99.1,28.1,87.5,563,1
71.9,23.4,87.5,522,1
200.7,25.4,98.0,707,0
0.0,33.0,71.8,1087,1
0.0,31.0,60.5,29,0
148.7,33.8,78.5,1045,1
384.5,25.9,75.8,803,1
0.6,30.5,75.6,1286,1
61.9,31.3,62.3,1214,1
0.0,28.1,55.9,27,0
58.1,30.1,68.9,970,1
143.9,24.8,78.3,638,1
7.5,31.2,69.8,1141,1
115.2,29.1,77.5,890,1
30.6,28.1,59.5,188,0
346.9,26.5,95.5,889,0
5.7,33.0,65.4,1304,1
0.1,29.6,70.5,1282,1
123.2,25.1,88.3,812,0
0.0,34.7,63.3,1278,1
0.0,29.5,54.6,12,0
114.2,23.6,75.4,493,1
0.1,27.9,78.0,391,1
30.6,31.8,58.2,1368,1
125.1,24.0,87.8,621,1
42.9,29.7,45.0,1339,1
0.0,30.0,65.0,92,1
32.9,31.9,70.2,64,0
1.5,25.0,81.0,319,0
0.0,34.0,54.3,1333,1
0.0,31.2,77.6,1106,1
17.2,30.4,85.7,1165,0
416.1,26.0,98.0,811,0
11.8,26.5,66.4,149,0
18.1,27.3,67.4,386,1
13.4,26.8,87.1,385,1
11.1,27.7,73.3,197,0
32.6,26.7,82.2,1364,1
0.0,29.0,84.6,262,0
83.0,29.2,66.8,1003,1
23.9,25.7,71.8,226,0
0.0,30.8,68.7,1343,1
167.7,26.1,92.5,723,0
247.5,29.9,82.3,940,0
285.1,31.2,98.0,902,0
0.0,30.1,63.8,113,0
25.9,30.9,76.0,1062,1
20.7,29.3,73.6,29,0
50.7,29.1,76.7,1066,1
70.8,24.9,77.7,435,1
368.2,25.6,75.2,606,0
0.0,29.3,58.9,1418,1
0.0,28.7,55.0,1401,1
152.1,29.6,79.7,880,0
249.6,28.2,74.9,930,0
45.8,27.7,71.1,1008,1
193.8,28.1,77.2,972,0
150.4,26.2,92.4,700,0
260.6,27.3,72.9,580,0
0.0,33.9,75.3,1191,1
48.5,22.0,79.6,328,0
102.4,23.9,66.3,447,1
365.5,27.6,75.9,763,0
4.2,26.1,79.9,112,0
0.0,34.7,77.1,1098,1
57.9,28.3,72.4,1282,1
77.5,25.3,78.1,586,1
6.3,26.3,64.2,229,0
391.2,25.6,68.3,667,0
80.1,31.0,73.7,1044,1
39.0,22.8,82.5,397,1
63.4,32.9,69.0,1196,1
0.0,30.4,81.4,1417,1
29.6,32.0,62.2,1414,1
0.0,30.2,52.7,1345,1
46.9,26.5,74.0,182,0
37.9,25.6,84.3,361,1
313.1,22.7,75.7,544,0
88.9,30.3,92.4,859,1
138.3,25.8,80.7,671,1
0.0,34.0,76.2,37,0
0.0,31.5,80.7,1155,1
81.3,31.4,78.4,1056,1
228.5,28.6,90.0,937,0
12.2,26.0,78.0,275,0
22.3,32.6,96.7,1125,1
0.0,30.2,67.8,208,0
24.6,28.0,59.0,334,0
213.3,31.6,74.2,1008,0
0.0,22.4,80.7,396,1
33.2,30.1,61.1,1433,1
0.0,32.6,61.2,1340,1
32.7,22.9,74.7,380,1
84.0,24.0,95.8,507,1
150.7,26.3,77.0,725,0
0.0,35.5,57.6,1159,1
344.7,26.7,98.0,839,1
102.3,25.9,87.1,935,1
0.0,33.0,52.2,1378,1
207.9,26.1,76.6,492,0
373.4,32.6,88.3,879,0
17.6,25.1,68.6,250,1
82.1,28.1,73.2,1043,1
0.0,32.7,71.1,1259,1
10.3,32.9,89.9,1158,1
51.3,25.3,75.8,442,1
187.7,27.2,78.9,870,0
28.7,32.9,69.1,1236,1
204.4,24.2,74.9,516,0
3.1,30.3,60.7,1139,1
0.0,29.7,67.3,1262,1
2.3,24.5,71.4,333,0
22.5,26.8,62.1,208,0
325.2,25.9,76.9,602,0
295.2,24.1,78.5,554,0
4.6,27.0,78.6,126,0
52.0,31.1,84.1,2,0
395.2,25.0,91.5,706,0
19.1,30.1,64.4,1362,1
320.7,28.7,75.3,855,0
182.5,29.3,81.6,884,0
23.9,31.8,84.8,1233,1
427.3,30.3,89.9,799,1
0.0,27.0,81.2,403,1
200.0,31.0,75.9,1012,0
0.0,30.1,68.2,1418,1
55.3,27.8,81.1,1112,1
11.1,22.1,73.0,373,1
58.5,29.8,54.3,175,0
0.0,26.2,64.8,161,0
55.6,31.6,63.7,1054,1
38.7,30.1,78.3,1150,1
17.4,31.5,64.3,1313,1
376.4,26.0,90.1,799,0
0.0,29.7,66.5,149,0
0.0,26.3,87.7,412,1
80.1,22.0,80.2,417,1
0.0,28.7,81.4,267,0
0.0,27.5,72.0,134,0
42.5,33.0,70.6,1057,1
347.1,30.6,74.0,889,1
0.0,30.7,80.7,1152,1
135.9,30.2,87.0,826,1
0.0,23.4,59.2,214,0
0.0,28.8,64.1,1426,1
156.9,23.3,75.5,443,0
16.9,29.9,80.1,1255,1
403.5,23.1,83.7,720,0
32.7,33.9,71.4,1301,1
184.8,23.2,75.6,443,0
126.5,28.2,78.3,866,1
209.2,31.4,89.4,977,0
25.5,28.2,65.8,297,0
23.5,35.0,79.0,1165,1
27.3,25.2,79.6,208,0
373.9,27.6,88.0,607,0
29.1,31.2,73.1,1063,1
318.7,24.5,71.6,565,0
76.6,29.4,98.0,964,1
147.0,28.6,91.7,872,1
20.7,28.3,77.6,339,0
0.0,32.8,83.4,1379,1
19.3,34.2,81.3,1204,1
301.5,27.3,89.5,948,0
289.6,27.1,84.8,886,0
145.6,24.3,77.5,455,1
55.4,25.0,92.5,492,1
146.8,25.2,74.5,616,1
46.3,32.6,74.0,72,0
179.6,24.7,70.5,744,0
34.9,27.9,58.3,237,0
233.3,25.0,80.2,481,0
0.0,25.2,83.0,263,0
0.0,31.3,75.8,1115,0
14.0,30.5,66.6,1284,1
22.2,28.6,61.1,153,0
35.6,29.4,79.8,1211,1
23.5,31.4,69.8,138,0
0.0,24.7,72.5,349,0
139.5,22.7,95.6,581,1
0.0,22.5,58.8,269,0
41.1,27.3,79.1,156,0
0.0,31.4,57.0,1302,1
0.0,31.4,60.2,1380,1
74.6,24.1,81.6,419,1
5.1,37.7,73.7,1262,1
33.7,28.3,82.3,1068,1
0.0,32.7,64.6,1345,1
54.7,24.9,86.7,434,1
30.9,27.3,71.0,45,0
0.0,26.3,79.0,235,0
0.0,35.5,64.8,1426,1
48.8,23.5,80.3,407,1
377.7,31.0,96.7,807,0
390.7,25.8,98.0,723,0
281.8,24.2,78.1,558,0
0.0,30.7,57.6,1343,1
141.7,28.8,70.2,1076,1
30.0,27.6,55.6,39,0
17.7,25.8,93.4,185,0
352.2,30.5,98.0,915,0
261.9,30.1,83.8,931,0
141.8,30.1,71.0,1049,1
36.8,27.9,77.1,454,1
302.2,22.5,84.3,547,0
180.9,30.0,69.1,904,0
0.0,28.8,67.7,1356,1
49.9,31.4,70.0,1391,1
304.9,25.6,78.0,624,0
63.6,24.8,71.3,332,0
0.0,30.1,71.7,38,0
364.2,24.2,86.1,683,0
0.0,27.0,67.3,310,1
161.0,27.7,86.3,761,0
75.4,30.9,92.6,994,1
3.5,31.4,77.8,39,0
113.0,25.2,69.8,420,1
12.7,31.0,79.9,1267,1
103.7,24.8,76.4,442,1
0.0,32.3,69.0,1399,1
151.4,24.1,90.7,631,0
397.6,28.1,73.0,790,0
11.4,28.2,68.2,1386,0
113.1,22.0,92.7,597,0
117.8,28.2,85.4,869,1
2.2,23.9,78.0,418,1
0.0,26.7,82.7,407,1
220.9,23.8,80.2,578,0
31.5,29.3,68.7,192,1
49.2,30.8,80.8,1061,1
112.5,24.8,86.2,599,1
15.7,30.6,71.1,1128,1
131.9,26.7,93.6,782,1
440.8,24.5,79.8,726,1
382.6,25.9,78.5,882,0
78.3,30.9,82.5,912,1
0.0,31.2,72.5,96,0
22.0,28.8,59.5,204,0
17.1,34.2,68.1,1222,1
103.0,31.3,70.3,1070,1
213.2,29.1,77.1,1006,1
57.0,22.7,76.2,572,1
0.0,28.5,70.6,1204,1
181.9,25.1,66.4,511,0
161.4,28.3,88.8,869,0
321.8,25.9,91.8,690,0
8.2,33.2,60.2,1212,1
68.7,26.8,80.5,521,1
405.9,26.3,93.7,784,1
184.2,27.0,73.9,742,0
59.6,24.2,87.2,300,0
0.0,28.1,77.7,1089,1
0.0,26.6,62.5,229,0
6.1,34.8,67.8,1166,1
122.3,29.6,81.6,1013,1
13.1,29.7,74.0,1087,1
7.8,28.8,71.4,171,0
423.1,28.7,80.5,782,1
188.1,31.0,75.6,978,0
195.1,28.7,87.1,770,0
132.1,22.1,74.6,481,1
4.2,32.8,62.7,48,1
153.5,25.9,87.3,990,0
117.5,25.0,68.6,947,1
90.7,27.9,79.3,1072,1
16.8,30.0,70.5,69,0
345.1,23.9,94.2,832,0
38.2,30.6,68.7,1275,1
27.7,30.6,65.5,1356,1
230.0,31.5,70.4,979,0
43.0,30.6,62.8,122,0
0.0,30.8,73.3,119,1
135.3,22.0,69.4,454,1
0.0,29.4,48.9,93,0
0.0,28.3,75.3,80,0
55.1,23.7,77.9,515,1
22.9,31.7,80.0,1171,1
0.0,31.1,61.7,1253,1
51.4,23.7,72.2,317,0
419.8,24.3,80.4,693,0
100.2,22.6,83.1,535,1
41.4,26.6,76.1,397,1
351.1,25.0,90.4,662,0
37.2,28.0,68.2,292,0
300.1,31.2,90.5,902,0
0.0,28.8,64.3,266,0
364.8,22.7,91.9,661,0
0.0,31.4,75.3,1382,1
0.3,29.4,74.6,1156,1
78.8,27.7,73.0,525,1
0.0,32.6,51.0,1358,1
44.4,23.6,73.0,413,1
0.0,30.8,66.2,1132,1
0.0,33.5,68.1,1177,0
0.0,30.7,84.0,1359,1
327.3,22.0,81.9,618,1
0.0,32.9,58.6,1218,1
436.8,27.6,79.8,703,0
0.0,27.9,74.1,124,0
196.4,31.5,82.0,964,0
0.0,23.4,80.6,373,1
0.0,32.1,82.9,1286,1
300.9,24.3,81.5,588,1
26.0,30.8,78.4,1367,1
375.9,26.1,89.1,875,0
0.0,27.6,60.6,116,0
139.8,24.6,96.4,759,0
27.5,26.0,69.7,214,0
40.7,30.6,88.3,1040,1
1.6,31.1,63.9,1384,1
26.2,31.7,51.6,1374,1
31.7,29.8,47.5,23,0
0.0,29.1,69.6,116,0
0.0,27.3,61.1,98,0
0.0,27.3,53.3,229,0
0.0,24.9,70.4,143,1
89.0,28.0,86.5,999,1
370.2,24.9,85.4,822,0
0.9,27.9,64.2,105,0
132.6,29.6,88.3,949,1
354.5,24.9,82.3,612,0
133.4,26.5,82.2,757,1
11.1,31.6,55.8,44,0
7.1,31.8,55.6,1377,1
0.0,27.0,65.6,60,0
0.0,29.1,59.0,102,0
7.8,30.1,83.6,1238,1
0.0,25.3,70.6,249,0
0.0,27.8,59.3,181,0
347.9,24.8,86.7,675,0
0.0,29.3,65.3,156,0
0.0,31.9,75.8,1155,1
314.7,22.0,85.6,562,0
22.1,31.1,66.4,1165,1
75.1,32.1,79.7,1035,1
0.0,32.9,86.1,1226,1
0.0,29.9,64.1,1246,1
0.0,31.1,66.7,1240,1
316.7,24.5,71.8,569,0
0.0,29.0,75.1,32,0
4.9,24.5,71.9,331,0
132.1,25.0,71.4,608,1
29.5,32.7,55.6,70,0
24.9,25.2,67.9,396,1
0.0,33.3,82.5,1145,1
0.0,30.2,71.1,1229,1
23.2,29.5,68.4,1239,1
0.0,30.2,64.1,1214,1
123.2,30.5,77.7,1078,1
0.7,32.5,65.0,1247,1
15.6,32.4,85.7,1109,1
2.3,28.7,69.2,197,1
138.4,28.5,76.8,731,1
91.6,26.7,71.9,1074,1
0.0,29.9,85.8,1199,1
24.4,34.2,63.7,1383,1
394.9,26.7,97.4,776,0
0.0,31.3,76.8,1133,1
249.9,25.5,83.5,975,0
12.4,27.4,60.7,22,0
42.6,26.9,78.9,310,0
0.0,30.5,65.4,1133,1
0.0,33.0,66.4,1198,1
5.9,29.2,67.8,23,0
61.1,28.5,75.3,441,1
23.4,29.9,80.3,998,1
0.0,29.0,74.3,1255,1
0.0,33.0,67.6,1274,1
155.0,28.1,84.4,888,0
83.3,29.6,92.4,1034,1
0.0,24.9,59.0,369,1
114.7,31.1,78.2,927,1
0.0,24.1,73.5,395,1
123.9,28.1,87.5,1013,1
0.0,27.4,74.0,196,0
324.4,23.9,64.6,695,0
370.5,26.7,94.0,741,1
0.0,29.5,68.8,202,0
8.4,29.7,75.8,1228,1
10.2,26.3,60.7,21,0
21.7,34.6,69.9,10,0
56.4,24.8,78.3,395,1
200.9,22.0,79.1,523,0
28.2,28.0,78.0,28,0
99.8,28.1,98.0,954,1
50.1,31.4,77.2,1061,1
0.0,27.0,55.0,1291,1
341.9,29.4,87.9,853,0
8.9,23.8,66.4,317,0
34.4,32.0,68.0,97,0
198.4,24.8,83.6,516,0
6.4,28.8,69.3,213,0
409.4,25.5,76.8,776,0
31.8,32.0,54.8,1364,1
0.0,34.6,59.1,1282,0
145.9,22.8,82.9,631,1
120.1,26.9,96.5,765,1
385.7,25.6,81.3,602,0
10.2,34.2,83.8,1134,0
78.2,22.9,62.1,462,1
0.0,22.8,78.8,418,1
108.1,31.4,95.1,921,0
34.8,27.5,59.2,142,0
242.1,28.2,78.6,963,0
114.0,29.8,78.7,1032,1
125.7,25.2,89.4,871,1
191.9,29.9,71.0,1017,0
107.3,22.0,73.8,628,1
46.7,26.5,75.5,279,0
132.7,26.0,86.3,939,1
341.0,30.5,76.0,894,0
129.5,22.7,87.1,584,1
151.2,25.3,83.6,834,0
0.0,29.1,58.2,69,0
260.2,29.8,75.5,912,1
0.0,31.5,72.6,1124,1
52.8,22.0,98.0,475,1
170.0,28.2,85.4,856,1
272.8,24.0,75.5,577,0
0.0,25.8,63.7,241,0
30.1,33.0,77.4,1156,1
285.2,27.5,81.5,943,0
0.0,29.7,69.7,1225,1
0.0,33.1,64.4,1314,1
400.4,22.0,75.1,697,0
0.0,32.0,67.1,1356,1
401.5,23.6,98.0,724,0
162.7,26.8,79.1,504,0
187.7,27.1,79.3,968,0
0.0,29.0,77.3,1199,1
117.6,29.8,84.6,687,1
0.0,28.5,63.0,261,0
26.9,29.2,61.6,1408,1
167.1,22.7,80.3,694,1
62.2,28.1,71.7,54,0
0.0,32.6,67.5,1159,1
313.4,29.6,72.8,904,0
442.1,24.4,93.8,698,0
113.5,27.4,86.9,523,1
194.1,24.4,87.4,751,0
203.6,26.2,74.4,998,0
206.9,35.3,60.1,969,0
0.0,28.8,85.7,219,0
306.2,26.6,98.0,796,0
6.1,31.9,76.2,1116,1
0.0,24.8,76.3,374,1
0.0,24.8,60.1,179,0
0.0,30.0,46.6,8,0
164.3,26.0,82.7,691,0
340.4,28.8,67.1,862,0
176.3,22.0,90.0,610,0
261.1,24.5,84.8,599,0
13.6,30.0,58.7,72,0
0.0,26.9,74.4,197,0
71.2,27.6,89.3,1008,1
197.7,32.6,80.1,1015,0
87.0,24.1,75.7,428,1
28.2,31.0,65.8,1361,1
140.9,26.7,98.0,784,1
0.0,27.9,66.0,1422,1
0.0,30.9,72.6,201,0
11.9,27.4,88.0,331,0
0.0,30.1,67.2,1126,1
0.0,27.0,45.0,1381,1
12.7,28.0,68.7,238,0
0.0,29.5,71.9,140,0
10.6,32.0,65.6,1167,1
8.8,24.5,76.5,351,0
0.0,28.1,76.8,1343,1
6.2,25.7,60.9,383,1
372.6,23.6,76.5,793,0
210.0,25.7,87.7,696,1
288.8,30.5,74.3,926,0
0.0,31.2,68.6,1163,1
49.0,23.6,80.3,425,1
0.6,26.4,56.8,1345,1
39.4,27.2,50.3,113,1
141.8,25.0,81.0,734,1
50.8,22.0,79.7,448,1
26.1,34.6,76.1,1235,1
22.5,30.3,62.2,1149,1
113.0,28.1,74.9,927,0
0.0,30.5,73.9,238,0
105.3,31.1,72.5,950,1
0.0,35.4,64.7,1148,1
0.0,27.7,83.9,320,0
33.5,28.4,64.5,237,0
123.2,27.4,72.9,909,1
9.2,28.5,67.5,1323,1
0.0,33.1,71.2,1373,1
39.3,30.9,73.7,1203,1
393.0,22.0,84.1,725,1
10.6,26.9,63.6,265,0
173.5,28.5,96.7,879,0
19.7,22.0,85.9,435,1
0.0,27.3,69.8,367,0
417.4,25.2,84.5,807,0
24.4,29.0,68.4,375,1
12.4,34.5,69.4,1297,1
0.0,26.6,76.1,408,1
42.8,30.2,69.0,1320,1
85.2,31.2,89.1,1038,1
95.7,24.7,87.9,589,1
35.4,30.2,71.3,1036,1
118.6,27.0,75.9,828,1
149.7,27.6,84.3,567,1
5.2,23.1,80.7,403,1
21.0,25.4,92.6,371,1
0.0,23.4,64.3,365,1
29.9,22.9,77.0,246,0
44.9,32.1,61.0,7,0
116.3,27.8,98.0,782,1
7.7,32.8,74.6,1068,1
375.8,24.1,94.4,740,0
131.3,22.9,97.7,427,1
46.8,24.9,81.5,447,1
280.9,25.7,76.1,598,0
211.0,32.4,75.2,989,1
61.1,25.0,64.8,331,0
86.2,29.0,78.4,850,1
337.1,31.6,78.0,859,0
190.6,28.3,98.0,949,0
56.6,24.7,71.4,435,1
32.6,31.2,76.2,1104,1
0.0,32.3,75.9,1199,1
158.1,30.8,86.9,884,0
0.0,26.8,80.9,128,0
17.6,23.5,60.8,350,0
115.1,25.9,67.3,458,1
271.4,32.1,74.7,948,0
151.1,25.1,95.1,879,0
382.3,25.3,89.3,759,0
7.3,32.5,88.1,1142,1
171.8,28.1,68.4,855,0
121.5,31.1,82.4,1031,1
396.9,26.1,88.7,734,0
0.0,29.4,52.3,1432,1
67.5,22.0,81.2,423,1
185.1,26.9,88.6,802,0
368.9,24.1,78.5,626,0
0.0,22.2,76.6,338,0
10.8,29.5,56.6,1422,1
0.0,31.8,70.9,55,0
0.0,28.6,74.8,96,0
184.3,26.4,78.3,732,0
31.3,27.9,72.4,42,0
21.8,32.0,53.7,1416,1
0.0,35.3,66.3,1419,1
17.2,28.0,68.3,200,0
0.0,31.7,62.5,1408,1
32.1,32.0,63.3,1348,1
1.1,27.7,78.5,108,0
0.0,33.9,49.4,1210,1
0.0,31.6,84.8,1190,1
303.2,32.5,71.6,949,0
0.0,31.6,80.0,147,0
65.3,28.9,88.1,969,1
0.0,27.5,73.2,244,0
4.1,23.0,87.3,475,1
391.4,27.5,80.9,716,0
16.4,29.7,70.7,1344,1
341.9,25.6,83.6,692,0
0.0,31.0,67.6,16,0
0.0,31.5,71.9,48,0
382.5,26.0,88.5,872,0
98.6,30.9,76.9,984,1
42.7,29.5,66.1,92,0
128.6,27.7,79.0,1014,1
13.8,34.2,67.3,1193,1
198.2,27.2,88.4,488,0
392.2,25.3,95.1,686,0
0.0,26.7,86.9,204,0
375.9,25.3,79.2,723,0
0.0,32.0,76.6,188,0
0.0,26.4,78.1,405,1
336.6,25.5,82.5,794,1
162.9,22.0,87.0,495,1
0.0,30.6,66.8,1335,1
0.0,29.2,64.3,12,1
28.5,30.5,64.6,13,0
0.0,32.0,66.8,1161,1
0.6,29.3,78.1,200,0
14.9,24.6,66.3,8,0
25.3,32.9,74.2,1314,1
126.8,25.9,94.9,580,1
50.4,25.4,58.2,112,0
4.5,30.3,90.0,1203,1
7.8,29.9,66.1,1389,1
328.3,29.0,87.2,874,0
0.0,27.2,72.7,172,0
8.9,31.4,59.2,1328,1
225.9,22.4,73.6,530,0
177.7,30.1,78.0,1007,0
0.0,30.7,71.0,1215,1
428.8,24.2,78.5,768,0
1.7,28.3,55.3,137,0
0.0,28.7,77.2,189,0
0.0,27.5,59.2,200,0
366.1,24.1,91.0,650,0
0.0,26.6,65.5,413,0
134.2,23.6,78.2,614,1
0.0,30.7,63.9,1394,1
360.7,26.9,98.0,610,0
313.8,23.3,83.6,579,0
0.0,24.9,72.1,293,0
412.3,27.5,83.9,767,0
142.3,23.2,77.6,701,1
131.0,26.5,87.5,580,1
14.8,22.0,75.2,406,1
0.0,31.6,86.3,1133,1
0.0,30.2,65.8,1116,1
0.0,32.1,85.7,1099,0
396.7,28.1,86.5,693,0
32.3,29.5,66.1,1161,1
0.0,29.1,70.4,1307,1
178.9,30.3,77.1,857,0
48.8,25.5,79.6,255,0
24.5,30.7,64.4,1384,1
352.3,26.4,78.2,780,0
407.7,24.4,80.2,678,0
0.0,30.2,63.7,1209,1
328.6,24.1,96.0,620,0
18.5,24.3,61.0,252,0
295.7,31.0,81.5,954,0
55.1,29.7,79.6,1043,1
174.3,27.8,81.1,682,0
0.0,27.3,59.2,262,1
239.4,27.0,98.0,910,0
448.9,23.0,82.1,706,0
0.0,31.0,55.8,1321,1
0.0,27.6,59.1,65,0
0.0,23.7,73.4,352,0
7.7,33.1,64.9,1330,1
9.2,32.5,58.8,1214,1
5.3,29.4,70.4,188,0
205.0,23.9,75.6,731,0
302.6,22.0,88.3,597,0
49.5,28.5,83.1,1018,1
448.6,29.1,82.3,815,0
0.0,29.6,91.4,1407,1
342.9,31.3,79.2,862,0
81.6,23.1,76.6,446,1
14.3,32.6,78.9,1343,1
22.9,30.8,71.7,1393,1
91.1,26.9,70.4,1073,1
31.7,26.7,69.4,154,0
206.0,31.0,88.0,986,0
52.8,30.7,45.0,1400,1
28.5,30.0,62.2,1428,1
0.0,24.2,89.6,372,1
431.7,26.3,79.5,727,0
263.5,23.6,93.9,943,0
19.5,24.9,64.0,283,0
18.7,25.3,69.7,223,0
97.6,25.5,82.7,598,1
100.2,27.5,79.2,753,1
157.5,24.5,68.0,581,0
398.9,27.2,91.3,802,1
3.8,27.8,63.2,1268,1
155.1,23.4,98.0,660,0
38.6,29.3,62.7,35,0
67.7,31.8,68.9,1254,1
29.0,31.9,76.2,1185,0
11.3,28.0,66.4,1155,1
8.6,26.5,74.7,384,1
90.9,22.0,66.9,497,1
73.4,22.0,84.7,453,1
417.6,27.6,72.6,757,0
347.1,25.1,91.6,782,0
399.6,26.6,82.0,679,0
89.4,22.0,72.3,438,1
31.7,31.2,66.4,1212,1
14.2,29.9,71.6,1276,1
93.0,31.6,81.0,1033,1
82.8,27.3,78.7,929,1
390.7,25.3,77.0,621,0
280.3,28.2,72.5,942,0
438.6,25.6,65.9,827,0
0.0,29.8,76.3,162,0
0.0,35.9,72.4,1228,1
0.0,28.3,75.4,109,0
25.7,26.5,74.3,121,0
31.1,26.7,76.2,234,0
0.0,32.1,64.1,1312,0
0.0,22.4,71.2,247,0
101.5,22.1,74.2,553,1
0.0,28.9,77.0,1173,1
0.0,26.7,66.7,72,0
418.8,28.1,88.6,669,0
0.0,22.0,69.2,247,0
0.0,26.7,79.2,246,0
0.0,30.7,62.3,1332,1
0.0,30.5,57.4,25,0
0.0,24.6,80.0,235,0
8.6,31.1,74.4,1258,1
0.0,33.3,62.6,1411,1
397.8,24.3,71.6,678,0
385.4,28.0,81.2,715,0
265.9,23.6,64.6,914,0
0.0,31.9,57.9,1433,1
36.1,30.1,76.3,961,1
34.8,29.1,75.2,1253,1
104.2,26.0,81.9,576,1
29.6,28.5,73.1,978,1
79.6,30.5,89.5,992,1
33.2,28.9,68.9,1058,1
43.5,28.0,49.3,109,0
0.0,28.4,74.9,212,0
29.4,36.2,71.4,1080,1
132.0,22.7,89.5,638,1
164.6,32.5,73.8,987,0
168.7,27.9,78.6,676,0
43.1,30.3,55.6,116,0
28.7,26.7,73.9,305,0
89.4,22.6,85.5,531,0
37.5,24.1,77.7,283,0
9.8,30.9,84.2,1159,1
4.9,32.5,74.2,1246,1
155.8,23.4,71.9,492,0
6.6,30.0,76.6,1331,1
86.6,22.7,78.8,449,1
0.0,31.3,79.5,1160,1
64.2,25.9,74.3,421,1
0.0,29.7,69.1,1312,1
0.0,33.1,71.1,1217,1
26.6,32.5,57.6,1347,1
0.0,24.1,58.1,303,0
23.2,28.6,63.0,161,1
34.0,28.4,81.7,282,0
219.7,23.4,77.8,532,1
0.6,23.0,75.0,365,1
18.8,25.0,67.4,217,0
0.0,22.8,82.9,368,1
11.7,27.6,60.5,259,0
327.9,24.4,90.2,644,1
373.1,24.8,82.2,869,0
23.6,31.5,65.2,96,0
135.7,25.6,88.5,757,1
12.6,32.8,67.4,1263,1
294.6,30.2,84.4,937,1
0.0,22.9,70.0,409,1
42.1,22.0,87.1,479,1
22.3,23.2,73.3,312,0
0.0,30.4,73.3,1434,1
0.0,25.4,79.3,394,1
48.2,34.6,84.9,1049,1
52.7,33.7,75.3,1301,1
0.0,27.9,70.0,1263,1
0.0,31.6,79.8,1164,1
0.0,22.0,78.4,390,0
43.4,29.9,82.5,166,1
33.8,25.6,71.2,251,0
1.3,30.1,68.2,14,0
114.9,27.5,89.8,892,1
0.0,28.2,62.5,176,0
15.7,22.8,84.6,445,1
185.2,24.2,76.8,537,0
329.6,26.1,80.2,849,0
91.0,24.7,78.4,551,1
34.1,29.6,47.3,117,0
54.8,32.8,75.8,1161,1
0.0,25.8,70.3,279,0
0.0,33.5,75.7,1132,1
371.6,29.6,89.1,740,0
148.1,22.0,83.6,634,1
0.0,27.5,70.7,6,0
0.0,31.5,63.1,1277,1
396.0,27.1,74.5,866,0
118.2,31.8,75.8,1079,1
253.5,30.0,83.5,934,0
245.2,24.6,82.6,526,0
0.0,26.7,67.4,1,0
157.0,24.9,98.0,631,0
272.5,27.7,63.0,494,0
0.0,32.5,68.8,1364,1
129.9,24.4,80.5,623,1
405.0,27.2,90.4,739,0
69.5,27.3,69.0,69,0
430.7,27.8,82.8,835,0
0.0,25.1,63.7,323,0
112.7,22.0,73.7,443,1
69.1,31.3,75.2,1043,1
270.0,29.1,72.8,939,0
0.0,33.6,77.9,1247,1
187.1,25.4,95.5,719,0
153.9,24.9,77.8,656,0
13.2,25.5,58.0,347,0
34.1,28.3,61.8,153,0
120.2,29.2,72.6,820,1
2.9,30.5,70.2,99,0
217.7,22.7,77.9,610,0
26.6,31.6,55.2,1285,1
21.4,25.2,56.6,120,0
106.7,33.8,66.4,1049,1
0.0,28.6,70.9,52,0
0.0,29.3,59.0,1422,1
30.7,33.7,63.7,17,0
370.1,24.0,85.2,685,0
341.3,26.1,74.6,892,1
17.9,27.3,57.7,286,0
0.0,25.2,70.4,355,0
74.7,27.2,91.7,908,1
154.2,25.8,80.3,668,0
375.2,26.4,98.0,660,0
7.7,29.7,63.4,126,1
0.0,32.0,57.9,1363,1
0.0,30.8,60.6,118,0
20.7,26.2,57.8,415,1
90.8,28.1,68.9,101,0
6.3,35.4,67.5,1250,1
20.1,25.8,68.7,375,1
153.2,27.3,96.2,637,0
355.2,24.3,79.0,610,0
175.0,28.7,91.0,830,0
0.0,28.5,65.2,144,0
143.8,28.9,91.7,808,1
353.9,23.7,86.2,618,0
0.0,25.9,72.1,197,0
93.0,32.5,76.1,1016,1
225.3,29.5,83.8,946,0
34.0,30.0,63.2,178,0
108.6,22.0,72.2,568,1
21.0,30.4,61.7,1215,1
376.3,27.0,79.4,885,0
83.7,26.7,79.2,459,1
111.6,33.3,82.1,1027,1
0.0,28.2,74.2,153,0
0.0,25.5,87.7,365,1
75.2,24.5,76.8,584,1
22.1,29.9,83.5,1184,0
37.7,24.1,70.6,532,1
379.3,25.2,85.1,809,0
0.0,30.7,56.8,1363,1
165.4,26.5,78.9,813,0
160.0,27.8,72.3,620,0
11.6,30.3,65.1,51,0
28.2,26.2,61.0,236,0
0.0,26.4,67.5,311,0
35.3,30.5,62.9,1308,1
4.9,37.2,63.5,1265,1
23.8,26.9,75.3,278,0
0.0,23.1,75.8,179,0
0.0,27.4,55.5,65,0
20.7,31.6,66.3,172,0
195.7,24.3,82.4,539,0
36.1,30.5,75.1,1083,0
12.7,32.3,92.0,1132,1
288.6,26.8,78.2,968,0
79.5,28.9,67.2,1024,1
339.0,22.0,78.9,609,0
107.0,24.4,86.1,706,1
0.0,31.2,69.7,127,0
13.3,32.0,74.1,1042,1
0.0,31.8,66.6,1383,1
0.0,23.9,84.0,357,0
9.5,26.1,90.4,396,1
42.6,28.4,75.5,6,0
0.0,24.8,81.0,305,0
61.9,32.3,83.4,1064,1
184.9,25.8,83.7,770,0
40.9,33.7,67.1,1301,1
0.0,31.1,82.3,1094,1
31.2,27.3,82.2,394,1
23.1,32.3,79.1,1129,1
148.7,22.2,88.4,511,1
0.0,26.9,51.5,133,0
0.0,31.0,69.2,1354,1
446.0,27.1,74.4,670,0
23.2,35.5,70.4,1149,1
0.0,27.9,65.1,1396,1
82.6,30.1,74.8,1032,1
0.0,26.6,71.1,476,1
232.0,23.9,86.7,513,0
411.9,25.7,89.5,779,0
122.1,25.3,87.4,464,1
0.0,29.2,65.4,1310,1
304.9,25.3,81.1,544,0
72.9,30.6,98.0,1007,1
0.0,24.9,72.2,369,1
215.4,32.2,67.6,991,0
0.0,31.3,73.3,1331,1
108.9,30.9,85.3,1071,1
0.0,31.2,74.5,1392,1
35.1,24.9,74.0,80,0
34.6,30.1,59.2,167,0
2.7,32.7,80.5,1133,1
16.9,31.1,69.0,52,0
19.6,32.7,75.6,1257,0
5.2,34.7,69.1,1232,1
88.6,24.6,90.4,593,1
0.0,31.6,74.1,1240,1
117.9,23.5,87.6,827,1
187.8,23.5,81.2,770,0
211.9,23.4,86.6,526,0
0.0,25.4,71.4,349,0
0.0,24.0,74.6,353,0
7.1,31.0,74.4,1111,1
0.0,30.2,76.2,1211,1
250.8,26.0,83.4,585,0
7.0,30.9,58.9,1354,1
74.3,30.4,74.1,155,0
117.1,30.3,84.3,1057,1
6.1,32.7,73.7,1247,1
0.0,32.4,77.0,1107,1
0.0,26.3,63.6,252,1
387.1,22.3,84.0,611,0
99.3,23.5,76.7,561,1
82.1,25.8,84.0,1003,1
17.9,30.2,73.6,181,0
0.0,25.3,79.0,1228,1
88.3,32.5,78.8,1032,1
0.0,31.0,81.6,1054,1
0.0,26.5,62.2,12,0
404.0,27.5,75.4,836,0
90.4,22.0,72.6,453,1
20.4,29.9,70.3,78,0
0.0,31.3,72.8,1088,1
370.7,28.5,71.2,891,0
0.0,28.3,64.8,90,1
0.0,29.6,65.3,212,1
34.7,28.0,63.6,26,0
0.0,30.1,78.5,1124,1
32.5,31.7,86.6,1201,1
281.9,23.9,73.0,554,0
0.0,27.7,76.9,18,0
65.4,27.9,73.2,1196,1
13.7,32.6,76.9,1290,1
175.0,28.7,87.0,896,0
22.1,30.4,68.3,195,0
0.0,27.0,78.5,402,0
0.0,24.7,63.4,374,1
0.0,30.5,64.0,1265,1
46.3,33.1,79.5,1033,1
424.5,24.3,74.4,746,0
101.3,25.9,82.6,577,1
17.6,28.0,58.3,1398,1
91.8,28.1,81.2,456,1
117.9,22.0,85.9,582,1
95.8,25.0,95.3,783,1
387.8,23.2,87.6,837,0
4.0,31.1,63.7,1165,1
0.6,32.7,63.5,1319,0
298.5,23.3,73.4,608,1
11.0,23.4,75.5,340,0
0.0,29.1,66.2,1248,1
0.0,30.6,65.2,39,1
28.4,32.9,73.7,1094,1
0.0,24.9,64.7,400,1
0.0,32.2,67.8,1416,1
97.5,28.4,84.4,1023,1
0.0,26.7,60.6,145,0
0.0,31.5,69.9,1191,1
126.9,27.1,89.4,617,1
53.3,28.5,64.1,280,0
0.0,33.1,74.1,1132,1
8.2,33.5,73.5,1258,1
9.7,29.3,73.0,1414,1
4.6,31.0,66.6,1433,1
14.9,25.7,59.3,100,0
0.0,33.4,70.1,1300,1
43.9,26.5,64.3,239,0
85.5,28.2,81.3,568,1
3.9,29.6,56.6,112,0
67.9,22.6,70.6,443,1
29.8,29.5,69.6,3,0
0.0,23.9,74.3,320,0
161.2,23.4,80.7,638,0
290.8,24.1,75.3,546,0
165.3,24.0,94.8,742,0
34.6,29.9,69.0,39,0
0.0,25.1,82.5,118,1
46.4,28.3,59.8,140,0
188.5,22.5,69.0,480,0
19.4,23.3,73.0,298,0
277.0,25.6,81.0,580,1
301.4,22.0,80.5,564,0
124.5,26.4,75.9,690,0
106.7,31.8,77.8,1074,1
8.9,30.2,65.2,1243,0
17.8,31.5,62.3,1237,1
15.3,30.5,60.2,44,0
0.0,28.5,54.3,124,0
39.5,27.8,77.6,292,1
198.3,31.5,79.3,990,0
125.4,26.2,76.6,470,1
162.2,32.3,90.3,1017,0
187.6,24.2,75.4,480,0
36.5,24.6,63.7,353,0
129.1,29.8,84.4,1015,1
116.3,23.5,68.7,449,1
0.0,34.9,52.9,1217,1
0.0,23.0,79.8,367,1
23.9,26.8,76.7,415,1
355.6,27.0,80.5,865,0
0.0,26.7,65.0,399,0
0.0,33.3,72.1,1317,1
114.0,24.1,73.7,434,1
55.0,24.5,86.0,498,1
315.2,25.8,88.0,849,0
3.8,30.2,58.8,83,0
10.3,26.4,64.6,375,1
181.5,30.7,87.0,882,0
79.0,30.2,80.4,1050,0
15.2,36.3,70.5,1303,1
72.7,30.2,77.4,1035,1
268.0,23.2,89.8,555,0
8.6,31.5,93.4,1287,1
37.0,30.5,91.1,1039,1
0.0,27.1,67.1,34,0
15.4,22.3,81.2,418,1
22.8,25.6,64.5,128,0
225.3,27.4,67.3,819,0
161.2,28.2,96.9,669,0
159.8,25.6,79.1,824,1
12.7,26.7,57.4,197,0
359.1,24.4,93.6,764,0
244.0,30.4,98.0,944,0
280.4,29.6,86.0,914,0
0.0,33.7,66.1,1304,1
0.0,24.0,78.5,269,0
0.0,31.8,75.2,1187,1
39.4,24.7,62.0,331,0
8.6,24.8,64.3,339,0
0.0,32.8,73.7,1046,1
2.6,24.0,75.5,326,0
17.5,23.6,81.4,378,1
21.9,29.2,62.3,1389,1
39.6,35.1,73.7,1423,1
149.1,27.1,93.6,945,1
217.1,25.2,78.8,485,0
414.6,23.3,73.7,772,0
393.3,26.1,90.5,683,0
25.3,29.2,89.4,1088,1
0.0,31.8,62.7,1346,1
0.0,32.1,79.8,1326,1
0.0,29.9,60.3,5,0
116.5,25.5,76.4,473,1
0.0,27.9,77.9,212,0
36.6,30.6,67.9,1220,1
2.7,32.8,57.0,1305,1
31.9,31.9,80.5,1135,1
0.0,33.9,59.9,1237,1
0.0,23.1,77.5,283,0
228.1,30.2,86.3,976,0
3.2,28.2,78.2,150,0
31.7,30.7,67.9,1116,1
11.2,32.1,58.0,10,0
0.0,30.0,66.3,1347,1
57.7,31.4,61.6,4,0
0.0,30.0,53.4,1331,1
0.0,34.5,70.1,1142,1
224.6,24.8,80.4,535,0
0.0,28.3,70.4,1360,1
0.0,28.3,71.6,277,0
0.0,25.7,73.3,413,1
33.4,25.4,85.0,301,0
264.2,28.7,77.2,985,0
2.0,30.2,62.9,1261,1
58.3,31.0,78.4,1013,1
197.0,22.9,89.6,731,0
367.9,23.8,80.9,699,0
0.0,28.4,72.2,181,0
116.0,22.0,81.9,460,1
37.8,23.3,64.8,255,0
3.2,27.0,66.2,299,0
389.4,25.5,98.0,749,1
416.0,27.9,84.6,656,1
83.4,23.5,56.8,466,1
24.6,22.0,71.7,465,1
0.0,32.3,69.8,51,0
416.5,23.3,84.6,755,0
0.0,24.0,70.0,243,0
27.8,31.3,75.7,1210,0
39.9,24.5,71.2,472,1
190.4,30.8,81.2,983,0
0.0,33.4,64.9,1337,1
0.0,26.3,68.2,1346,1
173.4,24.1,82.1,756,0
78.9,26.1,77.4,481,1
9.1,27.2,69.0,74,0
0.0,31.4,67.6,1090,1
0.0,34.6,67.7,1166,1
79.9,29.7,92.7,1015,0
3.6,24.0,79.2,408,1
3.3,27.7,73.3,167,0
0.0,34.0,75.4,1126,1
2.2,28.3,76.2,1102,1
3.8,34.4,58.8,1414,0
76.4,23.5,82.1,531,1
93.6,23.5,84.2,569,1
170.1,25.3,91.4,826,0
103.2,28.6,75.5,1043,1
116.1,23.3,83.5,858,1
0.0,32.4,86.3,59,0
0.0,22.0,72.7,328,0
138.7,27.9,77.0,852,1
43.9,24.3,76.7,347,0
45.8,31.4,78.8,1042,1
9.0,26.0,58.0,11,0
47.7,29.2,68.7,1428,1
14.6,28.9,74.5,167,0
93.0,30.4,74.7,1000,1
287.2,27.7,92.2,928,0
29.9,24.3,72.5,425,0
213.4,33.4,73.5,1010,0
92.5,26.3,78.7,442,1
160.4,31.9,85.9,990,0
66.3,25.1,86.8,524,1
129.0,25.5,87.2,680,1
0.0,30.1,65.9,1103,1
37.3,27.1,60.8,187,0
0.0,35.9,67.3,1243,1
23.7,33.7,72.3,1268,0
326.4,23.8,80.5,621,0
0.0,22.8,75.8,183,0
124.0,28.5,98.0,792,1
429.7,28.8,77.2,813,0
24.5,24.1,72.8,302,0
48.5,28.7,84.7,996,1
36.7,25.1,72.0,115,0
33.6,26.6,79.4,447,1
17.2,26.1,67.0,205,0
284.3,24.7,69.6,589,0
0.0,22.3,71.8,412,1
0.0,24.1,72.8,225,0
153.8,32.0,92.9,956,0
414.5,26.2,75.7,813,0
82.5,27.5,92.1,914,1
86.2,29.8,88.0,487,1
0.4,28.9,69.5,227,0
34.6,29.4,59.0,1414,1
0.0,26.6,83.6,323,0
0.0,26.8,64.3,51,0
22.1,23.9,78.8,411,1
36.0,28.3,58.5,59,0
11.8,32.3,63.5,1134,0
58.6,27.4,83.0,456,1
0.0,24.6,69.5,123,0
0.0,33.7,68.7,54,0
0.0,31.5,56.4,11,0
31.5,22.5,81.3,378,1
0.0,30.0,75.8,1214,0
184.8,24.6,98.0,776,0
0.0,28.3,62.9,29,0
112.7,27.4,68.4,944,1
0.0,28.2,64.4,1296,1
0.0,31.5,64.8,1271,1
103.3,28.5,85.6,798,1
0.0,25.8,73.3,213,0
0.0,32.1,61.9,1326,1
0.0,33.7,74.8,1347,0
167.3,22.2,84.7,714,0
403.6,23.8,67.6,687,0
180.1,27.0,79.6,988,0
0.0,29.2,65.0,1236,0
398.3,30.7,84.7,859,0
290.5,23.1,90.4,550,0
0.0,28.9,57.0,169,0
0.0,31.8,65.0,1369,1
0.0,33.3,85.5,1178,1
0.0,32.2,69.3,1181,1
419.1,25.4,79.6,682,0
9.3,27.0,79.9,51,0
26.5,30.1,69.0,45,0
278.7,24.2,93.5,559,0
67.0,28.9,72.2,1039,1
127.4,23.9,80.3,850,1
7.3,29.5,57.4,61,1
94.6,32.4,84.1,972,1
84.8,22.0,72.1,432,1
0.0,31.5,60.8,1300,1
0.0,27.4,69.0,1308,0
269.4,25.3,82.7,494,1
20.0,34.4,69.4,1255,1
21.3,31.7,73.3,1193,1
389.1,25.8,96.1,630,0
0.0,25.3,80.7,357,0
0.0,28.9,65.0,1402,0
353.2,26.7,89.7,839,0
74.3,29.9,71.9,52,0
0.0,24.2,77.6,381,1
40.4,31.6,59.3,1433,0
60.2,24.3,65.3,495,1
141.1,24.1,98.0,656,1
39.0,29.5,65.6,1421,1
14.8,32.5,70.1,1348,1
278.9,29.9,75.0,919,0
68.1,31.8,73.2,1107,1
0.0,27.4,59.0,86,0
318.1,25.7,75.6,883,0
0.0,29.4,69.0,148,0
36.1,25.2,70.6,184,0
0.0,31.2,73.4,1191,1
31.9,28.8,68.7,1308,1
0.0,25.4,79.3,401,1
420.8,22.7,62.9,697,0
35.6,24.4,74.3,232,0
250.6,22.2,98.0,591,1
1.9,26.0,60.6,337,0
0.0,31.4,52.7,1303,1
399.9,25.7,71.1,832,0
36.0,31.3,74.3,170,0
179.5,31.0,70.6,961,0
357.5,22.0,85.2,644,1
120.5,22.4,86.0,593,1
12.7,28.0,68.6,1219,1
156.8,23.2,78.2,582,0
118.0,26.2,79.5,586,1
0.0,28.5,55.9,132,0
24.6,30.4,71.8,1405,1
394.4,27.1,92.4,874,0
84.2,30.6,81.6,1005,1
82.0,27.4,70.7,1027,1
0.0,31.2,74.5,1107,1
12.4,31.8,73.4,1120,1
107.7,22.6,79.9,674,1
0.0,29.1,65.5,1434,1
7.7,29.9,67.7,289,0
23.1,31.9,74.4,1387,1
126.2,25.6,74.8,910,1
384.8,26.5,81.9,868,0
92.7,27.9,76.7,898,1
44.3,29.8,72.0,304,0
365.0,27.0,86.7,706,0
0.0,31.2,63.2,106,0
31.6,32.7,79.4,1198,1
46.6,22.0,93.3,537,1
45.7,30.2,45.0,186,0
0.0,27.7,77.1,292,0
0.0,34.6,69.6,1217,0
67.7,27.5,77.5,447,1
21.0,35.0,65.8,1271,1
203.8,24.1,86.9,551,0
0.0,25.1,75.5,395,1
0.0,32.2,74.4,1288,1
390.5,28.8,84.8,790,0
11.1,26.7,74.3,292,0
275.4,29.3,88.3,905,0
135.4,27.8,82.6,860,1
0.0,25.7,76.1,249,0
0.0,28.6,70.3,178,0
35.8,34.1,67.8,1351,1
268.2,22.2,76.5,586,0
0.0,26.1,63.3,272,0
41.5,32.2,69.4,1336,1
103.2,31.3,88.8,842,1
85.8,30.0,75.0,1076,1
150.5,22.6,83.4,462,0
0.0,35.0,64.4,1217,1
30.8,30.1,64.4,69,0
0.0,31.0,63.3,1312,1
106.6,26.2,72.4,460,1
0.0,27.7,59.9,1358,1
118.7,24.0,98.0,462,0
10.0,27.6,76.9,187,0
0.0,32.6,78.9,1113,1
0.0,29.8,63.2,1356,1
68.9,29.1,68.6,1060,1
0.0,35.1,57.8,1232,1
0.0,31.5,65.0,1368,1
0.0,30.3,72.4,9,0
0.0,30.4,64.0,1179,0
343.4,26.2,88.2,857,0
50.7,29.7,79.1,1044,1
30.3,34.3,69.1,1301,1
186.0,23.9,98.0,700,1
0.2,29.5,67.2,35,0
12.8,27.8,76.7,361,1
0.0,35.7,70.3,1098,1
44.5,27.1,59.7,9,0
0.0,26.6,56.5,1428,1
3.6,23.1,64.5,362,1
0.0,27.1,63.4,112,0
13.8,25.5,79.2,378,1
18.9,31.4,60.1,1130,1
441.6,25.7,83.9,745,0
37.7,32.6,59.0,1433,1
8.0,22.0,76.2,290,0
1.1,30.2,63.2,1370,1
0.0,31.2,81.7,1126,1
33.4,32.1,60.3,24,1
9.1,29.9,68.8,49,0
115.3,31.7,77.6,1036,1
0.0,30.2,69.2,1389,1
47.7,29.9,73.1,55,0
46.6,25.4,84.9,285,0
125.1,23.5,81.0,530,1
144.7,25.3,84.4,714,1
77.5,26.9,91.4,529,1
36.5,31.7,72.2,1030,1
46.5,31.1,70.1,1330,0
125.1,25.6,79.0,611,1
0.0,30.4,63.9,39,0
20.8,32.6,69.2,1127,1
0.0,31.1,73.3,1316,1
305.9,25.1,80.3,595,0
0.0,30.1,55.6,67,0
0.0,22.0,65.0,383,1
43.7,31.1,73.5,1153,1
0.0,28.7,73.9,82,0
9.2,30.8,60.2,1129,1
46.1,23.1,70.2,355,0
248.7,22.0,77.2,592,0
85.2,26.1,87.1,533,1
60.8,22.0,69.9,455,1
303.8,28.5,83.5,616,0
48.9,23.5,69.8,524,1
52.7,30.5,82.0,1144,1
0.0,28.8,65.0,1142,1
69.5,22.0,89.3,488,1
43.1,22.4,78.0,439,1
322.8,28.4,76.5,897,0
32.2,31.9,70.2,109,0
30.7,27.7,71.4,1399,1
24.9,30.7,78.7,50,0
199.0,22.0,84.5,498,1
167.7,22.2,85.3,500,1
172.4,27.0,91.8,735,0
90.3,22.1,50.6,452,1
0.0,35.1,73.1,1204,1
8.3,27.5,78.1,263,0
40.1,29.0,68.2,134,0
37.0,30.9,65.9,1225,0
40.6,25.2,62.3,223,0
89.1,29.1,79.7,984,1
85.2,29.5,81.0,927,1
300.5,29.5,83.7,932,0
8.1,30.2,72.4,1185,1
0.0,26.5,71.4,137,0
23.5,22.1,61.9,317,0
21.4,34.6,71.4,37,0
0.0,30.2,80.1,1232,1
93.1,25.7,68.7,926,1
311.8,23.0,80.2,888,0
7.7,23.2,81.8,409,1
30.1,29.8,68.7,74,0
95.4,23.9,72.9,583,1
106.6,27.6,88.4,852,0
15.7,26.6,57.4,351,0
55.6,30.2,69.4,93,0
62.5,29.0,76.1,1383,1
49.4,31.3,65.1,1414,1
78.5,30.1,86.4,978,0
0.0,28.8,67.7,30,0
20.3,32.9,59.0,24,1
0.0,25.4,63.4,219,0
0.0,30.7,69.9,1151,1
339.9,28.1,80.1,911,0
83.0,26.0,86.9,461,1
20.1,32.2,76.9,24,0
0.0,34.2,81.9,1112,1
346.6,26.1,95.5,659,0
33.7,29.8,82.2,996,1
314.2,26.1,60.7,567,0
425.3,25.9,84.7,719,0
177.1,23.8,73.8,531,0
0.0,23.6,80.4,402,1
183.8,24.8,83.5,668,0
128.8,27.0,86.2,853,1
137.6,25.0,78.0,422,1
176.5,29.6,75.6,964,0
0.0,27.0,63.3,295,0
401.9,28.0,80.8,805,0
0.0,29.1,68.8,112,0
101.7,28.1,93.1,940,1
67.9,28.2,83.5,977,1
24.6,27.8,86.7,157,0
32.8,32.1,71.4,1340,1
18.1,27.3,66.7,56,0
20.5,27.3,86.7,1058,1
82.4,30.6,66.2,1035,1
11.0,25.2,62.8,219,0
170.1,30.0,88.6,862,0
0.0,34.1,69.2,1108,1
35.0,29.4,86.5,1089,1
102.0,22.0,78.1,597,1
0.0,27.2,76.5,244,0
12.2,31.9,75.9,1090,1
284.9,25.3,98.0,628,0
10.5,26.1,80.9,412,1
0.0,25.2,74.7,284,0
52.3,31.5,69.6,1166,1
162.7,26.8,80.1,711,0
0.0,32.4,75.6,1113,1
322.4,32.1,88.1,853,0
312.6,25.8,87.4,700,0
76.4,27.5,56.3,221,1
79.4,26.9,82.0,669,1
25.2,35.0,80.2,1079,1
222.2,31.4,72.3,1001,0
44.0,30.9,78.3,1137,1
337.0,27.7,78.6,950,0
343.4,24.9,88.4,610,1
20.2,26.8,63.6,70,0
273.7,30.3,82.5,934,0
0.0,30.6,66.4,18,0
48.6,31.0,84.2,983,1
52.0,27.3,84.4,1073,1
169.5,28.7,75.5,720,0
0.0,23.8,69.9,251,0
0.0,28.3,66.5,1426,1
20.2,22.0,97.4,313,0
10.3,28.8,72.2,2,0
133.0,24.4,83.0,591,1
59.8,25.8,60.1,284,0
0.0,31.4,63.5,49,0
0.0,34.0,84.8,1351,1
329.0,27.3,71.7,615,0
0.0,30.3,63.7,1417,1
15.7,30.5,75.9,1389,1
21.7,24.3,92.8,419,1
9.5,30.0,76.0,1036,0
0.0,36.0,75.0,1248,1
50.8,32.5,80.3,1179,1
19.3,33.0,75.6,1203,1
123.7,25.5,84.6,554,1
146.5,30.4,94.8,872,1
6.8,26.5,77.6,218,0
276.1,30.1,86.1,956,0
117.3,29.2,97.6,849,1
330.2,24.9,85.2,846,0
219.5,24.2,86.5,692,0
95.5,23.8,76.0,436,1
131.3,26.1,58.7,431,1
101.5,37.8,79.7,1036,1
20.5,24.3,74.0,346,0
0.0,25.0,60.7,295,0
38.2,29.9,60.0,75,0
147.3,22.0,92.9,714,1
6.8,23.4,57.4,193,0
5.6,31.2,66.2,1322,0
394.6,24.9,92.0,770,0
224.1,32.2,71.3,1003,0
330.7,28.3,82.8,950,0
225.7,22.0,83.2,529,0
8.0,28.0,72.0,29,0
106.6,30.4,86.1,885,1
155.7,23.7,88.4,711,0
6.6,25.3,66.2,294,0
24.9,30.9,69.8,1360,1
0.0,29.7,71.7,1414,1
14.8,31.4,66.5,1045,1
11.0,35.4,76.1,1194,1
28.0,30.1,87.4,71,0
5.1,28.6,63.6,210,0
167.6,26.1,85.0,891,1
0.0,25.9,66.4,316,0
22.8,34.6,77.9,1296,1
116.1,24.7,88.7,667,1
121.4,30.8,77.0,1038,1
43.8,33.4,78.9,1165,1
13.9,30.0,75.5,183,0
0.0,32.4,55.7,14,0
305.2,25.5,87.3,890,0
98.3,31.5,80.5,1066,1
351.6,25.8,84.8,837,0
15.5,27.4,66.4,133,1
193.3,25.4,90.2,869,0
5.9,25.5,58.7,287,0
0.0,29.1,61.4,1435,1
0.0,31.5,68.9,1301,1
12.3,29.0,62.1,143,0
0.0,32.4,67.3,1305,1
0.1,26.3,72.3,411,1
0.0,24.2,80.9,342,0
0.0,28.5,68.0,1293,1
0.0,33.2,78.9,59,0
0.0,32.6,75.1,1098,1
0.0,25.7,83.8,362,1
11.7,28.0,72.5,183,0
416.3,25.7,96.2,670,0
0.0,33.8,69.9,1152,1
8.6,30.2,68.1,1369,1
13.4,32.4,67.2,1037,1
33.0,24.7,68.6,498,1
12.1,31.7,81.9,1123,1
27.2,30.9,62.1,1292,1
0.0,27.5,76.0,235,0
0.0,29.6,64.7,37,0
213.0,25.7,87.3,482,0
355.1,27.1,90.1,888,0
0.0,29.8,48.5,1294,1
42.8,25.3,75.3,420,1
374.2,32.2,75.3,874,0
320.6,28.5,58.7,875,0
88.1,30.5,72.2,1057,1
0.0,28.1,61.9,398,1
27.5,32.8,67.7,1314,1
105.1,30.5,71.5,1044,1
97.7,32.5,86.1,939,1
0.0,27.6,66.1,72,0
44.5,26.3,75.2,183,0
0.0,32.5,79.3,1145,1
112.2,34.7,88.8,910,1
15.6,26.1,68.8,120,0
74.1,28.6,62.6,1387,1
0.0,31.9,62.4,1373,1
4.8,32.0,59.9,93,0
13.1,29.8,64.7,159,0
6.3,24.7,77.0,291,0
0.0,26.7,73.1,68,0
44.6,30.2,62.8,1115,1
0.0,31.0,66.9,1428,1
16.5,32.5,72.9,1178,1
0.0,28.6,56.9,101,1
0.0,28.5,71.4,96,0
34.9,31.3,83.3,1301,1
12.6,32.0,61.9,1438,1
0.0,32.2,66.1,1363,0
15.5,33.1,76.6,1160,1
84.7,31.5,97.4,1039,1
0.0,28.1,79.6,1177,1
28.8,32.0,64.7,1200,0
363.5,25.6,78.5,814,0
146.4,31.2,83.7,898,1
182.1,22.9,84.1,687,1
131.3,22.0,89.8,606,1
353.9,26.1,83.7,642,0
0.0,25.0,76.7,415,1
187.7,25.4,78.6,703,0
277.4,29.8,80.9,908,0
18.4,25.8,73.9,240,0
47.8,28.1,82.8,95,0
0.0,32.2,67.6,1293,1
92.6,26.9,84.3,933,1
0.0,34.4,62.4,1336,1
142.4,26.7,77.4,892,1
364.9,22.1,87.8,631,0
38.2,25.9,76.2,301,0
137.6,24.3,74.5,755,1
0.0,33.9,64.1,1104,1
146.8,22.0,89.7,582,1
15.2,27.5,59.2,1430,1
0.0,30.7,76.1,1135,1
0.0,26.3,72.3,265,0
0.0,30.5,71.3,1244,1
16.6,24.0,73.0,413,1
362.4,28.0,88.8,625,0
359.6,25.6,94.2,800,0
21.8,28.2,66.3,1337,1
17.3,31.5,58.9,1258,1
80.7,26.8,73.0,928,1
23.4,32.0,88.9,1070,1
0.0,33.0,63.7,1223,1
0.0,31.2,73.9,1366,1
0.0,32.2,55.6,1347,1
0.0,24.8,57.9,191,0
52.9,31.9,68.5,56,0
0.0,30.7,62.2,1270,1
293.2,31.4,94.2,866,0
398.9,26.3,84.5,802,0
8.7,30.6,67.8,1112,1
9.3,25.6,60.0,255,0
0.0,28.1,82.8,207,0
178.7,28.9,83.5,747,0
70.6,31.5,76.9,1064,1
410.2,29.4,82.9,697,0
30.7,29.8,68.0,1374,1
0.0,31.6,71.8,1259,1
94.6,25.8,83.9,845,1
26.2,30.5,52.5,1361,1
182.5,22.7,85.9,538,0
15.4,24.0,65.9,208,0
23.2,27.9,78.5,273,0
175.7,25.2,93.1,536,0
464.4,25.2,84.9,722,0
111.8,24.8,83.5,545,1
93.0,28.2,79.5,947,1
190.0,25.6,74.5,757,0
47.8,28.0,79.4,235,0
0.0,32.0,66.9,1212,1
118.6,26.0,86.7,755,1
0.0,28.2,56.2,1214,1
166.9,25.8,68.8,425,0
385.6,28.6,67.0,752,0
184.2,30.1,84.8,880,0
11.9,30.8,65.2,1151,0
0.0,33.8,68.6,1196,1
186.4,26.9,86.1,774,0
9.9,29.7,54.0,1362,1
0.0,25.4,65.6,252,0
0.0,31.7,69.8,1292,1
0.0,27.2,69.0,1310,1
0.0,25.6,54.9,327,0
24.8,23.8,73.4,292,0
132.9,23.9,75.9,755,1
4.3,26.3,71.5,244,0
169.4,25.3,86.6,774,0
0.0,28.8,76.3,1404,1
0.0,32.2,72.4,1156,1
24.4,29.7,62.7,1356,1
6.4,22.4,69.4,438,1
62.7,26.4,82.8,514,1
0.0,32.3,58.2,1242,0
0.0,32.1,68.9,1113,1
4.5,35.0,48.5,1193,1
159.1,27.5,71.6,885,0
0.0,30.6,75.4,1265,1
76.6,22.9,75.1,558,1
171.2,28.2,81.0,600,0
0.0,25.8,62.5,246,0
194.5,22.1,88.2,513,0
108.5,24.8,80.5,655,1
0.0,30.2,75.2,1098,1
45.2,28.2,59.0,92,0
0.0,28.4,88.3,325,0
0.0,31.7,55.4,1360,0
0.0,29.4,65.6,1252,1
17.0,29.1,76.3,48,0
0.0,24.3,65.0,161,0
0.0,26.5,69.9,146,0
349.8,29.0,89.7,817,0
0.0,30.4,76.7,1165,1
0.0,37.1,76.7,1294,1
69.9,22.0,76.2,298,0
259.5,29.1,64.4,979,0
381.4,28.2,89.5,863,0
17.8,25.3,69.4,346,0
165.9,28.1,88.6,800,0
426.0,26.4,75.2,839,0
203.9,32.5,86.1,1013,0
78.8,22.0,74.1,445,1
167.2,23.7,73.8,439,0
17.3,29.2,81.8,1085,1
123.6,23.0,75.5,482,1
192.9,24.0,83.7,609,0
346.8,27.2,86.1,731,0
134.1,24.0,87.0,752,1
0.0,30.3,62.8,1401,1
15.0,31.5,72.3,1095,1
37.1,32.3,66.0,1216,1
0.0,29.2,82.0,1089,1
40.9,26.5,71.2,251,0
301.1,31.4,89.8,918,0
217.9,26.3,86.0,539,0
0.0,31.3,77.8,1179,1
10.6,32.9,64.0,1282,1
12.2,27.7,67.0,159,0
28.9,33.6,59.5,1089,0
0.0,27.4,57.9,249,1
62.5,22.0,52.6,469,1
337.0,26.7,82.0,789,0
0.0,29.5,75.6,1418,1
21.2,27.8,71.4,149,0
0.0,28.5,59.7,1383,0
400.8,25.8,95.9,720,0
318.8,24.2,81.8,642,0
121.5,23.9,89.4,438,1
1.4,32.0,62.0,1084,1
112.4,22.0,82.3,569,1
136.5,32.4,69.5,1045,1
53.9,32.5,76.6,1059,1
14.8,27.3,60.5,393,1
316.1,28.8,76.5,901,0
38.3,25.7,79.8,323,0
84.6,31.1,86.4,913,1
305.0,27.6,86.3,940,0
18.7,32.4,65.4,1361,1
43.3,29.4,60.6,1392,1
0.0,31.0,62.9,28,0
0.0,31.6,68.8,1380,1
0.0,29.7,79.5,1125,1
42.8,29.0,53.7,153,0
0.0,24.3,73.3,303,0
0.0,26.6,70.9,207,0
0.0,28.6,62.5,198,0
26.1,29.1,72.3,180,0
133.4,25.0,73.2,575,1
183.7,24.0,82.5,522,1
72.2,25.5,56.0,432,1
23.2,30.8,70.7,1138,1
95.3,31.8,74.4,1009,1
180.1,28.8,90.7,1001,0
21.5,29.6,62.3,4,0
22.4,30.0,64.2,1172,1
423.3,26.8,92.7,793,0
33.3,34.9,68.4,1275,1
0.0,34.9,74.7,1195,1
323.6,27.8,78.5,657,0
69.3,26.7,77.6,151,0
0.0,36.2,62.6,1429,0
48.5,26.5,75.1,446,0
0.0,33.9,71.1,1294,1
52.3,24.6,86.0,542,1
116.6,26.9,98.0,963,1
158.2,22.9,86.4,426,0
11.2,31.0,69.9,1272,0
0.0,29.7,56.6,40,0
38.5,31.0,63.9,1142,1
17.7,31.9,70.4,1216,1
36.9,25.5,89.6,406,1
19.1,31.0,76.2,1438,1
158.5,23.6,84.0,489,0
174.4,24.7,72.9,706,0
0.0,34.7,59.7,1260,0
176.8,23.2,77.0,507,0
34.5,33.4,71.9,1198,1
32.8,30.9,62.0,1433,1
0.0,24.3,75.8,172,0
0.0,31.6,79.0,189,0
113.9,26.6,78.9,546,1
66.9,31.5,64.3,218,0
17.2,33.6,64.9,1262,1
150.6,24.1,76.3,486,1
0.0,33.0,71.0,1268,1
29.7,29.0,62.6,39,0
0.0,24.3,78.6,274,0
56.0,28.2,78.2,505,1
0.0,25.4,63.8,244,0
10.7,25.5,72.5,312,0
38.8,32.4,73.6,1124,1
93.7,23.7,77.8,449,1
325.5,26.1,80.1,579,1
401.3,24.3,67.6,649,0
186.0,33.0,79.8,758,0
17.3,28.1,79.4,1198,1
0.0,25.6,63.7,189,0
385.5,26.7,68.9,641,0
352.1,22.0,85.4,682,0
19.0,26.4,77.2,250,0
244.2,23.5,95.2,551,0
0.0,30.6,71.0,1392,1
0.0,27.0,83.3,399,1
23.5,32.3,76.5,1248,1
230.1,22.5,81.2,535,0
200.1,26.0,70.9,525,0
100.6,24.6,81.2,588,1
259.1,22.0,87.6,590,0
24.9,27.7,65.8,75,0
23.0,26.8,77.3,188,0
108.9,25.7,79.5,471,1
163.6,26.7,81.9,789,0
248.0,31.9,83.4,988,0
190.5,26.1,78.9,728,0
0.0,30.6,70.5,1232,1
28.1,30.9,63.1,1403,1
145.0,32.3,69.2,1054,1
78.9,30.5,83.5,1030,1
188.4,23.8,77.5,758,0
193.7,24.5,79.7,469,0
400.8,23.4,81.7,672,0
0.0,34.5,68.9,1374,1
0.0,33.1,65.7,1402,1
4.5,31.5,65.2,1224,1
0.0,30.9,64.7,49,0
0.0,31.7,73.0,1155,1
111.6,33.8,87.7,1075,1
1.9,24.8,81.1,167,1
174.4,25.6,76.8,680,0
0.0,29.6,69.6,1089,1
162.5,26.8,66.4,760,0
141.7,22.0,72.7,579,1
70.3,28.7,76.2,858,1
0.0,35.7,55.4,1174,1
0.0,27.9,52.5,118,0
0.0,28.4,72.7,1107,1
0.0,29.3,62.2,177,0
359.1,26.3,81.1,835,0
21.0,26.4,68.0,400,1
55.4,26.3,98.0,421,1
262.6,26.6,86.6,650,0
0.0,31.8,67.5,1289,1
0.0,35.5,82.7,1179,1
0.0,26.8,71.0,349,1
342.1,23.1,72.6,639,0
211.8,28.7,74.0,964,0
134.6,26.7,94.9,577,1
3.7,32.2,62.6,1421,1
99.4,28.6,65.9,974,1
2.7,31.3,76.1,1259,1
0.0,28.9,68.0,95,0
0.0,26.8,67.6,302,0
0.0,25.6,71.4,263,0
7.6,29.6,78.5,220,0
0.0,29.8,71.1,107,0
379.5,27.9,82.9,707,0
0.0,25.7,75.7,166,0
0.0,28.2,84.5,355,0
15.1,33.2,57.5,1420,1
359.0,27.1,98.0,828,0
22.8,23.1,78.4,472,1
0.0,34.6,75.4,1211,1
10.0,31.1,70.9,1254,1
116.3,27.0,89.4,787,1
1.6,29.0,70.6,133,0
304.0,26.8,78.0,958,0
384.5,27.6,85.6,857,0
0.0,22.7,84.0,403,1
365.2,24.9,79.4,898,0
399.8,30.2,93.1,765,0
0.0,23.9,60.8,319,0
301.8,29.2,89.1,862,0
105.4,34.2,98.0,964,1
41.9,25.7,71.5,180,0
0.0,29.3,57.2,1304,1
15.3,35.4,75.0,1305,1
394.4,25.1,97.2,781,0
322.3,27.2,88.0,855,1
130.8,24.0,81.6,664,1
0.0,31.8,67.6,1101,0
0.0,28.2,68.6,1260,1
81.5,25.4,86.7,551,1
25.1,26.1,57.9,318,0
69.5,25.7,90.9,533,1
22.1,30.7,45.0,81,0
0.0,27.9,75.9,234,0
213.2,23.4,86.3,521,0
161.9,28.1,92.3,883,0
321.6,24.7,74.3,770,0
0.0,32.3,80.7,1187,1
51.7,22.6,96.8,436,1
39.1,31.7,73.9,1092,1
0.0,30.6,77.1,1118,1
324.5,27.4,70.8,927,0
359.6,26.6,77.5,658,0
83.1,25.7,79.8,542,1
71.2,24.3,67.0,424,1
69.8,26.5,56.4,35,0
103.1,22.4,78.7,599,1
91.0,30.7,82.1,1034,1
0.0,28.9,54.9,136,1
401.6,25.5,83.3,643,0
19.5,31.3,64.9,1074,1
0.0,28.1,65.9,165,0
84.8,23.7,88.9,448,1
368.0,25.7,86.8,783,0
0.0,28.5,82.2,331,0
322.7,30.1,83.9,888,0
364.9,28.1,87.6,822,0
4.3,22.3,68.2,397,1
153.6,22.0,87.7,543,0
108.8,27.9,78.7,852,1
243.8,23.1,72.3,559,0
11.4,29.6,67.6,1306,1
216.0,30.2,68.0,977,0
46.2,27.7,80.1,1128,1
122.3,29.8,95.5,1010,1
338.8,26.2,82.4,701,0
286.5,29.0,81.8,876,0
171.5,22.0,88.7,671,0
216.2,22.0,84.8,504,1
46.9,25.6,71.0,269,1
15.3,25.7,55.0,194,0
137.7,22.7,94.3,714,1
144.3,24.7,90.7,935,1
168.7,22.2,70.2,487,0
61.0,27.8,45.0,147,0
8.5,31.5,91.8,1251,1
0.0,25.6,60.5,141,0
14.8,28.8,66.3,1079,1
85.9,29.3,56.8,1008,1
110.7,22.5,78.0,577,1
0.0,29.7,69.8,75,0
0.0,31.9,80.7,1437,1
133.7,25.4,80.6,604,1
25.6,28.6,50.8,1425,1
0.0,28.7,69.8,153,0
15.2,32.2,68.7,1368,1
35.7,34.4,60.8,1357,1
21.7,33.0,62.8,70,0
43.7,26.5,81.2,481,1
9.6,30.5,81.4,1104,1
44.5,27.5,69.8,84,1
14.9,31.1,77.1,1080,1
36.5,27.9,65.7,90,0
168.0,32.2,98.0,844,0
0.0,32.7,69.7,1419,1
54.2,33.2,78.9,1203,1
39.8,29.6,73.4,170,0
0.8,28.7,72.8,244,0
177.4,25.8,95.6,604,0
5.5,30.4,59.3,1435,1
0.0,26.0,81.6,375,1
0.0,26.6,61.9,353,0
123.5,24.7,85.2,797,1
10.8,34.8,49.6,42,0
192.4,28.8,69.9,976,0
155.4,33.1,76.6,994,0
396.9,26.6,98.0,797,0
298.2,26.5,80.8,543,0
112.5,24.2,83.5,470,1
112.2,22.0,89.7,450,1
398.6,29.1,82.9,810,0
5.0,27.5,88.8,368,0
14.1,25.2,72.1,330,0
20.8,28.7,59.7,184,0
0.0,28.6,73.8,35,0
100.6,28.1,88.7,855,1
148.1,30.2,81.3,881,1
9.5,30.8,57.4,40,0
20.9,32.9,80.5,1155,1
35.2,30.1,57.5,139,0
0.0,34.8,49.0,1373,1
0.0,28.3,79.3,269,0
22.4,26.7,77.1,265,0
0.0,26.9,73.4,228,0
81.3,30.4,77.8,990,1
2.5,29.4,75.5,1249,1
32.4,32.4,66.4,1154,1
140.8,24.7,86.1,831,1
44.1,23.4,91.8,460,1
4.8,30.5,65.1,97,0
28.9,23.3,81.4,457,0
0.0,32.8,54.3,42,0
2.8,26.9,64.1,236,0
0.0,33.9,73.2,1139,1
0.0,25.4,78.8,259,0
43.7,25.8,86.5,274,0
31.5,34.3,72.7,1222,1
0.0,31.5,58.6,1183,1
25.2,31.6,55.9,1426,1
16.9,30.6,84.3,1118,1
151.8,22.0,79.1,684,1
0.0,30.7,78.6,1193,1
27.7,32.9,67.9,49,0
0.0,25.2,75.4,381,1
86.3,31.8,82.2,1006,1
0.0,30.9,66.8,67,0
324.1,26.1,73.1,653,0
28.1,27.7,72.7,368,1
248.7,29.4,97.1,974,0
0.0,31.0,57.5,167,0
46.7,33.2,58.9,1279,1
0.0,26.1,68.8,334,0
0.0,27.8,83.1,1318,1
96.0,25.3,76.4,636,1
118.4,32.7,73.7,1022,1
35.5,31.3,69.5,1078,1
0.0,34.4,63.8,1319,1
101.7,26.7,79.8,573,1
0.0,25.4,73.9,273,0
19.9,31.7,53.3,1355,1
2.7,30.9,68.3,1354,1
25.8,31.2,62.1,1208,1
0.0,31.0,68.9,1409,0
16.4,32.3,56.0,1314,1
410.5,23.8,81.4,893,0
0.0,31.9,62.6,1225,1
0.0,32.7,73.2,1151,1
0.0,31.7,78.9,1343,1
0.0,26.8,72.7,220,0
53.1,30.0,75.0,1218,1
0.0,29.4,69.4,1243,1
0.0,28.9,63.4,15,0
360.5,24.4,82.5,865,0
178.1,29.9,78.0,982,0
0.0,29.8,70.0,1136,1
385.5,27.4,78.8,812,0
14.9,30.3,69.0,1121,1
106.0,26.9,75.3,1076,1
0.0,27.1,57.7,89,0
6.0,25.5,74.1,322,0
154.6,27.6,72.9,729,0
250.8,29.5,82.8,995,0
0.0,25.7,72.2,330,0
20.1,31.6,83.2,1242,1
30.8,31.4,78.3,1319,1
0.0,24.4,61.5,261,0
0.0,24.5,74.9,402,1
61.5,28.8,67.6,42,0
379.7,28.8,80.1,773,0
0.4,30.1,67.7,1117,1
0.0,32.2,69.8,1306,1
0.7,27.9,70.3,1,0
388.8,25.6,85.2,772,0
350.0,22.5,82.3,622,0
0.0,23.4,73.5,413,1
0.0,33.8,63.4,1174,1
0.0,27.9,72.0,178,0
0.0,31.7,66.6,59,0
51.5,23.7,78.6,456,1
108.8,31.5,83.8,991,1
434.4,27.6,98.0,775,0
375.1,28.4,98.0,822,0
32.1,27.9,73.6,292,0
0.0,31.8,60.4,1391,1
0.0,31.0,74.8,1317,1
57.4,28.6,64.6,1354,0
6.6,29.3,66.4,1420,1
9.7,26.0,79.2,358,0
0.0,34.1,72.0,1262,1
57.7,26.2,74.0,333,0
17.7,31.4,74.7,1237,1
86.0,23.3,86.3,443,1
142.2,26.1,74.5,757,1
74.4,32.0,82.0,1036,1
0.0,31.5,59.1,1359,1
19.9,26.0,71.5,180,0
129.4,28.3,70.6,1016,1
24.0,24.6,70.3,247,0
31.5,26.6,67.4,173,0
7.8,26.8,67.2,194,0
0.0,29.8,71.6,1369,1
61.9,24.9,67.5,284,0
406.3,28.3,82.7,804,0
154.3,29.2,83.0,847,0
27.9,35.3,67.1,1191,1
148.6,30.7,76.4,991,1
0.0,22.4,78.2,349,0
131.8,22.0,88.2,552,1
5.5,32.1,61.7,1305,1
0.0,31.4,71.7,1334,1
321.3,28.5,70.3,905,0
203.5,27.6,77.4,992,0
457.7,25.0,75.6,786,0
0.7,34.0,73.0,1172,1
410.5,27.2,84.7,706,0
94.5,24.5,91.2,508,1
329.2,29.2,94.2,877,0
355.4,22.9,81.1,696,0
387.5,27.6,85.0,823,0
58.3,30.6,60.9,1291,1
91.7,33.3,72.4,1077,1
18.6,32.8,60.1,1142,1
0.0,22.1,76.9,353,0
15.4,24.5,62.1,199,0
37.1,31.3,60.4,1333,1
389.8,23.4,80.9,687,0
141.5,28.2,81.1,757,1
48.2,27.8,67.8,1083,1
0.0,31.7,74.3,1274,1
420.3,22.8,85.4,736,0
109.8,24.4,79.2,696,1
42.6,29.4,71.9,1163,1
79.1,27.9,64.8,157,0
0.2,26.2,64.9,161,0
355.6,25.6,89.3,820,0
126.6,33.0,80.6,1055,1
2.7,30.6,90.3,1137,1
347.1,22.0,74.3,580,0
182.0,29.7,93.5,967,0
306.3,30.8,86.4,842,0
9.1,32.2,74.3,1109,1
217.5,25.8,72.7,501,0
0.0,25.7,63.2,231,0
375.2,29.3,84.7,872,0
1.7,30.5,66.4,1104,1
274.7,29.7,81.3,951,0
57.8,26.5,92.6,478,1
191.4,27.9,82.1,989,1
0.0,28.4,73.6,1236,1
0.0,29.2,56.8,2,0
0.0,25.2,78.9,363,1
78.4,35.3,57.5,1228,1
104.6,31.0,59.3,1076,1
355.9,26.4,88.3,691,0
151.1,27.7,83.1,922,0
2.6,28.7,76.1,55,0
147.3,28.7,69.4,858,1
8.2,27.7,81.6,374,1
244.6,30.0,78.2,1010,1
0.0,28.5,72.0,135,0
390.2,23.2,72.3,622,0
23.2,24.0,76.2,339,0
8.1,27.4,60.0,345,0
320.8,25.1,94.7,876,0
0.0,23.0,70.4,360,1
347.7,24.1,82.0,618,0
254.3,30.2,82.9,996,0
46.9,31.3,59.1,1354,1
29.8,32.4,83.5,1049,1
61.6,37.8,77.2,1276,1
31.8,28.7,52.8,1418,1
16.0,32.5,66.3,1248,1
0.0,30.1,70.3,1105,1
86.2,26.0,69.3,432,1
19.6,34.5,64.9,1433,1
20.1,31.8,75.5,1161,1
29.7,26.1,70.8,465,1
35.8,30.1,82.9,1222,1
143.5,27.1,83.6,643,1
18.9,35.4,71.1,1242,1
35.4,27.7,67.9,152,0
27.7,32.8,55.0,1346,1
106.0,24.5,72.0,814,1
222.9,22.8,89.7,491,0
8.0,31.1,75.5,8,0
0.0,34.7,72.7,33,0
387.9,22.0,81.0,673,0
337.2,24.9,77.6,636,0
6.0,34.5,65.6,1202,1
7.6,33.7,48.4,43,0
21.4,31.5,70.0,1183,1
108.6,27.8,83.8,680,0
85.5,31.5,78.7,966,1
137.7,31.6,78.0,872,1
69.6,28.6,67.1,94,1
0.0,31.0,85.8,1030,0
310.5,27.8,74.0,944,0
22.9,26.4,63.7,211,0
126.5,23.5,47.3,441,1
0.0,27.4,75.3,114,0
164.1,30.6,80.2,821,0
350.8,28.1,84.5,858,0
186.1,23.0,75.8,515,1
0.0,28.2,66.0,113,0
176.4,26.9,84.3,996,0
342.9,25.4,76.7,550,0
90.3,22.3,83.6,520,1
19.2,27.8,51.1,72,0
42.1,33.1,71.1,1407,1
2.3,30.4,68.0,1128,1
187.4,30.9,84.5,974,0
142.5,23.4,87.5,612,1
174.8,29.0,98.0,1012,0
69.6,22.9,89.2,582,1
16.1,30.5,87.3,1052,1
0.0,28.7,68.6,1327,1
0.0,26.7,73.7,354,1
267.8,34.7,66.8,931,0
121.6,32.0,88.7,1056,0
9.2,30.0,88.0,1193,1
37.2,32.2,77.5,1067,0
38.9,26.9,59.4,3,0
0.0,26.5,61.6,176,0
313.1,27.1,82.1,890,0
0.0,34.0,66.0,1157,0
283.6,25.5,84.1,562,0
3.9,29.1,77.6,1228,1
39.9,27.6,68.9,241,0
320.4,26.9,87.3,852,0
28.2,32.7,74.1,1335,1
311.9,25.4,81.6,833,0
307.4,27.8,96.7,898,0
124.6,22.5,97.5,547,1
22.1,30.6,76.0,1398,0
150.2,22.0,82.0,511,0
130.7,23.5,76.5,662,1
1.4,23.3,79.5,410,1
0.0,24.1,73.1,288,1
18.5,30.1,80.0,1411,1
310.2,24.3,79.3,580,0
65.2,26.8,71.7,440,1
16.2,29.6,82.5,1284,1
0.0,29.8,70.6,1192,1
292.9,29.1,82.2,954,0
140.5,22.0,79.5,676,1
232.3,24.5,81.6,504,0
300.4,24.2,82.1,572,0
83.5,30.1,82.0,930,1
62.8,28.6,83.2,575,1
115.7,24.1,80.3,502,1
0.0,26.9,56.4,178,0
0.0,33.4,84.2,1126,0
368.7,24.5,90.5,643,0
0.0,24.8,77.0,324,0
9.5,28.7,66.7,348,0
347.0,29.5,92.6,883,0
136.1,26.1,83.1,887,1
435.9,24.2,81.8,749,0
16.7,29.2,66.5,1272,1
38.8,23.8,68.8,282,0
378.9,29.2,75.3,826,0
0.0,31.0,76.2,1228,1
33.3,25.5,66.6,75,1
0.0,32.4,73.3,1357,1
158.3,25.5,80.1,686,0
20.7,31.0,75.7,1165,1
131.5,25.7,83.9,790,1
0.0,31.5,71.6,1126,1
0.0,31.0,68.1,1416,1
25.3,32.7,77.9,1142,1
356.8,24.5,78.8,865,0
0.0,29.7,85.0,1173,1
59.1,29.9,63.4,1412,1
91.4,27.3,97.5,974,1
373.7,27.9,78.7,781,0
0.0,32.8,63.6,1347,1
96.3,29.6,60.9,1039,0
0.0,33.2,67.9,1297,1
40.0,31.3,75.0,1423,1
73.3,26.5,61.9,292,1
0.0,26.1,73.1,1275,1
372.6,24.8,79.4,705,0
280.1,22.9,84.6,543,0
62.2,23.9,84.5,427,1
16.0,24.3,90.3,343,0
144.2,25.6,93.4,894,1
390.9,24.5,82.2,705,0
0.0,24.3,60.1,319,0
86.7,27.0,88.7,685,1
127.5,27.7,95.2,871,1
406.2,24.0,85.1,672,0
26.7,22.0,76.6,484,1
26.9,36.9,81.4,1123,1
0.0,34.0,68.7,1241,1
0.0,29.4,63.1,112,0
162.5,23.2,87.5,770,1
121.1,23.0,91.0,732,1
0.0,27.5,69.0,460,1
436.2,29.2,71.0,730,0
1.7,27.5,58.4,216,0
0.0,23.6,65.9,359,0
0.0,24.1,88.0,331,0
0.0,30.3,66.3,1244,1
144.0,29.3,88.8,701,1
151.2,24.8,80.1,677,0
100.6,31.6,74.6,988,1
0.0,26.4,83.7,374,1
314.7,25.4,69.3,859,1
0.0,31.0,75.8,1423,1
153.9,29.4,80.0,995,0
287.5,26.7,82.9,544,0
21.3,32.7,75.0,1359,1
0.0,31.8,83.8,1176,1
58.1,25.5,65.3,332,0
225.8,22.6,67.8,497,0
315.2,26.1,70.4,858,0
117.9,27.5,82.2,950,1
0.0,33.0,62.6,1231,1
115.9,26.0,67.3,461,1
312.7,30.3,86.2,921,0
0.0,22.9,74.7,280,0
114.3,31.5,75.5,1077,1
0.0,33.1,70.3,1140,1
428.9,30.4,86.7,833,0
37.6,26.4,55.5,84,0
0.0,33.6,70.8,1339,1
0.0,34.7,72.4,1377,1
0.0,25.8,76.9,154,0
384.5,28.3,70.1,824,0
9.0,22.0,79.1,365,1
370.2,27.9,88.3,845,0
192.6,27.9,92.8,1009,0
0.1,31.4,63.4,36,0
208.5,23.9,78.5,528,1
94.9,31.2,66.1,1316,1
340.9,28.2,81.5,836,0
56.8,27.3,74.9,902,1
0.0,32.0,61.8,1236,1
138.4,27.4,79.5,750,1
0.0,24.5,76.0,334,0
3.4,32.1,60.7,1314,1
0.0,29.5,70.0,44,0
0.0,34.9,69.7,1214,1
0.0,29.8,72.3,196,0
0.0,27.8,71.9,134,0
195.8,29.8,77.8,964,0
0.0,27.0,74.7,81,0
0.0,36.0,84.2,1125,1
0.2,33.4,63.0,1150,0
0.9,33.3,60.8,1347,1
33.6,34.7,65.3,1273,1
59.1,24.0,85.8,458,1
139.3,27.5,94.0,842,1
6.4,28.2,74.8,354,0
7.5,30.4,77.7,1371,1
10.7,31.5,69.6,1181,1
0.0,29.7,77.4,70,0
143.4,25.8,91.2,869,1
9.7,33.5,73.8,1177,1
171.0,26.3,89.9,664,0
0.0,26.9,75.9,171,0
96.9,26.5,78.5,561,1
416.4,24.6,79.6,792,0
0.0,31.1,72.3,1303,1
113.3,30.0,83.1,830,1
0.0,27.7,66.4,170,0
15.9,27.0,77.4,20,0
0.0,32.3,66.0,1198,0
0.0,29.4,72.0,36,0
45.3,30.1,67.5,84,0
0.0,33.7,66.1,1131,1
0.0,30.7,55.1,1400,0
138.0,22.0,63.4,567,1
0.0,28.1,64.4,220,0
0.0,24.9,59.3,183,0
396.8,27.0,85.3,748,0
74.3,25.7,81.5,526,1
0.0,26.7,61.3,394,1
130.0,30.7,65.4,922,1
18.0,30.2,82.0,1026,1
0.0,27.8,63.1,175,0
0.0,32.7,65.6,1191,1
0.0,33.5,70.2,1191,0
120.2,22.2,85.6,585,1
0.0,32.7,73.1,1425,0
4.1,28.2,67.8,1268,1
171.0,24.9,84.0,957,0
16.7,24.7,73.7,142,0
347.3,25.6,90.9,602,0
125.9,25.4,91.2,548,1
177.9,29.4,71.8,952,0
0.0,23.0,55.2,423,1
195.9,24.9,73.7,528,0
182.8,26.7,91.1,864,0
10.5,31.3,69.5,1205,1
41.5,26.3,76.4,167,0
0.0,28.3,57.9,238,0
362.5,24.8,78.8,737,0
211.9,25.9,88.0,704,0
2.5,32.2,71.6,1206,1
224.8,27.2,81.7,514,0
413.0,27.1,83.4,810,0
38.4,34.0,74.1,1117,0
8.8,26.2,88.3,415,1
293.0,26.8,81.2,931,0
24.9,30.8,76.6,1294,1
0.0,31.3,72.1,1167,1
31.5,27.1,78.8,283,0
265.7,25.7,81.2,544,0
136.7,32.1,75.9,1049,1
162.4,22.9,82.8,621,0
0.0,24.5,81.5,376,0
410.6,26.1,72.7,789,0
7.1,32.6,69.1,1146,1
143.5,27.6,82.9,1023,1
190.5,24.5,82.7,641,0
8.6,28.3,61.7,1286,1
165.3,23.0,83.8,666,0
65.0,34.1,83.5,1042,1
0.0,32.4,74.7,70,0
55.2,30.2,57.6,1372,1
9.1,31.0,78.5,7,0
28.3,32.4,60.7,1327,1
112.5,26.9,81.2,576,1
0.0,32.5,61.8,1204,1
18.2,27.9,66.9,6,0
0.0,23.5,68.4,321,1
11.2,25.3,70.5,395,1
132.5,26.3,83.3,961,1
197.5,22.0,78.9,503,0
0.0,26.2,69.7,410,1
165.3,35.3,76.1,961,0
48.2,26.8,71.1,167,0
146.7,28.7,71.8,911,1
0.0,25.8,72.5,286,0
74.6,32.4,63.6,1181,1
71.2,29.1,82.0,1074,1
0.0,29.8,75.9,25,0
0.0,28.6,61.2,217,0
0.0,30.3,59.3,1375,1
327.5,24.6,98.0,644,0
0.0,33.9,78.8,1145,1
212.4,23.9,77.6,502,0
84.7,22.0,77.0,421,1
81.0,22.0,68.2,445,1
0.0,23.7,53.2,253,1
355.7,27.5,84.3,677,0
20.3,29.5,61.1,37,0
137.7,28.7,88.8,896,1
67.1,33.4,77.7,1051,1
9.3,22.7,69.6,350,0
241.2,29.5,78.9,598,0
163.7,26.8,71.2,837,0
0.0,33.1,60.9,1213,1
107.9,22.7,68.8,449,1
0.0,26.1,72.3,132,0
0.0,31.9,72.6,1299,1
1.9,30.6,69.7,1290,1
22.0,31.6,88.8,1116,1
369.8,22.0,86.6,704,0
70.9,22.4,85.2,697,1
317.7,27.0,79.6,861,1
4.0,22.3,72.9,418,1
44.7,33.0,61.0,207,1
11.0,32.4,79.6,1257,1
109.9,24.5,83.8,538,1
8.6,29.7,66.6,1278,1
289.4,27.6,80.4,942,0
392.7,25.0,95.2,778,0
34.3,29.3,73.5,195,0
57.3,28.0,59.1,1384,1
171.1,23.3,68.4,523,0
10.8,32.9,68.2,1248,0
5.7,26.2,79.7,1021,1
396.6,24.7,69.9,849,0
351.5,25.2,69.7,886,0
0.0,24.8,69.2,318,0
104.4,23.6,89.7,619,1
34.6,26.0,79.3,448,1
0.0,27.6,70.8,1224,1
167.8,29.2,77.3,976,0
10.3,33.2,72.8,1430,0
54.2,26.9,85.6,1010,1
13.2,30.6,80.2,1392,1
73.9,32.3,76.5,1064,1
10.6,29.8,77.4,195,0
132.8,25.5,80.6,893,1
12.5,29.8,62.6,112,0
6.0,29.1,68.0,94,0
116.0,22.1,80.4,575,1
0.0,25.5,62.6,178,0
58.0,22.0,82.0,458,1
17.4,39.3,67.9,1142,1
19.1,26.9,91.6,368,1
153.8,25.3,88.1,699,0
0.0,29.8,79.4,1129,1
316.0,29.1,86.7,892,0
366.5,24.5,98.0,825,0
98.9,29.7,93.5,951,1
183.4,28.6,93.2,839,0
0.0,27.7,78.3,148,0
1.2,29.6,77.4,1024,1
0.0,30.8,76.7,1262,1
0.0,27.1,74.9,309,0
188.5,29.9,89.7,990,0
0.0,34.8,67.4,1330,1
135.6,23.3,86.4,796,1
363.5,24.4,76.4,819,0
0.0,32.0,61.4,1180,1
388.9,26.9,93.1,727,0
0.0,27.9,68.0,171,0
418.2,28.8,88.5,779,0
0.0,28.9,67.8,1381,1
19.3,29.1,59.1,63,0
180.2,26.2,70.8,495,0
431.1,29.6,93.7,760,0
104.7,23.7,81.5,477,0
250.5,34.4,92.4,940,0
80.7,31.0,56.9,1400,0
0.0,31.4,66.9,124,0
143.3,25.3,91.3,777,1
0.0,26.7,82.3,214,0
53.3,33.2,81.3,1033,1
0.0,30.7,68.5,74,0
13.8,31.8,66.9,1145,1
0.0,29.8,66.5,1275,1
3.7,37.3,59.5,1222,1
172.4,27.5,78.6,899,0
183.4,30.1,88.2,990,0
139.8,22.0,76.0,581,1
0.0,28.9,65.3,45,0
0.0,26.9,68.4,311,0
0.0,27.7,68.7,160,0
57.2,36.8,70.2,1134,1
0.0,25.1,77.9,378,1
380.5,24.8,88.2,731,0
392.3,29.4,79.8,764,1
200.2,34.9,70.4,1014,1
0.0,32.7,56.9,12,0
118.8,27.2,90.2,828,1
48.1,27.6,53.2,121,0
419.0,23.7,78.0,799,0
14.6,31.5,65.4,1434,1
10.7,30.8,75.0,30,0
289.3,26.8,88.0,908,0
269.1,24.3,78.4,560,0
383.0,28.2,80.3,727,0
52.6,26.4,66.8,218,0
218.8,24.7,91.5,516,0
346.5,22.9,75.1,808,1
0.0,30.6,58.4,198,0
297.5,22.8,81.4,574,0
114.6,23.5,81.0,464,1
21.4,32.0,59.0,1357,1
0.0,27.6,72.7,145,0
12.3,33.4,72.7,1330,1
33.5,23.8,74.6,395,1
237.7,23.0,78.5,574,0
55.2,29.9,67.7,123,0
11.1,23.6,48.3,62,0
349.7,25.4,68.6,884,0
171.5,24.5,83.3,526,0
327.3,29.7,71.8,851,0
68.7,31.7,74.0,991,0
0.0,22.0,76.7,406,1
0.0,30.9,79.5,1165,1
14.6,32.5,80.7,1062,1
366.9,25.9,82.9,882,0
0.0,30.4,77.4,1032,1
2.6,31.7,62.0,1423,1
0.0,31.6,66.4,1357,1
154.6,26.1,83.7,688,0
72.9,31.1,73.4,1374,1
51.2,33.1,69.8,1251,1
88.7,25.3,74.6,470,1
0.0,30.7,72.2,78,1
0.0,30.6,66.6,118,0
5.1,28.0,73.1,274,0
25.4,29.0,53.4,47,0
0.0,31.0,60.1,1300,1
48.7,27.4,68.6,238,0
28.1,29.1,79.5,326,0
28.1,31.9,71.9,1365,1
411.5,29.4,79.3,779,0
0.0,34.4,77.8,1110,1
376.8,27.5,92.6,602,0
150.4,28.8,81.7,754,1
52.9,22.2,73.2,443,1
2.4,22.4,80.5,411,1
125.2,24.3,95.5,726,1
0.0,32.2,66.3,50,0
30.7,24.6,62.0,355,0
0.0,23.3,79.1,394,1
281.7,28.2,86.1,920,0
173.6,29.0,87.3,840,0
0.0,30.5,67.8,1183,1
41.2,28.0,82.9,112,0
4.6,30.9,79.3,1325,1
280.8,30.9,81.0,938,0
198.9,26.7,71.5,993,0
23.1,30.8,60.8,1397,0
169.3,27.3,89.1,864,0
0.0,29.2,70.2,134,0
0.0,26.7,72.8,226,0
404.6,23.3,87.5,691,0
0.0,30.3,77.1,281,0
197.0,33.1,74.4,1008,1
17.9,25.7,66.1,349,0
268.0,25.3,83.9,557,0
0.0,30.4,59.5,1290,1
99.0,31.2,65.2,1048,1
95.6,29.4,83.6,554,1
0.0,27.7,67.1,357,0
0.0,28.7,66.2,1402,1
47.1,26.0,74.4,337,0
0.0,32.0,66.2,1180,1
163.6,29.0,83.9,850,0
0.0,30.5,63.4,194,0
292.6,27.2,70.1,922,0
22.7,31.5,71.7,1262,1
47.0,28.6,75.1,1398,1
115.3,24.6,79.5,420,1
0.0,24.8,86.1,383,1
2.0,35.6,80.0,1128,0
137.6,28.3,74.8,970,1
6.4,33.8,70.4,1229,1
360.8,22.0,98.0,769,0
127.1,31.9,78.4,850,1
0.0,29.1,66.0,119,0
304.7,24.4,90.1,578,0
363.3,25.6,91.8,720,0
26.2,31.8,72.6,1031,1
6.4,30.3,82.0,1323,1
338.0,24.8,84.0,624,1
402.7,28.7,83.9,727,0
4.4,30.7,69.7,1094,1
12.9,30.2,76.1,1422,1
0.0,30.3,55.8,1409,0
27.5,33.8,65.3,1299,1
0.0,25.7,79.7,271,0
7.4,27.1,71.4,163,0
0.0,31.8,88.5,1114,1
10.3,33.6,75.7,1340,1
405.7,23.4,77.5,750,0
9.0,27.5,74.0,275,0
363.0,25.9,75.2,686,0
420.2,27.8,89.7,823,0
22.4,25.2,64.0,307,0
0.0,31.9,68.1,1318,1
75.6,25.4,70.1,502,0
57.9,26.9,76.2,982,1
84.8,22.5,73.8,461,1
443.7,22.6,84.0,777,0
0.0,29.6,77.1,294,0
83.4,34.4,62.3,1292,1
0.0,27.5,59.0,1272,1
91.1,30.7,81.1,998,1
15.1,27.6,72.5,171,0
10.9,26.4,70.8,359,0
338.6,27.6,89.5,814,0
305.3,27.7,82.8,855,0
160.4,26.8,83.2,791,0
107.8,26.6,89.6,630,1
174.8,23.3,93.0,604,0
73.3,23.2,84.8,529,0
13.1,26.5,73.4,339,0
137.4,29.7,73.1,883,1
152.5,25.8,84.7,719,1
51.8,24.2,64.7,324,0
34.5,26.7,67.7,20,0
287.5,25.8,78.5,902,0
27.1,31.5,84.9,1187,1
381.6,28.3,93.4,849,0
0.0,28.3,70.2,82,0
153.4,27.9,68.7,976,0
23.9,25.6,59.7,161,0
39.1,28.3,75.1,154,1
0.0,28.7,68.8,264,0
181.8,28.5,84.2,961,0
0.0,31.4,56.2,1346,1
50.5,28.6,67.5,1005,1
0.0,33.1,70.1,1148,1
0.0,24.9,77.3,358,0
0.0,32.0,53.4,48,1
21.0,24.8,80.6,363,1
76.5,28.2,87.8,899,1
0.0,22.8,83.8,385,1
42.0,29.8,69.9,1111,1
0.0,32.8,83.4,1168,1
0.0,32.3,61.2,1281,1
143.7,28.6,68.2,646,1
1.0,29.3,66.9,1332,1
390.8,28.9,91.3,802,0
401.7,26.3,79.7,750,0
38.2,29.9,74.4,1190,0
178.9,22.0,88.4,520,0
77.2,22.7,91.3,515,1
269.9,28.0,88.4,952,0
406.7,24.1,82.8,699,0
306.2,25.9,80.5,570,0
11.6,24.3,69.5,359,1
168.1,31.4,78.0,1034,0
21.1,26.2,71.5,73,0
38.3,32.6,65.0,1174,0
173.4,22.0,75.3,503,0
0.0,32.8,80.7,1109,1
68.0,27.1,71.2,329,0
0.0,26.0,66.8,86,0
161.6,31.8,88.8,888,0
238.6,29.1,78.8,999,0
318.1,29.8,75.4,913,0
0.0,33.5,83.0,1244,1
30.9,22.8,80.7,466,1
301.5,22.7,89.7,550,0
135.4,23.3,80.3,598,1
41.1,31.7,80.1,1066,1
92.3,25.3,91.8,583,0
71.8,26.8,82.6,505,1
0.0,33.3,65.7,1435,1
0.0,33.9,66.8,1133,1
0.0,31.7,48.9,20,0
57.9,28.6,82.6,188,0
0.0,30.0,65.5,1433,1
0.0,26.9,85.9,166,0
272.1,22.0,86.8,540,0
206.4,28.0,79.8,703,0
0.0,30.9,76.3,1025,1
5.5,32.1,79.0,1320,1
26.8,26.2,83.8,1161,1
0.0,23.9,79.9,350,0
8.6,33.9,57.9,1253,1
0.0,29.7,53.1,72,0
246.1,22.8,92.4,577,0
28.0,28.8,70.2,108,0
134.7,28.0,92.5,524,1
271.2,23.7,81.5,580,1
23.0,29.3,57.8,99,0
55.9,24.1,80.2,450,1
7.6,31.2,69.0,1394,1
179.3,32.4,73.9,1009,0
169.6,35.0,70.0,961,0
0.0,29.9,73.3,232,0
36.0,31.3,70.7,1050,1
373.8,27.6,98.0,685,0
165.5,27.0,93.1,961,0
193.8,24.0,86.2,490,0
0.0,30.1,88.5,1112,1
171.3,25.8,89.3,797,0
142.8,28.9,82.9,800,1
225.3,32.7,92.9,1018,0
8.5,26.4,69.7,90,0
26.5,23.8,74.4,445,1
0.0,24.7,61.9,269,0
0.0,25.9,69.6,398,1
8.3,34.1,77.1,1280,1
124.0,33.6,81.5,948,1
99.6,31.4,96.3,915,1
192.8,32.3,85.2,966,0
9.5,29.9,74.4,1281,1
0.0,23.2,69.9,366,1
19.8,32.0,68.8,1141,1
74.9,29.3,66.6,456,0
94.9,24.3,71.5,433,1
0.0,34.3,61.8,1327,1
368.9,23.7,82.1,628,0
169.3,28.0,98.0,883,0
100.2,30.8,73.2,1026,1
0.0,24.2,83.0,337,0
0.0,33.2,59.1,1304,1
154.1,22.6,80.3,681,0
376.4,24.3,85.4,883,0
97.1,30.9,74.3,1336,1
3.4,26.3,72.5,315,0
58.5,29.3,76.1,1052,1
0.0,35.5,71.5,1418,1
0.0,31.9,74.0,1174,1
169.4,24.2,68.4,517,0
143.7,22.1,90.1,479,1
407.5,28.2,87.5,811,0
0.0,33.5,76.6,1132,1
6.4,31.9,76.6,1082,0
64.3,24.8,66.3,473,1
41.8,29.5,53.5,62,0
15.2,25.2,82.5,187,0
9.9,28.1,69.8,345,0
39.8,27.4,65.8,150,0
0.0,31.5,63.9,174,0
0.0,29.1,76.9,1088,1
384.1,26.3,78.6,604,0
269.4,24.5,79.0,567,0
194.7,25.4,83.3,674,0
212.1,25.8,88.3,828,0
97.0,32.2,82.6,1046,1
0.0,31.9,65.2,1421,1
104.0,27.6,65.5,510,1
123.3,29.3,91.5,898,0
0.0,30.0,70.5,1419,1
11.7,27.1,55.4,137,0
0.0,32.1,65.6,1357,1
368.9,27.5,81.2,648,0
322.5,24.9,91.1,593,1
35.4,32.9,82.8,1023,1
12.3,27.6,58.5,200,0
146.3,22.2,98.0,766,1
21.2,26.1,72.4,341,0
46.2,31.6,75.9,1222,1
172.3,28.5,83.8,764,0
0.0,35.2,65.7,1161,1
45.3,29.6,66.0,240,0
0.0,31.5,57.8,1164,1
143.1,26.0,69.2,833,1
380.1,25.4,82.9,773,0
339.3,26.7,79.3,820,0
15.6,24.5,75.3,447,0
284.5,27.2,74.7,957,0
166.9,26.0,98.0,756,0
0.0,26.8,68.1,1390,1
331.1,32.3,84.1,861,0
0.0,31.0,85.6,1133,1
72.3,29.1,82.4,54,0
49.3,33.0,57.6,1284,1
0.0,30.7,68.2,112,0
107.7,26.8,74.4,1040,1
0.0,30.1,79.7,1115,1
134.3,27.0,79.0,477,1
19.5,29.7,59.6,139,0
0.0,29.1,74.3,1335,1
125.3,29.3,84.1,807,1
77.9,25.5,82.8,535,1
82.9,22.5,84.4,448,1
188.6,30.0,86.8,1009,1
45.5,28.1,62.1,1345,1
9.6,33.1,64.0,1359,1
0.0,33.9,62.7,1381,1
270.3,28.4,73.1,948,0
132.1,24.1,81.1,549,1
33.4,32.8,73.7,1212,1
310.8,23.7,74.2,554,0
9.9,26.7,66.1,1388,1
16.3,27.3,80.0,326,0
72.2,34.3,76.7,1267,1
272.2,31.4,66.2,965,0
284.3,31.8,61.3,935,0
293.4,27.7,82.6,889,0
8.6,32.7,64.5,1283,0
389.8,25.6,74.7,782,0
0.0,25.2,65.7,205,0
4.4,24.4,62.7,215,0
0.0,29.7,58.6,80,0
357.7,24.7,77.3,612,0
24.0,29.2,68.1,231,0
19.5,28.5,52.1,1210,1
33.7,32.5,68.7,1207,1
296.9,32.5,98.0,956,0
26.7,32.2,76.6,1245,1
41.1,28.8,64.5,225,1
0.0,34.7,73.6,47,0
0.0,33.6,76.8,1393,0
0.0,28.6,77.3,1112,1
0.0,28.4,55.9,61,1
191.1,24.7,73.5,539,0
27.7,31.3,59.2,1371,1
421.8,28.6,72.2,720,0
0.0,30.8,85.8,1030,1
334.3,28.9,98.0,905,0
138.5,31.2,82.4,931,1
120.0,22.0,76.5,554,1
158.6,25.0,85.5,491,0
310.9,23.3,93.0,636,0
48.2,28.5,62.4,208,0
313.0,23.4,84.2,594,0
35.9,29.0,52.6,163,0
1.8,24.1,73.4,321,0
46.8,24.0,58.3,165,0
158.9,24.7,82.4,493,0
0.0,25.4,62.0,138,0
133.8,33.8,77.7,1024,1
13.9,25.3,94.8,454,1
3.9,33.3,68.7,1284,1
50.3,23.6,81.4,469,1
261.1,28.0,82.3,877,0
129.4,22.0,70.9,728,1
0.0,25.3,69.9,417,1
0.0,29.2,70.7,1086,1
60.0,24.8,82.2,472,1
143.5,22.0,85.1,557,1
98.3,31.2,82.5,961,0
0.0,30.4,72.2,51,1
415.7,23.4,75.8,729,0
123.2,28.7,98.0,763,1
56.4,30.4,51.9,1381,0
284.3,27.3,71.5,959,1
174.3,26.1,83.0,524,0
284.4,23.0,73.4,547,0
13.9,24.8,72.8,357,0
28.9,29.1,64.2,294,0
0.0,29.8,69.4,66,0
325.5,25.8,83.4,634,0
214.4,23.8,75.4,502,0
24.6,23.8,72.2,307,0
201.6,23.5,93.8,440,0
