Temperature,Humidity,Minute_Of_Day,LED_Energy_Wh,LED_On
19.89,47.59666666666671,1020,30,1
19.89,46.69333333333329,1030,30,1
19.89,46.3,1040,30,1
19.89,46.0666666666667,1050,40,1
19.89,46.33333333333329,1060,40,1
19.89,46.0266666666667,1070,40,1
19.89,45.7666666666667,1080,50,1
19.8566666666667,45.56,1090,50,1
19.79,45.5975,1100,40,1
19.8566666666667,46.09,1110,40,1
19.9266666666667,45.863333333333294,1120,70,1
20.066666666666695,46.3966666666667,1130,60,1
20.1333333333333,48.0,1140,50,1
20.26,52.7266666666667,1150,40,1
20.4266666666667,55.893333333333295,1160,10,1
20.566666666666695,53.893333333333295,1170,10,1
20.73,52.66,1180,10,1
20.8566666666667,53.66,1190,30,1
20.89,51.19333333333329,1200,30,1
20.89,49.8,1210,40,1
20.89,48.433333333333294,1220,20,1
20.963333333333296,47.6333333333333,1230,40,1
21.033333333333296,47.0633333333333,1240,40,1
21.1,46.59666666666671,1250,40,1
21.1333333333333,46.06,1260,30,1
21.2,45.8,1270,20,1
21.29,45.9,1280,30,1
21.3566666666667,45.8266666666667,1290,20,1
21.39,45.69,1300,20,1
21.5,45.33333333333329,1310,20,1
21.5,45.1266666666667,1320,20,1
21.533333333333296,44.9666666666667,1330,20,1
21.6,44.7666666666667,1340,20,1
21.6,44.56,1350,30,1
21.6,44.36,1360,20,1
21.6,44.2,1370,20,1
21.6,44.2,1380,20,1
21.6,44.2,1390,20,1
21.6,44.2,1400,10,1
21.5,44.23,1410,20,1
21.5,44.363333333333294,1420,20,1
21.39,44.433333333333294,1430,20,1
21.39,44.56,0,10,1
21.29,44.8266666666667,10,20,1
21.29,44.9666666666667,20,20,1
21.26,45.09,30,20,1
21.2,45.09,40,10,1
21.1666666666667,45.23,50,20,1
21.075,45.3725,60,20,1
21.0,45.4,70,20,1
21.0,45.59,80,10,1
20.9266666666667,45.59,90,0,0
20.89,45.66666666666671,100,0,0
20.89,46.06,110,0,0
20.79,46.2,120,0,0
20.79,46.2,130,0,0
20.7,46.26,140,0,0
20.7,46.2,150,0,0
20.6,46.2,160,0,0
20.6,46.1266666666667,170,0,0
20.566666666666695,46.0666666666667,180,0,0
20.5,46.2,190,0,0
20.5,46.29,200,0,0
20.4266666666667,46.23,210,0,0
20.39,46.29,220,0,0
20.39,46.363333333333294,230,0,0
20.29,46.5,240,0,0
20.29,46.545,250,0,0
20.23,46.5,260,0,0
20.2,46.433333333333294,270,0,0
20.2,46.56,280,0,0
20.1666666666667,46.363333333333294,290,0,0
20.1,46.363333333333294,300,0,0
20.1,46.5,310,0,0
20.033333333333296,46.36,320,0,0
20.0,46.29,330,0,0
20.0,46.29,340,0,0
20.0,46.23,350,0,0
19.9266666666667,46.23,360,0,0
19.89,46.23,370,10,1
19.89,46.43,380,0,0
19.89,46.6266666666667,390,0,0
19.89,46.7,400,10,1
19.89,46.863333333333294,410,0,0
19.823333333333295,46.863333333333294,420,10,1
19.8566666666667,46.93,430,10,1
19.79,46.79,440,20,1
19.79,46.895,450,20,1
19.79,47.4266666666667,460,20,1
19.79,48.3666666666667,470,30,1
19.79,48.66666666666671,480,20,1
19.79,48.533333333333296,490,30,1
19.89,50.0,500,10,1
19.89,48.7333333333333,510,0,0
19.89,48.0266666666667,520,0,0
19.89,47.6333333333333,530,0,0
19.8566666666667,47.0633333333333,540,0,0
19.79,46.6566666666667,550,0,0
19.79,46.33333333333329,560,0,0
19.79,46.0666666666667,570,0,0
19.76,45.863333333333294,580,0,0
19.7,45.79,590,0,0
19.7,45.6633333333333,600,0,0
19.7,45.59,610,0,0
19.73,47.793333333333294,620,0,0
19.79,48.793333333333294,630,10,1
19.89,47.94,640,0,0
19.89,47.16,650,0,0
19.89,46.7666666666667,660,0,0
20.0,46.2966666666667,670,0,0
20.0,45.963333333333296,680,0,0
20.0,46.223333333333294,690,0,0
20.0,45.963333333333296,700,0,0
20.0,45.723333333333294,710,0,0
20.0,45.6633333333333,720,0,0
20.033333333333296,45.5,730,0,0
20.1,45.69333333333329,740,0,0
20.1,45.4,750,0,0
20.1,45.3266666666667,760,0,0
20.1,45.3266666666667,770,0,0
20.1666666666667,46.9933333333333,780,0,0
20.1,46.43,790,0,0
20.1,46.03,800,0,0
20.066666666666695,45.363333333333294,810,0,0
20.0,44.963333333333296,820,0,0
20.0,44.76,830,0,0
20.0,44.595,840,0,0
20.0,44.433333333333294,850,0,0
20.0,44.26,860,0,0
20.0,44.2,870,0,0
20.0,44.06,880,0,0
20.0,44.06,890,0,0
20.0,44.09,900,0,0
20.0,44.03,910,0,0
19.963333333333296,43.9,920,0,0
19.963333333333296,43.9,930,0,0
20.0,43.863333333333294,940,0,0
20.066666666666695,43.863333333333294,950,0,0
20.1,43.79,960,0,0
20.1,43.73,970,0,0
20.1,43.56,980,0,0
20.1,43.433333333333294,990,0,0
20.1,43.1633333333333,1000,0,0
20.1,43.03,1010,0,0
20.066666666666695,42.83333333333329,1020,0,0
20.0,42.6725,1030,10,1
20.0,42.53,1040,20,1
20.033333333333296,43.4966666666667,1050,20,1
20.033333333333296,42.963333333333296,1060,40,1
20.0,43.16,1070,30,1
20.0,43.9,1080,40,1
20.0,43.7,1090,30,1
20.0,43.76,1100,20,1
20.033333333333296,44.0,1110,10,1
20.1,44.26,1120,0,0
20.1,44.2,1130,0,0
20.1,44.1266666666667,1140,0,0
20.1,44.06,1150,0,0
20.1,44.0,1160,0,0
20.1,43.9,1170,0,0
20.1,43.8266666666667,1180,0,0
20.033333333333296,43.73,1190,0,0
20.1,43.73,1200,0,0
20.066666666666695,43.49,1210,0,0
20.0,43.29,1220,0,0
20.0,43.145,1230,0,0
20.0,43.06,1240,0,0
19.9266666666667,43.0,1250,0,0
19.89,42.863333333333294,1260,0,0
19.89,42.79,1270,0,0
19.89,42.7,1280,0,0
19.823333333333295,42.6266666666667,1290,0,0
19.79,42.59,1300,20,1
19.79,42.723333333333294,1310,10,1
19.76,42.76,1320,0,0
19.7,42.7,1330,10,1
19.7,42.7,1340,0,0
19.6333333333333,42.6266666666667,1350,0,0
19.6666666666667,43.0,1360,0,0
19.6,43.0,1370,0,0
19.6,43.0,1380,0,0
19.533333333333296,43.0,1390,0,0
19.5,43.09,1400,0,0
19.5,43.09,1410,0,0
19.5,43.145,1420,0,0
19.5,43.2,1430,0,0
19.4266666666667,43.2,0,0,0
19.39,43.2,10,0,0
19.39,43.26,20,0,0
19.39,43.29,30,0,0
19.39,43.363333333333294,40,0,0
19.39,43.4,50,0,0
19.323333333333295,43.4666666666667,60,0,0
19.29,43.5,70,0,0
19.29,43.56,80,0,0
19.29,43.59,90,0,0
19.29,43.59,100,0,0
19.29,43.7,110,0,0
19.29,43.76,120,0,0
19.2,43.7,130,0,0
19.2,43.76,140,0,0
19.2,43.79,150,0,0
19.2,43.863333333333294,160,0,0
19.2,43.9,170,0,0
19.1,43.933333333333294,180,0,0
19.1,44.0,190,0,0
19.1,44.0,200,0,0
19.1,44.0,210,0,0
19.1,44.09,220,0,0
19.1,44.09,230,0,0
19.033333333333296,44.03,240,0,0
19.033333333333296,44.09,250,0,0
19.0,44.09,260,0,0
19.0,44.09,270,0,0
19.0,44.09,280,0,0
19.0,44.1633333333333,290,0,0
18.963333333333296,44.2,300,0,0
18.89,44.2,310,0,0
18.89,44.2,320,0,0
18.89,44.2,330,0,0
18.89,44.23,340,0,0
18.89,44.29,350,0,0
18.89,44.29,360,0,0
18.865,44.365,370,0,0
18.79,44.723333333333294,380,10,1
18.89,45.03,390,10,1
18.89,45.09,400,10,1
18.89,45.0,410,0,0
18.89,45.0,420,10,1
18.79,44.6333333333333,430,10,1
18.79,44.5,440,0,0
18.79,44.59,450,0,0
18.79,44.53,460,0,0
18.79,44.363333333333294,470,0,0
18.79,44.23,480,0,0
18.79,44.06,490,0,0
18.79,43.933333333333294,500,20,1
18.79,43.9,510,30,1
18.79,43.9,520,20,1
18.79,44.0,530,30,1
18.8566666666667,44.06,540,20,1
18.89,44.23,550,30,1
18.9975,44.3975,560,30,1
19.1,44.5,570,30,1
19.1333333333333,44.5,580,20,1
19.2,44.36,590,30,1
19.2,44.06,600,20,1
19.2,44.06,610,20,1
19.2,44.09,620,20,1
19.2,44.1633333333333,630,20,1
19.23,44.39,640,0,0
19.29,44.7966666666667,650,10,1
19.29,45.1633333333333,660,10,1
19.23,45.03,670,10,1
19.29,45.7333333333333,680,10,1
19.29,45.1266666666667,690,10,1
19.2,44.83333333333329,700,10,1
19.2,44.7,710,0,0
19.2,44.9,720,0,0
19.2,44.69333333333329,730,0,0
19.2,43.6,740,0,0
19.2,43.12,750,0,0
19.1333333333333,42.7666666666667,760,0,0
19.1666666666667,42.4666666666667,770,0,0
19.1,42.2666666666667,780,0,0
19.1,42.09,790,0,0
19.1,41.963333333333296,800,0,0
19.066666666666695,41.76,810,0,0
19.0,41.6266666666667,820,0,0
19.0,41.56,830,0,0
19.0,41.433333333333294,840,0,0
19.0,41.29,850,0,0
19.0,41.29,860,0,0
19.0,41.2,870,0,0
19.0,41.1266666666667,880,0,0
19.033333333333296,41.1266666666667,890,0,0
19.1,41.1266666666667,900,0,0
19.1333333333333,41.0,910,0,0
19.2,40.933333333333294,920,0,0
19.2,40.76,930,0,0
19.2675,40.745,940,0,0
19.29,40.5666666666667,950,0,0
19.39,40.53,960,0,0
19.39,40.59,970,0,0
19.39,40.6266666666667,980,0,0
19.39,40.7,990,0,0
19.323333333333295,40.73,1000,0,0
19.39,40.863333333333294,1010,0,0
19.3566666666667,40.79,1020,0,0
19.29,40.73,1030,10,1
19.29,40.6633333333333,1040,0,0
19.29,40.6633333333333,1050,0,0
19.29,40.79,1060,10,1
19.29,40.73,1070,0,0
19.29,40.79,1080,10,1
19.29,40.73,1090,0,0
19.26,40.7,1100,10,1
19.26,40.76,1110,10,1
19.29,40.9,1120,10,1
19.29,40.8266666666667,1130,10,1
19.29,41.15,1140,0,0
19.323333333333295,42.1566666666667,1150,10,1
19.39,42.09666666666671,1160,20,1
19.39,41.73,1170,20,1
19.39,41.6566666666667,1180,20,1
19.39,41.59,1190,30,1
19.463333333333296,41.59,1200,20,1
19.5,41.6,1210,20,1
19.5,41.3266666666667,1220,20,1
19.533333333333296,41.29,1230,20,1
19.6,41.43,1240,20,1
19.6,41.5,1250,20,1
19.6,41.56,1260,20,1
19.6,41.59,1270,10,1
19.6,41.53,1280,0,0
19.6,41.5,1290,0,0
19.6,41.69333333333329,1300,0,0
19.6,42.0,1310,0,0
19.6,42.0,1320,0,0
19.6,42.145,1330,0,0
19.6,42.2,1340,10,1
19.6,42.0666666666667,1350,0,0
19.5,42.0,1360,0,0
19.5,42.1333333333333,1370,0,0
19.5,42.2,1380,0,0
19.4266666666667,42.1266666666667,1390,0,0
19.39,42.09,1400,0,0
19.39,42.09,1410,0,0
19.3566666666667,42.09,1420,0,0
19.29,42.09,1430,0,0
19.29,42.09,0,0,0
19.29,42.09,10,0,0
19.2,42.06,20,0,0
19.2,42.06,30,0,0
19.2,42.09,40,0,0
19.1333333333333,42.09,50,0,0
19.1,42.09,60,0,0
19.1,42.09,70,0,0
19.1,42.09,80,0,0
19.0,42.0,90,0,0
19.0,42.06,100,0,0
19.0,42.09,110,0,0
19.0,42.09,120,0,0
18.963333333333296,42.09,130,0,0
18.89,42.1633333333333,140,0,0
18.89,42.2,150,0,0
18.89,42.2,160,0,0
18.79,42.1266666666667,170,0,0
18.79,42.2,180,0,0
18.79,42.2,190,0,0
18.79,42.2,200,0,0
18.76,42.23,210,0,0
18.7,42.29,220,0,0
18.7,42.29,230,0,0
18.7,42.29,240,0,0
18.7,42.29,250,0,0
18.7,42.29,260,0,0
18.6666666666667,42.29,270,0,0
18.6,42.29,280,0,0
18.6,42.29,290,0,0
18.6,42.3266666666667,300,0,0
18.6,42.4,310,0,0
18.6,42.4,320,0,0
18.533333333333296,42.4,330,0,0
18.5,42.433333333333294,340,0,0
18.5,42.5,350,0,0
18.5,42.5,360,0,0
18.5,42.5,370,0,0
18.463333333333296,42.56,380,0,0
18.39,42.5,390,0,0
18.39,42.53,400,0,0
18.39,42.59,410,10,1
18.39,42.59,420,10,1
18.39,42.863333333333294,430,20,1
18.39,43.36,440,10,1
18.39,43.9666666666667,450,10,1
18.39,44.09,460,0,0
18.39,44.0225,470,0,0
18.39,43.933333333333294,480,0,0
18.39,43.76,490,10,1
18.39,43.7,500,0,0
18.39,43.59,510,10,1
18.39,43.53,520,0,0
18.39,43.363333333333294,530,10,1
18.39,43.29,540,0,0
18.4266666666667,43.3266666666667,550,20,1
18.5,43.4,560,10,1
18.533333333333296,43.4,570,20,1
18.533333333333296,43.2666666666667,580,20,1
18.6,43.29,590,30,1
18.6666666666667,43.49,600,20,1
18.7,43.6333333333333,610,20,1
18.7,43.433333333333294,620,10,1
18.79,43.7666666666667,630,10,1
18.79,43.69333333333329,640,10,1
18.823333333333295,43.26,650,10,1
18.9175,43.05,660,10,1
19.0,42.933333333333294,670,20,1
19.1,42.863333333333294,680,10,1
19.1666666666667,43.53,690,10,1
19.36,44.5666666666667,700,10,1
19.566666666666695,44.5,710,10,1
19.73,45.1233333333333,720,10,1
19.996666666666705,45.73,730,0,0
20.1,45.05666666666671,740,0,0
20.1666666666667,44.463333333333296,750,0,0
20.36,45.19333333333329,760,0,0
20.566666666666695,44.7266666666667,770,0,0
20.823333333333295,44.33333333333329,780,0,0
20.963333333333296,43.8666666666667,790,0,0
21.1,43.5266666666667,800,0,0
21.1666666666667,43.0666666666667,810,0,0
21.2,42.1,820,0,0
21.2,41.69333333333329,830,0,0
21.23,41.59666666666671,840,0,0
21.29,41.565,850,0,0
21.3566666666667,41.29,860,0,0
21.3566666666667,40.83333333333329,870,0,0
21.3566666666667,40.6266666666667,880,0,0
21.5,40.56,890,0,0
21.5,40.433333333333294,900,0,0
21.6,40.26,910,0,0
21.6,40.1266666666667,920,0,0
21.6,40.06,930,0,0
21.6,40.0,940,0,0
21.533333333333296,40.0,950,0,0
21.533333333333296,39.933333333333294,960,0,0
21.5,39.79,970,0,0
21.5,39.73,980,0,0
21.39,39.59,990,0,0
21.39,39.7966666666667,1000,0,0
21.39,40.5666666666667,1010,0,0
21.463333333333296,41.69333333333329,1020,0,0
21.6333333333333,45.1966666666667,1030,10,1
21.76,47.13,1040,10,1
21.945,45.3,1050,0,0
22.0,43.9966666666667,1060,10,1
22.066666666666695,43.1966666666667,1070,0,0
22.1,42.363333333333294,1080,10,1
22.1,41.89,1090,10,1
22.1333333333333,41.43,1100,0,0
22.2,41.1566666666667,1110,10,1
22.1,40.83333333333329,1120,10,1
22.1666666666667,40.5,1130,10,1
22.2,40.69333333333329,1140,10,1
22.26,41.83333333333329,1150,10,1
22.323333333333295,42.5633333333333,1160,10,1
22.463333333333296,47.76333333333329,1170,10,1
22.73,46.86,1180,10,1
22.79,45.5266666666667,1190,10,1
22.79,44.83333333333329,1200,20,1
22.73,44.1,1210,10,1
22.7,43.2966666666667,1220,30,1
22.7,42.89,1230,20,1
22.7,43.0666666666667,1240,20,1
22.7,43.07,1250,20,1
22.7,42.6333333333333,1260,20,1
22.73,41.93,1270,30,1
22.79,41.79,1280,20,1
22.79,41.79,1290,20,1
22.79,41.73,1300,10,1
22.79,41.56,1310,0,0
22.79,41.5,1320,10,1
22.9266666666667,41.033333333333296,1330,0,0
23.066666666666695,40.4266666666667,1340,0,0
23.2,40.1633333333333,1350,0,0
23.26,40.09,1360,0,0
23.39,40.06,1370,0,0
23.39,40.0,1380,0,0
23.5,40.0,1390,0,0
23.566666666666695,39.933333333333294,1400,0,0
23.6,39.79,1410,0,0
23.6,39.73,1420,0,0
23.6,39.6633333333333,1430,0,0
23.6666666666667,39.6633333333333,0,0,0
23.7,39.59,10,0,0
23.7,39.56,20,0,0
23.7,39.433333333333294,30,0,0
23.79,39.26,40,0,0
23.79,39.2,50,0,0
23.79,39.1633333333333,60,0,0
23.73,39.09,70,0,0
23.7,39.09,80,0,0
23.7,39.03,90,0,0
23.7,39.09,100,0,0
23.6333333333333,39.03,110,0,0
23.6,39.03,120,0,0
23.6,39.09,130,0,0
23.5,39.09,140,0,0
23.4266666666667,39.09,150,0,0
23.39,39.23,160,0,0
23.323333333333295,39.363333333333294,170,0,0
23.29,39.5,180,0,0
23.23,39.433333333333294,190,0,0
23.2,39.5,200,0,0
23.1333333333333,39.433333333333294,210,0,0
23.1,39.45,220,0,0
23.0,39.4,230,0,0
22.9266666666667,39.4,240,0,0
22.89,39.433333333333294,250,0,0
22.823333333333295,39.5,260,0,0
22.79,39.53,270,0,0
22.73,39.59,280,0,0
22.6666666666667,39.56,290,0,0
22.6,39.5,300,0,0
22.566666666666695,39.5,310,0,0
22.5,39.5,320,0,0
22.39,39.4,330,0,0
22.39,39.4,340,0,0
22.3566666666667,39.863333333333294,350,0,0
22.29,39.79,360,0,0
22.2,39.7,370,0,0
22.2,39.7,380,0,0
22.1666666666667,39.7,390,0,0
22.1,39.7,400,0,0
22.066666666666695,39.6633333333333,410,0,0
22.0,39.6175,420,10,1
21.9266666666667,39.9,430,10,1
21.89,40.223333333333294,440,10,1
21.89,40.2966666666667,450,10,1
21.8566666666667,40.363333333333294,460,0,0
21.79,40.09666666666671,470,10,1
21.6333333333333,36.66666666666671,480,10,1
21.36,34.4,490,10,1
21.066666666666695,33.4333333333333,500,10,1
21.0,33.56,510,20,1
20.89,33.86,520,10,1
20.89,34.1933333333333,530,10,1
20.79,34.6666666666667,540,10,1
20.79,35.1933333333333,550,10,1
20.76,35.9266666666667,560,10,1
20.76,36.4,570,10,1
20.79,36.69333333333329,580,0,0
20.79,37.0266666666667,590,10,1
20.89,37.36,600,10,1
20.89,37.6333333333333,610,10,1
20.89,37.8,620,10,1
20.89,38.0666666666667,630,20,1
20.89,38.2,640,0,0
20.9266666666667,38.29,650,10,1
21.0,38.363333333333294,660,10,1
21.0,38.433333333333294,670,10,1
21.0,38.56,680,0,0
20.963333333333296,38.59,690,10,1
20.89,38.59,700,10,1
20.89,38.5266666666667,710,10,1
20.89,38.4,720,10,1
20.89,38.5,730,0,0
20.89,38.893333333333295,740,10,1
21.0,39.79,750,0,0
21.0,39.99,760,0,0
21.1,39.5266666666667,770,0,0
21.1,39.3266666666667,780,10,1
21.2,39.1633333333333,790,0,0
21.2,39.03,800,0,0
21.29,38.995,810,0,0
21.323333333333295,38.76,820,0,0
21.39,38.7,830,0,0
21.4266666666667,38.79,840,10,1
21.5,38.79,850,0,0
21.5,38.8266666666667,860,0,0
21.5,39.0266666666667,870,0,0
21.6,39.06,880,0,0
21.6666666666667,38.933333333333294,890,0,0
21.73,38.69333333333329,900,0,0
21.79,38.36,910,0,0
21.823333333333295,38.29,920,0,0
21.963333333333296,38.29,930,10,1
22.033333333333296,38.1266666666667,940,0,0
22.1666666666667,38.2,950,0,0
22.2,38.09,960,0,0
22.26,38.09,970,0,0
22.323333333333295,38.06,980,0,0
22.323333333333295,38.0,990,0,0
22.323333333333295,37.9666666666667,1000,0,0
22.39,37.8725,1010,0,0
22.39,37.863333333333294,1020,0,0
22.39,37.79,1030,10,1
22.39,37.79,1040,0,0
22.39,37.79,1050,10,1
22.39,37.79,1060,0,0
22.39,37.79,1070,10,1
22.39,37.79,1080,0,0
22.39,37.86,1090,10,1
22.39,38.66666666666671,1100,10,1
22.463333333333296,39.9566666666667,1110,10,1
22.39,42.03,1120,10,1
22.4266666666667,43.39,1130,10,1
22.5,45.6633333333333,1140,20,1
22.5,47.19333333333329,1150,10,1
22.566666666666695,46.86,1160,20,1
22.6,44.893333333333295,1170,20,1
22.6,43.893333333333295,1180,30,1
22.6,42.4966666666667,1190,20,1
22.6,41.7566666666667,1200,20,1
22.6,41.05,1210,20,1
22.7,40.863333333333294,1220,30,1
22.76,40.73,1230,10,1
22.89,40.59,1240,20,1
22.963333333333296,40.463333333333296,1250,20,1
23.033333333333296,40.223333333333294,1260,20,1
23.1,39.963333333333296,1270,20,1
23.2,39.723333333333294,1280,20,1
23.2,39.53,1290,20,1
23.2,39.33333333333329,1300,20,1
23.2,39.1266666666667,1310,10,1
23.2,39.06,1320,10,1
23.2,38.933333333333294,1330,10,1
23.26,39.0,1340,10,1
23.26,39.19333333333329,1350,0,0
23.2,39.23,1360,10,1
23.2,39.363333333333294,1370,10,1
23.2,39.5,1380,10,1
23.2,39.56,1390,10,1
23.1,39.6266666666667,1400,0,0
23.1,39.7,1410,10,1
23.1,39.76,1420,10,1
23.0,39.8,1430,10,1
23.0,40.0,0,0,0
22.89,40.1266666666667,10,0,0
22.89,40.2,20,0,0
22.79,40.09,30,0,0
22.79,40.1633333333333,40,0,0
22.76,40.23,50,0,0
22.7,40.29,60,0,0
22.6666666666667,40.29,70,0,0
22.6,40.29,80,0,0
22.6,40.29,90,0,0
22.6,40.29,100,0,0
22.5,40.29,110,0,0
22.5,40.29,120,0,0
22.39,40.2,130,0,0
22.39,40.2,140,0,0
22.3566666666667,40.2,150,0,0
22.29,40.2,160,0,0
22.29,40.2,170,0,0
22.2,40.09,180,0,0
22.2,40.09,190,0,0
22.1666666666667,40.09,200,0,0
22.1,40.09,210,0,0
22.066666666666695,40.06,220,0,0
22.0,40.0,230,0,0
21.963333333333296,40.0,240,0,0
21.89,40.0,250,0,0
21.89,40.0,260,0,0
21.89,40.0,270,0,0
21.79,39.9,280,0,0
21.79,39.9,290,0,0
21.76,39.9,300,0,0
21.7,39.9,310,0,0
21.7,39.9,320,0,0
21.6333333333333,39.8266666666667,330,0,0
21.6,39.9,340,0,0
21.6,39.9,350,0,0
21.5,39.9,360,0,0
21.5,39.925,370,0,0
21.4266666666667,39.933333333333294,380,0,0
21.39,39.9,390,0,0
21.39,39.9,400,0,0
21.3566666666667,39.933333333333294,410,0,0
21.29,40.0,420,0,0
21.29,40.03,430,0,0
21.23,40.03,440,0,0
21.2,39.863333333333294,450,10,1
21.2,39.79,460,10,1
21.2,39.963333333333296,470,10,1
21.2,40.223333333333294,480,10,1
21.29,40.53,490,10,1
21.3566666666667,40.6633333333333,500,10,1
21.5,40.7,510,10,1
21.5,41.033333333333296,520,0,0
21.5,41.8,530,0,0
21.566666666666695,42.5266666666667,540,0,0
21.6333333333333,42.1,550,0,0
21.7,41.6333333333333,560,0,0
21.745,40.995,570,0,0
21.79,40.79,580,0,0
21.8566666666667,40.863333333333294,590,0,0
21.89,40.79,600,0,0
21.89,40.79,610,0,0
21.89,40.8266666666667,620,0,0
21.963333333333296,41.1,630,0,0
22.0,41.33333333333329,640,0,0
22.0,41.1266666666667,650,0,0
22.033333333333296,41.03,660,0,0
22.1,41.03,670,0,0
22.1,41.0,680,0,0
22.1666666666667,41.06,690,0,0
22.2,41.09,700,0,0
22.2,41.1633333333333,710,0,0
22.1666666666667,41.23,720,0,0
22.1666666666667,41.29,730,0,0
22.1,41.29,740,0,0
22.1,41.29,750,0,0
22.1,41.29,760,0,0
22.075,40.045,770,0,0
22.0,39.223333333333294,780,0,0
22.0,39.6266666666667,790,0,0
22.0,39.5666666666667,800,0,0
21.963333333333296,39.56,810,0,0
21.89,39.433333333333294,820,0,0
21.89,39.53,830,0,0
21.89,39.59,840,0,0
21.89,39.5,850,0,0
21.89,39.5,860,0,0
21.89,39.4666666666667,870,0,0
21.89,39.4,880,0,0
21.89,39.4,890,10,1
21.89,39.4,900,10,1
21.89,39.26,910,10,1
21.823333333333295,39.1266666666667,920,10,1
21.76,39.06,930,10,1
21.7,38.933333333333294,940,20,1
21.7,38.93,950,10,1
21.7,38.79,960,10,1
21.65,38.69,970,10,1
21.6,38.56,980,0,0
21.6,38.5,990,10,1
21.5,38.4,1000,20,1
21.5,38.3266666666667,1010,20,1
21.5,38.26,1020,20,1
21.4266666666667,38.1266666666667,1030,20,1
21.39,38.23,1040,30,1
21.39,38.43,1050,30,1
21.39,38.56,1060,20,1
21.323333333333295,38.56,1070,30,1
21.29,38.5,1080,20,1
21.29,38.56,1090,20,1
21.4266666666667,39.0,1100,30,1
21.566666666666695,39.06,1110,20,1
21.73,40.9,1120,20,1
21.93,42.7666666666667,1130,30,1
22.163333333333295,42.4,1140,20,1
22.496666666666705,43.19333333333329,1150,10,1
22.893333333333295,42.19333333333329,1160,10,1
23.175,41.67,1170,10,1
23.2,41.2266666666667,1180,20,1
23.29,40.7966666666667,1190,40,1
23.29,40.39,1200,30,1
23.29,39.93,1210,40,1
23.29,39.73,1220,40,1
23.29,39.6633333333333,1230,40,1
23.29,39.463333333333296,1240,40,1
23.29,39.1266666666667,1250,30,1
23.29,39.0666666666667,1260,30,1
23.29,38.7,1270,20,1
23.29,38.7,1280,30,1
23.29,38.56,1290,20,1
23.23,38.433333333333294,1300,20,1
23.26,38.363333333333294,1310,20,1
23.2,38.29,1320,20,1
23.1666666666667,38.1633333333333,1330,20,1
23.1,38.09,1340,30,1
23.066666666666695,38.1266666666667,1350,20,1
23.0,38.33333333333329,1360,20,1
22.89,38.545,1370,20,1
22.8566666666667,38.79,1380,20,1
22.79,38.863333333333294,1390,10,1
22.79,38.86,1400,10,1
22.73,39.19333333333329,1410,0,0
22.6,39.23,1420,0,0
22.6,39.29,1430,0,0
22.5,39.363333333333294,0,0,0
22.4266666666667,39.29,10,0,0
22.39,39.29,20,0,0
22.323333333333295,39.363333333333294,30,0,0
22.29,39.433333333333294,40,0,0
22.23,39.5,50,0,0
22.2,39.5,60,0,0
22.1333333333333,39.56,70,0,0
22.066666666666695,39.6633333333333,80,0,0
22.0,39.6633333333333,90,0,0
22.0,39.7,100,0,0
21.9266666666667,39.7,110,0,0
21.89,39.73,120,0,0
21.865,39.7675,130,0,0
21.79,39.7,140,0,0
21.76,39.79,150,0,0
21.7,39.79,160,0,0
21.7,39.8266666666667,170,0,0
21.6333333333333,39.8266666666667,180,0,0
21.6,39.8266666666667,190,0,0
21.6,39.9,200,0,0
21.5,40.0,210,0,0
21.5,40.0,220,0,0
21.5,40.03,230,0,0
21.4266666666667,40.03,240,0,0
21.39,40.0,250,0,0
21.39,40.06,260,0,0
21.29,40.09,270,0,0
21.29,40.09,280,0,0
21.29,40.2,290,0,0
21.23,40.2,300,0,0
21.2,40.2,310,0,0
21.2,40.2,320,0,0
21.1,40.29,330,0,0
21.1,40.29,340,0,0
21.1,40.29,350,0,0
21.0,40.29,360,0,0
21.0,40.363333333333294,370,0,0
21.0,40.4,380,0,0
21.0,40.4,390,0,0
20.963333333333296,40.433333333333294,400,0,0
20.89,40.5,410,0,0
20.89,40.5,420,0,0
20.89,40.5,430,0,0
20.79,40.53,440,10,1
20.79,40.723333333333294,450,10,1
20.79,40.933333333333294,460,10,1
20.79,41.1333333333333,470,10,1
20.79,41.2,480,10,1
20.79,41.2,490,10,1
20.79,41.26,500,20,1
20.79,41.26,510,10,1
20.79,41.645,520,0,0
20.823333333333295,42.1266666666667,530,0,0
20.89,42.4,540,0,0
20.9266666666667,42.39,550,0,0
21.0,42.59,560,10,1
21.1333333333333,42.533333333333296,570,0,0
21.2,42.33333333333329,580,0,0
21.39,41.8,590,0,0
21.463333333333296,40.6,600,0,0
21.6333333333333,39.9666666666667,610,0,0
21.7,39.7666666666667,620,0,0
21.73,39.5266666666667,630,0,0
21.8566666666667,39.4,640,0,0
21.89,39.26,650,0,0
21.963333333333296,39.26,660,0,0
22.033333333333296,39.19333333333329,670,0,0
22.1,38.8,680,0,0
22.1,37.933333333333294,690,0,0
22.033333333333296,37.4,700,0,0
22.033333333333296,37.9266666666667,710,0,0
22.1,38.25,720,0,0
22.1,38.2666666666667,730,0,0
22.1,38.26,740,0,0
22.1,38.26,750,0,0
22.033333333333296,38.23,760,0,0
22.1,38.23,770,0,0
22.1,38.06,780,0,0
22.1,38.06,790,0,0
22.066666666666695,38.1633333333333,800,0,0
22.0,38.09,810,0,0
22.0,38.23,820,0,0
22.0,38.23,830,0,0
22.0,37.0266666666667,840,0,0
21.9266666666667,34.9,850,0,0
21.8566666666667,33.13,860,0,0
21.73,32.4633333333333,870,0,0
21.6333333333333,32.0233333333333,880,10,1
21.7,32.6966666666667,890,0,0
21.7,33.4266666666667,900,0,0
21.7,33.96,910,0,0
21.7,34.245,920,0,0
21.7,34.5666666666667,930,0,0
21.7,34.8333333333333,940,0,0
21.7,35.0666666666667,950,0,0
21.76,35.26,960,0,0
21.73,35.4333333333333,970,0,0
21.79,35.56,980,0,0
21.7,35.6266666666667,990,0,0
21.7,35.7,1000,0,0
21.7,35.59,1010,10,1
21.7,35.59,1020,10,1
21.6,35.73,1030,10,1
21.6,35.79,1040,20,1
21.5,36.76,1050,10,1
21.566666666666695,38.6266666666667,1060,10,1
21.6333333333333,42.0666666666667,1070,20,1
21.7,45.0666666666667,1080,20,1
21.79,45.5266666666667,1090,20,1
21.8566666666667,43.5266666666667,1100,30,1
21.9266666666667,41.86,1110,20,1
22.025,41.075,1120,20,1
22.1,40.7666666666667,1130,10,1
22.23,46.26,1140,0,0
22.29,47.7333333333333,1150,10,1
22.3566666666667,45.63,1160,10,1
22.29,44.63,1170,10,1
22.29,43.26333333333329,1180,10,1
22.29,42.4566666666667,1190,10,1
22.39,41.6233333333333,1200,10,1
22.39,42.09666666666671,1210,20,1
22.5,43.293333333333294,1220,30,1
22.4266666666667,41.83333333333329,1230,20,1
22.4266666666667,40.393333333333295,1240,20,1
22.4266666666667,39.6,1250,20,1
22.5,39.29,1260,30,1
22.5,39.23,1270,10,1
22.5,39.0266666666667,1280,0,0
22.5,38.8266666666667,1290,10,1
22.5,38.73,1300,20,1
22.5,38.73,1310,10,1
22.445,38.4,1320,10,1
22.39,38.73,1330,10,1
22.323333333333295,38.863333333333294,1340,10,1
22.29,39.1566666666667,1350,10,1
22.29,39.29,1360,20,1
22.2,39.5666666666667,1370,10,1
22.2,39.7,1380,10,1
22.1,39.8266666666667,1390,10,1
22.1,39.9,1400,10,1
22.0,39.9,1410,10,1
21.9266666666667,39.9,1420,20,1
21.89,39.9,1430,10,1
21.823333333333295,39.9,0,10,1
21.79,39.933333333333294,10,10,1
21.73,40.0,20,10,1
21.6666666666667,40.0,30,20,1
21.6,40.19333333333329,40,0,0
21.566666666666695,40.5,50,0,0
21.5,40.69333333333329,60,0,0
21.463333333333296,40.9,70,0,0
21.39,40.9,80,10,1
21.323333333333295,40.8266666666667,90,0,0
21.26,40.76,100,0,0
21.2,40.7,110,0,0
21.1666666666667,40.7,120,0,0
21.1,40.7,130,0,0
21.0,40.59,140,0,0
21.0,40.59,150,0,0
20.963333333333296,40.6633333333333,160,0,0
20.89,40.6633333333333,170,0,0
20.89,40.59,180,0,0
20.89,40.59,190,0,0
20.79,40.59,200,0,0
20.79,40.59,210,0,0
20.76,40.53,220,0,0
20.7,40.59,230,0,0
20.7,40.59,240,0,0
20.6333333333333,40.53,250,0,0
20.6,40.53,260,0,0
20.575,40.59,270,0,0
20.5,40.59,280,0,0
20.5,40.6266666666667,290,0,0
20.4266666666667,40.5666666666667,300,0,0
20.39,40.59,310,0,0
20.39,40.6633333333333,320,0,0
20.29,40.7,330,0,0
20.29,40.7,340,0,0
20.29,40.7,350,0,0
20.23,40.7,360,0,0
20.2,40.7666666666667,370,0,0
20.2,41.0266666666667,380,0,0
20.2,41.2666666666667,390,10,1
20.2,41.4,400,0,0
20.1333333333333,41.4,410,10,1
20.1333333333333,41.4,420,0,0
20.1,41.36,430,20,1
20.1,41.56,440,0,0
20.1,41.59,450,0,0
20.033333333333296,41.463333333333296,460,0,0
20.05,41.45,470,0,0
20.0,41.4,480,0,0
20.0,41.4,490,0,0
20.0,41.4,500,0,0
19.9266666666667,41.4,510,0,0
19.89,41.4,520,0,0
19.89,41.4,530,0,0
19.8566666666667,41.363333333333294,540,0,0
19.79,41.23,550,0,0
19.79,41.2,560,0,0
19.79,41.2,570,0,0
19.76,41.2,580,0,0
19.7,41.2,590,0,0
19.7,41.1633333333333,600,0,0
19.7,41.1633333333333,610,0,0
19.7,41.2,620,0,0
19.7,41.2,630,0,0
19.6,41.09,640,0,0
19.6,41.03,650,0,0
19.6,41.045,660,0,0
19.6,41.1266666666667,670,0,0
19.6,41.2,680,0,0
19.6,41.2,690,0,0
19.6,41.2,700,0,0
19.6,41.23,710,0,0
19.533333333333296,41.29,720,0,0
19.5,41.29,730,0,0
19.5,41.29,740,0,0
19.5,41.29,750,0,0
19.5,41.29,760,0,0
19.5,41.29,770,0,0
19.5,41.29,780,0,0
19.5,41.4,790,0,0
19.5,41.4,800,0,0
19.39,41.29,810,0,0
19.39,41.29,820,0,0
19.463333333333296,41.363333333333294,830,0,0
19.39,41.29,840,0,0
19.39,41.29,850,0,0
19.39,41.345,860,0,0
19.39,41.363333333333294,870,0,0
19.39,41.363333333333294,880,0,0
19.39,41.363333333333294,890,0,0
19.29,41.4,900,0,0
19.3566666666667,41.4,910,0,0
19.29,41.4,920,0,0
19.29,41.4,930,0,0
19.323333333333295,41.4,940,0,0
19.323333333333295,41.4,950,0,0
19.29,41.4,960,0,0
19.29,41.4,970,0,0
19.29,41.29,980,0,0
19.29,41.29,990,0,0
19.29,41.29,1000,0,0
19.29,41.29,1010,0,0
19.2,41.2,1020,0,0
19.2,41.2,1030,0,0
19.2,41.2,1040,0,0
19.2,41.2,1050,0,0
19.1333333333333,41.1266666666667,1060,0,0
19.1,41.1266666666667,1070,0,0
19.1,41.1266666666667,1080,10,1
19.1,41.2,1090,10,1
19.1,41.0,1100,10,1
19.1,40.933333333333294,1110,10,1
19.1,41.0,1120,0,0
19.1,41.19333333333329,1130,10,1
19.1,41.4666666666667,1140,20,1
19.23,41.5666666666667,1150,10,1
19.3566666666667,41.96,1160,10,1
19.6966666666667,42.723333333333294,1170,0,0
19.963333333333296,42.53,1180,10,1
20.1,42.1,1190,0,0
20.1,41.8266666666667,1200,0,0
20.1333333333333,41.9,1210,10,1
20.2,41.69333333333329,1220,10,1
20.29,41.363333333333294,1230,10,1
20.365,40.8925,1240,20,1
20.463333333333296,40.7666666666667,1250,10,1
20.5,40.7,1260,0,0
20.566666666666695,40.6266666666667,1270,10,1
20.6,40.4,1280,20,1
20.6666666666667,40.2666666666667,1290,10,1
20.73,39.6333333333333,1300,20,1
20.79,39.36,1310,10,1
20.76,38.7966666666667,1320,20,1
20.76,38.463333333333296,1330,10,1
20.76,38.29,1340,10,1
20.7,38.29,1350,20,1
20.7,38.3266666666667,1360,10,1
20.7,38.4666666666667,1370,10,1
20.6666666666667,38.59,1380,20,1
20.6,38.6633333333333,1390,10,1
20.6,38.79,1400,10,1
20.533333333333296,38.863333333333294,1410,20,1
20.5,38.933333333333294,1420,10,1
20.5,39.06,1430,10,1
20.39,39.09,0,20,1
20.39,39.2,10,0,0
20.323333333333295,39.2,20,0,0
20.29,39.53,30,0,0
20.23,39.463333333333296,40,0,0
20.2,39.4,50,0,0
20.1333333333333,39.4,60,0,0
20.1,39.29,70,0,0
20.1,39.23,80,0,0
20.0,39.2,90,0,0
20.0,39.2,100,0,0
19.89,39.2,110,0,0
19.89,39.2,120,0,0
19.79,39.09,130,0,0
19.79,39.09,140,0,0
19.7,39.09,150,0,0
19.7,39.09,160,0,0
19.6666666666667,39.06,170,0,0
19.6,39.0,180,0,0
19.55,38.95,190,0,0
19.5,39.0,200,0,0
19.5,39.0,210,0,0
19.39,38.9,220,0,0
19.39,38.9,230,0,0
19.39,38.9,240,0,0
19.39,38.9,250,0,0
19.29,38.9,260,0,0
19.29,38.9666666666667,270,0,0
19.29,39.03,280,0,0
19.23,39.03,290,0,0
19.2,39.0,300,0,0
19.2,39.0,310,0,0
19.2,39.09,320,0,0
19.1333333333333,39.09,330,0,0
19.1,39.09,340,0,0
19.1,39.1633333333333,350,0,0
19.066666666666695,39.2,360,0,0
19.0,39.2,370,10,1
19.0,39.595,380,0,0
19.0,39.963333333333296,390,0,0
19.0,40.03,400,10,1
19.0,40.0,410,0,0
19.0,39.933333333333294,420,10,1
18.963333333333296,39.933333333333294,430,10,1
18.89,40.06,440,0,0
18.89,40.2,450,0,0
18.89,40.2,460,0,0
18.89,40.3266666666667,470,10,1
18.89,40.5266666666667,480,0,0
18.89,40.59,490,0,0
18.89,40.53,500,0,0
18.79,40.4,510,0,0
18.79,40.4,520,0,0
18.79,40.433333333333294,530,0,0
18.79,40.433333333333294,540,0,0
18.7,40.5,550,0,0
18.7,40.56,560,0,0
18.7,40.59,570,0,0
18.7,40.59,580,0,0
18.7,40.59,590,0,0
18.625,40.545,600,0,0
18.6,40.53,610,0,0
18.6,40.5,620,0,0
18.6,40.5,630,0,0
18.6,40.5,640,0,0
18.6,40.5,650,0,0
18.6,40.5,660,0,0
18.6,40.5,670,0,0
18.7,40.56,680,0,0
18.76,40.5,690,0,0
18.79,40.4,700,0,0
18.79,40.4,710,0,0
18.79,40.29,720,0,0
18.8566666666667,40.29,730,0,0
18.89,40.29,740,0,0
18.89,40.23,750,0,0
18.89,40.2,760,0,0
18.9266666666667,40.09,770,0,0
19.0,40.03,780,0,0
19.0,39.9666666666667,790,0,0
19.0,39.9,800,0,0
19.0,39.9,810,0,0
19.0,39.9,820,0,0
19.0,39.9,830,0,0
19.0,39.9,840,0,0
19.0,39.9,850,0,0
19.066666666666695,39.9,860,0,0
19.1,39.9,870,0,0
19.1,39.9,880,0,0
19.15,39.9,890,0,0
19.2,39.9666666666667,900,0,0
19.23,40.03,910,0,0
19.29,40.09,920,0,0
19.29,40.1266666666667,930,0,0
19.29,40.1266666666667,940,0,0
19.34,40.2,950,0,0
19.39,40.23,960,0,0
19.39,40.29,970,0,0
19.29,40.26,980,0,0
19.29,40.1266666666667,990,0,0
19.29,40.06,1000,0,0
19.29,39.933333333333294,1010,0,0
19.26,39.83333333333329,1020,0,0
19.2,39.7,1030,0,0
19.2,39.6633333333333,1040,0,0
19.2,39.59,1050,0,0
19.2,39.59,1060,10,1
19.2,39.53,1070,20,1
19.1666666666667,39.4666666666667,1080,10,1
19.1,39.2666666666667,1090,10,1
19.066666666666695,39.09,1100,10,1
19.0,39.03,1110,10,1
19.0,38.8266666666667,1120,0,0
19.0,38.9666666666667,1130,10,1
19.0,39.19,1140,10,1
19.0,39.463333333333296,1150,10,1
19.0,39.863333333333294,1160,0,0
19.033333333333296,40.7666666666667,1170,10,1
19.1666666666667,40.8266666666667,1180,10,1
19.2,41.0266666666667,1190,20,1
19.26,40.8266666666667,1200,10,1
19.323333333333295,40.8,1210,10,1
19.39,41.1333333333333,1220,20,1
19.39,40.6333333333333,1230,20,1
19.39,40.433333333333294,1240,20,1
19.5,40.363333333333294,1250,10,1
19.566666666666695,40.1566666666667,1260,20,1
19.6333333333333,40.0,1270,10,1
19.7,39.86,1280,10,1
19.7,39.6633333333333,1290,20,1
19.7,39.53,1300,10,1
19.73,39.33333333333329,1310,10,1
19.79,39.1266666666667,1320,0,0
19.79,38.66,1330,10,1
19.79,38.25,1340,0,0
19.79,38.2,1350,0,0
19.79,38.23,1360,0,0
19.79,38.29,1370,0,0
19.79,38.433333333333294,1380,0,0
19.79,38.56,1390,0,0
19.79,38.59,1400,0,0
19.79,38.59,1410,0,0
19.79,38.7,1420,0,0
19.79,38.7,1430,0,0
19.79,38.7,0,0,0
19.79,38.76,10,0,0
19.7,38.8266666666667,20,0,0
19.7,38.9,30,0,0
19.7,39.0,40,0,0
19.6333333333333,38.933333333333294,50,0,0
19.6,39.0,60,0,0
19.6,39.06,70,0,0
19.566666666666695,39.1266666666667,80,0,0
19.5,39.2,90,0,0
19.4266666666667,39.2,100,0,0
19.39,39.23,110,0,0
19.39,39.29,120,0,0
19.3566666666667,39.29,130,0,0
19.29,39.29,140,0,0
19.26,39.223333333333294,150,0,0
19.2,39.1633333333333,160,0,0
19.2,39.2,170,0,0
19.1333333333333,39.2,180,0,0
19.1,39.2,190,0,0
19.1,39.2,200,0,0
19.0,39.09,210,0,0
19.0,39.09,220,0,0
18.963333333333296,39.06,230,0,0
18.89,39.0,240,0,0
18.89,39.0,250,0,0
18.823333333333295,38.933333333333294,260,0,0
18.79,38.9,270,0,0
18.7675,38.9,280,0,0
18.7,38.9666666666667,290,0,0
18.7,39.0,300,0,0
18.7,39.0,310,0,0
18.6666666666667,38.9666666666667,320,0,0
18.6,38.9666666666667,330,0,0
18.6,39.0,340,0,0
18.6,39.0,350,0,0
18.566666666666695,39.09,360,0,0
18.5,39.09,370,0,0
18.5,39.39,380,10,1
18.5,39.59,390,0,0
18.5,39.79,400,10,1
18.5,39.79,410,10,1
18.5,39.6633333333333,420,0,0
18.4266666666667,39.463333333333296,430,0,0
18.39,39.26,440,10,1
18.39,39.1266666666667,450,0,0
18.39,38.863333333333294,460,0,0
18.34,38.5475,470,0,0
18.323333333333295,38.3266666666667,480,0,0
18.29,38.1333333333333,490,0,0
18.29,37.933333333333294,500,10,1
18.29,37.8266666666667,510,10,1
18.23,37.7666666666667,520,20,1
18.2,37.7,530,10,1
18.2,37.83333333333329,540,10,1
18.2,37.863333333333294,550,10,1
18.2,37.73,560,0,0
18.2,38.03,570,10,1
18.2,38.823333333333295,580,10,1
18.2,38.9666666666667,590,0,0
18.26,39.83333333333329,600,10,1
18.2,38.96,610,10,1
18.2,38.4266666666667,620,0,0
18.2,37.9,630,10,1
18.2,37.3666666666667,640,0,0
18.2,36.9666666666667,650,10,1
18.125,36.9,660,0,0
18.1,36.9,670,10,1
18.1,36.9,680,0,0
18.1,36.8266666666667,690,0,0
18.1,36.8266666666667,700,0,0
18.1,36.9,710,0,0
18.1,36.7966666666667,720,10,1
18.033333333333296,36.53,730,0,0
18.0,36.43,740,0,0
18.0,36.23,750,0,0
18.0,36.06,760,0,0
18.0,36.0,770,0,0
17.89,35.8633333333333,780,0,0
17.89,35.73,790,0,0
17.89,35.6266666666667,800,0,0
17.89,35.7,810,0,0
17.8566666666667,35.79,820,0,0
17.79,35.79,830,0,0
17.79,35.8266666666667,840,0,0
17.79,35.975,850,0,0
17.79,36.06,860,0,0
17.7,36.09,870,0,0
17.7,36.1633333333333,880,0,0
17.7,36.2,890,0,0
17.7,36.26,900,0,0
17.6,36.23,910,0,0
17.6,36.29,920,0,0
17.6,36.29,930,0,0
17.6,36.29,940,0,0
17.6,36.29,950,0,0
17.6,36.363333333333294,960,0,0
17.5,36.433333333333294,970,0,0
17.5,36.5,980,0,0
17.5,36.5,990,0,0
17.5,36.56,1000,0,0
17.5,36.59,1010,0,0
17.5,36.6633333333333,1020,0,0
17.39,36.6266666666667,1030,0,0
17.39,36.75,1040,0,0
17.39,36.9666666666667,1050,0,0
17.39,37.03,1060,0,0
17.39,37.1633333333333,1070,10,1
17.39,37.2,1080,0,0
17.39,37.33333333333329,1090,0,0
17.39,37.53,1100,10,1
17.4633333333333,37.723333333333294,1110,0,0
17.5333333333333,38.03,1120,10,1
17.6,38.09,1130,10,1
17.7633333333333,41.16,1140,30,1
17.9633333333333,46.5666666666667,1150,30,1
18.23,44.2566666666667,1160,40,1
18.3566666666667,43.2566666666667,1170,30,1
18.533333333333296,43.36,1180,40,1
18.6,42.2333333333333,1190,50,1
18.73,41.2666666666667,1200,40,1
18.8566666666667,41.0,1210,40,1
19.0,40.863333333333294,1220,30,1
19.1,40.395,1230,20,1
19.26,39.59666666666671,1240,10,1
19.4266666666667,39.1633333333333,1250,20,1
19.5,39.03,1260,10,1
19.6,38.863333333333294,1270,10,1
19.6666666666667,38.73,1280,20,1
19.7,38.5266666666667,1290,10,1
19.76,38.3266666666667,1300,20,1
19.79,38.06,1310,10,1
19.8566666666667,37.933333333333294,1320,10,1
19.89,37.9,1330,20,1
19.89,37.9,1340,10,1
19.9266666666667,37.9,1350,20,1
20.0,37.8266666666667,1360,10,1
20.0,37.9,1370,10,1
20.0,37.9,1380,20,1
20.0,38.0,1390,10,1
20.0,38.0,1400,10,1
19.89,38.09,1410,20,1
19.823333333333295,38.09,1420,10,1
19.79,38.145,1430,0,0
19.76,38.1266666666667,0,0,0
19.7,38.26,10,0,0
19.6666666666667,38.29,20,0,0
19.6,38.29,30,0,0
19.566666666666695,38.433333333333294,40,0,0
19.5,38.56,50,0,0
19.463333333333296,38.6633333333333,60,0,0
19.39,38.6633333333333,70,0,0
19.3566666666667,38.79,80,0,0
19.29,38.79,90,0,0
19.29,38.79,100,0,0
19.23,38.73,110,0,0
19.2,38.7,120,0,0
19.1333333333333,38.76,130,0,0
19.1,38.79,140,0,0
19.1,38.79,150,0,0
19.066666666666695,38.76,160,0,0
19.0,38.7,170,0,0
18.89,38.645,180,0,0
18.89,38.59,190,0,0
18.89,38.59,200,0,0
18.79,38.59,210,0,0
18.73,38.59,220,0,0
18.7,38.6266666666667,230,0,0
18.7,38.6266666666667,240,0,0
18.6,38.59,250,0,0
18.6,38.59,260,0,0
18.6,38.59,270,0,0
18.6,38.59,280,0,0
18.5,38.6266666666667,290,0,0
18.5,38.7,300,0,0
18.463333333333296,38.6633333333333,310,0,0
18.39,38.6633333333333,320,0,0
18.39,38.7,330,0,0
18.39,38.7,340,0,0
18.3566666666667,38.73,350,0,0
18.29,38.79,360,0,0
18.29,38.79,370,10,1
18.29,39.3,380,0,0
18.29,39.893333333333295,390,0,0
18.26,39.723333333333294,400,10,1
18.2,39.59,410,0,0
18.2,39.59,420,10,1
18.2,39.59,430,10,1
18.2,39.6633333333333,440,10,1
18.2,39.59,450,10,1
18.1666666666667,39.4666666666667,460,10,1
18.1,39.2666666666667,470,0,0
18.1,39.06,480,0,0
18.1,38.933333333333294,490,0,0
18.066666666666695,38.723333333333294,500,0,0
18.0,38.59,510,0,0
18.0,38.5,520,0,0
18.0,38.433333333333294,530,0,0
17.89,38.29,540,0,0
17.89,38.29,550,0,0
17.89,38.145,560,20,1
17.8566666666667,38.0266666666667,570,10,1
17.79,37.8266666666667,580,20,1
17.79,37.7,590,10,1
17.79,37.7,600,20,1
17.79,37.7,610,10,1
17.79,37.7,620,10,1
17.79,37.59,630,20,1
17.79,37.59,640,10,1
17.79,37.6266666666667,650,20,1
17.79,37.7,660,20,1
17.79,37.7,670,10,1
17.8566666666667,37.76,680,20,1
17.89,37.7,690,10,1
17.9633333333333,37.6266666666667,700,0,0
18.0,37.59,710,10,1
18.0,37.53,720,0,0
18.0,37.4666666666667,730,0,0
18.0,37.4,740,10,1
18.0,37.345,750,0,0
18.033333333333296,37.3266666666667,760,0,0
18.1,37.3266666666667,770,10,1
18.1,37.1633333333333,780,0,0
18.1,37.09,790,0,0
18.1,37.0,800,0,0
18.1,37.06,810,0,0
18.1,37.1633333333333,820,0,0
18.1666666666667,37.09,830,0,0
18.2,36.863333333333294,840,0,0
18.26,36.73,850,0,0
18.323333333333295,36.4,860,0,0
18.39,36.3266666666667,870,0,0
18.533333333333296,36.5,880,0,0
18.6666666666667,36.76,890,0,0
18.823333333333295,36.9,900,0,0
18.963333333333296,36.9,910,0,0
19.163333333333295,36.863333333333294,920,0,0
19.3566666666667,36.73,930,0,0
19.55,36.645,940,0,0
19.73,36.59,950,0,0
19.79,36.6633333333333,960,0,0
19.823333333333295,36.73,970,0,0
19.89,36.863333333333294,980,0,0
19.89,36.9,990,0,0
19.89,36.9,1000,0,0
19.89,36.933333333333294,1010,0,0
19.89,37.0,1020,0,0
19.79,37.03,1030,0,0
19.79,37.09,1040,0,0
19.79,37.2,1050,0,0
19.73,37.2,1060,0,0
19.7,37.2,1070,10,1
19.7,37.2,1080,10,1
19.6,36.723333333333294,1090,30,1
19.6,36.53,1100,20,1
19.6,35.7233333333333,1110,10,1
19.6,34.9233333333333,1120,20,1
19.6,34.3,1130,30,1
19.73,37.863333333333294,1140,20,1
19.8566666666667,47.6633333333333,1150,30,1
19.89,49.4966666666667,1160,0,0
19.963333333333296,47.03,1170,10,1
20.1,43.69333333333329,1180,10,1
20.1,42.16,1190,0,0
20.2,40.55666666666671,1200,10,1
20.2,39.7566666666667,1210,20,1
20.2,38.9,1220,20,1
20.26,38.5666666666667,1230,10,1
20.29,37.9666666666667,1240,0,0
20.29,37.9,1250,0,0
20.29,37.863333333333294,1260,0,0
20.3566666666667,37.73,1270,0,0
20.39,37.5,1280,0,0
20.463333333333296,37.56,1290,10,1
20.533333333333296,37.5266666666667,1300,0,0
20.6,37.3266666666667,1310,0,0
20.7,37.29,1320,0,0
20.7225,37.2225,1330,0,0
20.73,37.2,1340,0,0
20.79,37.223333333333294,1350,0,0
20.79,37.03,1360,10,1
20.7,36.9,1370,0,0
20.7,36.9,1380,0,0
20.7,36.9,1390,0,0
20.6333333333333,36.8266666666667,1400,0,0
20.6,36.8266666666667,1410,0,0
20.6,36.9,1420,0,0
20.5,36.9,1430,0,0
20.5,36.9666666666667,0,0,0
20.39,36.933333333333294,10,10,1
20.39,37.06,20,0,0
20.29,37.1266666666667,30,0,0
20.29,37.2,40,0,0
20.2,37.2,50,0,0
20.2,37.2,60,0,0
20.1,37.23,70,0,0
20.075,37.345,80,0,0
20.0,37.29,90,0,0
19.963333333333296,37.29,100,0,0
19.823333333333295,37.23,110,0,0
19.79,37.2,120,0,0
19.79,37.2,130,0,0
19.7,37.29,140,0,0
19.7,37.29,150,0,0
19.6666666666667,37.29,160,0,0
19.6,37.29,170,0,0
19.566666666666695,37.29,180,0,0
19.5,37.29,190,0,0
19.463333333333296,37.29,200,0,0
19.39,37.29,210,0,0
19.3566666666667,37.3266666666667,220,0,0
19.3566666666667,37.4,230,0,0
19.29,37.4,240,0,0
19.23,37.4,250,0,0
19.2,37.4,260,0,0
19.125,37.475,270,0,0
19.1,37.5,280,0,0
19.066666666666695,37.5,290,0,0
19.0,37.5,300,0,0
19.0,37.59,310,0,0
18.9266666666667,37.59,320,0,0
18.89,37.59,330,0,0
18.89,37.6633333333333,340,0,0
18.89,37.7,350,0,0
18.823333333333295,37.7,360,0,0
18.79,37.7,370,0,0
18.79,37.7,380,0,0
18.7,37.7,390,0,0
18.7,37.76,400,0,0
18.7,37.79,410,10,1
18.7,37.79,420,0,0
18.6666666666667,38.0,430,0,0
18.6,38.06,440,10,1
18.6,38.19333333333329,450,0,0
18.6,38.57,460,10,1
18.6,38.9,470,10,1
18.6,39.0,480,10,1
18.6,38.933333333333294,490,10,1
18.6,39.0,500,10,1
18.533333333333296,38.933333333333294,510,20,1
18.5,38.76,520,0,0
18.5,38.7,530,0,0
18.5,38.56,540,0,0
18.5,38.433333333333294,550,0,0
18.463333333333296,38.4666666666667,560,0,0
18.39,38.4,570,0,0
18.39,38.4,580,0,0
18.39,38.4,590,0,0
18.39,38.433333333333294,600,0,0
18.39,38.5,610,0,0
18.29,38.5,620,0,0
18.29,38.5,630,0,0
18.3566666666667,38.53,640,0,0
18.29,38.59,650,0,0
18.29,38.59,660,0,0
18.29,38.59,670,0,0
18.29,38.6633333333333,680,0,0
18.39,38.79,690,0,0
18.39,38.79,700,0,0
18.39,38.79,710,0,0
18.39,38.79,720,0,0
18.39,38.79,730,0,0
18.39,38.79,740,0,0
18.39,38.79,750,0,0
18.39,38.79,760,0,0
18.39,38.76,770,0,0
18.39,38.7,780,0,0
18.4266666666667,38.73,790,0,0
18.5,38.79,800,0,0
18.39,38.7,810,0,0
18.39,38.7,820,0,0
18.5,38.79,830,0,0
18.4266666666667,38.73,840,0,0
18.39,38.7,850,0,0
18.39,38.79,860,0,0
18.39,38.79,870,0,0
18.39,38.79,880,0,0
18.39,38.79,890,0,0
18.39,38.79,900,0,0
18.39,38.79,910,0,0
18.3566666666667,38.9,920,0,0
18.29,38.9,930,0,0
18.29,39.0,940,0,0
18.29,39.0,950,0,0
18.29,39.09,960,0,0
18.29,39.1633333333333,970,0,0
18.26,39.1633333333333,980,0,0
18.2,39.1633333333333,990,0,0
18.2,39.23,1000,0,0
18.2,39.29,1010,0,0
18.2,39.4,1020,0,0
18.2,39.4666666666667,1030,0,0
18.15,39.545,1040,0,0
18.1,39.6266666666667,1050,0,0
18.1,39.7,1060,0,0
18.1,39.7,1070,0,0
18.1,39.76,1080,0,0
18.1,39.8266666666667,1090,0,0
18.1,39.9,1100,0,0
18.0,39.9,1110,0,0
18.0,39.9666666666667,1120,0,0
18.0,40.03,1130,0,0
18.0,40.09,1140,0,0
18.0,40.1266666666667,1150,0,0
18.0,40.2,1160,0,0
18.0,40.29,1170,0,0
18.0,40.29,1180,0,0
17.89,40.4,1190,0,0
17.89,40.4,1200,0,0
17.89,40.433333333333294,1210,0,0
17.89,40.5,1220,0,0
17.89,40.5,1230,0,0
17.8233333333333,40.463333333333296,1240,0,0
17.8233333333333,40.53,1250,0,0
17.79,40.53,1260,0,0
17.79,40.59,1270,0,0
17.79,40.6266666666667,1280,0,0
17.79,40.7,1290,0,0
17.79,40.7,1300,0,0
17.73,40.76,1310,0,0
17.73,40.79,1320,0,0
17.73,40.79,1330,0,0
17.7,40.9,1340,0,0
17.7,40.9,1350,0,0
17.7,40.933333333333294,1360,0,0
17.7,41.0,1370,0,0
17.7,41.0,1380,0,0
17.7,41.06,1390,0,0
17.6666666666667,41.06,1400,0,0
17.6,41.06,1410,0,0
17.6,41.145,1420,0,0
17.6,41.2,1430,0,0
17.6,41.26,0,0,0
17.6,41.29,10,0,0
17.6,41.29,20,0,0
17.5666666666667,41.4,30,0,0
17.5,41.4666666666667,40,0,0
17.5,41.5,50,0,0
17.5,41.56,60,0,0
17.5,41.59,70,0,0
17.5,41.6633333333333,80,0,0
17.5,41.73,90,0,0
17.5,41.79,100,0,0
17.5,41.8266666666667,110,0,0
17.5,41.9,120,0,0
17.39,41.9,130,0,0
17.39,41.9666666666667,140,0,0
17.39,42.0,150,0,0
17.4633333333333,42.06,160,0,0
17.39,42.09,170,0,0
17.39,42.1266666666667,180,0,0
17.39,42.2,190,0,0
17.39,42.2666666666667,200,0,0
17.39,42.4,210,0,0
17.39,42.433333333333294,220,0,0
17.39,42.5,230,0,0
17.39,42.59,240,0,0
17.39,42.59,250,0,0
17.3566666666667,42.6266666666667,260,0,0
17.29,42.7,270,0,0
17.29,42.7,280,0,0
17.29,42.76,290,0,0
17.29,42.79,300,0,0
17.29,42.79,310,0,0
17.29,42.8266666666667,320,0,0
17.29,42.9,330,0,0
17.29,43.0,340,0,0
17.29,43.05,350,0,0
17.29,43.2,360,0,0
17.29,43.2,370,0,0
17.29,43.2,380,0,0
17.29,43.2,390,0,0
17.23,43.2,400,0,0
17.26,43.26,410,0,0
17.26,43.26,420,0,0
17.2,43.2,430,0,0
17.2,43.26,440,0,0
17.2,43.3266666666667,450,0,0
17.2,43.3266666666667,460,0,0
17.2,43.3266666666667,470,0,0
17.2,43.3266666666667,480,0,0
17.2,43.3266666666667,490,10,1
17.2,43.4,500,20,1
17.2,43.4,510,10,1
17.2,43.4,520,20,1
17.1,43.4,530,20,1
17.1,43.4,540,10,1
17.1,43.4,550,20,1
17.1,43.5,560,20,1
17.1,43.5,570,10,1
17.1,43.59,580,10,1
17.1,43.6633333333333,590,10,1
17.1,43.7,600,10,1
17.1,43.7,610,10,1
17.1,43.7,620,10,1
17.1,43.7,630,10,1
17.0,43.6266666666667,640,10,1
17.0,43.7,650,10,1
17.0,43.7,660,10,1
17.0,43.7,670,10,1
17.0,43.79,680,10,1
17.0,43.79,690,10,1
17.0,43.8266666666667,700,10,1
17.0,43.9,710,10,1
17.0,43.9,720,10,1
17.0,43.975,730,10,1
17.0,44.0,740,10,1
17.0,44.03,750,10,1
17.0,44.09,760,10,1
17.0,44.09,770,10,1
17.0,44.1633333333333,780,10,1
16.89,44.29,790,10,1
16.89,44.363333333333294,800,10,1
16.89,44.433333333333294,810,10,1
16.89,44.5,820,10,1
16.89,44.5,830,10,1
16.89,44.56,840,10,1
16.89,44.59,850,10,1
16.89,44.6633333333333,860,10,1
16.89,44.7,870,10,1
16.89,44.76,880,10,1
16.89,44.79,890,10,1
16.89,44.79,900,10,1
16.8233333333333,44.8266666666667,910,20,1
16.89,44.925,920,0,0
16.89,45.0,930,10,1
16.89,45.4266666666667,940,0,0
16.89,45.76,950,10,1
16.8566666666667,45.76,960,0,0
16.8566666666667,45.76,970,10,1
16.79,45.7,980,0,0
16.79,45.7,990,0,0
16.79,45.6633333333333,1000,10,1
16.79,45.59,1010,10,1
16.79,45.5266666666667,1020,10,1
16.79,45.2666666666667,1030,10,1
16.79,45.29,1040,20,1
16.79,45.29,1050,10,1
16.79,45.1633333333333,1060,10,1
16.79,45.09,1070,10,1
16.8233333333333,45.36,1080,10,1
16.89,45.6333333333333,1090,0,0
16.89,45.59,1100,10,1
16.89,45.7475,1110,0,0
16.9633333333333,46.1333333333333,1120,10,1
17.1333333333333,46.29,1130,0,0
17.2,46.23,1140,10,1
17.3233333333333,46.29,1150,10,1
17.4633333333333,46.43,1160,20,1
17.6333333333333,46.6633333333333,1170,0,0
17.76,46.33,1180,10,1
17.9266666666667,46.0266666666667,1190,0,0
18.1333333333333,45.7666666666667,1200,0,0
18.323333333333295,45.43,1210,0,0
18.463333333333296,45.23,1220,0,0
18.6333333333333,44.863333333333294,1230,0,0
18.7,44.6566666666667,1240,0,0
18.89,44.43,1250,0,0
18.963333333333296,44.1566666666667,1260,0,0
19.033333333333296,43.863333333333294,1270,0,0
19.1,43.73,1280,0,0
19.2,43.4666666666667,1290,0,0
19.2675,43.2675,1300,0,0
19.29,43.03,1310,0,0
19.39,42.863333333333294,1320,0,0
19.39,42.73,1330,10,1
19.39,42.43,1340,0,0
19.39,42.23,1350,0,0
19.39,42.1633333333333,1360,0,0
19.39,42.09,1370,0,0
19.29,42.06,1380,0,0
19.29,42.0,1390,0,0
19.26,41.93,1400,0,0
19.2,41.79,1410,0,0
19.2,41.79,1420,0,0
19.1333333333333,41.79,1430,0,0
19.1,41.8266666666667,0,0,0
19.033333333333296,41.8266666666667,10,0,0
19.0,41.79,20,0,0
18.9266666666667,41.863333333333294,30,0,0
18.89,41.9,40,0,0
18.865,41.95,50,0,0
18.79,41.9,60,0,0
18.76,42.0,70,0,0
18.7,42.06,80,0,0
18.7,42.09,90,0,0
18.6333333333333,42.03,100,0,0
18.6,42.09,110,0,0
18.6,42.09,120,0,0
18.5,42.2,130,0,0
18.5,42.26,140,0,0
18.463333333333296,42.29,150,0,0
18.39,42.29,160,0,0
18.39,42.3266666666667,170,0,0
18.323333333333295,42.4,180,0,0
18.29,42.4,190,0,0
18.23,42.3266666666667,200,0,0
18.26,42.4,210,0,0
18.2,42.4,220,0,0
18.2,42.433333333333294,230,0,0
18.125,42.5675,240,0,0
18.1,42.6633333333333,250,0,0
18.1,42.7,260,0,0
18.033333333333296,42.6266666666667,270,0,0
18.0,42.7,280,0,0
18.0,42.7,290,0,0
17.9266666666667,42.73,300,0,0
17.9266666666667,42.79,310,0,0
17.89,42.79,320,0,0
17.89,42.863333333333294,330,0,0
17.79,42.79,340,0,0
17.79,42.79,350,0,0
17.79,42.79,360,0,0
17.79,42.863333333333294,370,0,0
17.76,42.8266666666667,380,0,0
17.7,42.9,390,0,0
17.7,42.933333333333294,400,0,0
17.7,43.0,410,0,0
17.7,43.0,420,0,0
17.625,43.0,430,0,0
17.6666666666667,43.06,440,0,0
17.6,43.0,450,0,0
17.6,43.0,460,0,0
17.6,43.19333333333329,470,10,1
17.6,43.4666666666667,480,0,0
17.6,43.6266666666667,490,30,1
17.6,43.76,500,20,1
17.6,44.16666666666671,510,20,1
17.6666666666667,44.69333333333329,520,10,1
17.79,45.49,530,10,1
17.8566666666667,46.6966666666667,540,20,1
18.033333333333296,46.6633333333333,550,20,1
18.1,46.53,560,10,1
18.2,46.09666666666671,570,20,1
18.26,46.29,580,10,1
18.323333333333295,46.26,590,20,1
18.39,46.1266666666667,600,20,1
18.39,46.0,610,20,1
18.4725,45.745,620,40,1
18.566666666666695,45.2666666666667,630,30,1
18.6333333333333,45.0,640,40,1
18.76,45.0,650,40,1
18.89,44.83333333333329,660,30,1
18.963333333333296,44.5666666666667,670,40,1
19.1,44.723333333333294,680,30,1
19.1666666666667,44.6633333333333,690,40,1
19.2,44.8266666666667,700,30,1
19.26,44.9666666666667,710,30,1
19.323333333333295,44.863333333333294,720,30,1
19.39,44.79,730,30,1
19.533333333333296,44.723333333333294,740,40,1
19.6666666666667,44.53,750,30,1
19.73,44.26,760,30,1
19.8566666666667,44.26,770,30,1
20.0,45.5666666666667,780,20,1
20.066666666666695,48.9666666666667,790,20,1
20.1333333333333,47.9933333333333,800,10,1
20.26,47.4,810,10,1
20.34,46.395,820,10,1
20.4266666666667,45.93,830,10,1
20.5,45.73,840,20,1
20.6333333333333,45.433333333333294,850,30,1
20.76,45.433333333333294,860,40,1
20.9266666666667,45.223333333333294,870,30,1
21.066666666666695,45.1633333333333,880,20,1
21.2,45.1633333333333,890,20,1
21.26,45.09,900,20,1
21.323333333333295,45.223333333333294,910,10,1
21.39,45.03,920,10,1
21.39,45.0666666666667,930,0,0
21.39,45.1266666666667,940,10,1
21.5,45.1333333333333,950,10,1
21.5,45.06,960,0,0
21.4266666666667,44.963333333333296,970,10,1
21.4266666666667,45.03,980,0,0
21.5,45.03,990,10,1
21.5,45.03,1000,0,0
21.6,45.03,1010,0,0
21.6,45.1175,1020,10,1
21.6,45.1266666666667,1030,10,1
21.6666666666667,45.33333333333329,1040,20,1
21.6,44.5266666666667,1050,10,1
21.6,44.1333333333333,1060,10,1
21.6,43.86,1070,10,1
21.6333333333333,43.7,1080,10,1
21.7,43.7,1090,0,0
21.7,43.56,1100,0,0
21.7,43.433333333333294,1110,10,1
21.7,43.29,1120,0,0
21.7,43.23,1130,10,1
21.7,43.2,1140,10,1
21.7,43.26,1150,10,1
21.73,43.1633333333333,1160,30,1
21.79,43.03,1170,20,1
21.89,42.76,1180,30,1
21.963333333333296,42.5666666666667,1190,30,1
22.0,42.363333333333294,1200,30,1
22.075,42.195,1210,10,1
22.1,42.03,1220,10,1
22.1,41.9,1230,0,0
22.1,41.9,1240,0,0
22.1333333333333,41.9,1250,0,0
22.2,41.9,1260,0,0
22.2,41.79,1270,0,0
22.2,41.79,1280,0,0
22.1666666666667,41.8266666666667,1290,0,0
22.1,41.9,1300,10,1
22.066666666666695,41.863333333333294,1310,0,0
22.0,41.79,1320,10,1
22.0,41.79,1330,20,1
21.9266666666667,41.79,1340,0,0
21.89,41.73,1350,10,1
21.823333333333295,41.73,1360,0,0
21.76,41.8266666666667,1370,0,0
21.7,42.1,1380,0,0
21.6666666666667,42.26,1390,0,0
21.6666666666667,42.26,1400,0,0
21.55,42.29,1410,0,0
21.5,42.3266666666667,1420,0,0
21.5,42.4,1430,0,0
21.463333333333296,42.363333333333294,0,0,0
21.39,42.29,10,0,0
21.3566666666667,42.29,20,0,0
21.29,42.363333333333294,30,0,0
21.29,42.4,40,0,0
21.23,42.4,50,0,0
21.2,42.4,60,0,0
21.2,42.4,70,0,0
21.1666666666667,42.4,80,0,0
21.1,42.4666666666667,90,0,0
21.066666666666695,42.4666666666667,100,0,0
21.0,42.4,110,0,0
21.0,42.4,120,0,0
21.0,42.4,130,0,0
21.0,42.5,140,0,0
20.9266666666667,42.5,150,0,0
20.8566666666667,42.5,160,0,0
20.79,42.5,170,0,0
20.79,42.5,180,0,0
20.76,42.53,190,0,0
20.7,42.59,200,0,0
20.7,42.59,210,0,0
20.7,42.6633333333333,220,0,0
20.6666666666667,42.6633333333333,230,0,0
20.6,42.59,240,0,0
20.6,42.7,250,0,0
20.6,42.7,260,0,0
20.566666666666695,42.7,270,0,0
20.5,42.7,280,0,0
20.5,42.79,290,0,0
20.5,42.79,300,0,0
20.39,42.79,310,0,0
20.39,42.79,320,0,0
20.3566666666667,42.79,330,0,0
20.29,42.79,340,0,0
20.29,42.8266666666667,350,0,0
20.29,42.9,360,20,1
20.29,43.145,370,0,0
20.2,43.3266666666667,380,0,0
20.2,43.4666666666667,390,0,0
20.2,43.53,400,0,0
20.1333333333333,43.59,410,0,0
20.1,43.6266666666667,420,0,0
20.1,43.7,430,0,0
20.066666666666695,43.7,440,0,0
20.0,43.7,450,0,0
20.0,43.7,460,0,0
20.0,43.7,470,0,0
20.0,43.7,480,0,0
20.0,43.76,490,0,0
19.963333333333296,43.79,500,0,0
19.89,43.79,510,0,0
19.89,43.9,520,0,0
19.89,43.9,530,0,0
19.8566666666667,43.9,540,0,0
19.8566666666667,43.9,550,0,0
19.79,43.9,560,0,0
19.79,43.9,570,0,0
19.79,43.9666666666667,580,0,0
19.79,44.0,590,0,0
19.79,44.0,600,0,0
19.73,44.0,610,0,0
19.79,44.06,620,0,0
19.79,44.09,630,0,0
19.79,44.1633333333333,640,0,0
19.79,44.2,650,0,0
19.8566666666667,44.33333333333329,660,0,0
19.89,44.26,670,0,0
19.963333333333296,44.2,680,0,0
20.0,44.1633333333333,690,0,0
20.066666666666695,44.09,700,0,0
20.1,44.0,710,0,0
20.1,44.0,720,0,0
20.1,43.9,730,0,0
20.1,43.9,740,0,0
20.15,43.79,750,0,0
20.2,43.76,760,0,0
20.2,43.7,770,0,0
20.29,43.6633333333333,780,0,0
20.29,43.59,790,0,0
20.29,43.59,800,0,0
20.29,43.59,810,0,0
20.29,43.59,820,0,0
20.3566666666667,43.53,830,0,0
20.39,43.5,840,0,0
20.39,43.433333333333294,850,0,0
20.4266666666667,43.4,860,0,0
20.5,43.3266666666667,870,0,0
20.6,43.2,880,0,0
20.6666666666667,43.2,890,0,0
20.7,43.2,900,0,0
20.76,43.2,910,0,0
20.823333333333295,43.23,920,0,0
20.89,43.29,930,0,0
20.9266666666667,43.2,940,0,0
21.0,43.2,950,0,0
21.0,43.1266666666667,960,0,0
21.0,43.09,970,0,0
21.0,43.09,980,0,0
21.0,43.09,990,0,0
21.0,43.09,1000,0,0
21.0,43.09,1010,0,0
21.0,43.1633333333333,1020,0,0
20.89,43.1633333333333,1030,0,0
20.89,43.09,1040,0,0
20.89,43.09,1050,0,0
20.823333333333295,43.09,1060,0,0
20.79,43.09,1070,0,0
20.79,43.09,1080,0,0
20.7,43.09,1090,0,0
20.7,43.1633333333333,1100,0,0
20.7,43.2,1110,0,0
20.6333333333333,43.1266666666667,1120,0,0
20.6,43.09,1130,0,0
20.6,43.1175,1140,0,0
20.533333333333296,43.2,1150,0,0
20.5,43.2,1160,0,0
20.5,43.2,1170,0,0
20.463333333333296,43.26,1180,20,1
20.39,43.1266666666667,1190,10,1
20.39,43.2666666666667,1200,20,1
20.39,43.4,1210,10,1
20.4266666666667,43.363333333333294,1220,0,0
20.5,43.29,1230,10,1
20.5,43.39,1240,10,1
20.5,43.723333333333294,1250,20,1
20.6,43.4666666666667,1260,10,1
20.6,43.3266666666667,1270,10,1
20.7,43.433333333333294,1280,30,1
20.7,43.6333333333333,1290,20,1
20.823333333333295,43.6333333333333,1300,10,1
20.89,43.433333333333294,1310,10,1
21.0,43.29,1320,10,1
21.0,43.29,1330,10,1
21.05,43.29,1340,0,0
21.1,43.3266666666667,1350,0,0
21.1666666666667,43.4,1360,10,1
21.1333333333333,43.4,1370,0,0
21.2,43.3266666666667,1380,10,1
21.2,43.29,1390,0,0
21.2,43.23,1400,20,1
21.2,43.1633333333333,1410,20,1
21.26,43.1633333333333,1420,30,1
21.29,43.09,1430,30,1
21.29,43.09,0,20,1
21.29,43.09,10,30,1
21.29,43.09,20,20,1
21.26,43.1633333333333,30,20,1
21.2,43.09,40,30,1
21.2,43.2,50,10,1
21.2,43.33333333333329,60,0,0
21.2,43.4,70,0,0
21.1333333333333,43.4,80,0,0
21.1,43.5,90,0,0
21.1,43.595,100,10,1
21.033333333333296,43.6266666666667,110,0,0
21.0,43.7,120,0,0
21.0,43.7,130,0,0
21.0,43.73,140,0,0
20.9266666666667,43.863333333333294,150,0,0
20.89,43.9,160,0,0
20.89,43.9666666666667,170,0,0
20.8566666666667,44.0,180,0,0
20.8566666666667,44.06,190,10,1
20.79,44.0,200,0,0
20.79,44.0,210,0,0
20.7,44.0,220,0,0
20.7,43.933333333333294,230,0,0
20.7,43.933333333333294,240,0,0
20.6333333333333,43.933333333333294,250,0,0
20.6,43.9,260,0,0
20.6,43.9,270,0,0
20.6,43.9,280,0,0
20.6,43.9,290,10,1
20.533333333333296,43.9,300,0,0
20.5,43.933333333333294,310,0,0
20.5,44.0,320,0,0
20.5,44.0,330,0,0
20.5,44.0,340,0,0
20.39,44.0,350,0,0
20.39,44.0,360,0,0
20.39,44.03,370,0,0
20.323333333333295,44.09,380,0,0
20.29,44.1266666666667,390,0,0
20.29,44.2,400,0,0
20.29,44.2,410,0,0
20.29,44.2,420,0,0
20.26,44.2,430,0,0
20.2,44.26,440,0,0
20.2,44.29,450,0,0
20.2,44.363333333333294,460,0,0
20.2,44.433333333333294,470,30,1
20.1333333333333,44.6333333333333,480,10,1
20.1,44.79,490,10,1
20.1,44.9,500,10,1
20.1,45.0266666666667,510,10,1
20.1,45.09,520,0,0
20.1,45.1633333333333,530,0,0
20.1,45.2,540,0,0
20.1,45.2,550,0,0
20.1,45.1633333333333,560,0,0
20.1,45.09,570,0,0
20.1,45.2,580,0,0
20.1,45.2,590,0,0
20.1,45.23,600,0,0
20.033333333333296,45.23,610,0,0
20.0,45.1266666666667,620,0,0
20.0,45.2,630,0,0
20.0,45.29,640,0,0
20.0,45.29,650,0,0
20.0,45.29,660,0,0
20.0,45.29,670,0,0
20.0,45.345,680,0,0
19.89,45.4,690,0,0
19.963333333333296,45.4,700,0,0
19.89,45.4,710,0,0
19.89,45.4666666666667,720,0,0
19.89,45.5,730,0,0
19.89,45.5,740,0,0
19.89,45.5,750,0,0
19.89,45.5,760,0,0
19.89,45.5,770,0,0
19.89,45.5,780,0,0
19.823333333333295,45.433333333333294,790,0,0
19.89,45.5,800,0,0
19.89,45.5,810,0,0
19.89,45.5,820,0,0
19.89,45.5,830,0,0
19.89,45.433333333333294,840,0,0
19.89,45.4,850,0,0
19.89,45.4,860,0,0
19.89,45.29,870,0,0
19.89,45.29,880,0,0
19.89,45.29,890,0,0
19.9266666666667,45.2,900,0,0
19.9266666666667,45.2,910,0,0
19.963333333333296,45.2,920,0,0
19.963333333333296,45.33333333333329,930,0,0
19.963333333333296,45.4666666666667,940,0,0
19.963333333333296,45.4,950,0,0
19.9266666666667,45.5,960,0,0
19.9266666666667,45.5,970,0,0
19.89,45.5,980,0,0
19.89,45.5,990,0,0
19.89,45.53,1000,0,0
19.89,45.53,1010,0,0
19.89,45.5,1020,0,0
19.89,45.5,1030,0,0
19.8566666666667,45.43,1040,0,0
19.8566666666667,45.363333333333294,1050,0,0
19.8566666666667,45.29,1060,0,0
19.79,45.2225,1070,0,0
19.79,45.2,1080,0,0
19.79,45.2,1090,0,0
19.79,45.1266666666667,1100,0,0
19.79,45.09,1110,0,0
19.73,45.09,1120,0,0
19.76,45.09,1130,0,0
19.7,45.09,1140,0,0
19.7,45.09,1150,0,0
19.7,45.09,1160,0,0
19.7,45.09,1170,0,0
19.7,45.09,1180,0,0
19.6666666666667,45.06,1190,0,0
19.6,45.0,1200,0,0
19.6,45.0,1210,0,0
19.6,45.0,1220,0,0
19.6,45.0,1230,0,0
19.6,45.0,1240,10,1
19.6,46.033333333333296,1250,10,1
19.6666666666667,52.033333333333296,1260,10,1
19.84,57.395,1270,10,1
20.0,54.8,1280,10,1
20.066666666666695,53.4666666666667,1290,0,0
20.1333333333333,51.9666666666667,1300,0,0
20.26,51.1,1310,0,0
20.39,50.2333333333333,1320,0,0
20.463333333333296,49.6333333333333,1330,0,0
20.6333333333333,48.863333333333294,1340,0,0
20.7,48.39,1350,0,0
20.79,47.7966666666667,1360,0,0
20.8566666666667,47.463333333333296,1370,30,1
21.0,47.0633333333333,1380,40,1
21.066666666666695,46.73,1390,50,1
21.1333333333333,46.33333333333329,1400,30,1
21.2,46.0666666666667,1410,40,1
21.2,45.7966666666667,1420,20,1
21.26,45.59,1430,30,1
21.29,45.363333333333294,0,20,1
21.29,45.23,10,20,1
21.29,45.045,20,10,1
21.2,44.863333333333294,30,0,0
21.2,44.79,40,0,0
21.2,44.6633333333333,50,0,0
21.1333333333333,44.59,60,0,0
21.1,44.56,70,0,0
21.033333333333296,44.433333333333294,80,0,0
21.0,44.29,90,0,0
21.0,44.23,100,0,0
20.89,44.2,110,0,0
20.89,44.2,120,0,0
20.8566666666667,44.1633333333333,130,0,0
20.79,44.09,140,0,0
20.79,44.09,150,0,0
20.73,44.09,160,0,0
20.7,44.09,170,0,0
20.7,44.09,180,0,0
20.6666666666667,44.1633333333333,190,0,0
20.6,44.09,200,0,0
20.6,44.2,210,0,0
20.525,44.2,220,0,0
20.5,44.26,230,0,0
20.5,44.3266666666667,240,0,0
20.4266666666667,44.3266666666667,250,0,0
20.39,44.23,260,0,0
20.39,44.29,270,0,0
20.3566666666667,44.3266666666667,280,0,0
20.29,44.4,290,0,0
20.29,44.5,300,0,0
20.29,44.5,310,0,0
20.2,44.4,320,0,0
20.2,44.4666666666667,330,0,0
20.2,44.59,340,0,0
20.2,44.6633333333333,350,0,0
20.1,44.7,360,0,0
20.1,44.76,370,0,0
20.1,44.8266666666667,380,0,0
20.1,44.9,390,0,0
20.0,44.79,400,0,0
20.0,44.8175,410,10,1
20.0,44.9666666666667,420,10,1
19.89,45.463333333333296,430,10,1
19.963333333333296,45.6633333333333,440,10,1
19.963333333333296,45.863333333333294,450,0,0
19.89,45.863333333333294,460,0,0
19.89,45.933333333333294,470,0,0
19.823333333333295,46.06,480,0,0
19.79,46.09,490,0,0
19.79,46.03,500,0,0
19.79,46.0,510,0,0
19.79,46.0,520,0,0
19.79,46.0,530,0,0
19.79,46.0,540,0,0
19.79,45.9666666666667,550,0,0
19.79,45.9,560,0,0
19.79,45.9,570,0,0
19.79,45.9,580,0,0
19.79,45.9,590,0,0
19.73,45.9666666666667,600,0,0
19.7,46.145,610,0,0
19.7,46.2,620,0,0
19.7,46.2,630,0,0
19.7,46.2,640,0,0
19.7,46.1266666666667,650,0,0
19.7,46.09,660,0,0
19.7,46.09,670,0,0
19.7,46.09,680,0,0
19.7,46.09,690,0,0
19.76,46.06,700,0,0
19.7,46.0,710,0,0
19.7,46.0,720,0,0
19.76,46.0,730,0,0
19.7,46.0,740,0,0
19.76,46.0,750,0,0
19.76,46.0,760,0,0
19.76,46.0,770,0,0
19.7,46.0,780,0,0
19.7,46.0,790,0,0
19.79,46.0,800,0,0
19.7,46.0,810,0,0
19.7,46.0,820,0,0
19.7,46.0,830,0,0
19.7,46.0,840,0,0
19.7,46.0,850,0,0
19.7,46.0,860,0,0
19.7,46.0,870,0,0
19.7,46.0,880,0,0
19.7,46.06,890,0,0
19.7,46.06,900,0,0
19.7,46.09,910,0,0
19.7,46.09,920,0,0
19.7,46.1266666666667,930,0,0
19.7,46.2,940,0,0
19.6333333333333,46.03,950,0,0
19.7,46.09,960,0,0
19.6,46.0,970,0,0
19.6,46.0,980,0,0
19.6,46.0,990,0,0
19.6,46.0,1000,0,0
19.6,46.0,1010,0,0
19.6,46.09,1020,0,0
19.6,46.09,1030,0,0
19.566666666666695,46.09,1040,0,0
19.5,46.09,1050,0,0
19.5,46.09,1060,0,0
19.5,46.1633333333333,1070,0,0
19.5,46.2,1080,0,0
19.5,46.2,1090,0,0
19.5,46.23,1100,0,0
19.5,46.29,1110,0,0
19.5,46.29,1120,0,0
19.4266666666667,46.29,1130,0,0
19.39,46.29,1140,0,0
19.39,46.29,1150,0,0
19.39,46.3266666666667,1160,0,0
19.39,46.4,1170,0,0
19.39,46.433333333333294,1180,0,0
19.365,46.5,1190,0,0
19.29,46.5,1200,0,0
19.29,46.59,1210,0,0
19.29,46.59,1220,0,0
19.29,46.59,1230,0,0
19.29,46.6633333333333,1240,0,0
19.29,46.7,1250,0,0
19.29,46.76,1260,0,0
19.29,46.79,1270,0,0
19.29,46.79,1280,0,0
19.29,46.79,1290,0,0
19.29,46.79,1300,0,0
19.29,46.9,1310,0,0
19.23,46.8266666666667,1320,0,0
19.29,46.9,1330,0,0
19.23,46.8266666666667,1340,0,0
19.2,46.9,1350,0,0
19.2,46.9,1360,0,0
19.2,46.9,1370,0,0
19.2,46.925,1380,0,0
19.2,47.0,1390,0,0
19.2,47.0,1400,0,0
19.2,47.0,1410,0,0
19.2,47.09,1420,0,0
19.2,47.09,1430,0,0
19.2,47.09,0,0,0
19.1333333333333,47.1633333333333,10,0,0
19.1,47.2,20,0,0
19.1,47.2,30,0,0
19.1,47.23,40,0,0
19.1,47.29,50,0,0
19.1,47.4,60,0,0
19.1,47.4,70,0,0
19.1,47.4,80,0,0
19.1,47.4,90,0,0
19.1,47.433333333333294,100,0,0
19.1,47.5,110,0,0
19.1,47.5,120,0,0
19.1,47.5,130,0,0
19.1,47.5,140,0,0
19.0,47.4,150,0,0
19.0,47.4,160,0,0
19.0,47.4,170,0,0
19.0,47.3266666666667,180,0,0
19.0,47.29,190,0,0
19.0,47.23,200,0,0
19.0,47.2,210,0,0
19.0,47.2,220,0,0
19.0,47.2,230,0,0
19.0,47.1266666666667,240,0,0
19.0,47.09,250,0,0
19.0,47.09,260,0,0
18.963333333333296,47.06,270,0,0
18.963333333333296,47.0,280,0,0
18.89,46.9,290,0,0
18.89,46.9,300,0,0
18.89,46.9,310,0,0
18.89,46.9,320,0,0
18.89,46.79,330,0,0
18.89,46.79,340,0,0
18.89,46.79,350,0,0
18.89,46.76,360,0,0
18.89,46.7,370,0,0
18.89,46.7,380,0,0
18.89,46.7,390,0,0
18.79,46.59,400,0,0
18.79,46.59,410,0,0
18.79,46.59,420,0,0
18.79,46.59,430,0,0
18.79,46.5,440,0,0
18.79,46.5,450,0,0
18.79,46.5,460,0,0
18.79,46.5,470,0,0
18.79,46.5,480,0,0
18.79,46.433333333333294,490,0,0
18.76,46.4,500,0,0
18.76,46.4,510,0,0
18.7,46.345,520,0,0
18.7,46.29,530,0,0
18.7,46.29,540,0,0
18.7,46.2,550,0,0
18.7,46.2,560,0,0
18.7,46.1633333333333,570,0,0
18.7,46.1633333333333,580,0,0
18.7,46.2,590,0,0
18.7,46.26,600,0,0
18.6333333333333,46.23,610,0,0
18.7,46.29,620,0,0
18.7,46.29,630,0,0
18.7,46.29,640,0,0
18.7,46.4,650,0,0
18.76,46.4,660,0,0
18.79,46.29,670,0,0
18.79,46.29,680,0,0
18.823333333333295,46.3266666666667,690,0,0
18.89,46.3266666666667,700,0,0
18.89,46.2,710,0,0
18.89,46.1175,720,0,0
18.89,46.03,730,0,0
19.0,46.0,740,0,0
19.0,45.933333333333294,750,0,0
19.0,45.863333333333294,760,0,0
19.066666666666695,45.79,770,0,0
19.1,45.8266666666667,780,0,0
19.1,45.9,790,0,0
19.1333333333333,45.9,800,0,0
19.2,45.8266666666667,810,0,0
19.2,45.6633333333333,820,0,0
19.2,45.53,830,0,0
19.2,45.4,840,0,0
19.2,45.4,850,0,0
19.2,45.29,860,0,0
19.26,45.29,870,0,0
19.29,45.29,880,0,0
19.29,45.29,890,0,0
19.29,45.29,900,0,0
19.315,45.345,910,0,0
19.39,45.29,920,0,0
19.4266666666667,45.23,930,0,0
19.5,45.23,940,0,0
19.5,45.09,950,0,0
19.5,45.09,960,0,0
19.6,45.06,970,0,0
19.6,45.0,980,0,0
19.6,45.0,990,0,0
19.6,45.0,1000,0,0
19.6,45.03,1010,0,0
19.6,45.09,1020,0,0
19.6,45.0,1030,0,0
19.533333333333296,44.933333333333294,1040,0,0
19.5,44.76,1050,0,0
19.5,44.6266666666667,1060,0,0
19.5,44.56,1070,0,0
19.5,44.5,1080,0,0
19.463333333333296,44.363333333333294,1090,0,0
19.39,44.29,1100,0,0
19.39,44.29,1110,0,0
19.39,44.2,1120,0,0
19.39,44.2,1130,0,0
19.29,44.2,1140,0,0
19.29,44.2,1150,0,0
19.29,44.1266666666667,1160,0,0
19.29,44.1266666666667,1170,0,0
19.26,44.06,1180,0,0
19.2,44.0,1190,0,0
19.2,44.0,1200,0,0
19.2,44.0,1210,0,0
19.1666666666667,44.09,1220,0,0
19.1,44.03,1230,0,0
19.1,44.0,1240,0,0
19.1,44.0,1250,0,0
19.066666666666695,43.9666666666667,1260,0,0
19.0,43.9,1270,0,0
19.0,43.863333333333294,1280,0,0
19.0,43.79,1290,0,0
19.0,43.79,1300,0,0
18.963333333333296,43.79,1310,0,0
18.89,43.79,1320,0,0
18.89,43.79,1330,0,0
18.89,43.79,1340,0,0
18.89,43.79,1350,0,0
18.89,43.79,1360,0,0
18.79,43.7,1370,0,0
18.79,43.7,1380,0,0
18.8566666666667,43.723333333333294,1390,0,0
18.79,43.59,1400,0,0
18.79,43.59,1410,0,0
18.79,43.59,1420,0,0
18.79,43.59,1430,0,0
18.79,43.59,0,0,0
18.7,43.5,10,0,0
18.7,43.5,20,0,0
18.7,43.5,30,0,0
18.7,43.5,40,0,0
18.7,43.5,50,0,0
18.6666666666667,43.4666666666667,60,0,0
18.6,43.4,70,0,0
18.6,43.4,80,0,0
18.6,43.4,90,0,0
18.6,43.4,100,0,0
18.6,43.4,110,0,0
18.6,43.29,120,0,0
18.6,43.29,130,0,0
18.6,43.29,140,0,0
18.533333333333296,43.29,150,0,0
18.5,43.29,160,0,0
18.5,43.29,170,0,0
18.5,43.29,180,0,0
18.5,43.29,190,0,0
18.5,43.29,200,0,0
18.5,43.29,210,0,0
18.5,43.29,220,0,0
18.5,43.23,230,0,0
18.445,43.145,240,0,0
18.39,43.09,250,0,0
18.39,43.09,260,0,0
18.39,43.09,270,0,0
18.39,43.09,280,0,0
18.3566666666667,43.09,290,0,0
18.29,43.09,300,0,0
18.29,43.09,310,0,0
18.29,43.09,320,0,0
18.29,43.09,330,0,0
18.29,43.09,340,0,0
18.29,43.09,350,0,0
18.29,43.09,360,0,0
18.23,43.03,370,0,0
18.23,43.03,380,0,0
18.2,43.09,390,0,0
18.2,43.09,400,0,0
18.2,43.09,410,0,0
18.2,43.09,420,0,0
18.2,43.2,430,0,0
18.2,43.2,440,0,0
18.2,43.26,450,0,0
18.1666666666667,43.29,460,0,0
18.1,43.29,470,0,0
18.1,43.29,480,0,0
18.1,43.29,490,0,0
18.1,43.3266666666667,500,0,0
18.1,43.4,510,0,0
18.1,43.4,520,0,0
18.1,43.4,530,0,0
18.1,43.4,540,0,0
18.1,43.4,550,0,0
18.066666666666695,43.4,560,0,0
18.0,43.3266666666667,570,0,0
18.033333333333296,43.36,580,0,0
18.033333333333296,43.433333333333294,590,0,0
18.0,43.4,600,0,0
18.0,43.4666666666667,610,0,0
18.0,43.5,620,0,0
18.0,43.5,630,0,0
18.0,43.5,640,0,0
18.0,43.53,650,0,0
18.0,43.59,660,0,0
18.0,43.59,670,0,0
18.0,43.6633333333333,680,0,0
18.0,43.7,690,0,0
18.0,43.7,700,0,0
18.0,43.79,710,0,0
18.0,43.79,720,0,0
17.9266666666667,43.9,730,0,0
18.0,43.9,740,0,0
17.89,44.0,750,0,0
17.89,44.0,760,0,0
18.0,44.03,770,0,0
17.9266666666667,44.09,780,0,0
17.9266666666667,44.2,790,0,0
17.9266666666667,44.2,800,0,0
17.945,44.2,810,0,0
17.89,44.29,820,0,0
17.89,44.29,830,0,0
17.89,44.3266666666667,840,0,0
17.89,44.4,850,0,0
17.89,44.4,860,0,0
17.89,44.4666666666667,870,0,0
17.89,44.5,880,0,0
17.89,44.56,890,0,0
17.89,44.59,900,0,0
17.89,44.6633333333333,910,0,0
17.89,44.73,920,0,0
17.89,44.79,930,0,0
17.89,44.86,940,0,0
17.89,45.06,950,0,0
17.89,45.6333333333333,960,0,0
17.89,46.0266666666667,970,0,0
17.9266666666667,46.23,980,0,0
18.0,46.29,990,0,0
18.1,46.4,1000,10,1
18.175,46.3175,1010,0,0
18.26,46.29,1020,10,1
18.323333333333295,46.1633333333333,1030,0,0
18.39,46.09,1040,0,0
18.533333333333296,46.06,1050,10,1
18.6,46.0,1060,0,0
18.7,45.9666666666667,1070,0,0
18.76,45.9,1080,10,1
18.9266666666667,45.863333333333294,1090,0,0
19.066666666666695,45.73,1100,10,1
19.23,45.59,1110,0,0
19.3566666666667,45.463333333333296,1120,0,0
19.4266666666667,45.29,1130,10,1
19.566666666666695,45.23,1140,10,1
19.6333333333333,45.0,1150,10,1
19.7,44.86,1160,0,0
19.73,44.7,1170,0,0
19.79,44.6266666666667,1180,0,0
19.823333333333295,44.5,1190,10,1
19.9175,44.475,1200,0,0
20.0,44.3266666666667,1210,0,0
20.1,44.363333333333294,1220,0,0
20.1666666666667,44.29,1230,0,0
20.2,44.2,1240,0,0
20.2,44.2,1250,0,0
20.29,44.2,1260,0,0
20.29,44.2,1270,0,0
20.323333333333295,44.09,1280,10,1
20.39,44.09,1290,0,0
20.39,44.0,1300,0,0
20.39,44.0,1310,0,0
20.39,43.9666666666667,1320,0,0
20.39,43.7666666666667,1330,0,0
20.3566666666667,43.7,1340,0,0
20.29,43.7,1350,0,0
20.29,43.7,1360,0,0
20.29,43.7,1370,0,0
20.26,43.6633333333333,1380,0,0
20.2,43.59,1390,0,0
20.2,43.6633333333333,1400,0,0
20.1,43.7,1410,0,0
20.1,43.7,1420,0,0
20.1,43.79,1430,0,0
20.033333333333296,43.73,0,0,0
20.0,43.7,10,0,0
20.0,43.76,20,0,0
19.963333333333296,43.79,30,0,0
19.89,43.79,40,0,0
19.8566666666667,43.76,50,0,0
19.79,43.76,60,0,0
19.79,43.79,70,0,0
19.73,43.79,80,0,0
19.7,43.9,90,0,0
19.7,43.9,100,0,0
19.7,43.9,110,0,0
19.6333333333333,43.8266666666667,120,0,0
19.6,43.79,130,0,0
19.6,43.79,140,0,0
19.55,43.9,150,0,0
19.5,43.9,160,0,0
19.5,43.9666666666667,170,0,0
19.5,44.0,180,0,0
19.4266666666667,43.933333333333294,190,0,0
19.39,44.0,200,0,0
19.39,44.0,210,0,0
19.3566666666667,44.0,220,0,0
19.29,44.06,230,0,0
19.29,44.09,240,0,0
19.29,44.09,250,0,0
19.29,44.1266666666667,260,0,0
19.23,44.1266666666667,270,0,0
19.2,44.09,280,0,0
19.2,44.1633333333333,290,0,0
19.1666666666667,44.2,300,0,0
19.1,44.2,310,0,0
19.1,44.29,320,0,0
19.1,44.29,330,0,0
19.1,44.4,340,0,0
19.066666666666695,44.4666666666667,350,0,0
19.0,44.4,360,0,0
19.0,44.433333333333294,370,0,0
19.0,44.5,380,0,0
19.0,44.59,390,0,0
19.0,44.59,400,0,0
18.963333333333296,44.7,410,0,0
18.89,44.76,420,0,0
18.89,44.79,430,0,0
18.89,44.79,440,0,0
18.89,44.9,450,0,0
18.89,44.9666666666667,460,0,0
18.8566666666667,44.9666666666667,470,0,0
18.79,44.9,480,0,0
18.79,45.0,490,0,0
18.79,45.0,500,10,1
18.79,45.2266666666667,510,0,0
18.79,45.56,520,0,0
18.79,45.8266666666667,530,10,1
18.79,46.025,540,0,0
18.79,46.2,550,0,0
18.823333333333295,46.2,560,0,0
18.89,46.2,570,0,0
18.89,46.1633333333333,580,0,0
18.89,46.09,590,0,0
19.0,46.09,600,0,0
19.0,46.09,610,0,0
19.033333333333296,46.1266666666667,620,0,0
19.1,46.2,630,0,0
19.23,46.1266666666667,640,0,0
19.3566666666667,46.33333333333329,650,0,0
19.4266666666667,46.53,660,0,0
19.566666666666695,46.6633333333333,670,0,0
19.6333333333333,46.8266666666667,680,0,0
19.7,46.9,690,0,0
19.79,46.76,700,10,1
19.79,47.033333333333296,710,10,1
19.823333333333295,47.53,720,0,0
19.89,47.4725,730,10,1
19.89,47.83333333333329,740,10,1
20.0,47.7666666666667,750,0,0
20.0,47.2266666666667,760,0,0
20.0,46.83333333333329,770,0,0
20.0,46.5666666666667,780,0,0
20.0,46.223333333333294,790,0,0
20.0,46.03,800,10,1
20.0,45.7966666666667,810,0,0
20.0,45.463333333333296,820,10,1
19.9266666666667,45.29,830,10,1
20.0,45.1566666666667,840,0,0
20.0,45.0,850,10,1
20.066666666666695,45.4666666666667,860,0,0
20.1,45.29,870,0,0
20.1666666666667,45.23,880,0,0
20.29,45.06,890,0,0
20.3566666666667,45.06,900,0,0
20.4266666666667,45.0,910,0,0
20.575,44.8975,920,10,1
20.6666666666667,44.863333333333294,930,0,0
20.7,44.9,940,0,0
20.76,44.5,950,0,0
20.79,44.223333333333294,960,0,0
20.8566666666667,44.09,970,0,0
20.89,43.76,980,0,0
20.963333333333296,43.5666666666667,990,0,0
21.0,43.2966666666667,1000,10,1
21.0,43.03,1010,0,0
21.0,43.1566666666667,1020,20,1
21.0,42.9566666666667,1030,20,1
21.0,43.2566666666667,1040,30,1
21.0,43.6633333333333,1050,20,1
21.1,43.8266666666667,1060,20,1
21.1,43.8266666666667,1070,20,1
21.066666666666695,43.83333333333329,1080,20,1
21.0,43.5666666666667,1090,30,1
21.1,43.2666666666667,1100,20,1
21.1666666666667,42.8,1110,0,0
21.245,42.645,1120,30,1
21.323333333333295,42.433333333333294,1130,0,0
21.39,42.893333333333295,1140,10,1
21.533333333333296,45.86,1150,0,0
21.6666666666667,56.393333333333295,1160,0,0
21.79,63.36,1170,10,1
21.79,59.6333333333333,1180,0,0
21.89,55.2333333333333,1190,10,1
21.89,53.1,1200,10,1
21.89,50.89,1210,10,1
21.89,49.2966666666667,1220,10,1
22.033333333333296,47.6966666666667,1230,0,0
22.1,46.6966666666667,1240,0,0
22.1333333333333,45.7666666666667,1250,0,0
22.2,45.16666666666671,1260,0,0
22.2,44.5633333333333,1270,0,0
22.2,44.1566666666667,1280,0,0
22.29,43.7966666666667,1290,0,0
22.29,43.39,1300,0,0
22.2,42.93,1310,0,0
22.2,42.695,1320,0,0
22.2,42.53,1330,0,0
22.1,42.363333333333294,1340,20,1
22.1,42.29,1350,0,0
22.066666666666695,42.19333333333329,1360,0,0
22.0,41.933333333333294,1370,0,0
21.89,41.933333333333294,1380,0,0
21.89,42.06,1390,0,0
21.79,42.03,1400,0,0
21.79,42.09,1410,0,0
21.76,42.09,1420,0,0
21.7,42.1633333333333,1430,0,0
21.6,42.09,0,0,0
21.6,42.1633333333333,10,0,0
21.566666666666695,42.2,20,0,0
21.5,42.2,30,0,0
21.463333333333296,42.1633333333333,40,0,0
21.39,42.1633333333333,50,0,0
21.3566666666667,42.2,60,0,0
21.29,42.2,70,0,0
21.245,42.145,80,0,0
21.2,42.09,90,0,0
21.1333333333333,42.03,100,0,0
21.1,42.0,110,0,0
21.1,42.0,120,0,0
21.0,41.9,130,0,0
21.0,41.9,140,0,0
20.9266666666667,41.9,150,0,0
20.9266666666667,41.9666666666667,160,0,0
20.89,42.0,170,0,0
20.823333333333295,41.933333333333294,180,0,0
20.79,42.0,190,0,0
20.79,42.06,200,0,0
20.7,42.09,210,0,0
20.7,42.1633333333333,220,0,0
20.7,42.2,230,0,0
20.6333333333333,42.1266666666667,240,0,0
20.6,42.2,250,0,0
20.6,42.2,260,0,0
20.5,42.245,270,0,0
20.5,42.29,280,0,0
20.5,42.29,290,0,0
20.39,42.29,300,0,0
20.39,42.29,310,0,0
20.39,42.3266666666667,320,0,0
20.323333333333295,42.4,330,0,0
20.29,42.4,340,0,0
20.29,42.4666666666667,350,0,0
20.29,42.5,360,0,0
20.23,42.433333333333294,370,0,0
20.2,42.5,380,0,0
20.2,42.6333333333333,390,0,0
20.2,42.7,400,0,0
20.1333333333333,42.7,410,0,0
20.1,42.7,420,0,0
20.1,42.76,430,0,0
20.033333333333296,42.73,440,0,0
20.033333333333296,42.73,450,0,0
20.0,42.7,460,0,0
20.0,42.7675,470,10,1
20.0,42.79,480,10,1
19.963333333333296,42.863333333333294,490,40,1
19.89,42.93,500,40,1
19.9266666666667,42.86,510,10,1
20.0,43.0,520,10,1
20.033333333333296,43.433333333333294,530,10,1
20.1,43.56,540,20,1
20.1333333333333,43.53,550,10,1
20.2,43.53,560,30,1
20.29,43.19333333333329,570,40,1
20.3566666666667,42.933333333333294,580,30,1
20.5,42.6633333333333,590,30,1
20.5,42.59,600,30,1
20.5,42.56,610,30,1
20.566666666666695,42.5,620,30,1
20.6,42.5,630,10,1
20.6666666666667,42.6333333333333,640,10,1
20.73,42.56,650,10,1
20.815,42.3425,660,10,1
20.963333333333296,42.23,670,10,1
21.033333333333296,41.9666666666667,680,10,1
21.1666666666667,41.69333333333329,690,10,1
21.23,41.4,700,10,1
21.29,41.3266666666667,710,10,1
21.29,41.033333333333296,720,20,1
21.23,40.4266666666667,730,30,1
21.29,40.29,740,40,1
21.29,40.29,750,30,1
21.323333333333295,40.4,760,40,1
21.463333333333296,40.6,770,30,1
21.6,40.7,780,30,1
21.6666666666667,40.7,790,10,1
21.73,40.59,800,10,1
21.79,40.6633333333333,810,10,1
21.89,40.8266666666667,820,10,1
21.89,40.9666666666667,830,20,1
21.9266666666667,40.9666666666667,840,20,1
22.0,40.9,850,20,1
22.1,40.95,860,10,1
22.066666666666695,40.76333333333329,870,0,0
21.9266666666667,40.43,880,10,1
21.823333333333295,40.86,890,0,0
21.89,41.1333333333333,900,0,0
22.0,41.433333333333294,910,10,1
22.066666666666695,41.893333333333295,920,0,0
22.1,42.06,930,10,1
22.1,42.0,940,0,0
22.1,42.03,950,0,0
22.1,42.1633333333333,960,20,1
22.1666666666667,42.4966666666667,970,10,1
22.1666666666667,43.63,980,10,1
22.2,44.23,990,0,0
22.2,44.1566666666667,1000,10,1
22.1666666666667,43.93,1010,0,0
22.1,43.73,1020,0,0
22.1,43.6633333333333,1030,0,0
22.1,43.59,1040,10,1
22.1,43.59,1050,20,1
22.175,44.17,1060,20,1
22.26,44.363333333333294,1070,20,1
22.29,44.4566666666667,1080,30,1
22.3566666666667,45.73,1090,40,1
22.39,45.1,1100,50,1
22.39,44.69333333333329,1110,40,1
22.463333333333296,44.56,1120,20,1
22.463333333333296,45.1,1130,30,1
22.533333333333296,47.1966666666667,1140,30,1
22.6,47.93,1150,20,1
22.7,47.863333333333294,1160,30,1
22.7,47.33,1170,20,1
22.79,46.5633333333333,1180,20,1
22.79,46.1566666666667,1190,30,1
22.79,45.69333333333329,1200,20,1
22.79,45.433333333333294,1210,30,1
22.8566666666667,45.4,1220,30,1
22.79,45.66666666666671,1230,20,1
23.0,47.793333333333294,1240,30,1
22.9266666666667,46.66666666666671,1250,20,1
22.89,46.145,1260,20,1
22.9266666666667,46.03,1270,20,1
23.0,46.09,1280,10,1
23.0,46.2,1290,10,1
23.0,46.26,1300,20,1
22.963333333333296,46.3266666666667,1310,10,1
22.89,46.4,1320,10,1
22.8566666666667,46.33333333333329,1330,10,1
22.79,46.2,1340,10,1
22.79,46.4666666666667,1350,20,1
22.73,46.4,1360,10,1
22.6666666666667,46.43,1370,10,1
22.6,46.29,1380,10,1
22.5,46.3266666666667,1390,10,1
22.5,46.4,1400,10,1
22.39,46.3266666666667,1410,10,1
22.323333333333295,46.4,1420,10,1
22.29,46.5,1430,10,1
22.23,46.433333333333294,0,20,1
22.2,46.433333333333294,10,10,1
22.175,46.5225,20,10,1
22.1,46.59,30,10,1
22.1,46.73,40,20,1
22.033333333333296,46.79,50,10,1
22.0,47.0,60,10,1
22.0,47.06,70,10,1
21.89,47.09,80,10,1
21.89,47.09,90,10,1
21.8566666666667,47.06,100,10,1
21.79,47.0,110,10,1
21.79,47.0,120,20,1
21.79,47.0,130,10,1
21.7,46.933333333333294,140,10,1
21.7,46.933333333333294,150,10,1
21.7,47.0,160,10,1
21.6333333333333,46.933333333333294,170,10,1
21.6,46.9,180,10,1
21.6,46.9666666666667,190,20,1
21.6,47.0,200,10,1
21.575,47.0225,210,10,1
21.5,47.09,220,10,1
21.5,47.09,230,10,1
21.4266666666667,47.03,240,10,1
21.39,47.09,250,20,1
21.39,47.09,260,10,1
21.39,47.1266666666667,270,10,1
21.39,47.2,280,10,1
21.3566666666667,47.2,290,10,1
21.29,47.2,300,10,1
21.29,47.23,310,10,1
21.29,47.29,320,20,1
21.29,47.3266666666667,330,10,1
21.29,47.4,340,10,1
21.2,47.29,350,10,1
21.2,47.29,360,10,1
21.2,47.29,370,10,1
21.1333333333333,47.363333333333294,380,10,1
21.1666666666667,47.4,390,10,1
21.1,47.4,400,20,1
21.1,47.4,410,10,1
21.1,47.5,420,10,1
21.1,47.69333333333329,430,20,1
21.0,47.8266666666667,440,10,1
21.0,47.9666666666667,450,20,1
21.0,48.03,460,10,1
21.0,48.09,470,20,1
21.0,48.09,480,40,1
21.0,48.1633333333333,490,10,1
21.0,48.2,500,10,1
21.0,48.33333333333329,510,10,1
21.0,48.1633333333333,520,10,1
21.0,48.03,530,10,1
21.0,47.863333333333294,540,20,1
21.066666666666695,47.73,550,10,1
21.1,47.56,560,10,1
21.1,47.433333333333294,570,10,1
21.1333333333333,47.29,580,20,1
21.2,47.29,590,20,1
21.1333333333333,45.6966666666667,600,30,1
21.025,45.29,610,20,1
21.1,45.363333333333294,620,20,1
21.1666666666667,45.5,630,10,1
21.1666666666667,45.6333333333333,640,10,1
21.323333333333295,46.0,650,20,1
21.463333333333296,46.06,660,10,1
21.6,45.33333333333329,670,10,1
21.6666666666667,44.933333333333294,680,10,1
21.73,44.9,690,10,1
21.8566666666667,44.9666666666667,700,20,1
21.9266666666667,45.0,710,10,1
22.066666666666695,45.0,720,10,1
22.1333333333333,45.4,730,10,1
22.26,46.533333333333296,740,10,1
22.39,46.1233333333333,750,10,1
22.39,46.0633333333333,760,10,1
22.5,46.1966666666667,770,20,1
22.566666666666695,45.79,780,10,1
22.6333333333333,45.2966666666667,790,10,1
22.76,44.963333333333296,800,10,1
22.84,44.59,810,10,1
23.0,44.43,820,10,1
23.0,44.23,830,10,1
23.033333333333296,44.723333333333294,840,10,1
23.1666666666667,45.6633333333333,850,10,1
23.2,45.86,860,10,1
23.2,45.933333333333294,870,10,1
23.29,45.7,880,10,1
23.29,45.6266666666667,890,20,1
23.323333333333295,45.363333333333294,900,10,1
23.323333333333295,44.8966666666667,910,10,1
23.3566666666667,44.33333333333329,920,10,1
23.3566666666667,44.0666666666667,930,10,1
23.39,45.1,940,10,1
23.463333333333296,45.6333333333333,950,10,1
23.5,45.6633333333333,960,10,1
23.5,45.463333333333296,970,10,1
23.5,44.66,980,10,1
23.5,44.7333333333333,990,10,1
23.533333333333296,45.1966666666667,1000,10,1
23.6,45.5425,1010,10,1
23.6666666666667,45.4,1020,10,1
23.7633333333333,46.0666666666667,1030,20,1
23.963333333333296,47.66,1040,10,1
23.9266666666667,51.433333333333294,1050,10,1
24.0,52.5666666666667,1060,10,1
24.0,50.1966666666667,1070,10,1
24.0,48.9966666666667,1080,20,1
24.0,47.86,1090,10,1
24.0,46.9933333333333,1100,10,1
24.1,46.2966666666667,1110,20,1
24.033333333333296,45.83,1120,10,1
24.066666666666695,45.363333333333294,1130,10,1
24.0,45.03,1140,20,1
24.0,47.4266666666667,1150,20,1
24.066666666666695,50.5666666666667,1160,20,1
24.1,51.6333333333333,1170,20,1
24.1,50.16,1180,30,1
24.1,48.9933333333333,1190,30,1
24.033333333333296,47.933333333333294,1200,40,1
24.0,47.05,1210,40,1
23.963333333333296,46.6333333333333,1220,40,1
23.89,46.36,1230,40,1
23.89,46.1333333333333,1240,40,1
23.823333333333295,45.8,1250,30,1
23.79,45.5266666666667,1260,30,1
23.79,45.3266666666667,1270,20,1
23.7,45.29,1280,20,1
23.7,45.29,1290,20,1
23.6,45.09,1300,30,1
23.6,45.03,1310,20,1
23.5,45.0,1320,20,1
23.5,45.0,1330,20,1
23.463333333333296,45.0,1340,30,1
23.39,45.0,1350,20,1
23.3566666666667,44.9,1360,20,1
23.29,44.9666666666667,1370,20,1
23.26,44.9666666666667,1380,20,1
23.2,44.9666666666667,1390,20,1
23.1666666666667,45.09,1400,30,1
23.1,45.1175,1410,20,1
23.033333333333296,45.1266666666667,1420,20,1
23.0,45.2,1430,20,1
22.9266666666667,45.26,0,20,1
22.89,45.3266666666667,10,20,1
22.89,45.4,20,30,1
22.79,45.3266666666667,30,20,1
22.79,45.4,40,20,1
22.7,45.5,50,20,1
22.7,45.5,60,30,1
22.7,45.7,70,0,0
22.7,45.7,80,0,0
22.6,45.79,90,0,0
22.6,45.79,100,0,0
22.6,45.79,110,0,0
22.6,45.79,120,0,0
22.566666666666695,45.8266666666667,130,0,0
22.5,45.9,140,0,0
22.5,45.9,150,0,0
22.5,45.9,160,0,0
22.39,45.9,170,0,0
22.39,45.9,180,0,0
22.39,45.9,190,0,0
22.39,45.9,200,0,0
22.323333333333295,45.9,210,0,0
22.29,45.933333333333294,220,0,0
22.29,46.0,230,0,0
22.29,46.0,240,0,0
22.23,46.0,250,0,0
22.2,46.0,260,0,0
22.2,46.0,270,0,0
22.1666666666667,46.0,280,0,0
22.1,46.06,290,0,0
22.1,46.09,300,0,0
22.1,46.1633333333333,310,0,0
22.1,46.2,320,0,0
22.1,46.2,330,0,0
22.1,46.2,340,0,0
22.033333333333296,46.0666666666667,350,0,0
22.0,46.03,360,0,0
22.0,46.09,370,0,0
21.9266666666667,46.09,380,0,0
21.89,46.09,390,0,0
21.89,46.09,400,0,0
21.89,46.2,410,0,0
21.89,46.2,420,10,1
21.79,46.09,430,10,1
21.8566666666667,46.1633333333333,440,40,1
21.79,46.23,450,30,1
21.79,46.29,460,30,1
21.79,46.29,470,30,1
21.79,46.363333333333294,480,30,1
21.79,46.4,490,40,1
21.73,46.4666666666667,500,40,1
21.76,46.6633333333333,510,20,1
21.7,46.6633333333333,520,30,1
21.7,46.59,530,50,1
21.7,46.53,540,10,1
21.7,46.5,550,20,1
21.7,46.6333333333333,560,30,1
21.7,48.895,570,20,1
21.79,48.7,580,30,1
21.73,48.5,590,20,1
21.73,48.06,600,20,1
21.73,47.933333333333294,610,30,1
21.73,47.863333333333294,620,20,1
21.79,47.79,630,30,1
21.79,47.7,640,20,1
21.73,47.76,650,30,1
21.73,47.69333333333329,660,20,1
21.79,47.36,670,30,1
21.79,47.06,680,20,1
21.79,46.86,690,20,1
21.79,46.9,700,30,1
21.79,46.9,710,20,1
21.79,46.863333333333294,720,40,1
21.79,46.863333333333294,730,40,1
21.823333333333295,47.0,740,30,1
21.89,47.33333333333329,750,40,1
21.823333333333295,47.433333333333294,760,40,1
21.815,47.425,770,0,0
21.8566666666667,47.4,780,10,1
21.89,47.26,790,10,1
21.89,47.1266666666667,800,0,0
21.89,47.33,810,0,0
21.89,47.9966666666667,820,0,0
21.89,50.06,830,10,1
21.89,50.393333333333295,840,0,0
21.79,49.83333333333329,850,0,0
21.79,49.2266666666667,860,0,0
21.79,48.7966666666667,870,10,1
21.79,48.463333333333296,880,0,0
21.79,48.223333333333294,890,0,0
21.79,47.963333333333296,900,10,1
21.79,47.6,910,10,1
21.79,47.66,920,0,0
21.79,49.5633333333333,930,0,0
21.79,50.49,940,0,0
21.79,50.0633333333333,950,0,0
21.73,49.6566666666667,960,10,1
21.7,49.05,970,0,0
21.7,48.6633333333333,980,0,0
21.7,48.6633333333333,990,0,0
21.7,48.4666666666667,1000,0,0
21.6333333333333,48.19333333333329,1010,0,0
21.6666666666667,47.893333333333295,1020,0,0
21.6,47.36,1030,0,0
21.6,47.06,1040,10,1
21.6,46.933333333333294,1050,10,1
21.6,47.0666666666667,1060,30,1
21.6,46.9266666666667,1070,20,1
21.6333333333333,46.59,1080,30,1
21.7,46.463333333333296,1090,30,1
21.7,46.1633333333333,1100,30,1
21.7,46.03,1110,30,1
21.7,46.3666666666667,1120,30,1
21.76,48.5666666666667,1130,10,1
21.823333333333295,55.033333333333296,1140,10,1
21.963333333333296,55.9,1150,10,1
22.0,53.0666666666667,1160,20,1
22.025,51.625,1170,30,1
22.1,50.16666666666671,1180,30,1
22.1333333333333,49.0633333333333,1190,30,1
22.2,48.6566666666667,1200,40,1
22.23,48.2966666666667,1210,30,1
22.29,47.83,1220,30,1
22.39,47.19333333333329,1230,30,1
22.39,46.8,1240,30,1
22.39,46.43,1250,20,1
22.39,46.23,1260,30,1
22.39,45.9666666666667,1270,20,1
22.39,45.7666666666667,1280,30,1
22.39,45.56,1290,20,1
22.39,45.433333333333294,1300,20,1
22.3566666666667,45.363333333333294,1310,20,1
22.29,45.23,1320,20,1
22.29,45.0,1330,30,1
22.29,44.933333333333294,1340,20,1
22.26,44.69333333333329,1350,20,1
22.2,44.56,1360,30,1
22.15,44.59,1370,20,1
22.1,44.59,1380,20,1
22.1,44.59,1390,20,1
22.0,44.5,1400,30,1
22.0,44.56,1410,20,1
21.963333333333296,44.6266666666667,1420,20,1
21.89,44.7,1430,20,1
21.8566666666667,44.6633333333333,0,30,1
21.79,44.59,10,20,1
21.79,44.59,20,20,1
21.73,44.59,30,20,1
21.7,44.59,40,30,1
21.6333333333333,44.463333333333296,50,20,1
21.6,44.5,60,10,1
21.6,44.433333333333294,70,0,0
21.6,44.4,80,0,0
21.533333333333296,44.4,90,0,0
21.5,44.29,100,0,0
21.5,44.29,110,0,0
21.5,44.2,120,0,0
21.4266666666667,44.03,130,0,0
21.4266666666667,43.963333333333296,140,0,0
21.39,43.9,150,0,0
21.39,43.9,160,0,0
21.39,43.9,170,0,0
21.323333333333295,43.9,180,0,0
21.29,43.9,190,0,0
21.29,43.9,200,0,0
21.29,43.9,210,0,0
21.29,43.9,220,0,0
21.2,43.79,230,0,0
21.2,43.79,240,0,0
21.1666666666667,43.79,250,0,0
21.1666666666667,43.79,260,0,0
21.1666666666667,43.79,270,0,0
21.1,43.79,280,0,0
21.1,43.79,290,0,0
21.1,43.79,300,0,0
21.0,43.7,310,0,0
21.0,43.7,320,0,0
21.0,43.7,330,0,0
21.0,43.7,340,0,0
21.0,43.7,350,0,0
20.963333333333296,43.7,360,0,0
20.89,43.7,370,0,0
20.89,43.7,380,0,0
20.89,43.7,390,0,0
20.89,43.7,400,0,0
20.823333333333295,43.6266666666667,410,0,0
20.79,43.59,420,10,1
20.79,43.59,430,10,1
20.79,43.963333333333296,440,10,1
20.79,44.1633333333333,450,10,1
20.79,44.29,460,10,1
20.79,44.363333333333294,470,10,1
20.79,44.5666666666667,480,0,0
20.79,44.83333333333329,490,0,0
20.79,44.93,500,10,1
20.79,44.73,510,20,1
20.79,44.545,520,20,1
20.79,44.5,530,30,1
20.8566666666667,44.6333333333333,540,20,1
21.0,44.43,550,20,1
21.066666666666695,44.23,560,0,0
21.1333333333333,43.76,570,0,0
21.26,43.6266666666667,580,0,0
21.323333333333295,43.5266666666667,590,0,0
21.39,43.3266666666667,600,0,0
21.533333333333296,43.033333333333296,610,0,0
21.6,42.76,620,0,0
21.73,43.0,630,0,0
21.79,43.06,640,0,0
21.89,43.29,650,0,0
21.963333333333296,43.29,660,0,0
22.033333333333296,43.23,670,0,0
22.1,43.29,680,0,0
22.1,43.433333333333294,690,0,0
22.1666666666667,43.56,700,0,0
22.2,45.595,710,0,0
22.2,45.0,720,0,0
22.2,45.66666666666671,730,0,0
22.29,45.69333333333329,740,0,0
22.29,46.7666666666667,750,0,0
22.533333333333296,45.5266666666667,760,0,0
22.533333333333296,44.86,770,0,0
22.5,44.43,780,0,0
22.566666666666695,44.1566666666667,790,0,0
22.6,43.7666666666667,800,0,0
22.6,43.56,810,0,0
22.6,43.19333333333329,820,0,0
22.6,42.86,830,10,1
22.6,42.79,840,10,1
22.533333333333296,42.73,850,30,1
22.5,42.7,860,20,1
22.5,42.7,870,20,1
22.39,42.6266666666667,880,20,1
22.39,42.76,890,20,1
22.39,42.8266666666667,900,10,1
22.39,43.0425,910,20,1
22.323333333333295,43.09,920,10,1
22.29,43.06,930,10,1
22.23,42.933333333333294,940,10,1
22.2,43.1633333333333,950,10,1
22.1333333333333,43.03,960,10,1
22.1,43.0,970,10,1
22.1,43.06,980,10,1
22.0,43.1566666666667,990,10,1
22.0,43.43,1000,10,1
22.0,43.6266666666667,1010,30,1
21.9266666666667,43.9,1020,40,1
21.89,44.23,1030,40,1
21.89,44.363333333333294,1040,30,1
21.79,44.433333333333294,1050,30,1
21.79,44.56,1060,30,1
21.79,44.59,1070,30,1
21.8566666666667,44.6633333333333,1080,30,1
21.89,44.6633333333333,1090,40,1
21.89,44.53,1100,30,1
22.0,44.45,1110,30,1
22.1333333333333,47.86,1120,10,1
22.26,52.19333333333329,1130,0,0
22.323333333333295,51.16666666666671,1140,20,1
22.39,50.1,1150,20,1
22.39,48.293333333333294,1160,20,1
22.39,47.2333333333333,1170,20,1
22.4266666666667,46.1966666666667,1180,20,1
22.5,45.4566666666667,1190,10,1
22.533333333333296,44.6233333333333,1200,20,1
22.6,44.09666666666671,1210,20,1
22.6,43.6,1220,20,1
22.6,43.19333333333329,1230,20,1
22.7,42.93,1240,0,0
22.7,42.73,1250,0,0
22.7,42.4666666666667,1260,0,0
22.7,42.2666666666667,1270,0,0
22.7,42.1633333333333,1280,0,0
22.7,42.09,1290,0,0
22.7,42.0,1300,10,1
22.7,41.925,1310,10,1
22.7,41.9,1320,0,0
22.6666666666667,42.03,1330,10,1
22.6,42.223333333333294,1340,0,0
22.6,42.73,1350,0,0
22.533333333333296,42.863333333333294,1360,0,0
22.5,43.03,1370,0,0
22.5,43.1633333333333,1380,10,1
22.39,43.23,1390,0,0
22.39,43.29,1400,0,0
22.3566666666667,43.4,1410,0,0
22.29,43.3266666666667,1420,0,0
22.2,43.1333333333333,1430,0,0
22.2,43.06,0,0,0
22.1666666666667,43.03,10,0,0
22.1,43.1633333333333,20,0,0
22.066666666666695,43.06,30,0,0
22.0,43.0,40,0,0
21.963333333333296,42.9,50,0,0
21.89,42.9,60,0,0
21.89,42.9,70,0,0
21.8566666666667,42.863333333333294,80,0,0
21.79,42.79,90,0,0
21.76,42.79,100,0,0
21.7,42.73,110,0,0
21.6666666666667,42.6633333333333,120,0,0
21.6,42.59,130,0,0
21.6,42.59,140,0,0
21.6,42.53,150,0,0
21.6,42.5,160,0,0
21.533333333333296,42.5,170,0,0
21.5,42.5,180,0,0
21.5,42.5,190,0,0
21.463333333333296,42.363333333333294,200,0,0
21.39,42.29,210,0,0
21.39,42.29,220,0,0
21.39,42.29,230,0,0
21.3566666666667,42.29,240,0,0
21.29,42.29,250,0,0
21.29,42.29,260,0,0
21.29,42.29,270,0,0
21.23,42.23,280,0,0
21.2,42.09,290,0,0
21.2,42.09,300,0,0
21.1333333333333,42.09,310,0,0
21.1333333333333,42.09,320,0,0
21.1,42.09,330,0,0
21.1,42.09,340,0,0
21.033333333333296,42.03,350,0,0
21.033333333333296,42.03,360,0,0
21.0,42.0,370,0,0
21.0,42.0,380,0,0
21.0,42.0,390,0,0
20.9266666666667,42.0,400,0,0
20.89,42.0,410,0,0
20.89,42.0,420,10,1
20.89,42.2666666666667,430,10,1
20.89,42.5266666666667,440,20,1
20.8566666666667,42.963333333333296,450,30,1
20.79,43.1725,460,20,1
20.79,43.26,470,20,1
20.79,43.23,480,20,1
20.79,43.363333333333294,490,10,1
20.79,43.463333333333296,500,0,0
20.79,43.723333333333294,510,10,1
20.79,43.6633333333333,520,20,1
20.79,43.723333333333294,530,20,1
20.79,43.723333333333294,540,20,1
20.79,43.39,550,10,1
20.79,43.1633333333333,560,10,1
20.79,43.09,570,0,0
20.79,45.76333333333329,580,0,0
20.8566666666667,45.6966666666667,590,0,0
20.79,44.863333333333294,600,0,0
20.79,44.6566666666667,610,0,0
20.79,44.4666666666667,620,0,0
20.79,44.4,630,10,1
20.76,44.6566666666667,640,30,1
20.7,44.73,650,20,1
20.7,44.545,660,20,1
20.7,44.53,670,20,1
20.7,44.59,680,20,1
20.7,44.59,690,30,1
20.7,44.6633333333333,700,30,1
20.7,44.863333333333294,710,20,1
20.6333333333333,44.79,720,30,1
20.7,45.863333333333294,730,10,1
20.7,47.73,740,10,1
20.79,46.8266666666667,750,0,0
20.79,46.69333333333329,760,0,0
20.89,46.363333333333294,770,10,1
20.963333333333296,45.823333333333295,780,10,1
21.033333333333296,45.6233333333333,790,20,1
21.1,45.1566666666667,800,10,1
21.1333333333333,44.96,810,20,1
21.2,44.5666666666667,820,20,1
21.23,44.363333333333294,830,30,1
21.29,44.6966666666667,840,20,1
21.29,45.433333333333294,850,20,1
21.365,45.37,860,20,1
21.39,45.4666666666667,870,30,1
21.39,45.26,880,20,1
21.463333333333296,45.4,890,20,1
21.6333333333333,45.6633333333333,900,20,1
21.76,45.53,910,20,1
21.9266666666667,45.4666666666667,920,20,1
22.0,45.3266666666667,930,0,0
22.033333333333296,45.33,940,10,1
22.1,45.863333333333294,950,0,0
22.2,46.19333333333329,960,0,0
22.26,45.86,970,0,0
22.323333333333295,45.5266666666667,980,0,0
22.39,45.3266666666667,990,0,0
22.39,44.99,1000,0,0
22.39,44.79,1010,0,0
22.5,44.6333333333333,1020,0,0
22.5,44.433333333333294,1030,0,0
22.6,44.26,1040,0,0
22.6,44.095,1050,0,0
22.6,44.0,1060,0,0
22.6,43.863333333333294,1070,0,0
22.6666666666667,43.79,1080,0,0
22.7,43.7,1090,0,0
22.7,43.6266666666667,1100,10,1
22.79,43.6266666666667,1110,0,0
22.79,43.9,1120,10,1
22.9266666666667,51.33,1130,30,1
23.066666666666695,57.6633333333333,1140,0,0
23.1,53.6966666666667,1150,10,1
23.1,51.1633333333333,1160,20,1
23.2,49.4266666666667,1170,30,1
23.2,48.0933333333333,1180,20,1
23.2,46.96,1190,20,1
23.2,46.5,1200,20,1
23.2,45.99,1210,20,1
23.2,45.53,1220,20,1
23.2,45.1,1230,20,1
23.2,44.7666666666667,1240,20,1
23.1,44.545,1250,20,1
23.066666666666695,44.33333333333329,1260,20,1
23.0,44.2,1270,30,1
23.0,44.1633333333333,1280,10,1
23.0,44.03,1290,0,0
22.89,43.76,1300,10,1
22.89,43.6266666666667,1310,0,0
22.79,43.5,1320,0,0
22.79,43.5,1330,0,0
22.79,43.5,1340,20,1
22.79,43.69333333333329,1350,20,1
22.7,43.8266666666667,1360,20,1
22.7,43.9,1370,30,1
22.7,44.0,1380,20,1
22.6333333333333,43.933333333333294,1390,20,1
22.6,44.0,1400,20,1
22.533333333333296,44.0,1410,20,1
22.5,44.0,1420,30,1
22.5,44.06,1430,20,1
22.39,44.0,0,20,1
22.39,44.0,10,20,1
22.39,44.06,20,10,1
22.29,44.23,30,0,0
22.29,44.29,40,0,0
22.2,44.2,50,0,0
22.2,44.2,60,0,0
22.1666666666667,44.29,70,0,0
22.1,44.29,80,0,0
22.1,44.3266666666667,90,0,0
22.1,44.4,100,0,0
22.0,44.29,110,0,0
22.0,44.363333333333294,120,0,0
21.963333333333296,44.5,130,0,0
21.89,44.5,140,0,0
21.89,44.53,150,0,0
21.823333333333295,44.53,160,0,0
21.79,44.53,170,0,0
21.79,44.59,180,0,0
21.79,44.6266666666667,190,0,0
21.79,44.7,200,0,0
21.745,44.79,210,0,0
21.7,44.79,220,0,0
21.7,44.79,230,0,0
21.7,44.9,240,0,0
21.7,44.9,250,0,0
21.6,44.9,260,0,0
21.6,44.9666666666667,270,0,0
21.6,45.0,280,0,0
21.6,45.0,290,0,0
21.6,45.09,300,0,0
21.533333333333296,45.09,310,0,0
21.5,45.1266666666667,320,0,0
21.5,45.2,330,0,0
21.5,45.23,340,0,0
21.4266666666667,45.23,350,0,0
21.463333333333296,45.26,360,0,0
21.39,45.26,370,0,0
21.39,45.29,380,0,0
21.39,45.29,390,0,0
21.39,45.3266666666667,400,0,0
21.315,45.4,410,0,0
21.29,45.4,420,0,0
21.29,45.5666666666667,430,10,1
21.29,45.7,440,20,1
21.29,45.9,450,10,1
21.29,45.9666666666667,460,0,0
21.29,46.2666666666667,470,0,0
21.29,46.5266666666667,480,0,0
21.29,46.59,490,10,1
21.29,46.59,500,0,0
21.29,46.4666666666667,510,0,0
21.29,46.3266666666667,520,0,0
21.2,46.2,530,0,0
21.2,46.2,540,0,0
21.2,46.2,550,0,0
21.2,46.1266666666667,560,0,0
21.2,46.23,570,0,0
21.2,46.29,580,0,0
21.2,46.26,590,0,0
21.2,46.2,600,0,0
21.2,46.2,610,0,0
21.2,46.2,620,0,0
21.2,46.2,630,0,0
21.23,46.6633333333333,640,0,0
21.29,46.463333333333296,650,10,1
21.29,46.363333333333294,660,10,1
21.29,46.23,670,0,0
21.323333333333295,46.1633333333333,680,0,0
21.39,46.03,690,0,0
21.39,46.0,700,0,0
21.39,45.933333333333294,710,0,0
21.4266666666667,46.0666666666667,720,0,0
21.5,46.0666666666667,730,10,1
21.5,46.0,740,0,0
21.5,45.933333333333294,750,0,0
21.533333333333296,45.863333333333294,760,0,0
21.6,45.79,770,0,0
21.6,45.79,780,0,0
21.6666666666667,45.79,790,0,0
21.745,45.645,800,0,0
21.79,45.5,810,0,0
21.8566666666667,47.7666666666667,820,0,0
22.0,47.1,830,0,0
22.0,46.16666666666671,840,0,0
22.0,45.723333333333294,850,0,0
22.0,45.463333333333296,860,10,1
22.0,45.26,870,0,0
22.066666666666695,45.2,880,0,0
22.1,45.09,890,0,0
22.1,45.09,900,0,0
22.1,44.9666666666667,910,0,0
22.1,44.8266666666667,920,0,0
22.1,44.79,930,0,0
22.1,44.73,940,0,0
22.1,44.7,950,0,0
22.1,44.7,960,0,0
22.1333333333333,44.6633333333333,970,10,1
22.2,44.6633333333333,980,10,1
22.2,44.59,990,10,1
22.2,44.59,1000,0,0
22.2,44.59,1010,0,0
22.2,44.56,1020,0,0
22.2,44.5,1030,0,0
22.23,44.4,1040,0,0
22.29,44.4666666666667,1050,0,0
22.323333333333295,44.4666666666667,1060,0,0
22.39,44.4,1070,0,0
22.39,44.1633333333333,1080,0,0
22.463333333333296,44.09,1090,0,0
22.533333333333296,44.0,1100,0,0
22.6,44.0,1110,0,0
22.7,46.1333333333333,1120,0,0
22.7,51.2666666666667,1130,0,0
22.79,52.863333333333294,1140,0,0
22.79,50.6633333333333,1150,10,1
22.823333333333295,49.86,1160,10,1
22.89,49.5266666666667,1170,10,1
22.9266666666667,48.6333333333333,1180,20,1
23.0,49.83333333333329,1190,10,1
23.0,47.845,1200,30,1
23.0,46.46,1210,20,1
22.9266666666667,46.0,1220,20,1
22.89,45.6333333333333,1230,10,1
22.89,45.36,1240,0,0
22.89,45.2,1250,10,1
22.823333333333295,45.0666666666667,1260,0,0
22.79,44.9666666666667,1270,0,0
22.79,44.9,1280,0,0
22.79,44.9,1290,0,0
22.73,44.9,1300,0,0
22.7,44.79,1310,0,0
22.7,44.79,1320,0,0
22.7,44.79,1330,10,1
22.6333333333333,44.73,1340,20,1
22.6,44.6266666666667,1350,0,0
22.6,44.76,1360,0,0
22.5,45.5,1370,0,0
22.5,45.56,1380,0,0
22.5,45.363333333333294,1390,0,0
22.4175,45.2225,1400,0,0
22.39,45.1266666666667,1410,0,0
22.39,45.1633333333333,1420,0,0
22.323333333333295,45.09,1430,0,0
22.29,45.06,0,0,0
22.29,45.0,10,0,0
22.2,45.0,20,0,0
22.2,44.933333333333294,30,0,0
22.1666666666667,45.0,40,0,0
22.1,45.0,50,0,0
22.1,45.03,60,0,0
22.033333333333296,44.963333333333296,70,0,0
22.0,45.0,80,0,0
22.0,45.06,90,0,0
21.963333333333296,45.1266666666667,100,0,0
21.89,45.26,110,0,0
21.89,45.4,120,0,0
21.823333333333295,45.4666666666667,130,0,0
21.79,45.53,140,0,0
21.79,45.59,150,0,0
21.745,45.645,160,0,0
21.76,45.7,170,0,0
21.7,45.76,180,0,0
21.6666666666667,45.863333333333294,190,0,0
21.6,45.79,200,0,0
21.6,45.9,210,0,0
21.6,45.9666666666667,220,0,0
21.6,45.933333333333294,230,0,0
21.6,45.933333333333294,240,0,0
21.5,45.9,250,0,0
21.5,45.9,260,0,0
21.5,46.0,270,0,0
21.5,46.0,280,0,0
21.463333333333296,45.9666666666667,290,0,0
21.39,45.9,300,0,0
21.39,45.9,310,0,0
21.39,45.9,320,0,0
21.39,45.9,330,0,0
21.39,45.9,340,0,0
21.39,45.9,350,0,0
21.365,45.9,360,0,0
21.29,45.9,370,0,0
21.29,45.863333333333294,380,0,0
21.29,45.79,390,0,0
21.29,45.8266666666667,400,0,0
21.29,45.8266666666667,410,0,0
21.26,45.76,420,0,0
21.2,45.7,430,0,0
21.2,45.7,440,0,0
21.2,45.7,450,0,0
21.2,45.7,460,0,0
21.2,45.7,470,0,0
21.1333333333333,45.7,480,0,0
21.2,45.7,490,0,0
21.1,45.7,500,0,0
21.1,45.6266666666667,510,0,0
21.1,45.7,520,0,0
21.1,45.7,530,0,0
21.0,45.59,540,0,0
21.0,45.59,550,10,1
21.0,45.79,560,0,0
21.1,46.0,570,0,0
21.033333333333296,46.0,580,0,0
21.1,45.9,590,10,1
21.1,45.7666666666667,600,20,1
21.0,45.73,610,0,0
21.0,45.73,620,0,0
21.0,45.49,630,0,0
21.0,45.23,640,10,1
21.0,45.363333333333294,650,0,0
21.0,45.23,660,0,0
21.0,45.1633333333333,670,0,0
21.0,45.223333333333294,680,0,0
21.0,45.1633333333333,690,0,0
21.0,45.09,700,0,0
21.0,45.09,710,0,0
21.0,45.09,720,0,0
21.0,45.06,730,0,0
21.0,45.0,740,0,0
21.0,44.95,750,0,0
21.0,44.933333333333294,760,0,0
21.0,45.2666666666667,770,0,0
21.0,45.4,780,0,0
21.0,45.4666666666667,790,10,1
21.0,45.59,800,0,0
21.0,45.53,810,0,0
21.0,45.363333333333294,820,0,0
20.9266666666667,45.29,830,0,0
20.89,45.26,840,0,0
20.89,45.1266666666667,850,10,1
20.89,45.06,860,0,0
20.89,45.0,870,0,0
20.89,44.933333333333294,880,0,0
20.89,44.933333333333294,890,0,0
20.89,44.9,900,0,0
20.89,44.9,910,0,0
20.823333333333295,44.79,920,0,0
20.89,44.863333333333294,930,0,0
20.89,45.03,940,0,0
20.9175,45.865,950,0,0
21.0,48.79,960,0,0
21.1,50.99,970,0,0
21.1,50.863333333333294,980,0,0
21.1,49.2566666666667,990,0,0
21.1,47.9966666666667,1000,0,0
21.1,47.033333333333296,1010,0,0
21.1666666666667,46.76,1020,0,0
21.1333333333333,46.863333333333294,1030,0,0
21.26,46.53,1040,0,0
21.5,45.83333333333329,1050,0,0
21.5,45.7,1060,0,0
21.39,45.56,1070,0,0
21.463333333333296,45.5,1080,0,0
21.39,45.53,1090,0,0
21.463333333333296,45.863333333333294,1100,0,0
21.533333333333296,45.6,1110,10,1
21.6666666666667,45.0666666666667,1120,10,1
21.79,44.19333333333329,1130,10,1
21.8566666666667,44.06,1140,0,0
22.05,44.395,1150,10,1
22.1333333333333,44.433333333333294,1160,10,1
22.2,44.69333333333329,1170,10,1
22.323333333333295,44.9666666666667,1180,0,0
22.39,45.433333333333294,1190,0,0
22.4266666666667,45.06,1200,0,0
22.566666666666695,44.86,1210,0,0
22.7,44.76,1220,10,1
22.76,44.6266666666667,1230,10,1
22.9266666666667,44.56,1240,20,1
23.0,44.6333333333333,1250,20,1
23.1,44.59,1260,20,1
23.1,44.59,1270,30,1
23.2,44.56,1280,30,1
23.2,44.36,1290,10,1
23.2,44.0266666666667,1300,10,1
23.2,43.6333333333333,1310,10,1
23.2,43.1633333333333,1320,0,0
23.2,43.09,1330,0,0
23.2,42.863333333333294,1340,0,0
23.2,42.79,1350,10,1
23.1333333333333,42.863333333333294,1360,0,0
23.1,42.933333333333294,1370,0,0
23.1,43.06,1380,0,0
23.0,43.09,1390,0,0
23.0,43.09,1400,0,0
22.963333333333296,43.1266666666667,1410,0,0
22.89,43.2,1420,0,0
22.79,43.09,1430,0,0
22.79,43.1633333333333,0,0,0
22.76,43.2,10,0,0
22.7,43.2,20,0,0
22.7,43.29,30,0,0
22.7,43.29,40,0,0
22.6666666666667,43.29,50,0,0
22.533333333333296,43.29,60,0,0
22.5,43.3266666666667,70,0,0
22.4266666666667,43.3266666666667,80,0,0
22.39,43.29,90,0,0
22.39,43.363333333333294,100,0,0
22.34,43.4,110,0,0
22.29,43.433333333333294,120,0,0
22.29,43.5,130,0,0
22.2,43.433333333333294,140,0,0
22.1333333333333,43.5,150,0,0
22.1,43.59,160,0,0
22.1,43.59,170,0,0
22.066666666666695,43.6633333333333,180,0,0
22.0,43.6633333333333,190,0,0
22.0,43.73,200,0,0
21.9266666666667,43.863333333333294,210,0,0
21.89,43.933333333333294,220,0,0
21.89,44.0,230,0,0
21.79,44.03,240,0,0
21.79,44.1633333333333,250,0,0
21.79,44.23,260,0,0
21.79,44.29,270,0,0
21.7,44.433333333333294,280,0,0
21.7,44.5,290,0,0
21.7,44.59,300,0,0
21.675,44.59,310,0,0
21.6,44.6633333333333,320,0,0
21.6,44.73,330,0,0
21.6,44.79,340,0,0
21.6,44.9,350,0,0
21.6,44.9,360,0,0
21.5,45.0,370,0,0
21.5,45.0,380,0,0
21.5,45.03,390,0,0
21.5,45.09,400,0,0
21.4266666666667,45.03,410,0,0
21.4266666666667,45.03,420,0,0
21.39,45.0,430,0,0
21.39,45.0,440,0,0
21.39,45.09,450,0,0
21.323333333333295,45.09,460,0,0
21.29,45.1266666666667,470,0,0
21.29,45.2,480,0,0
21.29,45.2,490,0,0
21.29,45.2,500,0,0
21.29,45.245,510,0,0
21.26,45.8,520,0,0
21.26,45.86,530,10,1
21.29,45.59,540,0,0
21.29,45.463333333333296,550,0,0
21.29,45.4,560,10,1
21.29,45.5266666666667,570,0,0
21.29,45.59,580,0,0
21.29,48.463333333333296,590,0,0
21.39,48.3666666666667,600,0,0
21.323333333333295,47.16666666666671,610,10,1
21.29,46.33333333333329,620,0,0
21.29,46.0666666666667,630,0,0
21.29,45.83333333333329,640,0,0
21.29,45.6266666666667,650,0,0
21.23,45.363333333333294,660,0,0
21.23,45.1566666666667,670,0,0
21.2,45.33333333333329,680,10,1
21.2,45.33333333333329,690,0,0
21.2,45.145,700,0,0
21.2,44.93,710,0,0
21.2,44.6566666666667,720,0,0
21.2,44.5266666666667,730,0,0
21.2,44.5266666666667,740,0,0
21.2,44.56,750,0,0
21.1333333333333,44.5,760,0,0
21.1666666666667,44.4666666666667,770,0,0
21.1,44.3266666666667,780,0,0
21.2,44.0633333333333,790,0,0
21.2,43.73,800,0,0
21.2,43.7666666666667,810,0,0
21.2,43.9,820,0,0
21.1666666666667,44.03,830,0,0
21.1666666666667,44.9566666666667,840,10,1
21.2,45.29,850,0,0
21.2,45.43,860,0,0
21.2,45.06,870,0,0
21.2,44.933333333333294,880,0,0
21.2,44.9666666666667,890,10,1
21.125,45.0475,900,10,1
21.1666666666667,45.8966666666667,910,0,0
21.23,46.0266666666667,920,0,0
21.29,45.9,930,10,1
21.29,45.6633333333333,940,0,0
21.29,45.463333333333296,950,0,0
21.3566666666667,45.0266666666667,960,0,0
21.29,44.9,970,0,0
21.3566666666667,44.863333333333294,980,0,0
21.29,44.2566666666667,990,10,1
21.29,43.6633333333333,1000,0,0
21.29,43.53,1010,10,1
21.29,43.363333333333294,1020,20,1
21.29,43.29,1030,10,1
21.26,43.2966666666667,1040,20,1
21.2,43.1633333333333,1050,10,1
21.2,43.5933333333333,1060,10,1
21.2,45.0,1070,10,1
21.2,44.93,1080,10,1
21.2,44.59666666666671,1090,10,1
21.29,44.145,1100,10,1
21.39,43.6633333333333,1110,10,1
21.463333333333296,43.53,1120,10,1
21.6,43.5,1130,10,1
21.6,43.7666666666667,1140,0,0
21.73,44.0,1150,10,1
21.93,44.2,1160,10,1
22.1,44.0266666666667,1170,0,0
22.1,43.9,1180,0,0
22.1,43.4666666666667,1190,0,0
22.1666666666667,43.2666666666667,1200,10,1
22.23,42.9666666666667,1210,20,1
22.29,42.7666666666667,1220,30,1
22.29,42.56,1230,20,1
22.3566666666667,42.5,1240,20,1
22.39,42.4666666666667,1250,30,1
22.39,42.3266666666667,1260,20,1
22.39,42.1633333333333,1270,20,1
22.39,42.03,1280,20,1
22.39,41.9,1290,20,1
22.39,41.925,1300,30,1
22.39,42.0,1310,20,1
22.29,42.09,1320,20,1
22.29,42.09,1330,20,1
22.29,42.0,1340,30,1
22.29,42.0,1350,20,1
22.29,41.9,1360,20,1
22.23,41.8266666666667,1370,30,1
22.2,41.79,1380,20,1
22.2,41.79,1390,20,1
22.2,41.79,1400,20,1
22.1333333333333,41.79,1410,30,1
22.1,41.79,1420,20,1
22.1,41.863333333333294,1430,20,1
22.066666666666695,41.863333333333294,0,20,1
22.0,41.79,10,10,1
22.0,42.1266666666667,20,0,0
21.9266666666667,42.26,30,0,0
21.963333333333296,42.29,40,0,0
21.89,42.29,50,0,0
21.84,42.245,60,0,0
21.79,42.2,70,0,0
21.79,42.2,80,0,0
21.79,42.23,90,0,0
21.73,42.29,100,0,0
21.7,42.3266666666667,110,0,0
21.7,42.4,120,0,0
21.6666666666667,42.4,130,0,0
21.6,42.4,140,0,0
21.6,42.433333333333294,150,0,0
21.6,42.5,160,0,0
21.566666666666695,42.59,170,0,0
21.5,42.6633333333333,180,0,0
21.5,42.73,190,0,0
21.4266666666667,42.73,200,0,0
21.39,42.79,210,0,0
21.39,42.863333333333294,220,0,0
21.3566666666667,42.933333333333294,230,0,0
21.29,43.0,240,0,0
21.29,43.145,250,0,0
21.29,43.3266666666667,260,0,0
21.23,43.3266666666667,270,0,0
21.2,43.463333333333296,280,0,0
21.2,43.59,290,0,0
21.1666666666667,43.7,300,0,0
21.1666666666667,43.7,310,0,0
21.2,43.79,320,0,0
21.2,43.79,330,0,0
21.1,43.9,340,0,0
21.1,43.9,350,0,0
21.1,43.933333333333294,360,0,0
21.1,44.0,370,0,0
21.1,44.03,380,0,0
21.033333333333296,44.03,390,0,0
21.0,44.03,400,0,0
21.0,44.09,410,0,0
21.0,44.09,420,0,0
21.0,44.1633333333333,430,0,0
21.0,44.2,440,0,0
20.9175,44.2,450,0,0
20.89,44.26,460,0,0
20.89,44.29,470,20,1
20.89,44.363333333333294,480,10,1
20.89,44.7266666666667,490,0,0
20.89,45.06,500,0,0
20.89,45.09666666666671,510,0,0
20.963333333333296,45.09666666666671,520,20,1
21.0,45.223333333333294,530,20,1
21.0,45.03,540,20,1
20.963333333333296,44.9666666666667,550,30,1
20.89,44.9,560,20,1
20.89,44.9566666666667,570,20,1
20.89,45.49,580,30,1
20.89,45.363333333333294,590,20,1
20.89,45.23,600,20,1
20.89,45.06,610,30,1
20.89,44.86,620,0,0
20.89,44.79,630,0,0
20.89,44.73,640,0,0
20.89,44.545,650,0,0
20.79,44.26,660,20,1
20.79,44.1266666666667,670,20,1
20.79,44.09,680,0,0
20.79,44.09,690,0,0
20.89,44.4266666666667,700,0,0
20.89,44.76,710,0,0
20.963333333333296,44.8266666666667,720,0,0
20.963333333333296,44.9,730,0,0
21.0,45.3266666666667,740,0,0
21.0,45.4,750,10,1
21.1,45.6266666666667,760,0,0
21.1,45.293333333333294,770,0,0
21.1333333333333,44.93,780,0,0
21.1333333333333,44.79,790,0,0
21.1,44.56,800,0,0
21.1,44.69333333333329,810,20,1
21.1,44.83333333333329,820,20,1
21.1666666666667,44.9,830,30,1
21.2,45.045,840,20,1
21.2,45.03,850,20,1
21.2,44.7566666666667,860,30,1
21.23,44.6266666666667,870,20,1
21.29,44.5666666666667,880,20,1
21.29,44.223333333333294,890,20,1
21.29,44.4233333333333,900,30,1
21.29,44.2666666666667,910,20,1
21.29,44.1333333333333,920,20,1
21.29,44.0633333333333,930,30,1
21.29,43.73,940,20,1
21.323333333333295,43.6633333333333,950,20,1
21.39,43.463333333333296,960,20,1
21.39,43.1333333333333,970,30,1
21.39,43.33333333333329,980,20,1
21.5,43.1333333333333,990,20,1
21.5,42.86,1000,20,1
21.6,42.6633333333333,1010,0,0
21.6666666666667,42.59,1020,0,0
21.79,42.363333333333294,1030,10,1
21.8925,42.24,1040,0,0
22.066666666666695,42.83,1050,0,0
22.23,43.463333333333296,1060,0,0
22.3566666666667,43.53,1070,0,0
22.533333333333296,43.59,1080,0,0
22.6666666666667,43.59,1090,10,1
22.9266666666667,43.6233333333333,1100,20,1
23.066666666666695,43.29,1110,20,1
23.23,49.7666666666667,1120,20,1
23.3566666666667,53.4933333333333,1130,30,1
23.5,49.7966666666667,1140,10,1
23.566666666666695,48.13,1150,10,1
23.7,48.13,1160,10,1
23.7,47.13,1170,0,0
23.79,46.3266666666667,1180,10,1
23.79,44.933333333333294,1190,0,0
23.8566666666667,44.033333333333296,1200,10,1
23.79,43.3666666666667,1210,30,1
23.79,42.6233333333333,1220,20,1
23.79,42.03,1230,20,1
23.79,41.645,1240,30,1
23.79,41.59,1250,20,1
23.79,41.59,1260,20,1
23.79,41.6266666666667,1270,20,1
23.79,41.6266666666667,1280,30,1
23.73,41.4666666666667,1290,30,1
23.73,41.3266666666667,1300,30,1
23.7,41.1633333333333,1310,20,1
23.7,41.03,1320,0,0
23.6,40.86,1330,30,1
23.6,41.06,1340,20,1
23.5,41.3266666666667,1350,20,1
23.5,41.5266666666667,1360,20,1
23.39,41.69333333333329,1370,20,1
23.39,42.0266666666667,1380,20,1
23.29,42.2,1390,30,1
23.29,42.26,1400,20,1
23.2,42.23,1410,20,1
23.1333333333333,42.29,1420,20,1
23.1,42.4,1430,0,0
23.025,42.475,0,0,0
23.0,42.7,10,0,0
22.89,42.6633333333333,20,0,0
22.823333333333295,42.59,30,0,0
22.79,42.5,40,0,0
22.79,42.5,50,0,0
22.7,42.5,60,0,0
22.7,42.433333333333294,70,0,0
22.6,42.29,80,0,0
22.6,42.29,90,0,0
22.566666666666695,42.29,100,0,0
22.5,42.29,110,0,0
22.5,42.29,120,0,0
22.4266666666667,42.23,130,0,0
22.39,42.23,140,0,0
22.323333333333295,42.29,150,0,0
22.29,42.29,160,0,0
22.29,42.363333333333294,170,0,0
22.2,42.29,180,0,0
22.1333333333333,42.29,190,0,0
22.1,42.29,200,0,0
22.1,42.4,210,0,0
22.033333333333296,42.3266666666667,220,0,0
22.0,42.3266666666667,230,0,0
22.0,42.4,240,0,0
21.89,42.4,250,0,0
21.89,42.4,260,0,0
21.8566666666667,42.4666666666667,270,0,0
21.79,42.4,280,0,0
21.79,42.5,290,0,0
21.79,42.5,300,0,0
21.76,42.53,310,0,0
21.7,42.59,320,0,0
21.7,42.59,330,0,0
21.7,42.59,340,0,0
21.6,42.5,350,0,0
21.6,42.5,360,0,0
21.6,42.5,370,0,0
21.6,42.56,380,0,0
21.6,42.59,390,0,0
21.525,42.59,400,0,0
21.5,42.59,410,0,0
21.5,42.7,420,0,0
21.5,42.7,430,0,0
21.39,42.59,440,30,1
21.39,42.59,450,20,1
21.39,42.79,460,10,1
21.39,42.79,470,0,0
21.39,42.963333333333296,480,0,0
21.39,43.2966666666667,490,0,0
21.39,43.363333333333294,500,0,0
21.39,43.29,510,0,0
21.39,43.4,520,0,0
21.39,43.4666666666667,530,0,0
21.39,43.5666666666667,540,0,0
21.39,43.96,550,0,0
21.39,43.76,560,0,0
21.39,43.6266666666667,570,0,0
21.39,43.56,580,0,0
21.39,43.5,590,0,0
21.29,43.45,600,0,0
21.29,43.26,610,10,1
21.29,43.1266666666667,620,0,0
21.29,42.9666666666667,630,0,0
21.29,43.0266666666667,640,0,0
21.29,43.23,650,0,0
21.29,43.23,660,0,0
21.29,43.223333333333294,670,0,0
21.29,43.03,680,0,0
21.29,42.9666666666667,690,0,0
21.29,42.9,700,10,1
21.29,42.7,710,0,0
21.29,42.76,720,0,0
21.29,44.2666666666667,730,0,0
21.43,44.86,740,0,0
21.5,44.223333333333294,750,0,0
21.5,44.03,760,0,0
21.6,43.83333333333329,770,0,0
21.6666666666667,43.7,780,0,0
21.79,43.545,790,0,0
21.823333333333295,44.5,800,0,0
21.89,46.0933333333333,810,0,0
21.89,45.0633333333333,820,0,0
21.89,44.59666666666671,830,0,0
21.89,44.1333333333333,840,0,0
21.89,43.86,850,0,0
21.89,43.6333333333333,860,0,0
21.823333333333295,43.36,870,0,0
21.823333333333295,43.23,880,0,0
21.89,43.23,890,0,0
21.9266666666667,43.0266666666667,900,0,0
22.0,42.7666666666667,910,0,0
22.1,43.7266666666667,920,0,0
22.1666666666667,42.86,930,0,0
22.23,45.293333333333294,940,0,0
22.29,47.4266666666667,950,0,0
22.39,48.363333333333294,960,0,0
22.39,46.23,970,0,0
22.39,44.6966666666667,980,0,0
22.39,43.92,990,0,0
22.39,43.463333333333296,1000,0,0
22.3566666666667,43.1333333333333,1010,0,0
22.29,42.8,1020,0,0
22.29,42.43,1030,0,0
22.29,42.09666666666671,1040,0,0
22.29,41.863333333333294,1050,10,1
22.3566666666667,41.6566666666667,1060,30,1
22.39,41.5,1070,20,1
22.39,41.433333333333294,1080,20,1
22.39,41.29,1090,20,1
22.39,41.23,1100,20,1
22.39,41.2,1110,20,1
22.39,41.4,1120,20,1
22.39,41.7,1130,10,1
22.463333333333296,43.16666666666671,1140,10,1
22.533333333333296,45.0266666666667,1150,10,1
22.6,50.433333333333294,1160,10,1
22.73,57.4233333333333,1170,10,1
22.79,56.09,1180,10,1
22.89,53.545,1190,20,1
23.0,51.2566666666667,1200,20,1
23.0,49.863333333333294,1210,10,1
23.0,48.6,1220,20,1
23.0,47.66666666666671,1230,10,1
23.0,46.4,1240,10,1
23.0,45.793333333333294,1250,10,1
23.0,45.1,1260,10,1
23.0,44.69333333333329,1270,10,1
23.0,44.363333333333294,1280,20,1
23.0,44.03,1290,10,1
22.9266666666667,43.6633333333333,1300,0,0
22.9266666666667,43.33,1310,0,0
22.89,42.93,1320,0,0
22.89,42.73,1330,0,0
22.823333333333295,42.4,1340,0,0
22.823333333333295,42.2666666666667,1350,10,1
22.79,42.09,1360,10,1
22.79,42.09,1370,0,0
22.7,42.53,1380,0,0
22.7,42.97,1390,0,0
22.6333333333333,43.03,1400,0,0
22.6,42.863333333333294,1410,0,0
22.6,42.79,1420,0,0
22.5,42.863333333333294,1430,0,0
22.5,42.73,0,0,0
22.39,42.56,10,0,0
22.39,42.5,20,0,0
22.3566666666667,42.4,30,10,1
22.29,42.33333333333329,40,0,0
22.29,42.4,50,0,0
22.23,42.2666666666667,60,0,0
22.2,42.1633333333333,70,0,0
22.1333333333333,42.09,80,0,0
22.1,42.0,90,0,0
22.1,42.0,100,0,0
22.0,41.9,110,0,0
22.0,41.9,120,0,0
21.963333333333296,41.9,130,0,0
21.89,41.8266666666667,140,0,0
21.84,41.845,150,0,0
21.79,41.79,160,0,0
21.79,41.79,170,0,0
21.76,41.79,180,0,0
21.7,41.73,190,0,0
21.7,41.7,200,0,0
21.6333333333333,41.6266666666667,210,0,0
21.6,41.59,220,0,0
21.6,41.59,230,0,0
21.5,41.7,240,0,0
21.5,41.7,250,0,0
21.463333333333296,41.56,260,0,0
21.39,41.56,270,0,0
21.39,41.59,280,0,0
21.39,41.59,290,0,0
21.29,41.7,300,0,0
21.29,41.7,310,0,0
21.29,41.7,320,0,0
21.23,41.6266666666667,330,0,0
21.2,41.7,340,0,0
21.175,41.7,350,0,0
21.1666666666667,41.7,360,0,0
21.1,41.7,370,0,0
21.1,41.7,380,0,0
21.066666666666695,41.6633333333333,390,0,0
21.0,41.59,400,0,0
21.0,41.59,410,0,0
21.0,41.59,420,0,0
21.0,41.6566666666667,430,0,0
21.0,41.73,440,0,0
21.0,41.7,450,0,0
21.0,41.76,460,0,0
20.963333333333296,41.9,470,0,0
20.963333333333296,41.9666666666667,480,0,0
21.0,42.1266666666667,490,0,0
20.9266666666667,42.2,500,0,0
20.89,42.3,510,20,1
20.89,42.36,520,20,1
20.89,42.4666666666667,530,30,1
20.89,42.4666666666667,540,20,1
20.89,42.545,550,0,0
20.89,42.4666666666667,560,0,0
20.89,43.86,570,10,1
20.89,43.863333333333294,580,0,0
20.89,43.463333333333296,590,0,0
20.89,43.1333333333333,600,0,0
20.89,42.933333333333294,610,0,0
20.89,42.76,620,0,0
20.89,42.6266666666667,630,0,0
20.79,42.363333333333294,640,0,0
20.79,42.23,650,10,1
20.79,42.23,660,0,0
20.79,42.363333333333294,670,0,0
20.79,42.6333333333333,680,10,1
20.79,42.5,690,10,1
20.79,42.53,700,0,0
20.79,42.863333333333294,710,0,0
20.7,42.8266666666667,720,0,0
20.76,42.9666666666667,730,0,0
20.7,42.895,740,0,0
20.7,42.59,750,10,1
20.7,42.1966666666667,760,0,0
20.6666666666667,41.0633333333333,770,0,0
20.6,40.99,780,0,0
20.6,41.09,790,0,0
20.6,41.09,800,0,0
20.6,41.1633333333333,810,0,0
20.6,41.1633333333333,820,0,0
20.6,41.23,830,0,0
20.533333333333296,41.29,840,10,1
20.5,41.9266666666667,850,0,0
20.566666666666695,42.26,860,0,0
20.6,42.4,870,0,0
20.6,42.4,880,0,0
20.6,42.363333333333294,890,0,0
20.6,42.363333333333294,900,0,0
20.6,42.433333333333294,910,0,0
20.6,42.5,920,0,0
20.6,42.5,930,0,0
20.6,42.5675,940,10,1
20.6,42.53,950,0,0
20.6,42.4666666666667,960,0,0
20.6,42.4666666666667,970,0,0
20.6,42.5,980,0,0
20.6,42.433333333333294,990,0,0
20.6,42.29,1000,0,0
20.6,42.23,1010,0,0
20.5,42.26,1020,0,0
20.5,42.2,1030,0,0
20.5,42.09,1040,0,0
20.5,42.03,1050,0,0
20.5,42.09,1060,0,0
20.5,42.1633333333333,1070,0,0
20.5,42.3666666666667,1080,30,1
20.5,42.7,1090,20,1
20.5,42.79,1100,20,1
20.5,42.79,1110,20,1
20.533333333333296,44.5666666666667,1120,20,1
20.6,49.12,1130,10,1
20.6666666666667,52.7333333333333,1140,0,0
20.79,51.19333333333329,1150,20,1
20.79,49.86,1160,20,1
20.89,48.323333333333295,1170,20,1
20.963333333333296,47.26333333333329,1180,10,1
21.0,45.9966666666667,1190,20,1
21.0,45.2566666666667,1200,10,1
21.033333333333296,44.5266666666667,1210,20,1
21.1,44.2666666666667,1220,10,1
21.1333333333333,44.0266666666667,1230,10,1
21.2,43.8266666666667,1240,10,1
21.2,43.6633333333333,1250,0,0
21.26,43.59,1260,0,0
21.29,43.6266666666667,1270,0,0
21.3566666666667,43.7,1280,0,0
21.39,43.4666666666667,1290,0,0
21.39,43.3266666666667,1300,20,1
21.39,43.1633333333333,1310,20,1
21.39,43.09,1320,20,1
21.39,43.045,1330,20,1
21.39,43.09,1340,30,1
21.39,43.09,1350,20,1
21.39,43.2,1360,20,1
21.39,43.26,1370,30,1
21.29,43.29,1380,20,1
21.29,43.29,1390,20,1
21.29,43.3266666666667,1400,30,1
21.29,43.4,1410,20,1
21.26,43.4,1420,20,1
21.2,43.4,1430,20,1
21.2,43.4,0,30,1
21.1333333333333,43.4666666666667,10,20,1
21.1666666666667,43.4,20,20,1
21.1,43.3266666666667,30,0,0
21.066666666666695,43.363333333333294,40,0,0
21.0,43.363333333333294,50,0,0
21.0,43.433333333333294,60,0,0
21.0,43.56,70,0,0
20.89,43.7,80,0,0
20.89,43.7225,90,0,0
20.89,43.863333333333294,100,0,0
20.79,43.7,110,0,0
20.79,43.7,120,0,0
20.79,43.59,130,0,0
20.79,43.53,140,0,0
20.7,43.5,150,0,0
20.7,43.5,160,0,0
20.7,43.4,170,0,0
20.7,43.4,180,0,0
20.6,43.29,190,0,0
20.6,43.29,200,0,0
20.6,43.29,210,0,0
20.533333333333296,43.29,220,0,0
20.5,43.26,230,0,0
20.5,43.2,240,0,0
20.5,43.2,250,0,0
20.4266666666667,43.1266666666667,260,0,0
20.39,43.0,270,0,0
20.39,43.0,280,0,0
20.39,43.0,290,0,0
20.29,42.9,300,0,0
20.29,42.9,310,0,0
20.29,42.9,320,0,0
20.23,42.8266666666667,330,0,0
20.2,42.7,340,0,0
20.2,42.7,350,0,0
20.2,42.7,360,0,0
20.1333333333333,42.7,370,0,0
20.1,42.7,380,0,0
20.1,42.7,390,0,0
20.033333333333296,42.53,400,0,0
20.1,42.59,410,0,0
20.0,42.4666666666667,420,0,0
20.0,42.4,430,0,0
20.0,42.4,440,10,1
20.0,42.4,450,10,1
19.963333333333296,42.26,460,0,0
19.963333333333296,42.1266666666667,470,0,0
19.89,42.09,480,0,0
19.89,42.1266666666667,490,0,0
19.89,42.4,500,0,0
19.89,42.7,510,0,0
19.89,42.96,520,0,0
19.89,43.06,530,0,0
19.89,43.0,540,0,0
19.89,43.0,550,0,0
19.89,43.0,560,10,1
20.0,45.53,570,0,0
20.0,44.05666666666671,580,0,0
19.89,43.56,590,0,0
19.963333333333296,43.433333333333294,600,10,1
19.89,43.23,610,0,0
19.89,43.23,620,0,0
19.89,43.0,630,0,0
19.89,42.933333333333294,640,0,0
19.89,42.863333333333294,650,0,0
19.89,42.79,660,0,0
19.89,42.79,670,10,1
19.89,43.1566666666667,680,0,0
19.89,43.363333333333294,690,0,0
19.89,43.26,700,0,0
19.89,43.2,710,0,0
19.89,43.06,720,10,1
19.89,42.933333333333294,730,0,0
19.89,42.76,740,0,0
19.963333333333296,44.5666666666667,750,0,0
20.2,43.9233333333333,760,0,0
20.2,43.6633333333333,770,0,0
20.2,44.05666666666671,780,0,0
20.26,44.1966666666667,790,0,0
20.39,43.9233333333333,800,0,0
20.39,43.53,810,30,1
20.5,43.29,820,20,1
20.5,43.29,830,20,1
20.6,43.29,840,30,1
20.6666666666667,43.23,850,20,1
20.7,42.93,860,10,1
20.7675,42.7675,870,10,1
20.79,42.9,880,10,1
20.89,43.03,890,20,1
20.963333333333296,42.963333333333296,900,10,1
21.033333333333296,42.79,910,20,1
21.1,42.79,920,10,1
21.1,42.6633333333333,930,20,1
21.1,42.59,940,10,1
21.2,42.4666666666667,950,10,1
21.2,42.4,960,20,1
21.2,42.29,970,10,1
21.26,42.29,980,20,1
21.29,42.4,990,0,0
21.3566666666667,42.4,1000,0,0
21.533333333333296,42.4,1010,0,0
21.6,42.0666666666667,1020,0,0
21.73,41.9666666666667,1030,10,1
21.79,41.9,1040,0,0
21.79,41.76,1050,0,0
21.8566666666667,41.76,1060,0,0
21.89,41.645,1070,0,0
21.9266666666667,41.53,1080,0,0
22.0,41.6633333333333,1090,30,1
22.0,41.7,1100,20,1
22.066666666666695,41.7,1110,10,1
22.23,42.2,1120,0,0
22.43,43.0,1130,30,1
22.663333333333295,47.6266666666667,1140,10,1
22.8566666666667,50.033333333333296,1150,10,1
23.0,46.76333333333329,1160,10,1
23.0,46.23,1170,30,1
23.0,45.0933333333333,1180,10,1
23.066666666666695,44.3666666666667,1190,0,0
23.1,43.7666666666667,1200,10,1
23.1,43.2266666666667,1210,0,0
23.2,42.723333333333294,1220,30,1
23.1333333333333,42.463333333333296,1230,30,1
23.1,42.0266666666667,1240,20,1
23.1,41.8266666666667,1250,30,1
23.066666666666695,41.6,1260,20,1
23.0,41.3175,1270,20,1
23.0,41.23,1280,20,1
22.89,41.1633333333333,1290,30,1
22.89,41.09,1300,20,1
22.79,40.9666666666667,1310,20,1
22.79,40.9,1320,20,1
22.7,40.9,1330,20,1
22.7,40.8266666666667,1340,20,1
22.6666666666667,40.76,1350,10,1
22.6,40.83333333333329,1360,0,0
22.566666666666695,41.1633333333333,1370,0,0
22.5,41.09,1380,0,0
22.463333333333296,41.06,1390,0,0
22.39,41.0,1400,0,0
22.39,41.1266666666667,1410,0,0
22.323333333333295,41.2,1420,0,0
22.26,41.29,1430,0,0
22.2,41.29,0,0,0
22.1666666666667,41.3266666666667,10,0,0
22.1,41.4,20,0,0
22.1,41.5,30,0,0
22.0,41.433333333333294,40,0,0
22.0,41.5,50,0,0
21.89,41.5,60,0,0
21.89,41.56,70,0,0
21.8566666666667,41.56,80,0,0
21.79,41.5,90,0,0
21.79,41.5,100,0,0
21.73,41.5,110,0,0
21.7,41.5,120,0,0
21.6333333333333,41.433333333333294,130,0,0
21.6,41.4,140,0,0
21.6,41.4,150,0,0
21.566666666666695,41.3266666666667,160,0,0
21.5,41.4,170,0,0
21.39,41.26,180,0,0
21.39,41.2,190,0,0
21.39,41.2,200,0,0
21.39,41.26,210,0,0
21.29,41.2,220,0,0
21.29,41.2,230,0,0
21.29,41.2,240,0,0
21.2,41.09,250,0,0
21.2,41.09,260,0,0
21.1666666666667,41.06,270,0,0
21.1,41.0,280,0,0
21.1,41.0,290,0,0
21.1,41.0,300,0,0
21.0,41.0,310,0,0
21.0,41.0,320,0,0
20.963333333333296,41.0,330,0,0
20.89,41.0,340,0,0
20.89,41.0,350,0,0
20.89,41.0,360,0,0
20.79,40.933333333333294,370,0,0
20.79,41.0,380,0,0
20.79,41.0,390,0,0
20.73,41.0,400,0,0
20.7,41.09,410,0,0
20.675,41.0675,420,0,0
20.6,41.0,430,0,0
20.6,41.0,440,10,1
20.6,41.2666666666667,450,0,0
20.6,41.463333333333296,460,0,0
20.6,41.59,470,10,1
20.6,41.5666666666667,480,0,0
20.6,41.9,490,0,0
20.6,41.79,500,0,0
20.6,41.73,510,0,0
20.6,41.56,520,0,0
20.533333333333296,41.5,530,10,1
20.5,41.33333333333329,540,0,0
20.5,41.2,550,0,0
20.5,40.9666666666667,560,0,0
20.5,40.9,570,0,0
20.39,40.76,580,0,0
20.39,40.6266666666667,590,0,0
20.39,40.56,600,0,0
20.39,40.433333333333294,610,0,0
20.39,40.29,620,0,0
20.3566666666667,40.1633333333333,630,0,0
20.3566666666667,40.09,640,0,0
20.29,39.9666666666667,650,0,0
20.29,39.9,660,0,0
20.29,39.863333333333294,670,0,0
20.29,39.73,680,0,0
20.29,39.7,690,0,0
20.29,39.6266666666667,700,10,1
20.29,39.33333333333329,710,0,0
20.29,39.2,720,0,0
20.29,39.66666666666671,730,0,0
20.29,40.2666666666667,740,0,0
20.39,40.8,750,0,0
20.39,41.06,760,0,0
20.5,41.36,770,0,0
20.566666666666695,41.433333333333294,780,0,0
20.6,41.69333333333329,790,0,0
20.6,42.1,800,0,0
20.6333333333333,41.83333333333329,810,0,0
20.7,41.3425,820,0,0
20.7,40.963333333333296,830,0,0
20.73,40.49,840,0,0
20.79,40.23,850,0,0
20.823333333333295,40.36,860,0,0
20.89,40.56,870,0,0
21.0,40.59,880,0,0
21.0,40.6633333333333,890,0,0
21.033333333333296,40.363333333333294,900,0,0
21.1,39.963333333333296,910,0,0
21.1333333333333,39.86,920,0,0
21.2,40.1333333333333,930,0,0
21.23,39.99,940,0,0
21.29,39.6566666666667,950,0,0
21.29,39.33333333333329,960,0,0
21.29,39.1266666666667,970,0,0
21.323333333333295,39.06,980,0,0
21.39,40.2666666666667,990,0,0
21.6,38.56,1000,0,0
21.6,37.5,1010,0,0
21.533333333333296,37.6333333333333,1020,0,0
21.463333333333296,37.73,1030,0,0
21.39,37.99,1040,0,0
21.39,43.4233333333333,1050,0,0
21.39,43.7566666666667,1060,0,0
21.39,42.16666666666671,1070,0,0
21.39,41.1,1080,0,0
21.29,40.4,1090,0,0
21.29,40.0,1100,0,0
21.323333333333295,39.7966666666667,1110,0,0
21.39,40.6633333333333,1120,20,1
21.533333333333296,40.2666666666667,1130,10,1
21.6666666666667,39.8,1140,10,1
21.73,39.03,1150,10,1
21.79,38.963333333333296,1160,30,1
21.823333333333295,38.723333333333294,1170,30,1
21.89,38.463333333333296,1180,10,1
22.033333333333296,38.6333333333333,1190,10,1
22.1,38.8266666666667,1200,10,1
22.1,38.745,1210,0,0
22.1,38.56,1220,0,0
22.1666666666667,38.433333333333294,1230,0,0
22.2,38.2,1240,0,0
22.2,38.2,1250,10,1
22.2,38.1333333333333,1260,0,0
22.2,37.86,1270,30,1
22.1,37.59,1280,20,1
22.1,37.59,1290,20,1
22.1,37.59,1300,20,1
22.1,37.59,1310,20,1
22.0,37.5,1320,30,1
22.0,37.5,1330,20,1
21.963333333333296,37.73,1340,30,1
21.89,37.863333333333294,1350,20,1
21.89,38.0,1360,20,1
21.89,38.06,1370,20,1
21.79,38.09,1380,30,1
21.79,38.09,1390,20,1
21.7,38.09,1400,20,1
21.7,38.195,1410,20,1
21.6333333333333,38.29,1420,20,1
21.6,38.4,1430,20,1
21.6,38.4,0,0,0
21.5,38.4,10,0,0
21.5,38.4,20,0,0
21.39,38.29,30,0,0
21.39,38.23,40,0,0
21.39,38.29,50,0,0
21.323333333333295,38.29,60,0,0
21.29,38.26,70,0,0
21.29,38.26,80,0,0
21.26,38.2,90,0,0
21.2,38.1266666666667,100,0,0
21.2,38.09,110,0,0
21.1333333333333,38.09,120,0,0
21.1,38.09,130,0,0
21.1,38.09,140,0,0
21.033333333333296,38.03,150,0,0
21.033333333333296,38.09,160,0,0
21.0,38.09,170,0,0
20.963333333333296,38.09,180,0,0
20.89,38.09,190,0,0
20.89,38.09,200,0,0
20.823333333333295,38.03,210,0,0
20.79,38.06,220,0,0
20.79,38.06,230,0,0
20.76,38.09,240,0,0
20.7,38.09,250,0,0
20.7,38.09,260,0,0
20.7,38.09,270,0,0
20.6666666666667,38.06,280,0,0
20.6,38.06,290,0,0
20.6,38.09,300,0,0
20.6,38.09,310,0,0
20.566666666666695,38.09,320,0,0
20.5,38.1633333333333,330,0,0
20.5,38.2,340,0,0
20.5,38.2,350,0,0
20.445,38.145,360,0,0
20.39,38.2,370,0,0
20.39,38.2,380,0,0
20.3566666666667,38.23,390,0,0
20.29,38.29,400,0,0
20.29,38.29,410,0,0
20.29,38.29,420,0,0
20.2,38.29,430,0,0
20.2,38.29,440,0,0
20.2,38.29,450,0,0
20.1333333333333,38.363333333333294,460,0,0
20.1666666666667,38.4,470,0,0
20.1,38.4,480,0,0
20.1,38.433333333333294,490,0,0
20.033333333333296,38.433333333333294,500,0,0
20.066666666666695,38.4666666666667,510,0,0
20.0,38.4,520,0,0
20.0,39.0,530,0,0
20.066666666666695,39.533333333333296,540,0,0
20.033333333333296,39.53,550,10,1
20.025,39.695,560,0,0
20.066666666666695,39.863333333333294,570,0,0
20.033333333333296,39.79,580,0,0
20.1,39.73,590,0,0
20.033333333333296,39.4,600,10,1
20.033333333333296,39.2666666666667,610,0,0
20.0,39.06,620,0,0
20.0,38.933333333333294,630,0,0
20.0,38.79,640,0,0
20.0,38.73,650,0,0
19.963333333333296,38.2666666666667,660,0,0
19.89,38.0,670,0,0
19.89,38.1566666666667,680,10,1
19.89,38.363333333333294,690,0,0
19.89,38.73,700,0,0
19.89,38.79,710,10,1
19.89,39.19333333333329,720,10,1
19.963333333333296,40.2666666666667,730,0,0
20.033333333333296,44.0633333333333,740,10,1
20.1,43.2225,750,10,1
20.1,42.3666666666667,760,0,0
20.1,42.29,770,10,1
20.1,42.5633333333333,780,0,0
20.2,42.463333333333296,790,0,0
20.2,42.463333333333296,800,0,0
20.23,42.1633333333333,810,10,1
20.29,41.89,820,0,0
20.323333333333295,41.6633333333333,830,0,0
20.39,41.53,840,0,0
20.533333333333296,41.4666666666667,850,0,0
20.6,41.2666666666667,860,10,1
20.7,41.0266666666667,870,10,1
20.76,40.8266666666667,880,10,1
20.79,40.56,890,10,1
20.8566666666667,40.56,900,0,0
20.89,40.53,910,0,0
20.963333333333296,40.723333333333294,920,0,0
21.033333333333296,40.7,930,0,0
21.1,40.7,940,0,0
21.15,40.59,950,0,0
21.29,40.1966666666667,960,0,0
21.29,39.73,970,0,0
21.323333333333295,39.83333333333329,980,0,0
21.39,39.6266666666667,990,0,0
21.5,39.6633333333333,1000,0,0
21.5,39.53,1010,0,0
21.5,39.5,1020,0,0
21.566666666666695,39.433333333333294,1030,0,0
21.6,39.363333333333294,1040,0,0
21.6,39.29,1050,0,0
21.5,39.29,1060,0,0
21.5,39.23,1070,0,0
21.5,39.2,1080,20,1
21.4266666666667,39.1266666666667,1090,30,1
21.39,39.09,1100,10,1
21.39,39.09,1110,20,1
21.39,39.1266666666667,1120,20,1
21.463333333333296,39.26,1130,20,1
21.5,40.745,1140,10,1
21.6333333333333,44.1333333333333,1150,10,1
21.9,45.1333333333333,1160,10,1
22.1333333333333,43.9966666666667,1170,10,1
22.2,43.53,1180,30,1
22.1666666666667,42.6233333333333,1190,10,1
22.1,42.03,1200,10,1
22.1,41.6333333333333,1210,0,0
22.1,41.36,1220,0,0
22.2,41.1333333333333,1230,0,0
22.2,40.933333333333294,1240,0,0
22.29,40.76,1250,0,0
22.29,40.6266666666667,1260,0,0
22.29,40.56,1270,0,0
22.3566666666667,40.36,1280,0,0
22.39,40.2,1290,0,0
22.39,40.2,1300,0,0
22.3566666666667,40.09,1310,0,0
22.29,40.03,1320,0,0
22.29,40.0,1330,0,0
22.2675,39.8975,1340,20,1
22.2,39.79,1350,10,1
22.1666666666667,39.933333333333294,1360,10,1
22.1,40.06,1370,10,1
22.1,40.06,1380,0,0
22.033333333333296,39.933333333333294,1390,10,1
21.963333333333296,39.9,1400,0,0
21.89,39.9,1410,10,1
21.8566666666667,39.9,1420,10,1
21.79,39.9,1430,0,0
21.79,39.9,0,10,1
21.79,39.9,10,0,0
21.7,39.933333333333294,20,10,1
21.6333333333333,39.86,30,0,0
21.6,39.9,40,10,1
21.6,39.9,50,10,1
21.5,39.9,60,0,0
21.5,39.9,70,0,0
21.39,39.79,80,0,0
21.39,39.79,90,0,0
21.39,39.79,100,0,0
21.29,39.79,110,0,0
21.29,39.79,120,0,0
21.26,39.79,130,0,0
21.2,39.79,140,0,0
21.2,39.79,150,0,0
21.1333333333333,39.863333333333294,160,0,0
21.1,39.9,170,0,0
21.1,39.9,180,0,0
21.066666666666695,39.9,190,0,0
21.0,39.9,200,0,0
21.0,39.933333333333294,210,0,0
21.0,40.0,220,0,0
20.89,40.0,230,0,0
20.89,40.0,240,0,0
20.8566666666667,40.06,250,0,0
20.79,40.0,260,0,0
20.79,40.09,270,0,0
20.79,40.09,280,0,0
20.76,40.09,290,0,0
20.7,40.1725,300,0,0
20.7,40.2,310,0,0
20.6666666666667,40.1633333333333,320,0,0
20.6,40.09,330,0,0
20.6,40.2,340,0,0
20.6,40.2,350,0,0
20.566666666666695,40.2,360,0,0
20.5,40.2,370,0,0
20.5,40.23,380,0,0
20.5,40.29,390,0,0
20.5,40.29,400,0,0
20.4266666666667,40.23,410,0,0
20.39,40.23,420,0,0
20.39,40.29,430,0,0
20.29,40.29,440,0,0
20.29,40.29,450,0,0
20.29,40.29,460,0,0
20.29,40.29,470,20,1
20.29,40.433333333333294,480,0,0
20.2225,40.4725,490,0,0
20.2,40.723333333333294,500,0,0
20.2,40.9,510,0,0
20.2,41.0266666666667,520,10,1
20.2,40.9,530,20,1
20.2,40.9,540,30,1
20.2,40.9,550,20,1
20.2,40.9,560,20,1
20.2,40.723333333333294,570,30,1
20.2,40.53,580,40,1
20.2,40.4666666666667,590,30,1
20.2,40.5266666666667,600,40,1
20.1666666666667,40.59,610,40,1
20.1666666666667,40.59,620,30,1
20.1,40.59,630,40,1
20.1666666666667,40.6633333333333,640,30,1
20.2,40.7,650,40,1
20.1333333333333,40.7,660,20,1
20.1,40.6633333333333,670,20,1
20.1,40.59,680,20,1
20.1,40.723333333333294,690,10,1
20.2,40.863333333333294,700,10,1
20.2,40.863333333333294,710,10,1
20.23,40.933333333333294,720,0,0
20.29,41.0,730,10,1
20.29,41.09,740,10,1
20.29,41.223333333333294,750,10,1
20.323333333333295,41.26,760,10,1
20.463333333333296,43.33333333333329,770,10,1
20.6666666666667,43.363333333333294,780,10,1
20.6666666666667,45.09666666666671,790,0,0
20.73,45.69333333333329,800,0,0
20.8566666666667,45.8266666666667,810,10,1
21.033333333333296,45.1333333333333,820,10,1
21.1,44.66666666666671,830,20,1
21.23,43.66,840,20,1
21.29,43.19333333333329,850,20,1
21.323333333333295,42.723333333333294,860,20,1
21.39,42.33,870,20,1
21.39,41.85,880,20,1
21.4266666666667,41.4,890,20,1
21.5,41.0,900,20,1
21.5,40.6633333333333,910,20,1
21.5,40.59,920,10,1
21.5,40.9,930,20,1
21.5,41.1,940,20,1
21.5,40.9,950,10,1
21.5,40.6266666666667,960,20,1
21.5,40.4666666666667,970,20,1
21.5,40.4,980,10,1
21.39,40.6633333333333,990,10,1
21.39,40.53,1000,0,0
21.39,40.5,1010,10,1
21.39,40.5,1020,10,1
21.3566666666667,40.5,1030,10,1
21.29,40.5,1040,20,1
21.26,40.26,1050,10,1
21.2,40.26,1060,20,1
21.1666666666667,40.5266666666667,1070,20,1
21.1,40.35,1080,20,1
21.1,40.533333333333296,1090,30,1
21.066666666666695,40.7,1100,30,1
21.0,40.6266666666667,1110,40,1
21.0,40.6333333333333,1120,20,1
20.9266666666667,40.9,1130,20,1
20.89,40.9933333333333,1140,10,1
20.89,41.8,1150,30,1
20.89,45.0666666666667,1160,10,1
20.89,46.7333333333333,1170,10,1
20.89,45.6333333333333,1180,10,1
20.89,45.0266666666667,1190,20,1
20.963333333333296,43.86,1200,10,1
20.89,43.0666666666667,1210,10,1
21.0,42.43,1220,10,1
21.0,42.09666666666671,1230,20,1
21.0,41.79,1240,20,1
21.0,41.863333333333294,1250,40,1
21.0,41.723333333333294,1260,40,1
21.0,41.3975,1270,10,1
21.0,41.1266666666667,1280,20,1
21.0,40.9666666666667,1290,0,0
21.0,40.9666666666667,1300,0,0
21.0,40.863333333333294,1310,10,1
21.0,40.73,1320,0,0
21.0,40.59,1330,0,0
21.0,40.53,1340,20,1
20.9266666666667,40.4666666666667,1350,30,1
20.9266666666667,40.6,1360,20,1
20.89,40.6633333333333,1370,10,1
20.823333333333295,40.59,1380,0,0
20.79,40.933333333333294,1390,10,1
20.79,41.06,1400,10,1
20.79,41.0,1410,0,0
20.79,41.1333333333333,1420,10,1
20.7,41.09,1430,10,1
20.7,41.1633333333333,0,0,0
20.6666666666667,41.2,10,10,1
20.6,41.2,20,0,0
20.6,41.2,30,10,1
20.566666666666695,41.1266666666667,40,0,0
20.5,41.2,50,10,1
20.5,41.1266666666667,60,10,1
20.5,41.2,70,0,0
20.39,41.09,80,10,1
20.39,41.09,90,0,0
20.39,41.09,100,10,1
20.323333333333295,41.09,110,10,1
20.29,41.09,120,0,0
20.29,41.1633333333333,130,10,1
20.29,41.2,140,0,0
20.29,41.2,150,10,1
20.2,41.1266666666667,160,10,1
20.2,41.2,170,0,0
20.1666666666667,41.1633333333333,180,10,1
20.1666666666667,41.1633333333333,190,0,0
20.1,41.2,200,10,1
20.1,41.2,210,0,0
20.05,41.1,220,10,1
20.066666666666695,41.1633333333333,230,10,1
20.0,41.09,240,0,0
20.0,41.09,250,10,1
20.0,41.1633333333333,260,0,0
19.963333333333296,41.2,270,10,1
19.89,41.2,280,10,1
19.89,41.2,290,0,0
19.89,41.2,300,10,1
19.79,41.03,310,0,0
19.79,41.03,320,10,1
19.79,41.0,330,10,1
19.79,41.06,340,0,0
19.7,41.06,350,10,1
19.7,41.06,360,0,0
19.7,41.06,370,10,1
19.7,41.0,380,0,0
19.6666666666667,40.9666666666667,390,10,1
19.6666666666667,40.9666666666667,400,10,1
19.6,40.9,410,10,1
19.6,40.9,420,20,1
19.6,41.0266666666667,430,10,1
19.6,41.2666666666667,440,10,1
19.6,41.3266666666667,450,0,0
19.6,41.1333333333333,460,0,0
19.533333333333296,40.933333333333294,470,0,0
19.5,41.0,480,10,1
19.5,41.0,490,0,0
19.5,40.76,500,0,0
19.5,40.6266666666667,510,10,1
19.39,40.33333333333329,520,10,1
19.39,40.26,530,10,1
19.39,40.06,540,10,1
19.39,39.86,550,10,1
19.39,39.6266666666667,560,10,1
19.323333333333295,39.7,570,20,1
19.29,39.6633333333333,580,10,1
19.29,39.59,590,10,1
19.29,40.2333333333333,600,10,1
19.4475,43.97,610,10,1
19.5,42.1333333333333,620,20,1
19.5,40.7333333333333,630,10,1
19.5,40.66,640,10,1
19.5,40.9666666666667,650,10,1
19.5,40.8266666666667,660,10,1
19.6,40.79,670,10,1
19.6,40.79,680,10,1
19.7,40.9,690,20,1
19.76,40.8266666666667,700,10,1
19.79,40.49,710,10,1
19.8566666666667,40.23,720,10,1
19.89,39.7966666666667,730,10,1
19.963333333333296,39.53,740,10,1
20.1,39.43,750,20,1
20.1666666666667,39.1566666666667,760,10,1
20.26,39.0666666666667,770,10,1
20.26,39.4,780,10,1
20.29,39.33333333333329,790,10,1
20.365,39.35,800,10,1
20.39,39.4666666666667,810,10,1
20.4266666666667,39.53,820,20,1
20.5,39.53,830,0,0
20.533333333333296,39.5266666666667,840,0,0
20.6,39.0666666666667,850,0,0
20.7,38.99,860,0,0
20.7,38.6566666666667,870,0,0
20.7,38.4666666666667,880,0,0
20.7,38.4,890,0,0
20.7,38.26,900,0,0
20.7,38.0666666666667,910,0,0
20.73,37.79,920,0,0
20.79,37.73,930,0,0
20.76,37.59,940,0,0
20.7,37.59,950,0,0
20.7,37.4666666666667,960,0,0
20.7,37.3266666666667,970,0,0
20.79,37.29,980,0,0
20.79,37.29,990,0,0
20.79,37.2,1000,0,0
20.79,37.2,1010,0,0
20.79,37.2,1020,0,0
20.76,37.2,1030,0,0
20.7,37.2,1040,10,1
20.7,37.223333333333294,1050,0,0
20.7,36.89,1060,20,1
20.6,36.7,1070,30,1
20.6,36.7,1080,20,1
20.6333333333333,36.6566666666667,1090,20,1
20.7,36.79,1100,20,1
20.79,36.8266666666667,1110,20,1
20.8566666666667,37.0266666666667,1120,10,1
20.9266666666667,39.9266666666667,1130,40,1
21.0,44.8666666666667,1140,10,1
21.1,44.6,1150,20,1
21.1666666666667,42.33333333333329,1160,0,0
21.29,40.793333333333294,1170,30,1
21.29,40.0,1180,30,1
21.34,39.245,1190,30,1
21.39,38.933333333333294,1200,20,1
21.39,39.06,1210,30,1
21.5,39.1266666666667,1220,20,1
21.5,39.2,1230,30,1
21.566666666666695,39.1266666666667,1240,30,1
21.566666666666695,39.1266666666667,1250,20,1
21.6,38.9,1260,30,1
21.6,38.9,1270,30,1
21.6,38.76,1280,30,1
21.6,38.6266666666667,1290,20,1
21.7,38.5,1300,30,1
21.7,38.433333333333294,1310,30,1
21.73,38.363333333333294,1320,30,1
21.73,38.29,1330,30,1
21.7,38.29,1340,30,1
21.7,38.43,1350,20,1
21.7,38.6266666666667,1360,30,1
21.6333333333333,38.6266666666667,1370,30,1
21.6666666666667,38.79,1380,30,1
21.6,38.8175,1390,30,1
21.533333333333296,38.9666666666667,1400,30,1
21.5,39.0,1410,30,1
21.5,39.0,1420,30,1
21.463333333333296,39.0,1430,30,1
21.39,39.0,0,30,1
21.39,39.09,10,20,1
21.39,39.09,20,30,1
21.29,39.09,30,30,1
21.29,39.09,40,30,1
21.29,39.09,50,10,1
21.23,39.09,60,10,1
21.2,39.09,70,0,0
21.1333333333333,39.03,80,10,1
21.1,38.9,90,10,1
21.1,38.8266666666667,100,0,0
21.066666666666695,38.76,110,10,1
21.0,38.6266666666667,120,10,1
21.0,38.59,130,0,0
20.9266666666667,38.53,140,10,1
20.89,38.5,150,10,1
20.8566666666667,38.363333333333294,160,0,0
20.79,38.29,170,10,1
20.79,38.29,180,10,1
20.73,38.29,190,0,0
20.7,38.2,200,10,1
20.7,38.2,210,0,0
20.6,38.09,220,10,1
20.6,38.09,230,10,1
20.6,38.09,240,0,0
20.533333333333296,38.09,250,10,1
20.5,38.09,260,0,0
20.5,38.09,270,10,1
20.5,38.09,280,10,1
20.4266666666667,38.03,290,0,0
20.39,38.0,300,10,1
20.39,38.0,310,0,0
20.29,38.0,320,10,1
20.29,38.0,330,10,1
20.29,38.0,340,0,0
20.2,37.9,350,10,1
20.2,37.9,360,0,0
20.1666666666667,37.9,370,10,1
20.1,37.9,380,10,1
20.1,37.9,390,0,0
20.1,37.9,400,10,1
20.0,37.79,410,0,0
20.0,37.79,420,20,1
19.963333333333296,37.79,430,10,1
19.963333333333296,37.79,440,40,1
19.9266666666667,37.8266666666667,450,20,1
19.9266666666667,37.9,460,0,0
19.89,37.863333333333294,470,0,0
19.823333333333295,37.79,480,0,0
19.79,37.76,490,0,0
19.79,37.7,500,0,0
19.79,37.6633333333333,510,0,0
19.79,37.7966666666667,520,0,0
19.7,38.0,530,0,0
19.7,37.9666666666667,540,0,0
19.7,37.9666666666667,550,0,0
19.7,38.0,560,0,0
19.7,38.0,570,0,0
19.7,38.09,580,0,0
19.7,38.09,590,10,1
19.79,38.23,600,0,0
19.79,38.29,610,0,0
19.79,39.2,620,10,1
19.79,39.1266666666667,630,0,0
19.89,39.463333333333296,640,0,0
19.89,39.6633333333333,650,10,1
20.0,39.433333333333294,660,0,0
20.066666666666695,39.5,670,0,0
20.033333333333296,39.53,680,0,0
20.1666666666667,39.463333333333296,690,0,0
20.23,39.1633333333333,700,0,0
20.29,39.03,710,0,0
20.29,37.6966666666667,720,0,0
20.315,36.8975,730,0,0
20.39,36.6266666666667,740,0,0
20.533333333333296,36.4666666666667,750,0,0
20.6,36.2666666666667,760,0,0
20.73,36.29,770,0,0
20.8566666666667,36.29,780,0,0
20.9266666666667,36.33,790,0,0
21.066666666666695,36.53,800,0,0
21.1,36.4,810,0,0
21.1666666666667,36.3266666666667,820,0,0
21.2,36.26,830,0,0
21.2,36.26,840,0,0
21.29,36.26,850,0,0
21.29,36.2,860,0,0
21.39,36.06,870,0,0
21.463333333333296,36.0,880,0,0
21.533333333333296,35.8633333333333,890,0,0
21.6,35.73,900,0,0
21.7,36.09666666666671,910,0,0
21.7,35.7725,920,0,0
21.76,34.86,930,0,0
21.79,34.73,940,0,0
21.79,34.73,950,0,0
21.79,34.79,960,0,0
21.79,34.73,970,0,0
21.79,34.76,980,10,1
21.79,34.7,990,0,0
21.79,34.6633333333333,1000,0,0
21.79,34.53,1010,0,0
21.79,34.29,1020,0,0
21.79,34.29,1030,0,0
21.76,34.3083333333333,1040,0,0
21.73,34.3266666666667,1050,0,0
21.7,34.3266666666667,1060,0,0
21.7,34.4,1070,0,0
21.6,34.2,1080,0,0
21.575,34.2225,1090,0,0
21.5,34.29,1100,0,0
21.5,34.3266666666667,1110,0,0
21.5,34.4,1120,0,0
21.5,34.7333333333333,1130,10,1
21.5,35.9266666666667,1140,20,1
21.6,39.2566666666667,1150,20,1
21.6666666666667,40.05666666666671,1160,10,1
21.73,38.893333333333295,1170,30,1
21.79,39.0266666666667,1180,30,1
21.89,38.7566666666667,1190,20,1
21.89,37.4966666666667,1200,20,1
22.0,36.363333333333294,1210,20,1
22.0,35.89,1220,20,1
22.0,35.6633333333333,1230,30,1
22.0,35.53,1240,20,1
22.033333333333296,35.26,1250,20,1
22.1,35.1266666666667,1260,20,1
22.1,34.8633333333333,1270,30,1
22.1,34.695,1280,10,1
22.1,34.59,1290,0,0
22.1,34.5,1300,0,0
22.1,34.5,1310,0,0
22.1,34.5,1320,0,0
22.1,34.4333333333333,1330,0,0
22.1,34.3633333333333,1340,0,0
22.033333333333296,34.23,1350,0,0
22.0,34.09,1360,10,1
22.0,34.1633333333333,1370,0,0
21.963333333333296,34.29,1380,0,0
21.89,34.3633333333333,1390,0,0
21.8566666666667,34.7,1400,0,0
21.8566666666667,34.76,1410,0,0
21.79,34.8633333333333,1420,0,0
21.79,34.79,1430,0,0
21.76,34.86,0,0,0
21.7,35.0,10,0,0
21.6,35.1266666666667,20,0,0
21.6,35.3333333333333,30,0,0
21.55,35.45,40,0,0
21.5,35.5,50,0,0
21.4266666666667,35.36,60,0,0
21.39,35.3633333333333,70,0,0
21.323333333333295,35.29,80,0,0
21.29,35.29,90,0,0
21.29,35.29,100,0,0
21.2,35.29,110,0,0
21.2,35.3633333333333,120,0,0
21.1,35.26,130,0,0
21.1,35.3333333333333,140,0,0
21.066666666666695,35.3333333333333,150,0,0
21.0,35.2,160,0,0
21.0,35.2,170,0,0
20.9266666666667,35.2,180,0,0
20.89,35.2,190,0,0
20.823333333333295,35.1266666666667,200,0,0
20.79,35.09,210,0,0
20.79,35.09,220,0,0
20.7,35.23,230,0,0
20.7,35.245,240,0,0
20.7,35.3633333333333,250,0,0
20.6,35.23,260,0,0
20.6,35.29,270,0,0
20.566666666666695,35.4,280,0,0
20.5,35.4666666666667,290,0,0
20.5,35.5,300,0,0
20.5,35.5,310,0,0
20.39,35.4,320,0,0
20.39,35.4,330,0,0
20.39,35.4,340,0,0
20.39,35.4,350,0,0
20.29,35.4,360,0,0
20.29,35.4,370,0,0
20.26,35.4666666666667,380,0,0
20.2,35.4,390,0,0
20.2,35.4,400,0,0
20.2,35.4,410,0,0
20.1666666666667,35.4333333333333,420,10,1
20.1,35.75,430,30,1
20.1,35.5666666666667,440,20,1
20.0,35.1633333333333,450,10,1
20.0,34.89,460,10,1
20.0,34.8,470,0,0
20.0,35.0,480,0,0
20.0,35.2966666666667,490,0,0
19.9266666666667,35.1633333333333,500,10,1
19.963333333333296,35.3333333333333,510,0,0
19.963333333333296,35.1266666666667,520,0,0
19.89,34.8633333333333,530,10,1
19.89,34.79,540,0,0
19.8566666666667,34.6633333333333,550,0,0
19.79,34.53,560,0,0
19.79,34.26,570,10,1
19.79,34.1266666666667,580,0,0
19.76,33.9,590,0,0
19.7,33.8266666666667,600,0,0
19.7,33.79,610,0,0
19.7,33.8175,620,0,0
19.7,34.0266666666667,630,0,0
19.7,34.1933333333333,640,0,0
19.7,34.4666666666667,650,10,1
19.7,34.73,660,0,0
19.76,34.99,670,0,0
19.79,36.033333333333296,680,0,0
19.8566666666667,37.5666666666667,690,0,0
20.0,38.6,700,0,0
20.0,37.66666666666671,710,10,1
20.1,38.0633333333333,720,0,0
20.1,37.323333333333295,730,0,0
20.1,36.69333333333329,740,10,1
20.1,36.7666666666667,750,0,0
20.2,36.5266666666667,760,0,0
20.2,36.19333333333329,770,0,0
20.29,35.8633333333333,780,0,0
20.29,35.5966666666667,790,0,0
20.39,35.2233333333333,800,0,0
20.463333333333296,35.03,810,10,1
20.5,34.95,820,0,0
20.6,34.79,830,0,0
20.6,34.73,840,0,0
20.6333333333333,34.7,850,0,0
20.7,34.6266666666667,860,0,0
20.79,34.4666666666667,870,0,0
20.8566666666667,34.4666666666667,880,0,0
20.9266666666667,34.4333333333333,890,0,0
21.0,34.2266666666667,900,0,0
21.0,34.0,910,0,0
21.0,34.0,920,0,0
21.1,34.0,930,0,0
21.1,33.9333333333333,940,0,0
21.0,33.79,950,0,0
21.0,33.79,960,0,0
21.0,33.79,970,0,0
21.0,33.73,980,0,0
20.89,33.59,990,0,0
20.89,33.59,1000,0,0
20.84,33.45,1010,0,0
20.79,33.5,1020,0,0
20.79,33.56,1030,0,0
20.76,33.6266666666667,1040,0,0
20.7,33.76,1050,0,0
20.7,33.79,1060,0,0
20.7,33.73,1070,0,0
20.7,33.7,1080,0,0
20.7,33.7,1090,0,0
20.7,33.76,1100,0,0
20.7,33.7,1110,0,0
20.73,33.7,1120,0,0
20.79,33.7,1130,0,0
20.823333333333295,33.73,1140,0,0
20.963333333333296,33.73,1150,10,1
21.033333333333296,33.9566666666667,1160,10,1
21.1,34.23,1170,0,0
21.1333333333333,34.1266666666667,1180,0,0
21.26,34.2,1190,0,0
21.29,34.06,1200,0,0
21.365,33.8975,1210,0,0
21.39,33.73,1220,0,0
21.39,33.6633333333333,1230,10,1
21.463333333333296,33.6633333333333,1240,0,0
21.39,33.6266666666667,1250,0,0
21.39,33.7,1260,0,0
21.323333333333295,33.7666666666667,1270,10,1
21.323333333333295,34.0266666666667,1280,0,0
21.39,34.23,1290,0,0
21.39,34.43,1300,0,0
21.3566666666667,34.6266666666667,1310,0,0
21.29,34.76,1320,0,0
21.29,34.8266666666667,1330,0,0
21.29,34.9,1340,10,1
21.29,34.9333333333333,1350,0,0
21.23,34.9333333333333,1360,10,1
21.2,35.03,1370,0,0
21.2,35.09,1380,0,0
21.1666666666667,35.23,1390,0,0
21.1,35.3975,1400,0,0
21.1,35.5,1410,0,0
21.1,35.59,1420,0,0
21.033333333333296,35.59,1430,0,0
21.0,35.6266666666667,0,0,0
20.9266666666667,35.6266666666667,10,0,0
20.89,35.6266666666667,20,0,0
20.89,35.7,30,0,0
20.8566666666667,35.6633333333333,40,0,0
20.79,35.59,50,0,0
20.79,35.59,60,0,0
20.73,35.59,70,0,0
20.7,35.59,80,0,0
20.7,35.59,90,0,0
20.6,35.5,100,0,0
20.6,35.5,110,0,0
20.6,35.5,120,0,0
20.533333333333296,35.56,130,0,0
20.5,35.6266666666667,140,0,0
20.5,35.7,150,0,0
20.4266666666667,35.6266666666667,160,0,0
20.39,35.59,170,0,0
20.39,35.6633333333333,180,0,0
20.3566666666667,35.7,190,0,0
20.29,35.7,200,0,0
20.26,35.7,210,0,0
20.2,35.7,220,0,0
20.2,35.7,230,0,0
20.1333333333333,35.7,240,0,0
20.1,35.7,250,0,0
20.1,35.7,260,0,0
20.066666666666695,35.76,270,0,0
20.0,35.7,280,0,0
20.0,35.7,290,0,0
20.0,35.7,300,0,0
19.9266666666667,35.7,310,0,0
19.9266666666667,35.7,320,0,0
19.89,35.76,330,0,0
19.89,35.76,340,0,0
19.79,35.7,350,0,0
19.79,35.79,360,0,0
19.79,35.79,370,0,0
19.76,35.79,380,0,0
19.7,35.79,390,0,0
19.7,35.8266666666667,400,0,0
19.7,35.9,410,0,0
19.6666666666667,35.9,420,10,1
19.6666666666667,35.9666666666667,430,10,1
19.6666666666667,36.1633333333333,440,0,0
19.6,36.09,450,10,1
19.6,36.1566666666667,460,0,0
19.6,36.363333333333294,470,0,0
19.6,36.26,480,0,0
19.6,36.1266666666667,490,20,1
19.6,36.06,500,20,1
19.6,35.9333333333333,510,10,1
19.5,35.8333333333333,520,0,0
19.5,35.7,530,0,0
19.5,35.9,540,0,0
19.5,35.8633333333333,550,0,0
19.5,35.79,560,30,1
19.5,35.76,570,20,1
19.5,35.7,580,20,1
19.5,35.59,590,20,1
19.5,35.59,600,30,1
19.5,35.4,610,20,1
19.566666666666695,35.3266666666667,620,20,1
19.6,35.29,630,20,1
19.6,35.29,640,20,1
19.7,35.3633333333333,650,30,1
19.7,35.43,660,20,1
19.7,36.16,670,20,1
19.76,36.9,680,20,1
19.823333333333295,37.0666666666667,690,30,1
19.963333333333296,37.66,700,20,1
20.0,38.59,710,20,1
20.066666666666695,38.863333333333294,720,20,1
20.1,38.395,730,20,1
20.1333333333333,38.2966666666667,740,20,1
20.2,37.89,750,30,1
20.29,37.6333333333333,760,20,1
20.29,37.433333333333294,770,20,1
20.29,36.9,780,30,1
20.29,36.5666666666667,790,20,1
20.39,37.1233333333333,800,20,1
20.323333333333295,36.59666666666671,810,0,0
20.39,36.19333333333329,820,0,0
20.39,35.8,830,0,0
20.39,35.4,840,0,0
20.463333333333296,35.1266666666667,850,0,0
20.5,34.93,860,0,0
20.5,34.6566666666667,870,0,0
20.5,34.4666666666667,880,0,0
20.4266666666667,34.3266666666667,890,0,0
20.39,34.1633333333333,900,0,0
20.39,34.09,910,0,0
20.39,34.0,920,0,0
20.29,33.9666666666667,930,0,0
20.29,33.9,940,0,0
20.26,33.8633333333333,950,0,0
20.2,33.79,960,0,0
20.2,33.79,970,0,0
20.1333333333333,33.79,980,0,0
20.066666666666695,33.79,990,10,1
20.0,33.79,1000,0,0
20.0,33.9,1010,0,0
20.0,33.9666666666667,1020,0,0
20.0,34.1266666666667,1030,0,0
20.0,34.26,1040,0,0
19.89,34.4333333333333,1050,0,0
19.89,34.56,1060,0,0
19.89,34.6266666666667,1070,0,0
19.89,34.6266666666667,1080,0,0
20.0,34.7,1090,0,0
20.0,34.7,1100,0,0
20.033333333333296,34.7666666666667,1110,0,0
20.1,34.9,1120,0,0
20.1,34.9666666666667,1130,0,0
20.1333333333333,35.4333333333333,1140,0,0
20.26,36.36,1150,10,1
20.323333333333295,37.2266666666667,1160,10,1
20.463333333333296,37.9666666666667,1170,0,0
20.5,36.9,1180,0,0
20.5,36.5666666666667,1190,0,0
20.533333333333296,36.29,1200,10,1
20.6,36.29,1210,10,1
20.6333333333333,36.4666666666667,1220,30,1
20.6333333333333,36.2666666666667,1230,20,1
20.6,36.0,1240,20,1
20.6666666666667,36.0,1250,10,1
20.73,36.0,1260,10,1
20.8566666666667,36.0,1270,0,0
20.9266666666667,35.8633333333333,1280,0,0
21.066666666666695,35.79,1290,0,0
21.1,35.6633333333333,1300,10,1
21.175,35.5675,1310,0,0
21.26,35.56,1320,0,0
21.29,35.4666666666667,1330,0,0
21.3566666666667,35.4,1340,10,1
21.323333333333295,35.29,1350,0,0
21.39,35.23,1360,20,1
21.39,35.2,1370,20,1
21.39,35.1266666666667,1380,0,0
21.39,35.09,1390,0,0
21.323333333333295,35.09,1400,0,0
21.29,35.1266666666667,1410,0,0
21.29,35.2,1420,0,0
21.29,35.2,1430,0,0
21.29,35.26,0,0,0
21.2,35.2,10,10,1
21.2,35.26,20,0,0
21.1,35.3266666666667,30,0,0
21.1,35.4,40,0,0
21.1,35.5,50,0,0
21.033333333333296,35.5,60,0,0
21.0,35.5,70,0,0
21.0,35.59,80,0,0
20.9266666666667,35.6633333333333,90,0,0
20.89,35.73,100,10,1
20.89,35.79,110,0,0
20.79,35.79,120,0,0
20.79,35.79,130,0,0
20.76,35.9,140,0,0
20.7,35.9,150,0,0
20.7,35.9,160,0,0
20.7,35.9,170,0,0
20.6,35.8266666666667,180,0,0
20.6,35.9,190,10,1
20.5,35.9,200,0,0
20.5,35.9,210,0,0
20.5,35.9,220,0,0
20.4266666666667,35.9,230,0,0
20.39,35.9,240,0,0
20.39,35.9,250,0,0
20.39,35.9,260,0,0
20.29,35.9333333333333,270,0,0
20.29,36.0,280,10,1
20.2,36.0,290,0,0
20.2,36.0,300,0,0
20.2,36.09,310,0,0
20.1333333333333,36.09,320,0,0
20.1,36.1266666666667,330,0,0
20.1,36.2,340,0,0
20.066666666666695,36.1633333333333,350,0,0
20.066666666666695,36.1633333333333,360,0,0
20.0,36.2,370,0,0
20.0,36.2,380,0,0
19.89,36.2,390,0,0
19.89,36.2,400,0,0
19.89,36.29,410,0,0
19.89,36.29,420,10,1
19.8566666666667,36.26,430,0,0
19.79,36.2,440,20,1
19.79,36.1,450,10,1
19.73,36.1566666666667,460,0,0
19.73,36.29,470,10,1
19.7,36.4666666666667,480,0,0
19.7,36.4,490,0,0
19.7,36.4,500,0,0
19.7,36.2666666666667,510,0,0
19.7,36.09,520,10,1
19.7,36.09,530,0,0
19.6666666666667,36.86,540,0,0
19.6666666666667,38.8,550,0,0
19.6333333333333,37.8,560,0,0
19.6333333333333,37.1333333333333,570,0,0
19.6,36.83333333333329,580,0,0
19.6,36.7,590,0,0
19.6,36.73,600,10,1
19.6,36.863333333333294,610,0,0
19.6,36.863333333333294,620,0,0
19.6,36.863333333333294,630,0,0
19.6,37.1,640,0,0
19.6,37.03,650,10,1
19.6,37.09,660,10,1
19.6,37.03,670,10,1
19.6,37.1633333333333,680,0,0
19.6,37.2,690,0,0
19.6,37.26,700,0,0
19.7,37.433333333333294,710,0,0
19.7,37.6333333333333,720,0,0
19.893333333333295,41.9666666666667,730,0,0
20.1,44.2333333333333,740,0,0
20.2,42.1966666666667,750,0,0
20.26,41.2566666666667,760,0,0
20.323333333333295,40.4233333333333,770,0,0
20.39,39.89,780,0,0
20.39,39.49,790,0,0
20.39,39.23,800,0,0
20.39,39.4266666666667,810,0,0
20.39,39.2333333333333,820,0,0
20.5,38.723333333333294,830,0,0
20.5,38.47,840,0,0
20.5,38.23,850,0,0
20.533333333333296,38.1633333333333,860,0,0
20.6,38.03,870,0,0
20.6333333333333,38.1266666666667,880,0,0
20.7,38.2,890,0,0
20.73,38.1633333333333,900,0,0
20.79,38.03,910,0,0
20.823333333333295,38.2266666666667,920,0,0
20.89,38.7666666666667,930,0,0
20.9266666666667,39.19333333333329,940,0,0
21.0,39.3266666666667,950,0,0
21.0,39.23,960,0,0
21.0,39.29,970,0,0
21.0,39.223333333333294,980,0,0
21.0,39.03,990,0,0
21.0,38.83333333333329,1000,0,0
21.0,38.6266666666667,1010,0,0
21.0,38.33333333333329,1020,0,0
21.0,38.07,1030,0,0
21.0,37.9,1040,0,0
20.963333333333296,37.6333333333333,1050,0,0
20.89,37.5,1060,0,0
20.89,37.7,1070,0,0
20.823333333333295,37.7,1080,0,0
20.89,38.03,1090,0,0
20.823333333333295,38.09,1100,0,0
20.79,38.23,1110,0,0
20.79,38.363333333333294,1120,20,1
20.79,38.29,1130,30,1
20.79,38.29,1140,0,0
20.79,38.06,1150,0,0
20.73,37.933333333333294,1160,0,0
20.7,37.7,1170,0,0
20.7,37.7,1180,0,0
20.6,37.363333333333294,1190,0,0
20.6,37.23,1200,0,0
20.566666666666695,37.1633333333333,1210,0,0
20.5,37.09,1220,0,0
20.5,37.0,1230,0,0
20.39,36.79,1240,0,0
20.39,36.73,1250,0,0
20.3566666666667,36.6633333333333,1260,0,0
20.29,36.59,1270,0,0
20.29,36.56,1280,0,0
20.23,36.433333333333294,1290,0,0
20.2,36.363333333333294,1300,0,0
20.2,36.29,1310,0,0
20.1333333333333,36.29,1320,0,0
20.1333333333333,36.23,1330,0,0
20.066666666666695,36.1633333333333,1340,0,0
20.0,36.09,1350,0,0
20.0,36.09,1360,0,0
19.9266666666667,36.09,1370,0,0
19.963333333333296,36.09,1380,0,0
19.89,36.09,1390,0,0
19.89,36.09,1400,0,0
19.823333333333295,36.03,1410,0,0
19.79,36.0,1420,0,0
19.79,36.0666666666667,1430,10,1
19.79,36.26,0,0,0
19.7,36.463333333333296,10,0,0
19.7,36.59,20,0,0
19.7,36.7,30,0,0
19.7,36.7,40,0,0
19.6,36.6266666666667,50,0,0
19.6666666666667,36.83333333333329,60,0,0
19.6,36.79,70,0,0
19.6,36.863333333333294,80,0,0
19.6,36.933333333333294,90,0,0
19.6,37.0,100,0,0
19.566666666666695,37.1266666666667,110,0,0
19.5,37.2,120,0,0
19.5,37.2,130,0,0
19.5,37.2,140,0,0
19.5,37.29,150,0,0
19.5,37.363333333333294,160,0,0
19.445,37.4,170,0,0
19.39,37.433333333333294,180,0,0
19.39,37.5,190,0,0
19.39,37.53,200,0,0
19.39,37.59,210,0,0
19.39,37.7,220,0,0
19.323333333333295,37.7,230,0,0
19.29,37.79,240,0,0
19.29,37.863333333333294,250,0,0
19.29,37.9,260,0,0
19.29,37.9666666666667,270,0,0
19.29,38.0,280,0,0
19.23,38.0,290,0,0
19.2,38.03,300,0,0
19.2,38.09,310,0,0
19.2,38.2,320,0,0
19.2,38.26,330,0,0
19.1666666666667,38.29,340,0,0
19.1666666666667,38.363333333333294,350,0,0
19.2,38.45,360,10,1
19.1666666666667,38.53,370,0,0
19.1,38.59,380,0,0
19.1,38.6266666666667,390,0,0
19.1,38.7,400,0,0
19.1,38.73,410,0,0
19.1,38.79,420,0,0
19.1,38.9,430,0,0
19.1,38.9,440,0,0
19.0,38.933333333333294,450,0,0
19.0,39.0,460,0,0
19.0,39.09,470,0,0
19.0,39.1633333333333,480,0,0
19.0,39.2,490,0,0
19.0,39.26,500,0,0
19.0,39.3266666666667,510,0,0
18.9266666666667,39.4,520,0,0
18.89,39.53,530,0,0
18.963333333333296,40.1233333333333,540,0,0
19.0,40.545,550,0,0
19.1,41.03,560,0,0
19.1666666666667,41.1633333333333,570,10,1
19.23,41.23,580,10,1
19.29,41.29,590,0,0
19.4266666666667,41.53,600,10,1
19.566666666666695,41.53,610,0,0
19.6333333333333,41.53,620,0,0
19.76,41.59,630,0,0
19.96,41.8266666666667,640,0,0
20.1666666666667,41.8266666666667,650,0,0
20.4266666666667,41.56,660,0,0
20.566666666666695,41.433333333333294,670,0,0
20.73,41.26,680,0,0
20.79,41.2,690,0,0
20.9266666666667,41.06,700,0,0
21.0,40.933333333333294,710,0,0
21.033333333333296,40.79,720,0,0
21.1,40.73,730,0,0
21.15,40.545,740,0,0
21.23,40.4,750,0,0
21.29,40.4,760,0,0
21.29,40.29,770,0,0
21.29,40.23,780,0,0
21.39,41.9566666666667,790,0,0
21.53,45.09666666666671,800,0,0
21.7,43.0266666666667,810,0,0
21.7,42.36,820,0,0
21.73,42.2,830,0,0
21.8566666666667,42.2,840,0,0
21.9266666666667,41.9666666666667,850,0,0
22.0,41.9,860,0,0
22.1,41.9,870,0,0
22.033333333333296,41.293333333333294,880,0,0
22.1,41.56,890,0,0
22.1666666666667,41.36,900,0,0
22.1666666666667,40.6333333333333,910,0,0
22.1666666666667,40.433333333333294,920,0,0
22.2,40.363333333333294,930,0,0
22.2,40.29,940,0,0
22.2,40.29,950,10,1
22.2,40.29,960,10,1
22.2,40.23,970,0,0
22.29,40.26,980,0,0
22.3566666666667,40.2,990,0,0
22.4266666666667,40.09,1000,0,0
22.566666666666695,40.03,1010,0,0
22.6,39.9,1020,0,0
22.6666666666667,39.9666666666667,1030,0,0
22.7,39.9,1040,0,0
22.7,39.9,1050,0,0
22.73,39.863333333333294,1060,0,0
22.79,39.79,1070,10,1
22.79,40.0266666666667,1080,0,0
22.79,39.9,1090,0,0
22.823333333333295,39.8266666666667,1100,0,0
22.89,39.9666666666667,1110,0,0
22.9266666666667,48.2,1120,0,0
23.0,52.9266666666667,1130,0,0
23.0,49.75,1140,0,0
23.0,46.23,1150,0,0
23.0,45.823333333333295,1160,0,0
23.0,47.59666666666671,1170,10,1
23.0,46.0633333333333,1180,0,0
23.0,44.83333333333329,1190,10,1
23.0,44.3,1200,0,0
22.963333333333296,43.6,1210,0,0
22.89,43.2666666666667,1220,10,1
22.8566666666667,42.9666666666667,1230,20,1
22.79,42.9666666666667,1240,20,1
22.79,43.23,1250,20,1
22.73,43.363333333333294,1260,20,1
22.7,43.29,1270,30,1
22.6333333333333,43.23,1280,20,1
22.6,43.1633333333333,1290,20,1
22.6,43.1633333333333,1300,20,1
22.5,43.1633333333333,1310,30,1
22.5,43.1633333333333,1320,20,1
22.39,43.09,1330,20,1
22.39,43.195,1340,20,1
22.323333333333295,43.29,1350,30,1
22.29,43.26,1360,20,1
22.23,43.1266666666667,1370,20,1
22.2,43.09,1380,20,1
22.1333333333333,43.09,1390,20,1
22.066666666666695,43.06,1400,20,1
22.0,43.0,1410,20,1
22.0,43.09,1420,20,1
21.9266666666667,43.1633333333333,1430,0,0
21.89,43.463333333333296,0,0,0
21.823333333333295,43.53,10,0,0
21.79,43.4,20,0,0
21.79,43.4,30,0,0
21.7,43.4,40,0,0
21.7,43.4,50,0,0
21.6,43.29,60,0,0
21.6,43.29,70,0,0
21.6,43.29,80,0,0
21.6,43.29,90,0,0
21.533333333333296,43.29,100,0,0
21.5,43.29,110,0,0
21.5,43.29,120,0,0
21.463333333333296,43.26,130,0,0
21.39,43.2,140,0,0
21.39,43.2,150,0,0
21.39,43.2,160,0,0
21.39,43.2,170,0,0
21.323333333333295,43.26,180,0,0
21.29,43.29,190,0,0
21.29,43.29,200,0,0
21.29,43.29,210,0,0
21.29,43.29,220,0,0
21.26,43.26,230,0,0
21.2,43.26,240,0,0
21.2,43.29,250,0,0
21.2,43.29,260,0,0
21.1,43.29,270,0,0
21.1,43.363333333333294,280,0,0
21.1,43.4,290,0,0
21.1,43.4,300,0,0
21.1,43.4,310,0,0
21.0,43.4,320,0,0
21.0,43.4,330,0,0
21.0,43.433333333333294,340,0,0
21.0,43.5,350,0,0
21.0,43.5,360,0,0
21.0,43.5,370,0,0
20.963333333333296,43.5,380,0,0
20.89,43.5,390,0,0
20.89,43.53,400,0,0
20.89,43.59,410,0,0
20.89,43.59,420,0,0
20.823333333333295,43.53,430,0,0
20.79,43.5,440,0,0
20.79,43.56,450,0,0
20.79,43.59,460,0,0
20.79,43.59,470,0,0
20.79,43.59,480,0,0
20.7675,43.59,490,0,0
20.7,43.59,500,0,0
20.7,43.6266666666667,510,0,0
20.7,43.7,520,0,0
20.7,43.8,530,10,1
20.7,44.06,540,0,0
20.7,44.4266666666667,550,0,0
20.7,44.7,560,0,0
20.7,44.723333333333294,570,10,1
20.7,44.59,580,20,1
20.7,44.79,590,20,1
20.7,44.79,600,30,1
20.7,44.79,610,20,1
20.7,44.79,620,30,1
20.7,44.7,630,30,1
20.7,44.76,640,30,1
20.7,44.7,650,20,1
20.7,44.76,660,30,1
20.7,44.73,670,20,1
20.7,44.79,680,20,1
20.7,44.93,690,20,1
20.7,45.0,700,20,1
20.76,45.0,710,30,1
20.79,45.0666666666667,720,20,1
20.79,45.26,730,20,1
20.823333333333295,45.5,740,20,1
20.89,45.5,750,20,1
20.89,45.5,760,20,1
20.963333333333296,45.433333333333294,770,20,1
21.0,45.4,780,20,1
21.066666666666695,45.4,790,20,1
21.1,45.4,800,30,1
21.1,45.4,810,0,0
21.1,45.53,820,0,0
21.1,45.863333333333294,830,0,0
21.1,45.83333333333329,840,0,0
21.1666666666667,45.5666666666667,850,20,1
21.2,45.4,860,20,1
21.2675,45.3725,870,20,1
21.3566666666667,45.29,880,20,1
21.39,45.29,890,20,1
21.39,45.23,900,20,1
21.463333333333296,45.33333333333329,910,30,1
21.463333333333296,45.2,920,20,1
21.4266666666667,45.1266666666667,930,20,1
21.5,45.2,940,20,1
21.5,46.433333333333294,950,20,1
21.566666666666695,47.893333333333295,960,20,1
21.5,47.1333333333333,970,20,1
21.5,46.86,980,20,1
21.5,46.5266666666667,990,30,1
21.5,46.4666666666667,1000,20,1
21.5,46.363333333333294,1010,20,1
21.5,46.23,1020,20,1
21.5,46.3,1030,20,1
21.5,48.5,1040,20,1
21.5,48.9266666666667,1050,30,1
21.566666666666695,47.8666666666667,1060,20,1
21.55,47.2,1070,20,1
21.6,46.5266666666667,1080,20,1
21.6,46.3266666666667,1090,20,1
21.6,46.06,1100,30,1
21.6666666666667,46.393333333333295,1110,20,1
21.73,48.293333333333294,1120,20,1
21.8566666666667,50.3666666666667,1130,0,0
22.0,50.4,1140,10,1
22.0,50.2666666666667,1150,0,0
22.033333333333296,48.83333333333329,1160,0,0
22.1666666666667,48.16666666666671,1170,20,1
22.2,47.363333333333294,1180,20,1
22.26,46.963333333333296,1190,20,1
22.29,46.6333333333333,1200,20,1
22.29,46.36,1210,30,1
22.323333333333295,46.06,1220,20,1
22.39,45.933333333333294,1230,20,1
22.39,45.6633333333333,1240,30,1
22.463333333333296,45.59,1250,20,1
22.5,45.56,1260,20,1
22.5,45.3975,1270,20,1
22.5,45.23,1280,30,1
22.5,45.09,1290,20,1
22.5,45.03,1300,20,1
22.39,44.9,1310,30,1
22.39,44.9666666666667,1320,20,1
22.39,45.03,1330,30,1
22.39,45.03,1340,20,1
22.39,45.0,1350,20,1
22.39,45.0,1360,20,1
22.323333333333295,45.0,1370,30,1
22.39,45.0,1380,20,1
22.29,44.9666666666667,1390,20,1
22.29,44.9,1400,30,1
22.26,44.76,1410,20,1
22.2,44.7,1420,20,1
22.2,44.6633333333333,1430,30,1
22.1333333333333,44.59,0,20,1
22.1,44.59,10,20,1
22.033333333333296,44.53,20,20,1
22.1,44.5,30,30,1
22.0,44.363333333333294,40,20,1
22.0,44.29,50,20,1
21.963333333333296,44.29,60,30,1
21.89,44.29,70,10,1
21.89,44.3266666666667,80,10,1
21.823333333333295,44.3266666666667,90,0,0
21.79,44.29,100,0,0
21.79,44.29,110,0,0
21.79,44.2,120,0,0
21.73,44.2,130,0,0
21.7,44.2,140,10,1
21.7,44.2,150,0,0
21.7,44.2,160,0,0
21.6333333333333,44.1266666666667,170,0,0
21.6,44.09,180,0,0
21.6,44.09,190,0,0
21.6,44.0,200,0,0
21.6,44.0,210,0,0
21.6,44.0,220,0,0
21.5,44.0,230,0,0
21.5,44.0,240,0,0
21.5,44.0,250,0,0
21.5,44.0,260,0,0
21.39,43.9,270,0,0
21.39,43.8266666666667,280,0,0
21.39,43.79,290,0,0
21.39,43.79,300,0,0
21.39,43.79,310,0,0
21.39,43.79,320,0,0
21.29,43.79,330,0,0
21.29,43.79,340,0,0
21.29,43.79,350,0,0
21.29,43.79,360,0,0
21.29,43.79,370,0,0
21.29,43.79,380,0,0
21.2,43.7,390,0,0
21.2,43.7,400,0,0
21.2,43.7,410,0,0
21.175,43.7225,420,10,1
21.1666666666667,44.79,430,0,0
21.2,44.9,440,10,1
21.2,44.9,450,10,1
21.1,44.86,460,0,0
21.1666666666667,45.0,470,0,0
21.2,44.9666666666667,480,0,0
21.2,44.8266666666667,490,0,0
21.1666666666667,44.76,500,10,1
21.1666666666667,44.6266666666667,510,0,0
21.1,44.59,520,0,0
21.1,44.53,530,10,1
21.1,44.4666666666667,540,0,0
21.1,44.4,550,0,0
21.1,44.3266666666667,560,0,0
21.1,44.4,570,0,0
21.0,44.3266666666667,580,0,0
21.0,44.4,590,10,1
21.0,44.53,600,10,1
21.0,44.59,610,0,0
21.0,44.53,620,0,0
21.0,44.59,630,10,1
21.0,44.6633333333333,640,10,1
21.0,44.7,650,0,0
21.0,44.7,660,10,1
20.963333333333296,44.76,670,0,0
20.963333333333296,44.7,680,0,0
20.89,44.8266666666667,690,0,0
20.89,44.9666666666667,700,0,0
21.0,45.23,710,0,0
21.0,45.363333333333294,720,0,0
21.0,45.6266666666667,730,0,0
21.0,46.033333333333296,740,0,0
21.1,48.2333333333333,750,0,0
21.1,47.5666666666667,760,0,0
21.1,47.33333333333329,770,0,0
21.1,47.1266666666667,780,0,0
21.033333333333296,46.76,790,0,0
21.1,46.6266666666667,800,0,0
21.1,46.69,810,0,0
21.1333333333333,47.03,820,0,0
21.2,47.1566666666667,830,0,0
21.2,46.9,840,0,0
21.1333333333333,46.8266666666667,850,0,0
21.1666666666667,46.7,860,0,0
21.1,46.7,870,0,0
21.1666666666667,46.56,880,0,0
21.1,46.433333333333294,890,0,0
21.1,46.29,900,0,0
21.1,46.1566666666667,910,0,0
21.1,46.2,920,0,0
21.1,46.1266666666667,930,0,0
21.1,46.09,940,0,0
21.1,46.09,950,0,0
21.066666666666695,46.06,960,0,0
21.066666666666695,46.1333333333333,970,0,0
21.0,46.03,980,0,0
21.066666666666695,46.1633333333333,990,0,0
21.0,45.995,1000,0,0
21.0,45.83333333333329,1010,0,0
21.0,45.6266666666667,1020,0,0
21.0,45.4666666666667,1030,0,0
21.0,45.3266666666667,1040,0,0
20.89,45.09,1050,0,0
20.89,45.09,1060,0,0
20.89,45.09,1070,10,1
20.89,45.09,1080,0,0
20.9266666666667,44.9666666666667,1090,20,1
21.0,44.8266666666667,1100,40,1
21.0,44.76,1110,30,1
21.066666666666695,44.6266666666667,1120,30,1
21.1333333333333,44.73,1130,20,1
21.26,45.323333333333295,1140,10,1
21.566666666666695,45.76,1150,10,1
21.7,45.9,1160,20,1
21.7,45.43,1170,20,1
21.7,45.1566666666667,1180,20,1
21.6,44.83333333333329,1190,40,1
21.6,44.595,1200,30,1
21.6,44.36,1210,30,1
21.7,44.29,1220,30,1
21.7,44.1566666666667,1230,30,1
21.7,43.9666666666667,1240,20,1
21.7,43.8266666666667,1250,20,1
21.7,43.76,1260,30,1
21.76,43.6266666666667,1270,20,1
21.79,43.56,1280,20,1
21.79,43.433333333333294,1290,30,1
21.79,43.363333333333294,1300,20,1
21.79,43.29,1310,20,1
21.79,43.1633333333333,1320,20,1
21.79,43.09,1330,30,1
21.79,43.06,1340,20,1
21.79,43.0,1350,20,1
21.79,43.1266666666667,1360,20,1
21.79,43.2,1370,20,1
21.76,43.23,1380,20,1
21.745,43.3175,1390,30,1
21.7,43.4,1400,20,1
21.7,43.433333333333294,1410,20,1
21.7,43.5,1420,20,1
21.6,43.53,1430,20,1
21.6,43.59,0,20,1
21.6,43.59,10,30,1
21.533333333333296,43.59,20,20,1
21.5,43.59,30,20,1
21.4266666666667,43.53,40,20,1
21.39,43.4,50,20,1
21.39,43.5266666666667,60,30,1
21.39,43.79,70,20,1
21.39,43.79,80,10,1
21.29,43.7,90,10,1
21.29,43.76,100,0,0
21.26,43.6633333333333,110,0,0
21.2,43.59,120,0,0
21.2,43.5,130,0,0
21.2,43.5,140,0,0
21.1,43.5,150,0,0
21.1,43.56,160,0,0
21.1,43.5,170,0,0
21.066666666666695,43.4666666666667,180,0,0
21.0,43.4,190,0,0
21.0,43.4,200,0,0
21.0,43.4,210,0,0
21.0,43.4,220,0,0
21.0,43.4,230,0,0
20.89,43.363333333333294,240,0,0
20.89,43.29,250,0,0
20.89,43.29,260,0,0
20.89,43.29,270,0,0
20.79,43.2,280,0,0
20.79,43.2,290,0,0
20.79,43.2,300,0,0
20.79,43.2,310,0,0
20.79,43.1633333333333,320,0,0
20.73,43.09,330,0,0
20.7,43.09,340,0,0
20.7,43.09,350,0,0
20.7,43.09,360,0,0
20.7,43.09,370,0,0
20.7,43.09,380,0,0
20.6666666666667,43.06,390,0,0
20.6,43.0,400,0,0
20.6,42.9666666666667,410,0,0
20.6,42.9666666666667,420,0,0
20.6,43.1266666666667,430,10,1
20.6,43.26,440,0,0
20.6,43.463333333333296,450,0,0
20.6,43.723333333333294,460,0,0
20.6,43.59,470,0,0
20.6,43.59,480,10,1
20.6,43.59,490,0,0
20.6,43.723333333333294,500,0,0
20.6,43.9,510,0,0
20.6,43.9,520,0,0
20.6,43.6333333333333,530,0,0
20.6,43.32,540,0,0
20.6,43.1266666666667,550,0,0
20.566666666666695,43.0,560,0,0
20.566666666666695,42.933333333333294,570,0,0
20.5,42.8266666666667,580,0,0
20.566666666666695,42.9666666666667,590,0,0
20.6,42.93,600,0,0
20.6,42.73,610,0,0
20.6,42.6633333333333,620,0,0
20.533333333333296,42.53,630,0,0
20.6,42.4,640,0,0
20.6,42.3266666666667,650,0,0
20.6,42.1633333333333,660,0,0
20.6,42.09,670,0,0
20.6,42.09,680,0,0
20.6,42.03,690,0,0
20.7,42.06,700,0,0
20.7,42.0,710,0,0
20.73,41.9,720,0,0
20.79,41.8175,730,0,0
20.79,41.73,740,0,0
21.0,43.4666666666667,750,0,0
21.0,43.8,760,0,0
21.2,45.5933333333333,770,0,0
21.26,44.9266666666667,780,0,0
21.323333333333295,44.16,790,0,0
21.39,43.9,800,0,0
21.4266666666667,44.36,810,0,0
21.5,44.6333333333333,820,10,1
21.5,44.5266666666667,830,10,1
21.5,44.4666666666667,840,20,1
21.5,44.1,850,30,1
21.5,43.69333333333329,860,20,1
21.463333333333296,43.19333333333329,870,20,1
21.39,42.933333333333294,880,20,1
21.39,42.56,890,20,1
21.39,42.5,900,30,1
21.39,42.363333333333294,910,20,1
21.323333333333295,42.29,920,20,1
21.29,42.09,930,30,1
21.29,42.1566666666667,940,20,1
21.3566666666667,43.49,950,20,1
21.39,45.823333333333295,960,30,1
21.39,46.49,970,20,1
21.39,45.6233333333333,980,20,1
21.39,44.9566666666667,990,20,1
21.29,44.0633333333333,1000,30,1
21.29,43.53,1010,10,1
21.2,42.93,1020,10,1
21.2,42.53,1030,0,0
21.1666666666667,42.1333333333333,1040,10,1
21.1,41.933333333333294,1050,20,1
21.1,41.9,1060,30,1
21.033333333333296,41.033333333333296,1070,20,1
21.0,40.4,1080,20,1
21.0,40.4,1090,20,1
21.0,40.5666666666667,1100,20,1
21.0,40.83333333333329,1110,30,1
21.0,41.212,1120,10,1
21.1,41.845,1130,0,0
21.2,42.363333333333294,1140,10,1
21.2,42.2666666666667,1150,10,1
21.2,41.86,1160,10,1
21.23,41.59,1170,20,1
21.29,41.463333333333296,1180,0,0
21.29,41.26,1190,0,0
21.29,41.1266666666667,1200,0,0
21.39,41.0,1210,0,0
21.39,40.933333333333294,1220,20,1
21.5,42.66666666666671,1230,10,1
21.566666666666695,42.8,1240,30,1
21.6,42.29,1250,20,1
21.6666666666667,42.09666666666671,1260,20,1
21.7,41.6,1270,20,1
21.7,41.3266666666667,1280,10,1
21.73,40.93,1290,10,1
21.79,40.73,1300,0,0
21.79,40.56,1310,0,0
21.79,40.36,1320,0,0
21.79,40.1,1330,10,1
21.79,39.9666666666667,1340,0,0
21.79,40.0266666666667,1350,0,0
21.79,40.19333333333329,1360,0,0
21.79,40.6,1370,0,0
21.76,40.933333333333294,1380,0,0
21.7,41.0,1390,0,0
21.7,41.03,1400,0,0
21.7,41.09,1410,0,0
21.6,40.9666666666667,1420,0,0
21.6,40.9,1430,0,0
21.566666666666695,40.79,0,0,0
21.5,40.73,10,0,0
21.5,40.7,20,0,0
21.4266666666667,40.5666666666667,30,0,0
21.39,40.5,40,0,0
21.39,40.5,50,0,0
21.29,40.4,60,0,0
21.29,40.4,70,0,0
21.2,40.26,80,0,0
21.175,40.1725,90,0,0
21.1,40.09,100,0,0
21.1,40.09,110,0,0
21.1,40.03,120,0,0
21.0,39.9,130,0,0
21.0,39.9,140,0,0
20.963333333333296,39.79,150,0,0
20.89,39.79,160,0,0
20.823333333333295,39.73,170,0,0
20.823333333333295,39.73,180,0,0
20.79,39.7,190,0,0
20.73,39.7,200,0,0
20.7,39.7,210,0,0
20.7,39.7,220,0,0
20.7,39.59,230,0,0
20.7,39.6633333333333,240,0,0
20.6,39.7,250,0,0
20.6,39.7,260,0,0
20.6,39.7,270,0,0
20.575,39.7,280,0,0
20.5,39.7,290,0,0
20.5,39.6633333333333,300,0,0
20.5,39.59,310,0,0
20.39,39.56,320,0,0
20.39,39.56,330,0,0
20.39,39.5,340,0,0
20.39,39.5,350,0,0
20.323333333333295,39.5,360,0,0
20.323333333333295,39.5,370,0,0
20.29,39.433333333333294,380,0,0
20.29,39.433333333333294,390,0,0
20.23,39.3266666666667,400,0,0
20.23,39.3266666666667,410,10,1
20.2,39.29,420,0,0
20.2,39.43,430,0,0
20.2,39.6266666666667,440,0,0
20.2,39.9,450,10,1
20.2,40.03,460,0,0
20.2,40.09,470,0,0
20.15,40.745,480,0,0
20.2,40.2966666666667,490,0,0
20.2,40.03,500,0,0
20.2,39.76,510,0,0
20.1333333333333,39.6266666666667,520,10,1
20.1,39.4666666666667,530,0,0
20.1,39.3266666666667,540,0,0
20.1,39.1633333333333,550,10,1
20.1,39.03,560,0,0
20.1,38.79,570,0,0
20.1,38.6566666666667,580,0,0
20.0,38.4666666666667,590,0,0
20.0,38.3266666666667,600,0,0
20.0,38.2,610,0,0
20.0,38.33333333333329,620,10,1
20.0,38.73,630,0,0
20.066666666666695,38.99,640,0,0
20.1,39.2666666666667,650,0,0
20.1,39.5266666666667,660,0,0
20.1,39.7666666666667,670,0,0
20.175,40.025,680,0,0
20.2,40.4,690,0,0
20.29,40.863333333333294,700,0,0
20.29,40.59,710,10,1
20.323333333333295,40.69333333333329,720,0,0
20.39,40.6333333333333,730,0,0
20.5,40.5633333333333,740,0,0
20.5,40.09666666666671,750,0,0
20.5,39.723333333333294,760,10,1
20.5,39.463333333333296,770,0,0
20.6,39.223333333333294,780,0,0
20.6,39.03,790,0,0
20.6,38.8266666666667,800,0,0
20.6,38.9666666666667,810,0,0
20.6,38.93,820,0,0
20.6,38.79,830,0,0
20.6666666666667,38.723333333333294,840,0,0
20.6666666666667,38.6633333333333,850,0,0
20.7,38.56,860,0,0
20.7,38.32,870,0,0
20.76,38.2,880,0,0
20.79,38.1633333333333,890,0,0
20.79,38.09,900,0,0
20.79,38.1266666666667,910,0,0
20.79,38.2,920,0,0
20.79,38.26,930,0,0
20.8566666666667,38.1266666666667,940,0,0
20.89,38.0,950,0,0
20.963333333333296,37.86,960,0,0
21.0,37.8,970,0,0
21.066666666666695,38.0,980,0,0
21.1,37.79,990,0,0
21.1,37.79,1000,0,0
21.1,37.8,1010,0,0
21.1,37.933333333333294,1020,0,0
21.1,37.723333333333294,1030,0,0
21.1,37.53,1040,0,0
21.1,37.29,1050,0,0
21.1,37.2225,1060,0,0
21.1,37.1266666666667,1070,0,0
21.1,37.09,1080,0,0
21.1,37.09,1090,0,0
21.1,37.06,1100,10,1
21.1,37.06,1110,10,1
21.1,36.9666666666667,1120,10,1
21.1,36.9,1130,30,1
21.1333333333333,36.9,1140,30,1
21.26,37.16,1150,10,1
21.323333333333295,38.13,1160,10,1
21.39,38.2566666666667,1170,10,1
21.39,38.16666666666671,1180,0,0
21.463333333333296,38.2333333333333,1190,0,0
21.5,37.723333333333294,1200,10,1
21.566666666666695,37.53,1210,0,0
21.6,37.5666666666667,1220,10,1
21.6666666666667,37.76,1230,20,1
21.73,37.723333333333294,1240,20,1
21.79,37.463333333333296,1250,30,1
21.79,37.29,1260,20,1
21.823333333333295,37.29,1270,20,1
21.89,37.29,1280,20,1
21.9266666666667,37.2,1290,20,1
22.0,37.1266666666667,1300,20,1
22.0,37.06,1310,30,1
22.0,36.933333333333294,1320,20,1
22.0,36.863333333333294,1330,20,1
22.0,36.73,1340,20,1
22.066666666666695,36.9,1350,30,1
22.0,36.9666666666667,1360,20,1
22.0,37.03,1370,20,1
21.9266666666667,37.1633333333333,1380,20,1
21.89,37.3266666666667,1390,20,1
21.89,37.4,1400,20,1
21.79,37.29,1410,30,1
21.79,37.29,1420,20,1
21.79,37.4,1430,20,1
21.73,37.4,0,20,1
21.7,37.5,10,20,1
21.625,37.5,20,30,1
21.6,37.5,30,20,1
21.566666666666695,37.5,40,0,0
21.5,37.6333333333333,50,10,1
21.5,37.73,60,0,0
21.4266666666667,37.79,70,0,0
21.39,37.9,80,0,0
21.39,37.9,90,0,0
21.29,37.9,100,0,0
21.29,37.9,110,0,0
21.26,37.863333333333294,120,0,0
21.2,37.79,130,0,0
21.1,37.79,140,0,0
21.1,37.79,150,0,0
21.066666666666695,37.76,160,0,0
21.0,37.7,170,0,0
21.0,37.7,180,0,0
20.9266666666667,37.7,190,0,0
20.89,37.6266666666667,200,0,0
20.815,37.6175,210,0,0
20.79,37.59,220,0,0
20.79,37.59,230,0,0
20.79,37.59,240,0,0
20.7,37.7,250,0,0
20.7,37.7,260,0,0
20.7,37.7,270,0,0
20.7,37.7,280,0,0
20.6666666666667,37.6633333333333,290,0,0
20.6,37.59,300,0,0
20.6,37.59,310,0,0
20.6,37.59,320,0,0
20.5,37.59,330,0,0
20.5,37.59,340,0,0
20.5,37.59,350,0,0
20.4266666666667,37.53,360,0,0
20.39,37.5,370,0,0
20.39,37.5,380,0,0
20.39,37.5,390,0,0
20.39,37.5,400,0,0
20.34,37.5,410,0,0
20.29,37.53,420,10,1
20.29,37.7966666666667,430,0,0
20.29,38.09666666666671,440,10,1
20.29,38.49,450,0,0
20.29,38.5,460,0,0
20.29,38.433333333333294,470,0,0
20.23,38.39,480,0,0
20.29,38.6633333333333,490,0,0
20.29,38.6333333333333,500,0,0
20.23,38.36,510,0,0
20.2,38.29,520,0,0
20.2,38.29,530,10,1
20.2,38.23,540,20,1
20.2,38.29,550,30,1
20.2,38.463333333333296,560,20,1
20.2,38.7966666666667,570,20,1
20.2,39.0666666666667,580,20,1
20.1333333333333,39.33333333333329,590,20,1
20.15,39.645,600,30,1
20.1,39.86,610,20,1
20.1,40.06,620,20,1
20.1,40.1566666666667,630,20,1
20.1,40.363333333333294,640,30,1
20.2,40.433333333333294,650,20,1
20.2,40.5,660,20,1
20.2,40.6266666666667,670,30,1
20.26,40.83333333333329,680,20,1
20.26,41.0,690,20,1
20.26,41.1333333333333,700,30,1
20.39,41.4,710,20,1
20.39,41.3266666666667,720,20,1
20.39,41.3,730,20,1
20.463333333333296,40.9,740,30,1
20.6333333333333,40.9966666666667,750,20,1
20.7,40.33,760,20,1
20.7,39.7966666666667,770,20,1
20.7,39.53,780,30,1
20.79,38.93,790,20,1
20.865,38.5425,800,20,1
20.89,38.0666666666667,810,20,1
21.0,38.55666666666671,820,20,1
21.0,39.09,830,20,1
21.0,39.16,840,30,1
21.0,38.6333333333333,850,20,1
21.0,38.4,860,20,1
21.0,38.26,870,30,1
21.0,38.0266666666667,880,20,1
20.9266666666667,38.1,890,20,1
20.963333333333296,38.6566666666667,900,20,1
20.963333333333296,38.99,910,20,1
21.0,39.5,920,20,1
21.0,39.83333333333329,930,30,1
21.033333333333296,40.03,940,0,0
21.1,40.09,950,0,0
21.066666666666695,39.9666666666667,960,0,0
21.0,39.8266666666667,970,0,0
21.0,39.76,980,0,0
21.0,39.595,990,10,1
21.0,39.2266666666667,1000,0,0
20.89,39.0,1010,0,0
20.89,39.0,1020,0,0
20.89,38.863333333333294,1030,0,0
20.89,38.73,1040,0,0
20.8566666666667,38.723333333333294,1050,0,0
20.79,38.53,1060,0,0
20.823333333333295,38.5,1070,0,0
20.823333333333295,38.16666666666671,1080,20,1
20.79,37.76,1090,30,1
20.8566666666667,37.76,1100,20,1
20.9266666666667,39.0266666666667,1110,20,1
21.066666666666695,45.7666666666667,1120,10,1
21.2,47.96,1130,10,1
21.26,45.7,1140,10,1
21.39,43.86,1150,0,0
21.39,42.393333333333295,1160,0,0
21.5,41.33333333333329,1170,0,0
21.5,40.66666666666671,1180,0,0
21.55,39.995,1190,0,0
21.6,39.5266666666667,1200,40,1
21.6,39.19333333333329,1210,20,1
21.73,38.93,1220,20,1
21.79,38.6566666666667,1230,30,1
21.79,38.4666666666667,1240,20,1
21.79,38.2666666666667,1250,20,1
21.89,38.09,1260,20,1
21.89,38.223333333333294,1270,30,1
22.0,38.4,1280,20,1
22.0,38.3266666666667,1290,20,1
22.066666666666695,38.33333333333329,1300,20,1
22.0,38.1266666666667,1310,20,1
22.0,38.09,1320,20,1
22.0,38.03,1330,30,1
22.0,37.9666666666667,1340,20,1
22.0,37.9,1350,20,1
21.89,37.933333333333294,1360,20,1
21.89,38.06,1370,30,1
21.84,38.145,1380,20,1
21.79,38.29,1390,30,1
21.79,38.363333333333294,1400,20,1
21.7,38.5,1410,20,1
21.7,38.56,1420,20,1
21.6,38.6266666666667,1430,0,0
21.6,38.76,0,0,0
21.5,39.09,10,0,0
21.5,39.1633333333333,20,0,0
21.39,39.2,30,10,1
21.39,39.2,40,0,0
21.3566666666667,39.29,50,0,0
21.29,39.29,60,0,0
21.29,39.2,70,0,0
21.23,39.2,80,0,0
21.2,39.1633333333333,90,0,0
21.1333333333333,39.09,100,0,0
21.1,39.09,110,0,0
21.1,39.09,120,10,1
21.0,39.0,130,0,0
21.0,39.045,140,0,0
20.9266666666667,39.06,150,0,0
20.89,39.09,160,0,0
20.89,39.09,170,0,0
20.79,39.0,180,0,0
20.79,39.0,190,0,0
20.76,39.0,200,0,0
20.7,39.0,210,10,1
20.7,39.0,220,0,0
20.7,39.06,230,0,0
20.6,39.0,240,0,0
20.6,39.0,250,0,0
20.6,38.9666666666667,260,0,0
20.533333333333296,38.9666666666667,270,0,0
20.5,39.0,280,0,0
20.5,39.0,290,0,0
20.463333333333296,38.9666666666667,300,10,1
20.463333333333296,38.9666666666667,310,0,0
20.39,38.9,320,0,0
20.39,38.9,330,0,0
20.323333333333295,38.9,340,0,0
20.29,38.933333333333294,350,0,0
20.29,38.933333333333294,360,0,0
20.29,39.0,370,0,0
20.29,39.0,380,0,0
20.2,38.9,390,0,0
20.26,38.9666666666667,400,0,0
20.2,38.9,410,0,0
20.2,38.9,420,10,1
20.2,39.03,430,0,0
20.2,39.363333333333294,440,10,1
20.2,39.463333333333296,450,0,0
20.2,39.59,460,0,0
20.1666666666667,39.6566666666667,470,0,0
20.1,39.73,480,0,0
20.1,39.6633333333333,490,0,0
20.1,39.6633333333333,500,0,0
20.1,39.73,510,0,0
20.1,39.5925,520,0,0
20.1,39.4,530,10,1
20.1,39.29,540,0,0
20.1,39.1566666666667,550,0,0
20.0,38.9666666666667,560,0,0
20.0,38.9,570,0,0
20.033333333333296,38.8266666666667,580,0,0
20.033333333333296,38.7666666666667,590,0,0
20.0,38.4,600,0,0
20.066666666666695,38.26,610,0,0
20.033333333333296,38.1266666666667,620,0,0
20.1,38.2,630,0,0
20.1,38.06,640,0,0
20.1,38.06,650,0,0
20.1,37.863333333333294,660,0,0
20.1,37.73,670,0,0
20.1333333333333,37.7,680,0,0
20.1333333333333,37.6266666666667,690,0,0
20.1333333333333,37.4666666666667,700,0,0
20.2,37.4,710,0,0
20.2,37.245,720,0,0
20.2,37.3,730,0,0
20.2,37.433333333333294,740,0,0
20.323333333333295,38.83,750,0,0
20.463333333333296,41.63,760,0,0
20.533333333333296,41.23,770,0,0
20.6,41.23,780,0,0
20.7,41.33333333333329,790,0,0
20.76,40.9266666666667,800,0,0
20.823333333333295,40.2966666666667,810,0,0
20.89,39.83,820,0,0
20.89,39.2966666666667,830,0,0
20.89,38.963333333333296,840,0,0
20.89,38.5266666666667,850,0,0
20.89,38.2666666666667,860,0,0
20.89,37.93,870,0,0
20.89,37.73,880,0,0
20.89,37.43,890,0,0
20.89,37.23,900,0,0
20.89,36.995,910,0,0
20.79,36.6633333333333,920,0,0
20.79,36.463333333333296,930,0,0
20.79,36.26,940,0,0
20.79,36.1266666666667,950,0,0
20.7,36.09,960,0,0
20.7,36.03,970,0,0
20.7,35.8633333333333,980,0,0
20.7,35.79,990,0,0
20.6666666666667,35.6333333333333,1000,0,0
20.6,35.5,1010,0,0
20.6,35.4,1020,0,0
20.6,35.3266666666667,1030,0,0
20.5,35.2,1040,0,0
20.5,35.2,1050,0,0
20.5,35.29,1060,0,0
20.4266666666667,35.23,1070,0,0
20.39,35.2,1080,0,0
20.39,35.26,1090,0,0
20.445,35.6,1100,0,0
20.39,35.73,1110,0,0
20.39,35.79,1120,0,0
20.39,35.7,1130,0,0
20.463333333333296,36.4266666666667,1140,0,0
20.533333333333296,38.76333333333329,1150,10,1
20.6666666666667,39.8966666666667,1160,10,1
20.7,39.73,1170,0,0
20.76,40.1233333333333,1180,10,1
20.79,39.3,1190,10,1
20.79,38.6333333333333,1200,10,1
20.89,38.19333333333329,1210,20,1
20.89,37.8,1220,40,1
20.9266666666667,37.56,1230,30,1
21.0,37.56,1240,20,1
21.033333333333296,37.6266666666667,1250,0,0
21.1,37.6266666666667,1260,0,0
21.1,37.43,1270,10,1
21.1666666666667,37.23,1280,0,0
21.2,37.0,1290,0,0
21.2675,37.0,1300,0,0
21.29,37.0,1310,0,0
21.29,36.9,1320,0,0
21.29,36.8266666666667,1330,10,1
21.29,36.7,1340,10,1
21.29,36.7,1350,0,0
21.29,36.59,1360,0,0
21.23,36.59,1370,0,0
21.2,36.7,1380,0,0
21.2,36.76,1390,0,0
21.1,36.933333333333294,1400,0,0
21.1,37.06,1410,0,0
21.1,37.36,1420,0,0
21.033333333333296,37.5,1430,0,0
21.0,37.4,0,0,0
21.0,37.4,10,0,0
20.963333333333296,37.363333333333294,20,0,0
20.89,37.29,30,0,0
20.8566666666667,37.223333333333294,40,0,0
20.79,37.0675,50,0,0
20.79,37.0,60,0,0
20.7,36.9,70,0,0
20.7,36.9,80,0,0
20.6666666666667,36.863333333333294,90,0,0
20.6,36.79,100,0,0
20.6,36.79,110,0,0
20.6,36.73,120,0,0
20.5,36.7,130,0,0
20.5,36.7,140,0,0
20.5,36.7,150,0,0
20.5,36.7,160,0,0
20.39,36.6266666666667,170,0,0
20.39,36.6266666666667,180,0,0
20.3566666666667,36.7,190,0,0
20.29,36.7,200,0,0
20.29,36.7,210,0,0
20.23,36.6266666666667,220,0,0
20.2,36.59,230,0,0
20.2,36.59,240,0,0
20.1,36.59,250,0,0
20.1,36.59,260,0,0
20.1,36.59,270,0,0
20.066666666666695,36.59,280,0,0
20.0,36.59,290,0,0
20.0,36.59,300,0,0
20.0,36.59,310,0,0
19.963333333333296,36.59,320,0,0
19.89,36.59,330,0,0
19.89,36.59,340,0,0
19.89,36.59,350,0,0
19.89,36.59,360,0,0
19.89,36.59,370,0,0
19.79,36.5,380,0,0
19.79,36.56,390,0,0
19.79,36.56,400,0,0
19.73,36.5,410,0,0
19.7,36.53,420,0,0
19.7,36.59,430,0,0
19.7,36.59,440,0,0
19.6666666666667,36.56,450,0,0
19.6666666666667,36.6333333333333,460,0,0
19.6,36.53,470,0,0
19.6,36.6633333333333,480,20,1
19.6,36.963333333333296,490,20,1
19.6666666666667,37.1633333333333,500,20,1
19.6,37.06,510,30,1
19.6,37.1333333333333,520,10,1
19.6,37.2666666666667,530,0,0
19.6666666666667,37.6,540,0,0
19.6333333333333,37.8,550,0,0
19.7,38.1333333333333,560,0,0
19.73,41.33333333333329,570,10,1
19.79,40.4666666666667,580,0,0
19.79,39.93,590,0,0
19.79,39.73,600,0,0
19.79,39.5266666666667,610,0,0
19.79,39.3266666666667,620,0,0
19.79,39.1,630,10,1
19.79,38.76,640,0,0
19.79,38.6266666666667,650,0,0
19.79,38.6266666666667,660,0,0
19.79,38.7,670,0,0
19.823333333333295,38.79,680,0,0
19.89,38.79,690,0,0
19.89,38.79,700,0,0
19.89,38.73,710,10,1
19.89,38.56,720,0,0
19.963333333333296,38.5,730,0,0
20.0,38.1333333333333,740,0,0
20.066666666666695,37.933333333333294,750,0,0
20.1,37.6633333333333,760,0,0
20.1666666666667,37.53,770,0,0
20.23,37.433333333333294,780,0,0
20.29,37.6333333333333,790,10,1
20.323333333333295,37.6266666666667,800,0,0
20.39,37.76,810,0,0
20.39,37.395,820,0,0
20.5,37.0633333333333,830,0,0
20.5,36.93,840,10,1
20.533333333333296,37.36,850,0,0
20.6,37.5,860,0,0
20.7,37.73,870,0,0
20.76,37.79,880,0,0
20.79,37.76,890,0,0
20.8566666666667,37.6266666666667,900,0,0
20.89,37.43,910,0,0
20.89,37.1566666666667,920,0,0
20.9266666666667,36.69333333333329,930,10,1
21.0,36.36,940,0,0
20.963333333333296,36.1633333333333,950,0,0
20.963333333333296,36.03,960,0,0
21.0,35.8633333333333,970,0,0
21.0,35.73,980,0,0
21.0,35.59,990,0,0
21.0,35.53,1000,0,0
21.033333333333296,35.4,1010,0,0
21.025,35.175,1020,0,0
21.0,34.7666666666667,1030,0,0
21.0,34.6266666666667,1040,0,0
21.0,34.76,1050,10,1
20.963333333333296,34.2233333333333,1060,0,0
20.89,34.2233333333333,1070,0,0
20.89,34.89,1080,10,1
20.89,35.03,1090,0,0
20.8566666666667,34.8266666666667,1100,10,1
20.79,34.9,1110,0,0
20.79,35.3266666666667,1120,10,1
20.8566666666667,35.1933333333333,1130,10,1
20.89,35.4266666666667,1140,10,1
20.963333333333296,35.96,1150,10,1
21.033333333333296,35.9666666666667,1160,0,0
21.1,35.7666666666667,1170,0,0
21.1333333333333,35.5,1180,10,1
21.2,35.5,1190,10,1
21.29,35.29,1200,0,0
21.315,35.2675,1210,10,1
21.39,35.1266666666667,1220,0,0
21.4266666666667,35.1266666666667,1230,0,0
21.5,35.1266666666667,1240,0,0
21.6,35.09,1250,0,0
21.6,35.03,1260,0,0
21.7,35.0,1270,0,0
21.7,35.0,1280,0,0
21.7,35.0,1290,0,0
21.7,35.0,1300,0,0
21.7,34.9,1310,0,0
21.7,34.8266666666667,1320,10,1
21.7,34.9,1330,10,1
21.6333333333333,34.8266666666667,1340,10,1
21.6,34.76,1350,0,0
21.6,34.7,1360,0,0
21.5,34.73,1370,0,0
21.5,34.8633333333333,1380,0,0
21.5,35.0,1390,0,0
21.4266666666667,35.0,1400,0,0
21.39,35.045,1410,10,1
21.3566666666667,35.1266666666667,1420,0,0
21.29,35.2,1430,0,0
21.29,35.29,0,0,0
21.23,35.23,10,0,0
21.2,35.2,20,0,0
21.1333333333333,35.2,30,0,0
21.1,35.2,40,0,0
21.1,35.2,50,0,0
21.0,35.09,60,0,0
21.0,35.09,70,0,0
20.89,35.06,80,0,0
20.89,35.06,90,0,0
20.89,35.09,100,0,0
20.823333333333295,35.03,110,0,0
20.79,35.0,120,0,0
20.73,35.0,130,0,0
20.7,35.0,140,0,0
20.7,35.0,150,0,0
20.6,35.0,160,0,0
20.6,35.0,170,0,0
20.6,35.0,180,0,0
20.5,35.0,190,0,0
20.5,35.06,200,0,0
20.5,35.09,210,0,0
20.5,35.09,220,0,0
20.39,35.09,230,0,0
20.323333333333295,35.09,240,0,0
20.3566666666667,35.09,250,0,0
20.29,35.1633333333333,260,0,0
20.26,35.1633333333333,270,0,0
20.2,35.09,280,0,0
20.2,35.1266666666667,290,0,0
20.2,35.2,300,0,0
20.1666666666667,35.2,310,0,0
20.1,35.2,320,0,0
20.1,35.2,330,0,0
20.1,35.1266666666667,340,0,0
20.066666666666695,35.1633333333333,350,0,0
20.0,35.09,360,0,0
20.0,35.09,370,0,0
20.0,35.09,380,0,0
20.0,35.09,390,0,0
19.89,35.09,400,0,0
19.89,35.09,410,0,0
19.89,35.09,420,0,0
19.823333333333295,35.03,430,0,0
19.8566666666667,35.0,440,0,0
19.79,35.0,450,0,0
19.79,35.0,460,0,0
19.79,35.0,470,0,0
19.79,35.0,480,0,0
19.73,35.2666666666667,490,0,0
19.7,35.73,500,0,0
19.7,35.99,510,0,0
19.79,35.9,520,10,1
19.79,35.9,530,10,1
19.79,35.9666666666667,540,10,1
19.79,35.75,550,10,1
19.79,35.5666666666667,560,0,0
19.79,35.4333333333333,570,0,0
19.73,36.2266666666667,580,0,0
19.79,36.7,590,0,0
19.73,36.16666666666671,600,0,0
19.7,35.7233333333333,610,0,0
19.7,35.53,620,0,0
19.7,35.4,630,0,0
19.76,35.4,640,0,0
19.79,35.3633333333333,650,0,0
19.79,35.29,660,0,0
19.79,35.3266666666667,670,0,0
19.8566666666667,35.4666666666667,680,0,0
19.89,35.5,690,0,0
19.89,35.56,700,0,0
19.9266666666667,35.56,710,0,0
20.0,35.4333333333333,720,0,0
20.033333333333296,35.29,730,0,0
20.125,35.2675,740,0,0
20.26,35.2,750,0,0
20.4266666666667,35.2,760,0,0
20.566666666666695,35.1266666666667,770,0,0
20.6333333333333,35.03,780,0,0
20.76,35.03,790,0,0
20.823333333333295,35.0,800,0,0
20.89,34.9333333333333,810,0,0
20.9266666666667,34.8633333333333,820,0,0
21.066666666666695,34.8633333333333,830,0,0
21.1,34.79,840,0,0
21.1666666666667,34.73,850,0,0
21.2,34.59,860,0,0
21.26,34.59,870,0,0
21.39,34.5,880,0,0
21.463333333333296,34.5,890,0,0
21.533333333333296,34.4666666666667,900,0,0
21.6,34.4,910,0,0
21.6,34.4,920,0,0
21.6666666666667,34.4,930,0,0
21.7,34.4,940,0,0
21.7,34.3633333333333,950,0,0
21.7,34.03,960,0,0
21.566666666666695,32.5933333333333,970,0,0
21.5,32.0666666666667,980,0,0
21.463333333333296,31.76,990,0,0
21.39,31.4266666666667,1000,0,0
21.3566666666667,31.533333333333296,1010,0,0
21.29,31.6666666666667,1020,0,0
21.29,31.9266666666667,1030,0,0
21.29,32.06,1040,0,0
21.26,32.26,1050,0,0
21.2,32.3333333333333,1060,0,0
21.2,32.53,1070,0,0
21.2,32.6633333333333,1080,0,0
21.1,32.8266666666667,1090,0,0
21.1,32.9,1100,0,0
21.066666666666695,32.9333333333333,1110,0,0
21.0,33.0,1120,0,0
21.0,33.0,1130,0,0
20.89,33.2,1140,0,0
20.89,33.26,1150,0,0
20.8566666666667,33.3633333333333,1160,0,0
20.79,33.3633333333333,1170,0,0
20.79,33.53,1180,0,0
20.73,33.59,1190,0,0
20.7,33.7,1200,0,0
20.7,33.76,1210,0,0
20.7,33.79,1220,10,1
20.6333333333333,33.73,1230,10,1
20.6,33.73,1240,20,1
20.6,33.79,1250,10,1
20.566666666666695,33.8633333333333,1260,10,1
20.5,33.6566666666667,1270,0,0
20.5,33.43,1280,0,0
20.4266666666667,33.1566666666667,1290,0,0
20.39,33.1266666666667,1300,0,0
20.39,33.1266666666667,1310,0,0
20.3566666666667,33.09,1320,0,0
20.315,33.195,1330,10,1
20.323333333333295,33.3633333333333,1340,0,0
20.29,33.3266666666667,1350,0,0
20.29,33.4,1360,0,0
20.23,33.4,1370,0,0
20.23,33.3266666666667,1380,0,0
20.2,33.29,1390,0,0
20.1333333333333,33.29,1400,0,0
20.1,33.3633333333333,1410,0,0
20.1,33.29,1420,0,0
20.1,33.3266666666667,1430,0,0
20.033333333333296,33.3266666666667,0,0,0
20.0,33.29,10,0,0
20.0,33.3633333333333,20,0,0
19.963333333333296,33.5,30,0,0
19.89,33.5,40,0,0
19.89,33.53,50,0,0
19.89,33.59,60,0,0
19.8566666666667,33.59,70,0,0
19.79,33.59,80,0,0
19.79,33.59,90,0,0
19.79,33.59,100,0,0
19.79,33.59,110,0,0
19.7,33.7,120,0,0
19.7,33.7,130,0,0
19.7,33.73,140,0,0
19.6333333333333,33.73,150,0,0
19.6,33.73,160,0,0
19.6,33.79,170,0,0
19.6,33.79,180,0,0
19.6,33.8633333333333,190,0,0
19.6,33.9,200,0,0
19.533333333333296,33.9,210,0,0
19.5,34.0,220,0,0
19.5,34.0,230,0,0
19.5,34.03,240,0,0
19.4266666666667,34.03,250,0,0
19.39,34.09,260,0,0
19.39,34.09,270,0,0
19.323333333333295,34.09,280,0,0
19.29,34.2,290,0,0
19.29,34.26,300,0,0
19.29,34.29,310,0,0
19.29,34.3633333333333,320,0,0
19.2,34.29,330,0,0
19.2,34.29,340,0,0
19.2,34.4,350,0,0
19.2,34.4,360,0,0
19.1,34.4,370,0,0
19.1,34.4666666666667,380,0,0
19.1666666666667,34.5,390,0,0
19.1,34.5,400,10,1
19.1,34.59,410,0,0
19.1,34.7233333333333,420,10,1
19.1,34.6633333333333,430,0,0
19.033333333333296,34.39,440,0,0
19.0,34.0,450,0,0
19.0,34.1175,460,10,1
19.0,34.6233333333333,470,0,0
19.0,34.86,480,0,0
19.0,35.1333333333333,490,0,0
19.0,35.2,500,0,0
19.0,35.26,510,0,0
19.0,35.4333333333333,520,0,0
19.0,35.5,530,0,0
18.89,35.56,540,0,0
18.89,35.5,550,0,0
18.89,35.3633333333333,560,0,0
18.963333333333296,35.23,570,0,0
19.0,35.09,580,0,0
19.0,35.03,590,0,0
19.0,34.9666666666667,600,0,0
19.066666666666695,34.9,610,0,0
19.066666666666695,34.7966666666667,620,0,0
19.066666666666695,34.6633333333333,630,0,0
19.1,34.59,640,0,0
19.1,34.7175,650,0,0
19.1,34.8333333333333,660,0,0
19.2,34.9,670,0,0
19.26,35.0266666666667,680,0,0
19.323333333333295,35.1,690,0,0
19.39,34.4333333333333,700,0,0
19.39,33.3333333333333,710,0,0
19.463333333333296,33.2,720,0,0
19.533333333333296,33.26,730,0,0
19.6,33.2,740,0,0
19.823333333333295,34.9666666666667,750,0,0
19.89,34.9666666666667,760,0,0
20.033333333333296,34.8666666666667,770,0,0
20.1666666666667,33.9266666666667,780,0,0
20.23,33.43,790,0,0
20.3566666666667,33.1566666666667,800,0,0
20.4266666666667,34.0666666666667,810,10,1
20.566666666666695,34.4,820,0,0
20.6,34.3266666666667,830,0,0
20.6975,35.0,840,0,0
20.79,35.26,850,0,0
20.9266666666667,35.4333333333333,860,0,0
21.066666666666695,35.4333333333333,870,0,0
21.2,35.1633333333333,880,0,0
21.26,35.03,890,0,0
21.4266666666667,34.79,900,0,0
21.5,34.73,910,0,0
21.6,34.6266666666667,920,0,0
21.6666666666667,34.5666666666667,930,0,0
21.7,33.7966666666667,940,0,0
21.7,33.39,950,0,0
21.73,33.0266666666667,960,0,0
21.79,32.8266666666667,970,0,0
21.73,32.9333333333333,980,0,0
21.79,33.66,990,0,0
21.79,33.7,1000,0,0
21.79,33.5666666666667,1010,0,0
21.79,33.3333333333333,1020,0,0
21.79,33.0,1030,0,0
21.7,32.645,1040,0,0
21.7,32.4333333333333,1050,0,0
21.6333333333333,32.4333333333333,1060,0,0
21.6,32.9266666666667,1070,0,0
21.6,33.26,1080,20,1
21.6,32.8633333333333,1090,20,1
21.533333333333296,32.99,1100,20,1
21.5,33.7566666666667,1110,20,1
21.5,34.63,1120,20,1
21.5,36.36,1130,10,1
21.566666666666695,38.0266666666667,1140,10,1
21.5,37.83333333333329,1150,10,1
21.566666666666695,37.36,1160,20,1
21.6,37.06,1170,0,0
21.6,36.86,1180,10,1
21.6,36.69333333333329,1190,10,1
21.6,36.3,1200,20,1
21.6,35.9966666666667,1210,30,1
21.6,35.53,1220,20,1
21.6,35.4666666666667,1230,30,1
21.625,35.4,1240,20,1
21.7,35.3266666666667,1250,20,1
21.79,35.1633333333333,1260,20,1
21.79,35.03,1270,30,1
21.823333333333295,34.9666666666667,1280,20,1
21.89,34.9,1290,20,1
21.89,34.76,1300,30,1
21.89,34.7,1310,20,1
21.89,34.56,1320,20,1
21.89,34.4333333333333,1330,30,1
21.963333333333296,34.5,1340,20,1
21.89,34.7,1350,20,1
21.9266666666667,34.7,1360,20,1
21.9266666666667,34.7,1370,30,1
21.89,34.73,1380,20,1
21.89,34.79,1390,20,1
21.89,34.8266666666667,1400,20,1
21.89,34.9,1410,20,1
21.79,34.9,1420,30,1
21.79,34.9975,1430,20,1
21.79,35.09,0,20,1
21.76,35.29,10,20,1
21.7,35.43,20,20,1
21.6666666666667,35.43,30,30,1
21.6,35.29,40,20,1
21.6,35.4,50,20,1
21.533333333333296,35.3266666666667,60,20,1
21.5,35.4,70,30,1
21.4266666666667,35.3266666666667,80,20,1
21.39,35.83,90,10,1
21.323333333333295,36.03,100,0,0
21.29,36.1566666666667,110,0,0
21.29,36.29,120,0,0
21.2,36.26,130,0,0
21.2,36.2,140,0,0
21.1666666666667,36.09,150,0,0
21.1,36.09,160,0,0
21.1,36.09,170,0,0
21.033333333333296,35.9633333333333,180,0,0
21.0,35.845,190,0,0
20.963333333333296,35.79,200,0,0
20.89,35.79,210,0,0
20.8566666666667,35.76,220,0,0
20.79,35.7,230,0,0
20.79,35.7,240,0,0
20.79,35.7,250,0,0
20.7,35.7,260,0,0
20.7,35.7,270,0,0
20.6666666666667,35.6633333333333,280,0,0
20.6,35.59,290,0,0
20.6,35.56,300,0,0
20.533333333333296,35.5,310,0,0
20.5,35.59,320,0,0
20.4266666666667,35.53,330,0,0
20.39,35.5,340,0,0
20.39,35.5,350,0,0
20.29,35.5,360,0,0
20.29,35.56,370,0,0
20.29,35.59,380,0,0
20.23,35.53,390,0,0
20.23,35.53,400,0,0
20.2,35.5,410,0,0
20.2,35.5,420,0,0
20.2,35.53,430,10,1
20.1333333333333,35.59,440,20,1
20.1,35.6266666666667,450,30,1
20.1,35.7,460,20,1
20.1,35.56,470,10,1
20.1,35.56,480,0,0
20.066666666666695,35.76,490,0,0
20.0,35.7,500,0,0
20.0,35.6266666666667,510,0,0
20.0,35.7,520,0,0
20.0,35.73,530,0,0
20.0,35.79,540,10,1
20.0,35.7,550,0,0
20.0,35.6266666666667,560,0,0
20.0,35.645,570,0,0
19.89,35.7,580,0,0
19.963333333333296,35.7,590,0,0
19.89,35.79,600,0,0
19.89,35.73,610,0,0
19.89,35.76,620,10,1
19.89,35.8333333333333,630,0,0
20.0,39.5266666666667,640,0,0
20.0,38.5266666666667,650,10,1
20.0,37.83333333333329,660,0,0
20.0,37.76,670,10,1
20.0,37.56,680,10,1
19.9266666666667,37.36,690,10,1
19.9266666666667,37.463333333333296,700,0,0
19.9266666666667,37.6633333333333,710,0,0
19.89,37.5,720,0,0
19.89,37.36,730,10,1
20.0,39.03,740,0,0
20.0,37.9566666666667,750,0,0
20.0,37.49,760,0,0
20.0,37.195,770,0,0
20.0,37.09,780,0,0
20.0,36.9666666666667,790,0,0
20.0,36.8266666666667,800,0,0
20.0,36.83,810,0,0
20.0,37.03,820,10,1
20.033333333333296,39.0666666666667,830,0,0
20.1,40.7333333333333,840,0,0
20.1,39.5666666666667,850,0,0
20.1,39.293333333333294,860,0,0
20.2,38.6,870,0,0
20.2,38.2666666666667,880,0,0
20.26,37.93,890,0,0
20.26,37.73,900,0,0
20.323333333333295,37.5,910,0,0
20.323333333333295,37.5,920,0,0
20.39,37.363333333333294,930,0,0
20.463333333333296,37.29,940,0,0
20.5,37.1633333333333,950,10,1
20.525,37.0675,960,0,0
20.6,36.933333333333294,970,0,0
20.6333333333333,36.9,980,0,0
20.7,36.9,990,0,0
20.7,36.79,1000,0,0
20.7,36.79,1010,0,0
20.79,36.76,1020,0,0
20.79,36.7,1030,0,0
20.79,36.7,1040,10,1
20.79,36.76,1050,0,0
20.79,37.09,1060,0,0
20.79,37.1633333333333,1070,0,0
20.79,37.2,1080,0,0
20.79,37.26,1090,10,1
20.89,37.433333333333294,1100,30,1
20.89,37.7666666666667,1110,20,1
20.89,41.1333333333333,1120,10,1
20.963333333333296,42.86,1130,10,1
21.2,42.6966666666667,1140,0,0
21.2675,41.9475,1150,0,0
21.3566666666667,41.1,1160,0,0
21.39,40.2966666666667,1170,0,0
21.39,39.89,1180,0,0
21.4266666666667,39.56,1190,20,1
21.4266666666667,39.36,1200,20,1
21.39,39.1633333333333,1210,20,1
21.39,39.03,1220,30,1
21.5,38.9666666666667,1230,20,1
21.5,38.8266666666667,1240,20,1
21.4266666666667,38.73,1250,20,1
21.4266666666667,38.73,1260,20,1
21.39,38.59,1270,20,1
21.39,38.59,1280,30,1
21.39,38.59,1290,0,0
21.39,38.6633333333333,1300,0,0
21.3566666666667,38.73,1310,0,0
21.29,38.79,1320,0,0
21.29,38.933333333333294,1330,0,0
21.29,39.06,1340,0,0
21.29,39.245,1350,10,1
21.29,39.6266666666667,1360,0,0
21.29,39.76,1370,0,0
21.2,39.9,1380,10,1
21.2,39.9,1390,0,0
21.1666666666667,40.03,1400,0,0
21.1,40.09,1410,0,0
21.1,40.1266666666667,1420,0,0
21.1,40.2,1430,0,0
21.066666666666695,40.1633333333333,0,10,1
21.0,40.09,10,0,0
21.0,40.2,20,0,0
21.0,40.2,30,0,0
21.0,40.29,40,0,0
20.9266666666667,40.29,50,0,0
20.89,40.29,60,0,0
20.89,40.29,70,0,0
20.79,40.2,80,10,1
20.79,40.2,90,0,0
20.79,40.09,100,0,0
20.7675,40.09,110,0,0
20.7,40.09,120,0,0
20.7,40.09,130,0,0
20.7,40.09,140,0,0
20.7,40.1266666666667,150,0,0
20.6333333333333,40.0666666666667,160,0,0
20.6,40.0,170,10,1
20.6,40.06,180,0,0
20.6,40.09,190,0,0
20.533333333333296,40.09,200,0,0
20.5,40.09,210,0,0
20.5,40.09,220,0,0
20.463333333333296,40.09,230,0,0
20.39,40.03,240,0,0
20.39,40.09,250,0,0
20.39,40.09,260,0,0
20.3566666666667,40.0,270,0,0
20.3566666666667,40.0,280,0,0
20.3566666666667,40.0,290,0,0
20.29,40.0,300,0,0
20.23,40.0,310,0,0
20.29,40.0,320,0,0
20.23,39.933333333333294,330,0,0
20.2,39.9,340,0,0
20.1333333333333,39.9,350,0,0
20.1,39.9,360,0,0
20.1,39.9,370,0,0
20.1,39.9,380,0,0
20.1,39.9,390,0,0
20.0,39.79,400,0,0
20.0,39.79,410,0,0
20.0,39.79,420,10,1
20.0,39.863333333333294,430,0,0
20.0,40.09,440,0,0
20.0,40.1633333333333,450,0,0
20.0,40.2,460,0,0
20.0,40.2,470,30,1
20.0,40.1633333333333,480,20,1
20.0,40.145,490,20,1
20.0,40.03,500,30,1
20.0,40.03,510,20,1
20.0,40.09,520,30,1
20.0,40.1633333333333,530,20,1
20.0,40.09,540,30,1
20.0,40.0,550,20,1
20.066666666666695,40.0,560,20,1
20.033333333333296,39.8266666666667,570,0,0
20.1,39.69333333333329,580,0,0
20.1,39.6633333333333,590,0,0
20.1666666666667,39.59,600,0,0
20.2,39.4666666666667,610,10,1
20.2,39.2666666666667,620,0,0
20.23,39.1266666666667,630,0,0
20.29,39.2,640,0,0
20.323333333333295,39.1633333333333,650,0,0
20.39,39.09,660,0,0
20.463333333333296,39.4,670,0,0
20.463333333333296,39.5266666666667,680,0,0
20.55,40.45,690,0,0
20.6333333333333,41.9266666666667,700,0,0
20.7,41.66666666666671,710,0,0
20.7,40.46,720,0,0
20.7,40.2,730,0,0
20.79,40.1966666666667,740,0,0
20.79,40.33,750,0,0
20.89,39.9,760,0,0
20.89,39.5,770,0,0
20.89,38.99,780,0,0
20.963333333333296,38.79,790,0,0
21.033333333333296,38.9,800,0,0
21.1666666666667,39.9,810,0,0
21.1666666666667,37.5933333333333,820,0,0
21.1,37.0666666666667,830,10,1
21.1333333333333,36.9666666666667,840,0,0
21.2,36.9666666666667,850,0,0
21.29,37.09,860,0,0
21.29,37.03,870,0,0
21.29,37.09,880,0,0
21.29,37.0,890,0,0
21.29,37.0,900,0,0
21.29,36.9666666666667,910,0,0
21.29,36.9,920,0,0
21.23,36.79,930,0,0
21.23,36.59666666666671,940,0,0
21.1666666666667,36.29,950,0,0
21.1,36.363333333333294,960,0,0
21.1,36.53,970,0,0
21.1,36.59,980,0,0
21.0,36.5,990,0,0
21.0,36.56,1000,0,0
20.9266666666667,36.6266666666667,1010,0,0
21.0,36.76,1020,0,0
20.963333333333296,36.76,1030,0,0
20.89,36.76,1040,0,0
20.89,36.7,1050,0,0
20.89,36.76,1060,0,0
21.0,36.933333333333294,1070,0,0
21.1,38.2725,1080,0,0
21.2,41.223333333333294,1090,0,0
21.29,42.2333333333333,1100,0,0
21.29,42.9,1110,0,0
21.39,42.8666666666667,1120,0,0
21.39,41.9266666666667,1130,0,0
21.39,42.1,1140,0,0
21.53,48.433333333333294,1150,10,1
21.7,49.93,1160,10,1
21.7,46.6566666666667,1170,10,1
21.7,44.66666666666671,1180,30,1
21.7,43.533333333333296,1190,30,1
21.73,42.05666666666671,1200,20,1
21.79,41.1966666666667,1210,10,1
21.823333333333295,40.5266666666667,1220,20,1
21.89,40.1333333333333,1230,20,1
21.9266666666667,39.5633333333333,1240,20,1
22.0,39.09666666666671,1250,20,1
22.0,38.6333333333333,1260,20,1
22.075,38.32,1270,30,1
22.1,38.0666666666667,1280,20,1
22.1,37.83333333333329,1290,10,1
22.1,37.6266666666667,1300,0,0
22.1,37.5,1310,10,1
22.1,37.433333333333294,1320,0,0
22.1,37.26,1330,0,0
22.033333333333296,37.0666666666667,1340,0,0
22.0,36.9666666666667,1350,10,1
22.0,36.9666666666667,1360,0,0
21.963333333333296,37.0,1370,0,0
21.89,37.0,1380,0,0
21.8566666666667,37.09,1390,0,0
21.79,37.09,1400,0,0
21.79,37.2,1410,0,0
21.79,37.2,1420,0,0
21.7,37.3266666666667,1430,0,0
21.7,37.4666666666667,0,0,0
21.6,37.5,10,0,0
21.533333333333296,37.56,20,0,0
21.55,37.59,30,0,0
21.5,37.59,40,0,0
21.4266666666667,37.53,50,0,0
21.39,37.5,60,0,0
21.39,37.5,70,0,0
21.29,37.5,80,0,0
21.29,37.5,90,0,0
21.26,37.4666666666667,100,0,0
21.2,37.4,110,0,0
21.1666666666667,37.4,120,0,0
21.1,37.4,130,0,0
21.1,37.4,140,0,0
21.1,37.4,150,0,0
21.0,37.4,160,0,0
21.0,37.4,170,0,0
20.9266666666667,37.4,180,0,0
20.9266666666667,37.4,190,0,0
20.89,37.4,200,0,0
20.823333333333295,37.3266666666667,210,0,0
20.79,37.4,220,0,0
20.79,37.4,230,0,0
20.79,37.4,240,0,0
20.7,37.433333333333294,250,0,0
20.7,37.5,260,0,0
20.7,37.5,270,0,0
20.7,37.56,280,0,0
20.6,37.5,290,0,0
20.6,37.56,300,0,0
20.6,37.59,310,0,0
20.6,37.59,320,0,0
20.566666666666695,37.59,330,0,0
20.5,37.6633333333333,340,0,0
20.5,37.7,350,0,0
20.4266666666667,37.7,360,0,0
20.39,37.7,370,0,0
20.39,37.76,380,0,0
20.3566666666667,37.79,390,0,0
20.29,37.79,400,0,0
20.29,37.8266666666667,410,0,0
20.29,37.9,420,0,0
20.23,37.9,430,10,1
20.2,38.0,440,20,1
20.2,38.19333333333329,450,10,1
20.2,38.463333333333296,460,0,0
20.2,38.6633333333333,470,10,1
20.2,38.79,480,0,0
20.2,38.863333333333294,490,0,0
20.2,38.9,500,30,1
20.2,39.0266666666667,510,20,1
20.2,39.23,520,20,1
20.2,39.29,530,30,1
20.2,39.26,540,20,1
20.2,39.1266666666667,550,30,1
20.2,38.863333333333294,560,40,1
20.1333333333333,38.79,570,30,1
20.1,38.6633333333333,580,30,1
20.1,38.53,590,30,1
20.1,38.76,600,30,1
20.1,38.54,610,30,1
20.066666666666695,38.4666666666667,620,30,1
20.066666666666695,38.5,630,30,1
20.066666666666695,38.4666666666667,640,40,1
20.025,38.6175,650,30,1
20.05,38.745,660,30,1
20.066666666666695,39.19333333333329,670,20,1
20.1,38.823333333333295,680,20,1
20.0,38.1675,690,20,1
20.066666666666695,38.1633333333333,700,30,1
20.1,38.23,710,20,1
20.125,38.29,720,30,1
20.2,38.4,730,20,1
20.2128571428571,38.3528571428571,740,30,1
20.27,38.3511111111111,750,20,1
20.3328571428571,38.854285714285695,760,30,1
20.437142857142895,38.8085714285714,770,20,1
20.55,38.6225,780,20,1
20.6714285714286,38.4,790,30,1
20.7,38.28,800,20,1
20.7514285714286,38.064285714285695,810,20,1
20.8275,37.92375,820,30,1
20.9214285714286,37.7385714285714,830,20,1
21.0,37.68428571428569,840,0,0
21.0714285714286,37.577142857142896,850,10,1
21.0857142857143,37.47,860,0,0
21.075,37.245,870,0,0
21.1,37.2,880,0,0
21.1714285714286,37.11428571428569,890,0,0
21.2128571428571,37.0385714285714,900,0,0
21.29,37.09,910,0,0
21.375714285714295,37.01,920,0,0
21.39,36.837142857142894,930,0,0
21.39,36.62,940,0,0
21.39,36.4571428571429,950,0,0
21.4266666666667,36.4,960,0,0
21.5,36.337142857142894,970,0,0
21.5,36.1942857142857,980,0,0
21.5,36.1371428571429,990,0,0
21.4685714285714,36.407142857142894,1000,0,0
21.5,37.1214285714286,1010,0,0
21.6,39.11,1020,0,0
21.7,39.283333333333296,1030,0,0
21.6571428571429,40.8128571428571,1040,0,0
21.6,39.3685714285714,1050,0,0
21.6142857142857,38.8214285714286,1060,0,0
21.6428571428571,38.454285714285696,1070,0,0
21.6,38.07,1080,0,0
21.6428571428571,37.9228571428571,1090,0,0
21.6,37.6266666666667,1100,10,1
21.6,37.6685714285714,1110,10,1
21.6142857142857,37.7642857142857,1120,0,0
21.6222222222222,37.5944444444444,1130,10,1
21.6571428571429,37.54,1140,10,1
21.6714285714286,38.1214285714286,1150,0,0
21.6571428571429,37.4985714285714,1160,0,0
21.6,37.134285714285696,1170,10,1
21.6,36.9842857142857,1180,10,1
21.6714285714286,36.9571428571429,1190,0,0
21.7128571428571,36.9857142857143,1200,0,0
21.8185714285714,36.9,1210,0,0
21.9214285714286,36.837142857142894,1220,0,0
22.0,36.8685714285714,1230,0,0
22.0875,37.02125,1240,0,0
22.1857142857143,37.1214285714286,1250,0,0
22.2385714285714,37.2257142857143,1260,0,0
22.29,37.2,1270,0,0
22.3185714285714,37.1214285714286,1280,0,0
22.375714285714295,37.0385714285714,1290,0,0
22.39,36.8725,1300,0,0
22.4214285714286,36.9285714285714,1310,0,0
22.452857142857095,36.9857142857143,1320,0,0
22.5,36.9666666666667,1330,10,1
22.5,36.9,1340,0,0
22.5,36.9,1350,0,0
22.4214285714286,36.757142857142895,1360,0,0
22.39,36.7,1370,0,0
22.39,36.815,1380,0,0
22.39,36.79,1390,10,1
22.365,36.79,1400,0,0
22.29,37.00428571428569,1410,10,1
22.29,37.1785714285714,1420,0,0
22.29,37.1214285714286,1430,0,0
22.2385714285714,37.0128571428571,0,10,1
22.2,36.9285714285714,10,0,0
22.1333333333333,36.9,20,0,0
22.1,36.9,30,0,0
22.1,36.8057142857143,40,0,0
22.0,36.577142857142896,50,0,0
22.0,36.5257142857143,60,0,0
21.9214285714286,36.4857142857143,70,0,0
21.89,36.4285714285714,80,0,0
21.83,36.378,90,0,0
21.79,36.29,100,10,1
21.79,36.29,110,0,0
21.7128571428571,36.29,120,0,0
21.7,36.2257142857143,130,0,0
21.6333333333333,36.2,140,0,0
21.6,36.09,150,0,0
21.6,36.09,160,0,0
21.514285714285695,36.09,170,0,0
21.5,36.09,180,0,0
21.445,36.045,190,10,1
21.39,36.0,200,0,0
21.39,36.03,210,0,0
21.3185714285714,36.09,220,0,0
21.29,36.09,230,0,0
21.29,36.09,240,0,0
21.275,36.18166666666671,250,0,0
21.2,36.09,260,0,0
21.2,36.1371428571429,270,0,0
21.1571428571429,36.2,280,10,1
21.1,36.212857142857104,290,0,0
21.1,36.29,300,0,0
21.05,36.30375,310,0,0
21.0,36.29,320,0,0
21.0,36.3214285714286,330,0,0
20.937142857142895,36.4,340,0,0
20.963333333333296,36.45,350,0,0
20.89,36.5,360,0,0
20.89,36.564285714285695,370,0,0
20.8042857142857,36.59,380,10,1
20.79,36.59,390,0,0
20.79,36.6371428571429,400,0,0
20.79,36.7,410,0,0
20.7128571428571,36.7771428571429,420,0,0
20.7,37.0228571428571,430,0,0
20.7,37.145,440,0,0
20.683333333333305,37.293333333333294,450,0,0
20.6,37.363333333333294,460,0,0
20.6,37.59666666666671,470,20,1
20.6,37.7257142857143,480,10,1
20.6,37.76,490,0,0
20.5833333333333,38.06,500,10,1
20.533333333333296,38.23,510,0,0
20.5,38.1633333333333,520,0,0
20.5,38.09,530,0,0
20.463333333333296,37.9966666666667,540,10,1
20.39,37.863333333333294,550,0,0
20.4214285714286,37.897142857142896,560,0,0
20.39,37.96,570,0,0
20.39,37.9,580,0,0
20.39,37.845,590,0,0
20.29,37.92,600,0,0
20.323333333333295,38.0,610,0,0
20.39,38.0,620,0,0
20.3328571428571,38.0,630,0,0
20.39,37.9285714285714,640,0,0
20.39,37.79,650,0,0
20.39,37.7,660,0,0
20.39,37.564285714285695,670,0,0
20.437142857142895,38.2685714285714,680,0,0
20.5,39.437142857142895,690,0,0
20.5714285714286,41.5257142857143,700,0,0
20.6,41.475,710,0,0
20.6,40.7566666666667,720,0,0
20.62,41.396,730,0,0
20.7,41.712,740,0,0
20.7,40.7,750,0,0
20.7,39.82428571428569,760,0,0
20.7,39.2,770,0,0
20.775,38.7966666666667,780,0,0
20.79,38.5725,790,0,0
20.79,38.312,800,0,0
20.823333333333295,38.3266666666667,810,0,0
20.89,38.29,820,0,0
20.956,38.732,830,0,0
20.98625,38.80875,840,0,0
21.042857142857095,39.157142857142894,850,0,0
21.1,39.5542857142857,860,0,0
21.1,39.03,870,0,0
21.1,38.7071428571429,880,0,0
21.1,38.9,890,0,0
21.0857142857143,38.3428571428571,900,0,0
20.9214285714286,36.1614285714286,910,0,0
20.77875,35.32125,920,0,0
20.79,36.1733333333333,930,0,0
20.8185714285714,37.8214285714286,940,0,0
20.89,38.5828571428571,950,0,0
20.89,38.7642857142857,960,0,0
20.89,38.7257142857143,970,0,0
20.89,38.7257142857143,980,0,0
20.89,38.7642857142857,990,0,0
20.89,38.79,1000,0,0
20.9214285714286,38.884285714285696,1010,0,0
21.0,38.79,1020,0,0
20.937142857142895,38.7,1030,0,0
21.0,38.59,1040,0,0
21.0,38.59,1050,0,0
21.0,38.2957142857143,1060,0,0
21.0,37.9971428571429,1070,0,0
21.0,37.8685714285714,1080,0,0
20.9685714285714,37.78,1090,0,0
20.952857142857095,37.8528571428571,1100,0,0
20.9057142857143,38.0114285714286,1110,0,0
20.9057142857143,37.9,1120,0,0
20.945,37.815,1130,10,1
21.0,37.712857142857104,1140,10,1
21.1,37.9975,1150,10,1
21.1714285714286,39.7428571428571,1160,10,1
21.23,39.6633333333333,1170,0,0
21.29,39.315,1180,10,1
21.347142857142895,38.8114285714286,1190,10,1
21.39,38.4985714285714,1200,10,1
21.39,38.26333333333329,1210,20,1
21.39,37.98285714285711,1220,20,1
21.39,37.7985714285714,1230,20,1
21.39,37.5385714285714,1240,20,1
21.4214285714286,37.3528571428571,1250,20,1
21.5,37.29,1260,20,1
21.5,37.245,1270,10,1
21.5,37.1685714285714,1280,0,0
21.5714285714286,37.09,1290,0,0
21.6,37.09,1300,0,0
21.5714285714286,37.09,1310,0,0
21.6,37.0,1320,0,0
21.6,37.0,1330,0,0
21.6,37.0,1340,0,0
21.5166666666667,37.0,1350,0,0
21.5,37.09,1360,0,0
21.5,37.156,1370,10,1
21.5,37.2,1380,0,0
21.39,37.23,1390,0,0
21.39,37.29,1400,0,0
21.39,37.4,1410,0,0
21.323333333333295,37.4,1420,0,0
21.29,37.4,1430,0,0
21.23,37.3266666666667,0,0,0
21.2,37.29,10,0,0
21.2,37.363333333333294,20,10,1
21.1666666666667,37.4,30,0,0
21.1,37.4,40,0,0
21.1,37.4,50,0,0
21.1,37.4,60,0,0
21.0,37.29,70,0,0
21.0,37.23,80,0,0
20.9266666666667,37.2,90,0,0
20.9266666666667,37.2,100,0,0
20.89,37.2,110,10,1
20.89,37.2,120,0,0
20.84,37.2,130,0,0
20.79,37.2,140,0,0
20.73,37.2,150,0,0
20.7,37.2,160,0,0
20.7,37.2,170,0,0
20.7,37.2,180,0,0
20.6333333333333,37.1266666666667,190,0,0
20.6,37.2,200,10,1
20.6,37.2,210,0,0
20.566666666666695,37.2,220,0,0
20.5,37.2,230,0,0
20.5,37.2,240,0,0
20.5,37.2,250,0,0
20.39,37.09,260,0,0
20.39,37.09,270,0,0
20.3566666666667,37.1266666666667,280,0,0
20.3566666666667,37.2,290,0,0
20.29,37.2,300,0,0
20.29,37.2,310,0,0
20.29,37.2,320,0,0
20.26,37.1633333333333,330,0,0
20.2,37.09,340,0,0
20.2,37.1266666666667,350,0,0
20.2,37.2,360,0,0
20.1666666666667,37.2,370,0,0
20.1,37.2,380,0,0
20.1,37.2,390,0,0
20.1,37.2,400,0,0
20.1,37.29,410,0,0
20.033333333333296,37.29,420,0,0
20.0,37.29,430,0,0
20.0,37.29,440,0,0
20.0,37.29,450,0,0
19.9266666666667,37.29,460,0,0
19.89,37.3266666666667,470,0,0
19.89,37.4,480,0,0
19.89,37.4,490,0,0
19.89,37.4,500,0,0
19.79,37.745,510,0,0
19.823333333333295,38.2666666666667,520,0,0
19.89,38.5266666666667,530,0,0
19.8566666666667,38.33333333333329,540,0,0
19.79,38.1266666666667,550,0,0
19.79,38.06,560,0,0
19.79,38.0,570,0,0
19.79,37.863333333333294,580,0,0
19.79,37.79,590,0,0
19.79,37.56,600,0,0
19.79,37.433333333333294,610,0,0
19.79,37.26,620,0,0
19.79,37.2,630,0,0
19.79,37.1633333333333,640,0,0
19.79,37.09,650,0,0
19.7,36.9666666666667,660,0,0
19.7,36.8266666666667,670,0,0
19.7,36.6633333333333,680,0,0
19.7,36.53,690,0,0
19.7,36.4,700,0,0
19.7,36.3175,710,0,0
19.7,36.29,720,0,0
19.7,36.29,730,0,0
19.7,36.29,740,0,0
19.7,36.29,750,0,0
19.7,36.29,760,0,0
19.7,36.29,770,0,0
19.7,36.29,780,0,0
19.7,36.2966666666667,790,10,1
19.6333333333333,35.7566666666667,800,0,0
19.6,35.9266666666667,810,0,0
19.6,36.4,820,0,0
19.6,36.6633333333333,830,0,0
19.6,36.6633333333333,840,0,0
19.6,36.59,850,0,0
19.6,36.59,860,0,0
19.6,36.73,870,0,0
19.6,36.93,880,0,0
19.6,36.9,890,0,0
19.6,36.8725,900,0,0
19.6,36.863333333333294,910,0,0
19.7,36.9,920,0,0
19.76,36.9,930,0,0
19.79,36.863333333333294,940,0,0
19.79,36.79,950,0,0
19.89,37.0666666666667,960,0,0
19.89,37.26,970,0,0
19.9266666666667,37.26,980,0,0
20.0,37.0666666666667,990,0,0
20.033333333333296,36.7,1000,0,0
20.1,36.6266666666667,1010,0,0
20.066666666666695,35.7666666666667,1020,0,0
20.0,34.5666666666667,1030,0,0
20.0,34.23,1040,10,1
20.0,34.23,1050,10,1
20.0,34.4,1060,10,1
20.0,34.4666666666667,1070,10,1
20.0,34.73,1080,10,1
20.0,35.1675,1090,10,1
20.066666666666695,37.3666666666667,1100,10,1
20.1,38.6,1110,10,1
20.1,39.4666666666667,1120,20,1
20.1333333333333,39.7666666666667,1130,10,1
20.26,39.3,1140,20,1
20.29,38.7666666666667,1150,10,1
20.29,38.3,1160,10,1
20.29,38.6566666666667,1170,20,1
20.3566666666667,39.0633333333333,1180,20,1
20.39,39.0,1190,30,1
20.39,38.793333333333294,1200,20,1
20.29,38.33333333333329,1210,20,1
20.29,38.1266666666667,1220,30,1
20.26,37.83333333333329,1230,20,1
20.2,37.5,1240,30,1
20.2,37.33333333333329,1250,20,1
20.1333333333333,37.2,1260,20,1
20.1,37.2,1270,20,1
20.1,37.2,1280,20,1
20.0,37.2,1290,20,1
20.0,37.23,1300,10,1
20.0,37.29,1310,10,1
20.0,37.29,1320,20,1
20.0,37.29,1330,10,1
19.89,37.433333333333294,1340,20,1
19.89,37.5,1350,10,1
19.89,37.5666666666667,1360,20,1
19.89,37.76,1370,0,0
19.79,37.9,1380,0,0
19.79,37.8266666666667,1390,0,0
19.76,37.79,1400,0,0
19.7,37.79,1410,0,0
19.7,37.79,1420,0,0
19.7,37.73,1430,0,0
19.7,37.7,0,0,0
19.6333333333333,37.7,10,0,0
19.6,37.7,20,0,0
19.6,37.7,30,0,0
19.6,37.7,40,0,0
19.5,37.7,50,0,0
19.5,37.7,60,0,0
19.463333333333296,37.6633333333333,70,0,0
19.463333333333296,37.6633333333333,80,0,0
19.463333333333296,37.6633333333333,90,0,0
19.39,37.59,100,0,0
19.39,37.59,110,0,0
19.39,37.59,120,0,0
19.39,37.59,130,0,0
19.323333333333295,37.6633333333333,140,0,0
19.29,37.7,150,0,0
19.29,37.7,160,0,0
19.29,37.7,170,0,0
19.23,37.6266666666667,180,0,0
19.2,37.7,190,0,0
19.2,37.7,200,0,0
19.2,37.7,210,0,0
19.2,37.7,220,0,0
19.1,37.7,230,0,0
19.1,37.73,240,0,0
19.1,37.79,250,0,0
19.1,37.79,260,0,0
19.033333333333296,37.73,270,0,0
19.1,37.79,280,0,0
19.033333333333296,37.79,290,0,0
19.0,37.79,300,0,0
19.0,37.79,310,0,0
19.0,37.79,320,0,0
19.0,37.79,330,0,0
18.963333333333296,37.79,340,0,0
18.89,37.863333333333294,350,0,0
18.89,37.9,360,0,0
18.89,37.9,370,0,0
18.89,37.9,380,0,0
18.89,37.9,390,0,0
18.79,37.9,400,0,0
18.79,37.9,410,0,0
18.79,37.9,420,0,0
18.79,37.9,430,0,0
18.79,37.9,440,0,0
18.7,38.0,450,0,0
18.76,38.0,460,0,0
18.7,38.0,470,0,0
18.7,38.0,480,0,0
18.7,38.0,490,0,0
18.7,38.0,500,0,0
18.6666666666667,38.06,510,0,0
18.6666666666667,38.06,520,0,0
18.6,38.03,530,0,0
18.6,38.1633333333333,540,0,0
18.6,38.36,550,0,0
18.6,38.56,560,0,0
18.6,38.79,570,0,0
18.6,38.93,580,10,1
18.7,39.2,590,0,0
18.7,39.26,600,0,0
18.7,39.55,610,0,0
18.79,39.56,620,0,0
18.8566666666667,39.5,630,0,0
18.9266666666667,39.4,640,10,1
19.0,39.3266666666667,650,0,0
19.0,39.06,660,0,0
19.0,38.933333333333294,670,0,0
19.1,39.0,680,0,0
19.1,38.933333333333294,690,0,0
19.1333333333333,39.0,700,0,0
19.2,39.0,710,0,0
19.323333333333295,39.06,720,0,0
19.39,39.06,730,20,1
19.4266666666667,39.09,740,30,1
19.5,39.03,750,20,1
19.5,38.9666666666667,760,20,1
19.566666666666695,38.8266666666667,770,20,1
19.6,38.79,780,20,1
19.6,38.73,790,30,1
19.6,38.59,800,20,1
19.6,38.86,810,0,0
19.6666666666667,39.06,820,0,0
19.73,39.0266666666667,830,0,0
19.8566666666667,38.8266666666667,840,0,0
20.033333333333296,38.76,850,0,0
20.1666666666667,38.5666666666667,860,0,0
20.29,38.4666666666667,870,0,0
20.3566666666667,38.3266666666667,880,0,0
20.39,38.1633333333333,890,0,0
20.463333333333296,38.09,900,0,0
20.533333333333296,37.9666666666667,910,0,0
20.6,37.8266666666667,920,0,0
20.6,37.7,930,0,0
20.6,37.6266666666667,940,10,1
20.6,38.2666666666667,950,0,0
20.6,37.7266666666667,960,0,0
20.6,37.363333333333294,970,0,0
20.6,37.23,980,0,0
20.6,37.09,990,0,0
20.566666666666695,37.09,1000,0,0
20.5,37.09,1010,0,0
20.5,37.0,1020,0,0
20.5,37.0,1030,0,0
20.5,37.03,1040,0,0
20.5,37.09,1050,0,0
20.39,37.0,1060,0,0
20.39,37.06,1070,0,0
20.3566666666667,37.3,1080,0,0
20.29,39.0266666666667,1090,10,1
20.29,39.9,1100,0,0
20.29,39.5666666666667,1110,0,0
20.29,39.6333333333333,1120,0,0
20.29,40.3,1130,0,0
20.29,41.0266666666667,1140,10,1
20.29,42.9666666666667,1150,10,1
20.39,46.06,1160,10,1
20.39,44.393333333333295,1170,10,1
20.39,43.86,1180,0,0
20.315,42.75,1190,10,1
20.29,41.7333333333333,1200,10,1
20.29,41.1333333333333,1210,10,1
20.23,40.8,1220,10,1
20.2,40.5266666666667,1230,0,0
20.2,40.2666666666667,1240,10,1
20.1666666666667,40.0266666666667,1250,0,0
20.1666666666667,39.7666666666667,1260,0,0
20.1,39.56,1270,10,1
20.1,39.433333333333294,1280,0,0
20.1,39.26,1290,0,0
20.1,39.1266666666667,1300,0,0
20.1,39.06,1310,20,1
20.1,38.933333333333294,1320,20,1
20.1,38.76,1330,20,1
20.1,38.6266666666667,1340,20,1
20.1,38.5,1350,30,1
20.1,38.5,1360,20,1
20.1,38.363333333333294,1370,20,1
20.075,38.2675,1380,30,1
20.0,38.2,1390,20,1
20.0,38.09,1400,20,1
20.0,38.03,1410,30,1
20.0,37.9666666666667,1420,20,1
20.0,37.9,1430,20,1
20.0,37.863333333333294,0,20,1
19.9266666666667,37.79,10,30,1
19.89,37.7,20,10,1
19.89,37.7,30,10,1
19.89,37.6633333333333,40,0,0
19.89,37.59,50,0,0
19.79,37.4666666666667,60,0,0
19.79,37.4,70,0,0
19.79,37.363333333333294,80,10,1
19.79,37.29,90,0,0
19.76,37.26,100,0,0
19.7,37.2,110,0,0
19.7,37.2,120,0,0
19.7,37.2,130,0,0
19.6333333333333,37.2,140,0,0
19.6,37.2,150,10,1
19.6,37.2,160,0,0
19.6,37.2,170,0,0
19.6,37.2,180,0,0
19.566666666666695,37.2,190,0,0
19.5,37.2,200,0,0
19.5,37.2,210,0,0
19.5,37.2,220,0,0
19.463333333333296,37.06,230,10,1
19.39,37.06,240,0,0
19.39,37.09,250,0,0
19.39,37.03,260,0,0
19.3566666666667,37.03,270,0,0
19.29,37.03,280,0,0
19.29,37.0,290,0,0
19.29,37.0,300,0,0
19.26,36.9666666666667,310,0,0
19.2,36.9,320,10,1
19.2,36.9,330,0,0
19.2,36.9,340,0,0
19.2,36.9,350,0,0
19.1666666666667,36.9,360,0,0
19.1,36.9,370,0,0
19.1,36.933333333333294,380,0,0
19.1,36.933333333333294,390,0,0
19.066666666666695,36.9666666666667,400,0,0
19.0,36.9,410,0,0
19.0,36.9,420,0,0
19.0,36.9,430,0,0
19.0,36.9,440,0,0
19.0,37.0266666666667,450,10,1
19.0,37.23,460,0,0
19.0,37.6966666666667,470,0,0
19.0,37.79,480,0,0
19.0,37.79,490,0,0
18.89,37.6633333333333,500,0,0
18.89,37.59,510,0,0
18.89,37.5,520,0,0
18.89,37.59,530,0,0
18.89,37.6633333333333,540,0,0
18.9266666666667,37.8266666666667,550,0,0
18.9266666666667,37.9,560,0,0
18.9266666666667,37.9,570,0,0
19.0,37.9,580,0,0
19.0,37.7,590,0,0
19.0,37.7,600,0,0
19.1,38.19333333333329,610,0,0
19.1666666666667,39.06,620,0,0
19.23,39.2666666666667,630,0,0
19.3566666666667,39.5266666666667,640,0,0
19.4266666666667,39.6633333333333,650,0,0
19.566666666666695,39.6633333333333,660,0,0
19.7,40.03,670,0,0
19.76,41.6233333333333,680,0,0
19.9266666666667,43.9566666666667,690,0,0
20.0,46.49,700,0,0
20.05,46.4,710,0,0
20.1,45.59,720,0,0
20.2,45.03,730,0,0
20.29,44.393333333333295,740,0,0
20.3566666666667,43.6,750,0,0
20.4266666666667,43.1333333333333,760,0,0
20.566666666666695,42.5266666666667,770,0,0
20.6,41.6233333333333,780,0,0
20.6,41.03,790,0,0
20.6666666666667,40.533333333333296,800,0,0
20.6666666666667,40.33333333333329,810,0,0
20.79,40.4,820,0,0
20.8566666666667,40.4,830,0,0
20.9266666666667,40.363333333333294,840,0,0
21.0,40.23,850,0,0
21.1,40.223333333333294,860,0,0
21.1,40.03,870,10,1
21.2,39.83333333333329,880,0,0
21.2,39.9,890,0,0
21.245,40.795,900,0,0
21.323333333333295,41.6266666666667,910,0,0
21.39,42.6266666666667,920,0,0
21.39,41.16,930,0,0
21.39,40.6333333333333,940,0,0
21.5,40.1,950,0,0
21.5,39.7666666666667,960,0,0
21.463333333333296,39.4666666666667,970,0,0
21.39,39.3266666666667,980,10,1
21.39,39.1333333333333,990,0,0
21.463333333333296,39.0,1000,0,0
21.5,38.76,1010,0,0
21.5,38.6266666666667,1020,0,0
21.39,38.33333333333329,1030,0,0
21.39,38.0666666666667,1040,0,0
21.29,38.0,1050,0,0
21.29,38.0,1060,0,0
21.26,38.09,1070,0,0
21.2,38.03,1080,0,0
21.2,37.95,1090,0,0
21.1666666666667,37.86,1100,0,0
21.1,38.0,1110,0,0
21.1,37.863333333333294,1120,0,0
21.1,37.79,1130,0,0
21.0,37.7,1140,0,0
21.0,37.7,1150,0,0
21.0,38.1633333333333,1160,0,0
21.0,41.55666666666671,1170,0,0
21.1,42.4233333333333,1180,10,1
21.1,41.83,1190,10,1
21.1333333333333,41.2966666666667,1200,0,0
21.2,40.963333333333296,1210,0,0
21.2,40.2666666666667,1220,0,0
21.26,39.86,1230,0,0
21.29,39.43,1240,10,1
21.29,39.09666666666671,1250,30,1
21.29,38.723333333333294,1260,20,1
21.29,38.723333333333294,1270,20,1
21.29,38.56,1280,20,1
21.29,38.225,1290,30,1
21.29,37.933333333333294,1300,20,1
21.2,37.6633333333333,1310,20,1
21.2,37.53,1320,20,1
21.2,37.33333333333329,1330,20,1
21.2,37.1266666666667,1340,20,1
21.1666666666667,36.9666666666667,1350,20,1
21.1,36.9,1360,0,0
21.1,37.0,1370,20,1
21.1,37.2,1380,30,1
21.0,37.3266666666667,1390,20,1
21.0,37.4,1400,20,1
20.963333333333296,37.53,1410,20,1
20.89,37.6633333333333,1420,20,1
20.89,37.7666666666667,1430,20,1
20.89,37.9666666666667,0,30,1
20.79,38.03,10,20,1
20.79,38.09,20,20,1
20.76,38.2,30,20,1
20.7,38.2675,40,20,1
20.7,38.29,50,30,1
20.6,38.23,60,20,1
20.6,38.29,70,20,1
20.533333333333296,38.29,80,20,1
20.533333333333296,38.363333333333294,90,20,1
20.5,38.5,100,20,1
20.5,38.5,110,30,1
20.39,38.4,120,20,1
20.39,38.4,130,20,1
20.3566666666667,38.363333333333294,140,0,0
20.29,38.29,150,0,0
20.29,38.4,160,0,0
20.29,38.4,170,0,0
20.2,38.29,180,0,0
20.2,38.363333333333294,190,0,0
20.2,38.4,200,0,0
20.2,38.4,210,0,0
20.1,38.4,220,0,0
20.1,38.3266666666667,230,0,0
20.05,38.245,240,0,0
20.0,38.2,250,0,0
20.0,38.2,260,0,0
20.0,38.1633333333333,270,0,0
19.9266666666667,38.09,280,0,0
19.89,38.09,290,0,0
19.89,38.09,300,0,0
19.89,38.09,310,0,0
19.823333333333295,38.03,320,0,0
19.79,38.0,330,0,0
19.79,38.0,340,0,0
19.79,38.0,350,0,0
19.73,38.0,360,0,0
19.7,38.0,370,0,0
19.7,38.06,380,0,0
19.7,38.06,390,0,0
19.6333333333333,37.933333333333294,400,0,0
19.6666666666667,37.9666666666667,410,0,0
19.6,37.9,420,10,1
19.6,37.995,430,0,0
19.6,38.53,440,0,0
19.6,38.723333333333294,450,10,1
19.6,38.6633333333333,460,0,0
19.6,38.463333333333296,470,0,0
19.6,38.29,480,0,0
19.6,38.23,490,0,0
19.6,37.9666666666667,500,0,0
19.6,37.9,510,0,0
19.6,37.7,520,0,0
19.6,37.7,530,0,0
19.5,37.7,540,10,1
19.5,37.7,550,10,1
19.5,37.6633333333333,560,10,1
19.5,37.59,570,0,0
19.5,37.59,580,0,0
19.5,37.59,590,0,0
19.39,37.53,600,0,0
19.39,37.59,610,0,0
19.445,37.545,620,0,0
19.5,37.5,630,0,0
19.4266666666667,37.2266666666667,640,0,0
19.39,36.8266666666667,650,0,0
19.39,36.9,660,0,0
19.39,37.03,670,0,0
19.463333333333296,39.89,680,0,0
19.6,39.533333333333296,690,0,0
19.6,39.0,700,0,0
19.5,38.79,710,0,0
19.566666666666695,38.73,720,0,0
19.6,38.56,730,0,0
19.6666666666667,38.56,740,0,0
19.7,38.56,750,0,0
19.7,38.433333333333294,760,0,0
19.7,38.26,770,0,0
19.76,38.1266666666667,780,0,0
19.79,38.19333333333329,790,0,0
19.79,38.6,800,0,0
19.79,38.995,810,10,1
19.89,39.3266666666667,820,0,0
19.89,39.5266666666667,830,0,0
19.9266666666667,39.7,840,0,0
20.0,39.7,850,0,0
20.0,39.89,860,0,0
20.0,40.09,870,0,0
20.1,40.3266666666667,880,0,0
20.1,40.4,890,10,1
20.1,40.363333333333294,900,0,0
20.1,40.29,910,0,0
20.1,40.2,920,0,0
20.1,40.2,930,0,0
20.066666666666695,39.9666666666667,940,0,0
20.0,39.8266666666667,950,0,0
20.0,39.7,960,0,0
20.0,39.6266666666667,970,0,0
20.0,39.56,980,10,1
20.0,39.433333333333294,990,0,0
20.0,39.45,1000,0,0
20.0,39.363333333333294,1010,0,0
20.0,39.29,1020,0,0
19.963333333333296,39.1633333333333,1030,0,0
19.89,39.03,1040,0,0
19.89,38.69333333333329,1050,0,0
19.89,38.5,1060,0,0
19.89,38.363333333333294,1070,10,1
19.89,38.29,1080,0,0
19.8566666666667,38.4266666666667,1090,0,0
19.79,38.76,1100,10,1
19.79,38.59,1110,20,1
19.8566666666667,38.53,1120,20,1
19.89,40.8,1130,10,1
19.89,46.66,1140,30,1
20.033333333333296,48.69333333333329,1150,20,1
20.1666666666667,46.56,1160,20,1
20.23,44.463333333333296,1170,40,1
20.29,42.9233333333333,1180,20,1
20.39,41.6966666666667,1190,20,1
20.4175,40.92,1200,40,1
20.5,40.39,1210,40,1
20.6333333333333,39.9666666666667,1220,30,1
20.7,39.69333333333329,1230,30,1
20.79,39.363333333333294,1240,30,1
20.79,39.1566666666667,1250,30,1
20.89,39.03,1260,20,1
20.963333333333296,39.1633333333333,1270,0,0
21.0,39.26,1280,0,0
21.0,39.1266666666667,1290,0,0
21.1,39.1333333333333,1300,0,0
21.1,38.933333333333294,1310,0,0
21.1,38.76,1320,0,0
21.1,38.5666666666667,1330,10,1
21.1,38.4,1340,0,0
21.033333333333296,38.3266666666667,1350,0,0
21.0,38.1633333333333,1360,0,0
20.9266666666667,38.09,1370,0,0
20.89,38.09,1380,0,0
20.865,38.0675,1390,0,0
20.79,38.0,1400,0,0
20.79,38.09,1410,0,0
20.73,38.09,1420,0,0
20.7,38.06,1430,0,0
20.7,37.933333333333294,0,0,0
20.7,37.9,10,0,0
20.6333333333333,37.7666666666667,20,0,0
20.6,37.7,30,10,1
20.533333333333296,37.7,40,0,0
20.566666666666695,37.7,50,0,0
20.5,37.6266666666667,60,0,0
20.39,37.5,70,0,0
20.39,37.5,80,0,0
20.39,37.5,90,0,0
20.323333333333295,37.5,100,0,0
20.29,37.5,110,0,0
20.29,37.5,120,0,0
20.2,37.4,130,0,0
20.2,37.4,140,0,0
20.2,37.4,150,0,0
20.1,37.363333333333294,160,0,0
20.1,37.29,170,0,0
20.1,37.2,180,0,0
20.033333333333296,37.1266666666667,190,0,0
20.0,37.1633333333333,200,0,0
20.0,37.09,210,0,0
20.0,37.09,220,0,0
19.9266666666667,37.09,230,0,0
19.89,37.09,240,0,0
19.89,37.09,250,0,0
19.89,37.09,260,0,0
19.823333333333295,37.03,270,0,0
19.79,37.0,280,0,0
19.79,37.0,290,0,0
19.76,37.0,300,0,0
19.7,37.0,310,0,0
19.7,37.0,320,0,0
19.7,37.0,330,0,0
19.6333333333333,36.933333333333294,340,0,0
19.6,37.0,350,0,0
19.6,37.0,360,0,0
19.6,37.0,370,0,0
19.6,37.0,380,0,0
19.5,37.0,390,0,0
19.5,37.0,400,0,0
19.5,37.0,410,0,0
19.5,37.0,420,0,0
19.463333333333296,37.03,430,0,0
19.39,37.223333333333294,440,10,1
19.4266666666667,37.7266666666667,450,0,0
19.4266666666667,38.06,460,0,0
19.39,38.0,470,0,0
19.39,38.0,480,0,0
19.4266666666667,38.1566666666667,490,0,0
19.5,38.29,500,10,1
19.39,38.463333333333296,510,0,0
19.39,38.53,520,0,0
19.445,38.45,530,10,1
19.463333333333296,38.363333333333294,540,0,0
19.39,38.29,550,10,1
19.4266666666667,38.1633333333333,560,0,0
19.4266666666667,38.03,570,0,0
19.39,38.0666666666667,580,0,0
19.39,38.26,590,0,0
19.463333333333296,38.4,600,0,0
19.39,38.4,610,0,0
19.39,38.29,620,10,1
19.39,38.29,630,0,0
19.5,38.36,640,0,0
19.5,38.7666666666667,650,0,0
19.5,40.0633333333333,660,10,1
19.5,39.59666666666671,670,10,1
19.5,39.2666666666667,680,10,1
19.5,39.06,690,10,1
19.5,38.3,700,0,0
19.5,37.1,710,10,1
19.5,36.5,720,0,0
19.5,37.7,730,0,0
19.5,37.7,740,0,0
19.5,37.43,750,0,0
19.5,37.23,760,0,0
19.5,37.0266666666667,770,0,0
19.5,36.8266666666667,780,0,0
19.5,36.6633333333333,790,0,0
19.4266666666667,36.53,800,0,0
19.4266666666667,36.53,810,0,0
19.4266666666667,36.59,820,0,0
19.463333333333296,36.59,830,10,1
19.463333333333296,36.59,840,0,0
19.5,36.7,850,0,0
19.5,36.6266666666667,860,0,0
19.5,36.59,870,0,0
19.4266666666667,36.59,880,0,0
19.39,36.53,890,0,0
19.39,36.6633333333333,900,0,0
19.445,36.79,910,10,1
19.39,36.9,920,10,1
19.39,36.9,930,10,1
19.39,36.9666666666667,940,10,1
19.39,36.8266666666667,950,0,0
19.39,36.76,960,10,1
19.39,36.7,970,0,0
19.39,36.7,980,10,1
19.39,36.7,990,0,0
19.39,36.7,1000,0,0
19.39,36.7,1010,0,0
19.39,36.73,1020,0,0
19.39,36.79,1030,0,0
19.4266666666667,36.73,1040,0,0
19.5,36.79,1050,20,1
19.533333333333296,36.79,1060,20,1
19.6,36.93,1070,10,1
19.7,37.0,1080,0,0
19.76,37.0,1090,0,0
19.79,37.0,1100,0,0
19.89,37.09,1110,20,1
19.89,37.09,1120,20,1
20.0,37.1266666666667,1130,30,1
20.066666666666695,37.33333333333329,1140,10,1
20.1333333333333,38.09666666666671,1150,20,1
20.26,38.363333333333294,1160,10,1
20.39,38.63,1170,0,0
20.463333333333296,37.89,1180,0,0
20.533333333333296,37.89,1190,0,0
20.6,38.1633333333333,1200,0,0
20.7,38.29,1210,10,1
20.76,38.23,1220,20,1
20.823333333333295,38.06,1230,30,1
20.89,37.8,1240,20,1
20.9266666666667,37.56,1250,20,1
21.0,37.36,1260,30,1
21.0,37.2,1270,20,1
21.0,37.0666666666667,1280,30,1
21.0,36.845,1290,20,1
21.0,36.6633333333333,1300,20,1
21.0,36.53,1310,20,1
21.0,36.363333333333294,1320,30,1
21.0,36.29,1330,20,1
21.0,36.2,1340,20,1
21.0,36.2,1350,20,1
21.0,36.2,1360,20,1
20.9266666666667,36.2,1370,30,1
20.89,36.29,1380,20,1
20.89,36.29,1390,30,1
20.8566666666667,36.4,1400,20,1
20.79,36.4,1410,30,1
20.79,36.53,1420,20,1
20.73,36.59,1430,20,1
20.7,36.59,0,20,1
20.7,36.6633333333333,10,20,1
20.6666666666667,36.79,20,30,1
20.6666666666667,36.93,30,20,1
20.6,36.933333333333294,40,20,1
20.575,37.0,50,20,1
20.5,37.0,60,20,1
20.5,36.9666666666667,70,30,1
20.5,36.9,80,20,1
20.39,36.79,90,20,1
20.39,36.79,100,20,1
20.39,36.79,110,20,1
20.323333333333295,36.79,120,0,0
20.29,36.933333333333294,130,0,0
20.29,37.0,140,0,0
20.2,36.9,150,0,0
20.2,36.9,160,0,0
20.2,36.9,170,0,0
20.1333333333333,36.9,180,0,0
20.1,36.9,190,0,0
20.1,36.9666666666667,200,0,0
20.066666666666695,36.9666666666667,210,0,0
20.0,36.9,220,0,0
20.0,36.9,230,0,0
20.0,36.9,240,0,0
19.9266666666667,36.9,250,0,0
19.89,36.9,260,0,0
19.89,36.9,270,0,0
19.89,36.9,280,0,0
19.89,36.9,290,0,0
19.79,36.79,300,0,0
19.79,36.79,310,0,0
19.79,36.79,320,0,0
19.73,36.79,330,0,0
19.7,36.79,340,0,0
19.7,36.79,350,0,0
19.7,36.79,360,0,0
19.7,36.79,370,0,0
19.6,36.7,380,0,0
19.6,36.7,390,0,0
19.6,36.7,400,0,0
19.533333333333296,36.7,410,0,0
19.566666666666695,36.7,420,0,0
19.5,36.8425,430,0,0
19.5,37.1633333333333,440,0,0
19.5,37.2,450,0,0
19.5,37.0666666666667,460,0,0
19.463333333333296,36.9666666666667,470,0,0
19.39,36.9,480,0,0
19.4266666666667,36.963333333333296,490,0,0
19.4266666666667,37.03,500,0,0
19.39,37.0,510,0,0
19.39,37.2666666666667,520,0,0
19.39,37.5666666666667,530,0,0
19.39,37.7,540,0,0
19.463333333333296,37.9,550,0,0
19.39,37.9,560,0,0
19.5,37.933333333333294,570,10,1
19.5,38.0,580,0,0
19.5,38.0,590,0,0
19.5,38.0,600,0,0
19.5,37.9,610,0,0
19.525,37.975,620,0,0
19.6,38.0,630,0,0
19.6,38.1266666666667,640,0,0
19.6,38.2,650,10,1
19.6333333333333,38.3266666666667,660,0,0
19.7,38.4,670,0,0
19.7,38.4,680,0,0
19.76,38.4,690,0,0
19.79,38.26,700,0,0
19.79,38.2,710,0,0
19.89,38.26,720,0,0
19.963333333333296,38.0666666666667,730,10,1
20.033333333333296,38.03,740,0,0
20.1666666666667,38.03,750,0,0
20.29,37.93,760,0,0
20.3566666666667,37.73,770,0,0
20.5,37.59,780,10,1
20.566666666666695,37.59,790,20,1
20.5,37.363333333333294,800,30,1
20.5,37.29,810,20,1
20.5,37.395,820,20,1
20.6,37.863333333333294,830,0,0
20.6666666666667,37.6633333333333,840,0,0
20.7,37.16,850,0,0
20.7,36.8266666666667,860,0,0
20.73,36.79,870,0,0
20.79,36.73,880,10,1
20.79,36.6633333333333,890,0,0
20.8566666666667,36.59,900,0,0
20.89,36.5,910,0,0
20.963333333333296,36.433333333333294,920,0,0
21.0,36.29,930,0,0
21.066666666666695,36.29,940,0,0
21.1,36.1633333333333,950,0,0
21.1,36.09,960,10,1
21.1,36.39,970,0,0
21.1,36.53,980,0,0
21.1666666666667,36.1,990,0,0
21.1,35.36,1000,0,0
21.1,36.395,1010,0,0
21.1,35.83,1020,0,0
21.1,36.1633333333333,1030,10,1
21.1,36.0266666666667,1040,10,1
21.1,35.9,1050,30,1
21.1,35.9333333333333,1060,20,1
21.1,36.19333333333329,1070,20,1
21.1,38.4,1080,30,1
21.1666666666667,41.5266666666667,1090,20,1
21.23,39.9666666666667,1100,20,1
21.29,42.36,1110,30,1
21.4266666666667,47.1,1120,10,1
21.6333333333333,46.893333333333295,1130,0,0
21.9266666666667,44.7666666666667,1140,10,1
22.0,43.5666666666667,1150,0,0
22.0,42.0933333333333,1160,20,1
22.0,41.293333333333294,1170,30,1
22.0,40.3,1180,20,1
22.0,39.69333333333329,1190,20,1
22.05,39.19,1200,30,1
22.1,38.723333333333294,1210,20,1
22.1,38.39,1220,20,1
22.1,38.1333333333333,1230,30,1
22.1,37.933333333333294,1240,20,1
22.1,37.8266666666667,1250,30,1
22.1,37.69333333333329,1260,20,1
22.1,37.43,1270,0,0
22.1,37.1566666666667,1280,0,0
22.1,37.09,1290,0,0
22.1,37.09,1300,0,0
22.1,37.23,1310,0,0
22.1,37.363333333333294,1320,0,0
22.1,37.5,1330,0,0
22.033333333333296,37.433333333333294,1340,10,1
22.0,37.433333333333294,1350,10,1
22.0,37.6333333333333,1360,0,0
22.0,37.8266666666667,1370,0,0
21.9266666666667,37.9666666666667,1380,0,0
21.8566666666667,38.0,1390,0,0
21.79,38.0675,1400,0,0
21.73,38.09,1410,0,0
21.7,38.09,1420,0,0
21.7,38.09,1430,0,0
21.6,38.0,0,0,0
21.533333333333296,37.933333333333294,10,0,0
21.5,37.9,20,0,0
21.5,37.9,30,0,0
21.39,37.6633333333333,40,0,0
21.39,37.59,50,0,0
21.29,37.56,60,0,0
21.29,37.5,70,0,0
21.2,37.4,80,0,0
21.2,37.4,90,0,0
21.2,37.433333333333294,100,0,0
21.1333333333333,37.5,110,0,0
21.1,37.59,120,0,0
21.1,37.59,130,0,0
21.066666666666695,37.56,140,0,0
21.0,37.5,150,0,0
21.0,37.5,160,0,0
20.89,37.4666666666667,170,0,0
20.89,37.3266666666667,180,0,0
20.89,37.2,190,0,0
20.823333333333295,37.1266666666667,200,0,0
20.79,36.9,210,0,0
20.79,36.8266666666667,220,0,0
20.79,36.7,230,0,0
20.73,36.7,240,0,0
20.7,36.59,250,0,0
20.7,36.59,260,0,0
20.7,36.5,270,0,0
20.7,36.5,280,0,0
20.6,36.363333333333294,290,0,0
20.6,36.29,300,0,0
20.5,36.29,310,0,0
20.5,36.29,320,0,0
20.5,36.2,330,0,0
20.5,36.2,340,0,0
20.39,36.145,350,0,0
20.39,36.09,360,0,0
20.39,36.09,370,0,0
20.3566666666667,36.09,380,0,0
20.29,36.1633333333333,390,0,0
20.29,36.2,400,0,0
20.29,36.2,410,0,0
20.26,36.1633333333333,420,10,1
20.2,36.1633333333333,430,0,0
20.2,36.463333333333296,440,0,0
20.2,36.723333333333294,450,0,0
20.2,36.9,460,0,0
20.2,37.16,470,0,0
20.2,37.463333333333296,480,0,0
20.2,37.53,490,10,1
20.2,37.5,500,0,0
20.1333333333333,37.56,510,0,0
20.1666666666667,38.0266666666667,520,0,0
20.1,38.69333333333329,530,0,0
20.1,37.84,540,10,1
20.1,37.05666666666671,550,0,0
20.1,36.33,560,10,1
20.1,36.06,570,10,1
20.1,35.9333333333333,580,10,1
20.1,35.8333333333333,590,0,0
20.033333333333296,35.0266666666667,600,10,1
20.0,34.2666666666667,610,10,1
20.0,33.86,620,10,1
19.89,33.79,630,10,1
19.89,33.79,640,0,0
19.89,33.7233333333333,650,10,1
19.89,33.59,660,0,0
19.89,33.5266666666667,670,10,1
19.823333333333295,33.1933333333333,680,10,1
19.76,32.9666666666667,690,0,0
19.7,32.9,700,10,1
19.6,32.76,710,0,0
19.6,32.8333333333333,720,10,1
19.6333333333333,33.5,730,10,1
19.7675,34.65,740,0,0
19.79,34.7,750,10,1
19.9266666666667,34.9333333333333,760,0,0
20.066666666666695,35.06,770,10,1
20.1333333333333,35.09,780,0,0
20.26,35.4233333333333,790,10,1
20.323333333333295,34.99,800,10,1
20.39,34.5966666666667,810,0,0
20.5,34.4,820,10,1
20.566666666666695,34.3266666666667,830,0,0
20.7,34.3333333333333,840,10,1
20.7,34.1266666666667,850,10,1
20.73,33.9666666666667,860,0,0
20.79,33.8266666666667,870,10,1
20.79,33.7,880,0,0
20.8566666666667,33.6266666666667,890,10,1
20.89,33.5,900,10,1
20.89,33.5,910,0,0
21.0,33.5,920,10,1
21.0,33.5225,930,0,0
21.0,33.59,940,10,1
21.0,33.43,950,10,1
21.0,33.29,960,0,0
21.0,33.3633333333333,970,10,1
21.0,33.1566666666667,980,0,0
21.0,33.06,990,0,0
20.9266666666667,32.7266666666667,1000,0,0
20.89,32.29,1010,0,0
20.89,32.3633333333333,1020,0,0
20.89,32.3633333333333,1030,0,0
20.823333333333295,32.23,1040,0,0
20.79,32.1633333333333,1050,0,0
20.79,32.1633333333333,1060,0,0
20.79,32.4333333333333,1070,0,0
20.73,32.6333333333333,1080,0,0
20.7,33.03,1090,0,0
20.7,33.2233333333333,1100,0,0
20.7,33.4333333333333,1110,10,1
20.7,33.595,1120,0,0
20.7,33.76,1130,0,0
20.73,35.6566666666667,1140,10,1
20.8566666666667,37.3966666666667,1150,10,1
20.89,36.863333333333294,1160,0,0
20.963333333333296,36.463333333333296,1170,10,1
21.033333333333296,36.06,1180,0,0
21.1,35.86,1190,0,0
21.1,35.6633333333333,1200,0,0
21.1666666666667,35.53,1210,0,0
21.23,35.5,1220,0,0
21.29,35.4333333333333,1230,10,1
21.39,35.4,1240,20,1
21.39,35.4,1250,10,1
21.5,35.4666666666667,1260,10,1
21.566666666666695,35.4,1270,10,1
21.533333333333296,35.3633333333333,1280,0,0
21.6,35.29,1290,10,1
21.6,35.3633333333333,1300,0,0
21.533333333333296,35.29,1310,0,0
21.5,35.495,1320,10,1
21.5,35.7,1330,0,0
21.5,35.76,1340,0,0
21.39,35.79,1350,10,1
21.39,35.79,1360,10,1
21.39,35.9,1370,0,0
21.323333333333295,35.9666666666667,1380,0,0
21.29,36.09,1390,0,0
21.23,36.09,1400,0,0
21.2,36.23,1410,0,0
21.2,36.29,1420,10,1
21.1,36.433333333333294,1430,0,0
21.1,36.5,0,0,0
21.066666666666695,36.56,10,0,0
21.0,36.56,20,0,0
20.89,36.59,30,0,0
20.89,36.6633333333333,40,0,0
20.89,36.7,50,0,0
20.823333333333295,36.7,60,0,0
20.79,36.7,70,10,1
20.7,36.73,80,0,0
20.7,36.79,90,0,0
20.7,36.79,100,0,0
20.7,36.79,110,0,0
20.6,36.7,120,0,0
20.6,36.7,130,0,0
20.566666666666695,36.79,140,0,0
20.5,36.79,150,0,0
20.5,36.79,160,10,1
20.5,36.863333333333294,170,0,0
20.463333333333296,36.9,180,0,0
20.39,36.9,190,0,0
20.39,36.9,200,0,0
20.39,36.9,210,0,0
20.3566666666667,36.9,220,0,0
20.29,36.9666666666667,230,0,0
20.29,37.0,240,0,0
20.29,37.0,250,10,1
20.29,37.0,260,0,0
20.2,36.9,270,0,0
20.2,36.9,280,0,0
20.2,37.0,290,0,0
20.1333333333333,37.0,300,0,0
20.1,36.9,310,0,0
20.1,36.9,320,0,0
20.1,36.9,330,0,0
20.1,36.9666666666667,340,0,0
20.0,36.8266666666667,350,0,0
20.0,36.9,360,0,0
20.0,36.863333333333294,370,0,0
20.0,36.863333333333294,380,0,0
19.963333333333296,36.9,390,0,0
19.89,36.9,400,0,0
19.89,36.9,410,0,0
19.89,36.9,420,0,0
19.89,36.8266666666667,430,0,0
19.823333333333295,36.8266666666667,440,0,0
19.79,36.86,450,0,0
19.79,37.2,460,0,0
19.79,37.4,470,10,1
19.8566666666667,37.7,480,0,0
19.8566666666667,37.7,490,0,0
19.89,39.6633333333333,500,0,0
19.89,40.463333333333296,510,0,0
19.89,39.5633333333333,520,0,0
19.89,39.03,530,0,0
19.89,38.6333333333333,540,10,1
19.89,38.3,550,0,0
19.89,38.06,560,0,0
19.89,37.8,570,0,0
19.8566666666667,37.43,580,0,0
19.8566666666667,37.29,590,0,0
19.79,36.9,600,0,0
19.79,36.7666666666667,610,10,1
19.79,36.26,620,0,0
19.79,36.1266666666667,630,0,0
19.79,35.76,640,0,0
19.79,35.645,650,10,1
19.73,35.6266666666667,660,0,0
19.7,35.2966666666667,670,0,0
19.7,34.9633333333333,680,0,0
19.7,34.9,690,10,1
19.7,34.9,700,0,0
19.7,35.03,710,10,1
19.7,35.49,720,10,1
19.7,36.2333333333333,730,0,0
19.7,35.9666666666667,740,10,1
19.79,38.4933333333333,750,0,0
19.8566666666667,41.5666666666667,760,10,1
20.033333333333296,41.7666666666667,770,10,1
20.1,39.83333333333329,780,0,0
20.2,38.56,790,10,1
20.26,38.6333333333333,800,10,1
20.323333333333295,40.9,810,0,0
20.463333333333296,40.16666666666671,820,10,1
20.533333333333296,38.05666666666671,830,10,1
20.6,36.9475,840,0,0
20.6,36.0,850,0,0
20.7,35.43,860,0,0
20.76,35.23,870,10,1
20.79,35.0266666666667,880,0,0
20.79,34.6933333333333,890,10,1
20.79,34.0333333333333,900,10,1
20.79,33.3666666666667,910,0,0
20.7,32.7966666666667,920,10,1
20.7,32.39,930,0,0
20.6666666666667,31.93,940,10,1
20.6,31.73,950,10,1
20.6333333333333,31.823333333333295,960,0,0
20.6333333333333,31.89,970,10,1
20.6,32.0666666666667,980,0,0
20.6,32.46,990,10,1
20.6,32.9633333333333,1000,0,0
20.6,33.1633333333333,1010,10,1
20.6,33.2666666666667,1020,10,1
20.6,33.475,1030,0,0
20.6,33.56,1040,10,1
20.6,33.7,1050,0,0
20.533333333333296,33.7,1060,10,1
20.5,33.4,1070,10,1
20.5,33.2666666666667,1080,0,0
20.5,33.06,1090,10,1
20.5,33.0,1100,0,0
20.5,32.9,1110,10,1
20.5,32.9,1120,0,0
20.6,32.9666666666667,1130,10,1
20.6,32.9,1140,0,0
20.6333333333333,33.63,1150,0,0
20.76,36.4966666666667,1160,0,0
20.89,36.9233333333333,1170,0,0
20.963333333333296,36.39,1180,0,0
21.1333333333333,35.99,1190,10,1
21.26,37.59666666666671,1200,10,1
21.4266666666667,37.7966666666667,1210,10,1
21.566666666666695,37.53,1220,10,1
21.65,36.995,1230,0,0
21.7,36.33333333333329,1240,0,0
21.7,36.2,1250,0,0
21.7,36.06,1260,0,0
21.7,36.0,1270,0,0
21.7,36.0,1280,0,0
21.76,36.06,1290,0,0
21.79,36.2,1300,0,0
21.73,36.26,1310,0,0
21.7,36.29,1320,0,0
21.7,36.29,1330,0,0
21.7,36.29,1340,0,0
21.7,36.23,1350,0,0
21.7,36.2,1360,0,0
21.7,36.2,1370,10,1
21.6666666666667,36.2,1380,0,0
21.6,36.2,1390,10,1
21.6,36.09,1400,0,0
21.6,36.03,1410,0,0
21.5,36.0,1420,0,0
21.5,36.0,1430,0,0
21.5,36.0,0,0,0
21.39,35.9,10,0,0
21.39,35.9,20,0,0
21.3566666666667,35.9,30,0,0
21.29,35.9,40,0,0
21.26,35.79,50,0,0
21.2,35.79,60,0,0
21.2,35.79,70,0,0
21.1333333333333,35.79,80,0,0
21.1,35.79,90,0,0
21.1,35.79,100,0,0
21.066666666666695,35.79,110,0,0
21.0,35.73,120,0,0
21.0,35.7,130,0,0
20.9266666666667,35.7,140,0,0
20.89,35.6633333333333,150,0,0
20.89,35.59,160,0,0
20.8566666666667,35.56,170,0,0
20.79,35.5,180,0,0
20.79,35.5,190,0,0
20.79,35.5,200,0,0
20.73,35.5,210,0,0
20.7,35.4666666666667,220,0,0
20.7,35.4,230,0,0
20.6666666666667,35.3633333333333,240,0,0
20.6,35.29,250,0,0
20.6,35.29,260,0,0
20.533333333333296,35.29,270,0,0
20.5,35.29,280,0,0
20.5,35.29,290,0,0
20.463333333333296,35.2,300,0,0
20.39,35.2,310,0,0
20.39,35.2,320,0,0
20.39,35.2,330,0,0
20.29,35.1633333333333,340,0,0
20.29,35.1633333333333,350,0,0
20.29,35.1633333333333,360,0,0
20.29,35.09,370,0,0
20.23,35.03,380,0,0
20.2,35.0,390,0,0
20.2,35.0,400,0,0
20.1,35.03,410,0,0
20.1,35.09,420,0,0
20.1,35.09,430,0,0
20.1,35.09,440,0,0
20.0,35.0,450,0,0
20.0,35.0,460,0,0
20.0,35.03,470,0,0
20.0,35.09,480,0,0
19.963333333333296,35.1266666666667,490,0,0
19.89,35.2,500,0,0
19.89,35.2,510,0,0
19.89,35.26,520,0,0
19.89,35.4,530,0,0
19.89,35.4666666666667,540,0,0
19.89,35.6933333333333,550,0,0
19.89,36.125,560,0,0
19.89,36.33333333333329,570,10,1
19.89,36.43,580,0,0
19.89,36.363333333333294,590,0,0
20.033333333333296,38.2666666666667,600,0,0
20.1,38.86,610,0,0
20.1,38.16,620,0,0
20.1,37.8266666666667,630,0,0
20.1,37.66,640,0,0
20.1666666666667,37.4,650,0,0
20.2,37.1566666666667,660,0,0
20.2,37.09666666666671,670,0,0
20.29,37.1,680,0,0
20.29,36.9,690,0,0
20.29,36.8266666666667,700,10,1
20.3566666666667,37.1,710,0,0
20.39,36.7966666666667,720,0,0
20.463333333333296,36.53,730,0,0
20.533333333333296,36.26,740,0,0
20.625,36.095,750,0,0
20.7,35.9333333333333,760,0,0
20.79,35.76,770,0,0
20.8566666666667,35.7,780,0,0
20.96,35.59,790,10,1
21.1,35.53,800,0,0
21.2,35.3633333333333,810,0,0
21.26,35.29,820,0,0
21.323333333333295,35.2,830,0,0
21.39,35.0666666666667,840,0,0
21.533333333333296,34.9666666666667,850,0,0
21.6,34.8266666666667,860,0,0
21.7,34.79,870,0,0
21.7,34.73,880,10,1
21.823333333333295,34.59,890,0,0
21.89,34.53,900,0,0
22.0,34.4,910,0,0
22.0,34.3266666666667,920,0,0
22.1,34.29,930,0,0
22.1,34.23,940,0,0
22.2,34.09,950,0,0
22.2,34.09,960,0,0
22.2,34.03,970,10,1
22.2,34.0,980,0,0
22.26,34.0,990,0,0
22.29,33.9666666666667,1000,0,0
22.29,33.9,1010,0,0
22.29,33.8633333333333,1020,0,0
22.29,33.79,1030,0,0
22.26,33.76,1040,0,0
22.2,33.7,1050,0,0
22.2,33.6633333333333,1060,10,1
22.1333333333333,33.7233333333333,1070,50,1
22.2,34.3666666666667,1080,50,1
22.2,35.1666666666667,1090,20,1
22.29,36.5666666666667,1100,30,1
22.3566666666667,37.16,1110,40,1
22.4266666666667,37.9,1120,10,1
22.4266666666667,37.0266666666667,1130,0,0
22.29,36.223333333333294,1140,0,0
22.2675,36.0975,1150,10,1
22.2,35.8266666666667,1160,0,0
22.1666666666667,35.6633333333333,1170,0,0
22.1,35.53,1180,0,0
22.066666666666695,35.3633333333333,1190,10,1
22.0,35.29,1200,0,0
22.0,35.3266666666667,1210,20,1
21.9266666666667,35.4666666666667,1220,0,0
21.89,35.4666666666667,1230,10,1
21.89,35.4,1240,0,0
21.79,35.26,1250,0,0
21.79,35.2,1260,0,0
21.76,35.2,1270,0,0
21.7,35.2,1280,0,0
21.7,35.23,1290,0,0
21.7,35.29,1300,0,0
21.6,35.2,1310,0,0
21.6,35.2,1320,10,1
21.6,35.3266666666667,1330,0,0
21.55,35.4,1340,0,0
21.533333333333296,35.3266666666667,1350,0,0
21.5,35.26,1360,0,0
21.5,35.26,1370,10,1
21.39,35.3266666666667,1380,0,0
21.39,35.3266666666667,1390,0,0
21.3566666666667,35.3633333333333,1400,0,0
21.29,35.3633333333333,1410,0,0
21.29,35.29,1420,0,0
21.23,35.3633333333333,1430,0,0
21.23,35.5,0,0,0
21.23,35.4333333333333,10,0,0
21.2,35.4,20,0,0
21.1333333333333,35.4666666666667,30,0,0
21.1,35.4,40,0,0
21.1,35.4,50,0,0
21.066666666666695,35.3633333333333,60,0,0
21.0,35.29,70,0,0
21.0,35.29,80,0,0
20.9266666666667,35.3633333333333,90,0,0
20.89,35.4,100,0,0
20.8566666666667,35.3633333333333,110,0,0
20.79,35.29,120,0,0
20.79,35.4,130,0,0
20.79,35.4,140,0,0
20.7,35.4,150,0,0
20.7,35.4,160,0,0
20.7,35.4,170,0,0
20.7,35.4,180,0,0
20.6666666666667,35.26,190,0,0
20.6,35.2,200,0,0
20.6,35.2,210,0,0
20.6,35.2,220,0,0
20.5,35.2,230,0,0
20.5,35.2,240,0,0
20.5,35.2,250,0,0
20.5,35.2,260,0,0
20.463333333333296,35.1633333333333,270,0,0
20.39,35.09,280,0,0
20.39,35.09,290,0,0
20.39,35.09,300,0,0
20.323333333333295,35.09,310,0,0
20.29,35.09,320,0,0
20.29,35.03,330,0,0
20.29,35.03,340,0,0
20.23,35.03,350,0,0
20.2,35.0,360,0,0
20.2,35.0,370,0,0
20.2,35.0,380,0,0
20.2,35.0,390,0,0
20.1666666666667,35.0,400,0,0
20.1,35.0,410,0,0
20.1,35.0,420,0,0
20.1,35.1333333333333,430,0,0
20.1,35.6566666666667,440,10,1
20.1,35.93,450,0,0
20.1,35.66,460,0,0
20.033333333333296,35.1933333333333,470,0,0
20.0,34.95,480,0,0
20.0,34.76,490,0,0
20.0,34.6266666666667,500,0,0
20.0,34.86,510,0,0
20.0,35.0,520,0,0
20.0,34.79,530,0,0
20.0,34.73,540,0,0
20.0,34.4666666666667,550,0,0
20.0,34.4,560,0,0
20.0,34.29,570,0,0
20.0,34.23,580,0,0
20.0,34.2666666666667,590,0,0
20.0,33.6,600,0,0
20.0,32.73,610,0,0
20.0,33.0633333333333,620,0,0
20.1,33.5966666666667,630,0,0
20.1,33.8633333333333,640,10,1
20.2,34.1333333333333,650,0,0
20.26,34.4666666666667,660,0,0
20.29,34.645,670,0,0
20.39,34.7,680,0,0
20.463333333333296,35.76,690,0,0
20.6,35.9566666666667,700,0,0
20.6,36.76333333333329,710,0,0
20.6333333333333,37.56,720,0,0
20.7,37.893333333333295,730,0,0
20.79,38.4,740,0,0
20.8566666666667,38.4,750,0,0
20.9266666666667,38.79,760,0,0
21.066666666666695,38.79,770,0,0
21.1333333333333,38.4666666666667,780,0,0
21.26,38.5266666666667,790,0,0
21.4266666666667,38.4666666666667,800,0,0
21.566666666666695,38.1333333333333,810,0,0
21.533333333333296,37.05666666666671,820,0,0
21.6,36.39,830,0,0
21.7,36.1333333333333,840,0,0
21.76,35.86,850,0,0
21.9266666666667,35.6333333333333,860,10,1
21.9475,34.77,870,0,0
21.73,32.5266666666667,880,0,0
21.73,32.4933333333333,890,0,0
21.79,32.7666666666667,900,0,0
21.823333333333295,33.33,910,0,0
21.89,33.7233333333333,920,0,0
21.9266666666667,34.03,930,0,0
22.0,34.2233333333333,940,0,0
22.033333333333296,34.23,950,0,0
22.1,34.43,960,10,1
22.1,34.6666666666667,970,0,0
22.1,34.86,980,0,0
22.1,34.76,990,0,0
22.1666666666667,34.7,1000,10,1
22.2,34.6633333333333,1010,0,0
22.2,34.53,1020,0,0
22.2,34.2233333333333,1030,10,1
22.2,34.03,1040,0,0
22.2,33.9333333333333,1050,0,0
22.2,34.0475,1060,0,0
22.2,33.99,1070,10,1
22.2,34.8266666666667,1080,0,0
22.2,35.1,1090,0,0
22.2,35.89,1100,0,0
22.2,36.363333333333294,1110,0,0
22.2,37.03,1120,10,1
22.2,37.6233333333333,1130,0,0
22.36,39.6333333333333,1140,10,1
22.566666666666695,40.4933333333333,1150,10,1
22.7,40.09,1160,10,1
22.7,39.83,1170,0,0
22.6,39.16,1180,10,1
22.6,38.69333333333329,1190,10,1
22.6,38.2966666666667,1200,20,1
22.6666666666667,38.03,1210,40,1
22.7,37.76,1220,20,1
22.7,37.5666666666667,1230,30,1
22.73,37.223333333333294,1240,20,1
22.79,37.03,1250,10,1
22.79,36.8,1260,0,0
22.79,36.5266666666667,1270,10,1
22.79,36.2666666666667,1280,30,1
22.79,36.06,1290,20,1
22.79,36.0,1300,20,1
22.7,36.0,1310,20,1
22.7,36.0,1320,20,1
22.7,36.0,1330,30,1
22.6333333333333,35.9333333333333,1340,20,1
22.6,35.9333333333333,1350,20,1
22.6,36.0,1360,30,1
22.5,36.03,1370,20,1
22.5,36.09,1380,20,1
22.39,36.09,1390,30,1
22.39,36.09,1400,20,1
22.3566666666667,36.2,1410,20,1
22.29,36.2,1420,20,1
22.26,36.1633333333333,1430,30,1
22.2,36.1633333333333,0,10,1
22.1666666666667,36.1266666666667,10,10,1
22.1,36.1175,20,0,0
22.033333333333296,36.03,30,0,0
22.0,36.0,40,10,1
22.0,36.0,50,0,0
21.963333333333296,36.0,60,0,0
21.89,35.9333333333333,70,0,0
21.79,35.79,80,0,0
21.79,35.79,90,0,0
21.76,35.79,100,0,0
21.7,35.79,110,0,0
21.6666666666667,35.76,120,0,0
21.6,35.7,130,10,1
21.5,35.7,140,0,0
21.5,35.6266666666667,150,0,0
21.463333333333296,35.56,160,0,0
21.39,35.5,170,0,0
21.39,35.5,180,0,0
21.39,35.5,190,0,0
21.29,35.5,200,0,0
21.2675,35.475,210,10,1
21.2,35.4666666666667,220,0,0
21.2,35.4333333333333,230,0,0
21.2,35.5,240,0,0
21.1,35.5,250,0,0
21.1,35.5,260,0,0
21.1,35.53,270,0,0
21.033333333333296,35.53,280,0,0
21.0,35.5,290,0,0
21.0,35.5,300,0,0
21.0,35.5,310,10,1
21.0,35.5,320,0,0
20.89,35.5,330,0,0
20.89,35.5,340,0,0
20.89,35.5,350,0,0
20.89,35.5,360,0,0
20.79,35.4,370,0,0
20.79,35.4,380,0,0
20.79,35.4,390,0,0
20.79,35.4,400,0,0
20.7,35.4,410,0,0
20.7,35.4633333333333,420,0,0
20.7,35.53,430,0,0
20.7,35.59,440,0,0
20.7,35.7233333333333,450,0,0
20.7,36.0,460,10,1
20.7,36.0,470,0,0
20.7,35.5266666666667,480,0,0
20.6333333333333,35.2666666666667,490,0,0
20.6,35.06,500,0,0
20.6,34.9333333333333,510,0,0
20.6,34.76,520,0,0
20.6,34.7,530,0,0
20.6,34.5266666666667,540,0,0
20.533333333333296,34.4666666666667,550,0,0
20.5,34.6,560,0,0
20.5,37.1333333333333,570,10,1
20.6,37.1233333333333,580,10,1
20.533333333333296,36.53,590,0,0
20.5,35.995,600,0,0
20.5,35.6,610,10,1
20.5,35.1933333333333,620,0,0
20.5,34.93,630,10,1
20.5,34.53,640,0,0
20.5,34.4633333333333,650,10,1
20.5,34.59,660,0,0
20.5,34.7233333333333,670,0,0
20.5,34.4633333333333,680,10,1
20.5,34.1333333333333,690,0,0
20.5,33.8,700,10,1
20.5,33.4633333333333,710,10,1
20.5,33.6633333333333,720,0,0
20.533333333333296,33.76,730,10,1
20.6,33.5666666666667,740,10,1
20.6,33.4,750,0,0
20.6666666666667,33.66,760,10,1
20.73,34.2,770,0,0
20.8566666666667,34.46,780,10,1
20.89,34.345,790,0,0
21.0,34.2233333333333,800,10,1
21.0,34.03,810,0,0
21.1,33.6,820,0,0
21.1,33.3266666666667,830,10,1
21.1333333333333,33.3633333333333,840,0,0
21.2,33.29,850,0,0
21.2,33.09,860,10,1
21.2,33.2233333333333,870,0,0
21.29,33.4666666666667,880,0,0
21.29,33.2666666666667,890,20,1
21.323333333333295,33.23,900,10,1
21.39,33.43,910,10,1
21.4266666666667,33.86,920,0,0
21.5,34.06,930,0,0
21.5,34.1566666666667,940,0,0
21.5,34.3633333333333,950,0,0
21.39,34.26,960,0,0
21.39,34.1266666666667,970,20,1
21.39,34.1266666666667,980,0,0
21.39,34.35,990,0,0
21.39,34.4,1000,0,0
21.39,34.4666666666667,1010,0,0
21.39,34.2666666666667,1020,0,0
21.3566666666667,34.09,1030,0,0
21.29,34.09,1040,0,0
21.29,34.1933333333333,1050,0,0
21.29,34.66,1060,0,0
21.26,35.0966666666667,1070,10,1
21.2,35.43,1080,20,1
21.2,36.03,1090,30,1
21.2,36.5633333333333,1100,10,1
21.2,39.53,1110,20,1
21.26,42.59666666666671,1120,10,1
21.323333333333295,46.66666666666671,1130,10,1
21.39,44.793333333333294,1140,10,1
21.39,43.7966666666667,1150,10,1
21.39,42.9966666666667,1160,0,0
21.463333333333296,42.2666666666667,1170,0,0
21.4725,41.875,1180,10,1
21.5,41.5666666666667,1190,0,0
21.5,41.363333333333294,1200,10,1
21.5,41.1566666666667,1210,0,0
21.5,41.19333333333329,1220,0,0
21.5,41.5266666666667,1230,0,0
21.5,41.73,1240,0,0
21.5,41.79,1250,10,1
21.5,41.7,1260,0,0
21.5,41.6266666666667,1270,0,0
21.5,41.6633333333333,1280,30,1
21.5,41.59,1290,20,1
21.5,41.4666666666667,1300,20,1
21.566666666666695,41.4,1310,20,1
21.5,41.26,1320,30,1
21.566666666666695,41.2,1330,20,1
21.533333333333296,41.09,1340,30,1
21.533333333333296,41.09,1350,20,1
21.5,41.2,1360,20,1
21.566666666666695,41.26,1370,20,1
21.55,41.45,1380,30,1
21.566666666666695,41.5,1390,20,1
21.5,41.56,1400,20,1
21.5,41.59,1410,30,1
21.5,41.59,1420,20,1
21.5,41.59,1430,20,1
21.5,41.59,0,20,1
21.463333333333296,41.56,10,30,1
21.463333333333296,41.5,20,20,1
21.39,41.4,30,20,1
21.39,41.4,40,30,1
21.39,41.363333333333294,50,20,1
21.323333333333295,41.29,60,20,1
21.29,41.29,70,20,1
21.29,41.29,80,30,1
21.29,41.29,90,20,1
21.23,41.29,100,20,1
21.2,41.29,110,20,1
21.2,41.29,120,0,0
21.2,41.245,130,0,0
21.1,41.29,140,0,0
21.1,41.29,150,10,1
21.1,41.2,160,0,0
21.1,41.2,170,0,0
21.0,41.0,180,0,0
21.0,41.0,190,0,0
20.89,40.9,200,0,0
20.89,40.9,210,0,0
20.89,40.79,220,0,0
20.89,40.79,230,0,0
20.79,40.7,240,0,0
20.79,40.7,250,0,0
20.79,40.7,260,0,0
20.79,40.6266666666667,270,0,0
20.76,40.59,280,0,0
20.7,40.59,290,0,0
20.7,40.56,300,0,0
20.7,40.5,310,0,0
20.7,40.4666666666667,320,0,0
20.675,40.3725,330,0,0
20.6,40.29,340,0,0
20.6,40.2,350,0,0
20.533333333333296,40.2,360,0,0
20.5,40.09,370,0,0
20.5,40.09,380,0,0
20.5,40.09,390,0,0
20.5,40.03,400,0,0
20.5,40.0,410,0,0
20.5,40.0,420,10,1
20.39,39.9,430,0,0
20.39,39.9,440,0,0
20.39,39.9,450,0,0
20.39,40.433333333333294,460,0,0
20.39,40.5266666666667,470,0,0
20.39,40.3266666666667,480,0,0
20.39,40.5,490,0,0
20.39,40.36,500,0,0
20.4266666666667,40.0266666666667,510,10,1
20.4175,39.7225,520,0,0
20.39,39.53,530,0,0
20.39,39.26,540,10,1
20.39,39.1266666666667,550,0,0
20.5,39.2,560,0,0
20.5,39.1266666666667,570,0,0
20.5,39.66666666666671,580,0,0
20.566666666666695,39.933333333333294,590,0,0
20.6333333333333,40.19333333333329,600,0,0
20.7,40.4,610,0,0
20.73,40.5,620,0,0
20.79,40.3,630,0,0
20.79,39.93,640,0,0
20.79,39.79,650,0,0
20.89,39.9,660,0,0
20.89,39.9666666666667,670,0,0
20.9266666666667,40.3,680,0,0
21.0,41.36,690,0,0
21.1,42.05666666666671,700,0,0
21.1,41.3475,710,0,0
21.1,40.7266666666667,720,0,0
21.1,40.0266666666667,730,0,0
21.1,39.7666666666667,740,0,0
21.1,39.43,750,0,0
21.1,39.29,760,0,0
21.1,39.2333333333333,770,0,0
21.1,38.69333333333329,780,0,0
21.2,39.9266666666667,790,0,0
21.2,39.0666666666667,800,0,0
21.23,38.49,810,0,0
21.29,38.03,820,20,1
21.29,37.5266666666667,830,10,1
21.29,37.4,840,30,1
21.29,37.7566666666667,850,30,1
21.29,38.63,860,30,1
21.29,39.6,870,20,1
21.3566666666667,40.19333333333329,880,30,1
21.39,40.463333333333296,890,30,1
21.463333333333296,40.863333333333294,900,30,1
21.5,41.045,910,20,1
21.5,40.7966666666667,920,20,1
21.5,40.39,930,10,1
21.5,40.19333333333329,940,30,1
21.5,39.8,950,20,1
21.5,39.323333333333295,960,30,1
21.5,37.93,970,30,1
21.463333333333296,36.3966666666667,980,20,1
21.39,35.3233333333333,990,20,1
21.3566666666667,34.56,1000,20,1
21.3566666666667,34.2266666666667,1010,20,1
21.29,33.4666666666667,1020,20,1
21.29,33.0666666666667,1030,10,1
21.2,33.1666666666667,1040,0,0
21.26,34.2333333333333,1050,10,1
21.29,34.4,1060,10,1
21.23,34.2,1070,0,0
21.29,34.6333333333333,1080,20,1
21.29,36.6333333333333,1090,20,1
21.445,40.05,1100,20,1
21.6,41.1966666666667,1110,30,1
21.6666666666667,40.1966666666667,1120,20,1
21.823333333333295,40.1333333333333,1130,10,1
22.0966666666667,39.933333333333294,1140,0,0
22.323333333333295,39.26,1150,20,1
22.39,39.0,1160,20,1
22.4266666666667,38.76,1170,30,1
22.5,38.5,1180,20,1
22.533333333333296,38.1333333333333,1190,20,1
22.6,37.933333333333294,1200,20,1
22.6,37.56,1210,30,1
22.6,37.36,1220,20,1
22.7,37.223333333333294,1230,20,1
22.7,36.83,1240,20,1
22.7,36.2966666666667,1250,20,1
22.7,36.03,1260,30,1
22.7,35.8333333333333,1270,0,0
22.7,35.5666666666667,1280,0,0
22.6666666666667,35.4666666666667,1290,0,0
22.65,35.35,1300,10,1
22.6,35.26,1310,0,0
22.6,35.1633333333333,1320,0,0
22.6,35.1633333333333,1330,10,1
22.566666666666695,35.2,1340,0,0
22.5,35.2,1350,0,0
22.5,35.29,1360,0,0
22.4266666666667,35.23,1370,0,0
22.39,35.3266666666667,1380,0,0
22.323333333333295,35.4666666666667,1390,0,0
22.29,35.59,1400,0,0
22.29,35.6633333333333,1410,0,0
22.26,35.7,1420,0,0
22.2,35.76,1430,0,0
22.1,35.79,0,0,0
22.1,35.8633333333333,10,0,0
22.066666666666695,35.9666666666667,20,0,0
22.0,35.9,30,0,0
22.0,35.9,40,0,0
21.9175,35.9,50,0,0
21.89,35.9666666666667,60,0,0
21.79,36.0,70,0,0
21.79,36.06,80,0,0
21.76,36.09,90,0,0
21.7,36.09,100,0,0
21.7,36.2,110,0,0
21.6333333333333,36.2,120,0,0
21.6,36.2,130,0,0
21.533333333333296,36.2,140,0,0
21.5,36.23,150,0,0
21.5,36.29,160,0,0
21.39,36.2,170,0,0
21.39,36.2,180,0,0
21.39,36.29,190,0,0
21.323333333333295,36.29,200,0,0
21.26,36.29,210,0,0
21.26,36.363333333333294,220,0,0
21.2,36.29,230,0,0
21.2,36.29,240,0,0
21.15,36.345,250,0,0
21.1,36.4,260,0,0
21.1,36.4,270,0,0
21.066666666666695,36.363333333333294,280,0,0
21.0,36.29,290,0,0
20.963333333333296,36.29,300,0,0
20.89,36.29,310,0,0
20.89,36.29,320,0,0
20.89,36.29,330,0,0
20.79,36.29,340,0,0
20.79,36.29,350,0,0
20.79,36.29,360,0,0
20.79,36.29,370,0,0
20.7,36.29,380,0,0
20.7,36.29,390,0,0
20.6333333333333,36.23,400,0,0
20.7,36.23,410,0,0
20.6666666666667,36.223333333333294,420,0,0
20.6,36.223333333333294,430,0,0
20.6,36.245,440,10,1
20.6,36.06,450,0,0
20.6,36.0,460,10,1
20.6,36.1266666666667,470,0,0
20.6666666666667,36.4,480,10,1
20.7,36.29,490,20,1
20.7,36.09666666666671,500,30,1
20.6,35.79,510,30,1
20.6,35.73,520,0,0
20.6,35.6633333333333,530,10,1
20.6,35.4633333333333,540,0,0
20.6,35.26,550,10,1
20.6,35.2,560,0,0
20.6333333333333,35.23,570,10,1
20.7,35.29,580,0,0
20.7,35.26,590,10,1
20.7,35.2,600,0,0
20.7,35.29,610,10,1
20.76,35.3633333333333,620,0,0
20.79,35.3266666666667,630,0,0
20.79,35.175,640,0,0
20.79,34.8266666666667,650,0,0
20.79,34.76,660,0,0
20.8566666666667,34.7,670,0,0
20.89,34.4666666666667,680,0,0
20.89,34.4666666666667,690,0,0
21.0,34.4333333333333,700,10,1
21.066666666666695,34.56,710,0,0
21.1,34.4666666666667,720,0,0
21.226666666666695,35.9333333333333,730,0,0
21.39,36.1566666666667,740,0,0
21.463333333333296,36.23,750,0,0
21.6333333333333,35.99,760,0,0
21.76,35.5966666666667,770,0,0
21.9266666666667,35.43,780,0,0
22.0,35.0966666666667,790,10,1
22.1333333333333,34.8333333333333,800,0,0
22.26,34.6266666666667,810,0,0
22.323333333333295,34.3633333333333,820,0,0
22.4175,34.1175,830,0,0
22.5,33.9333333333333,840,0,0
22.6,33.6633333333333,850,0,0
22.6666666666667,33.6633333333333,860,0,0
22.7,33.56,870,0,0
22.76,33.5,880,10,1
22.79,33.43,890,0,0
22.79,32.8966666666667,900,0,0
22.7,33.06,910,0,0
22.7,33.5266666666667,920,0,0
22.7,32.4966666666667,930,0,0
22.7,31.6966666666667,940,0,0
22.73,31.5566666666667,950,0,0
22.79,31.89,960,0,0
22.79,31.79,970,0,0
22.79,31.8566666666667,980,0,0
22.79,31.6,990,0,0
22.8566666666667,31.6666666666667,1000,0,0
22.79,31.7,1010,10,1
22.8566666666667,31.8266666666667,1020,20,1
22.79,31.79,1030,20,1
22.823333333333295,31.9266666666667,1040,20,1
22.823333333333295,31.9266666666667,1050,30,1
22.79,32.0,1060,20,1
22.79,32.06,1070,20,1
22.79,32.36,1080,20,1
22.73,32.5,1090,30,1
22.7,32.53,1100,20,1
22.7,32.6633333333333,1110,20,1
22.7,33.4566666666667,1120,20,1
22.6333333333333,34.0633333333333,1130,10,1
22.7,37.933333333333294,1140,10,1
22.76,40.0666666666667,1150,10,1
22.823333333333295,38.4233333333333,1160,10,1
22.89,38.03,1170,30,1
22.89,37.2333333333333,1180,20,1
22.89,36.69333333333329,1190,30,1
22.89,36.1,1200,20,1
22.823333333333295,35.6333333333333,1210,20,1
22.89,35.3333333333333,1220,20,1
22.89,35.025,1230,20,1
22.89,34.7666666666667,1240,30,1
22.89,34.4666666666667,1250,20,1
22.89,34.4,1260,20,1
22.89,34.1633333333333,1270,20,1
22.89,34.03,1280,30,1
22.89,33.9666666666667,1290,20,1
22.89,33.9,1300,20,1
22.89,33.9,1310,20,1
22.823333333333295,33.8266666666667,1320,30,1
22.8566666666667,33.8633333333333,1330,20,1
22.79,33.8633333333333,1340,20,1
22.79,34.0666666666667,1350,30,1
22.79,34.26,1360,20,1
22.7,34.4,1370,20,1
22.7,34.4666666666667,1380,20,1
22.7,34.53,1390,20,1
22.7,34.59,1400,20,1
22.6,34.6266666666667,1410,30,1
22.6,34.7,1420,20,1
22.6,34.745,1430,10,1
22.566666666666695,34.86,0,0,0
22.5,35.06,10,0,0
22.5,35.4333333333333,20,0,0
22.5,35.4333333333333,30,0,0
22.463333333333296,35.3633333333333,40,0,0
22.39,35.3633333333333,50,0,0
22.39,35.3633333333333,60,0,0
22.39,35.29,70,0,0
22.39,35.29,80,0,0
22.323333333333295,35.29,90,0,0
22.29,35.29,100,0,0
22.29,35.29,110,0,0
22.29,35.29,120,0,0
22.23,35.23,130,0,0
22.2,35.29,140,0,0
22.2,35.29,150,0,0
22.1,35.29,160,0,0
22.1,35.29,170,0,0
22.1,35.29,180,0,0
22.0,35.2,190,0,0
22.0,35.1266666666667,200,0,0
22.0,35.2,210,0,0
21.9266666666667,35.2,220,0,0
21.89,35.2,230,0,0
21.89,35.2,240,0,0
21.79,35.09,250,0,0
21.79,35.09,260,0,0
21.76,35.1266666666667,270,0,0
21.76,35.2,280,0,0
21.7,35.2,290,0,0
21.7,35.26,300,0,0
21.6,35.2,310,0,0
21.6,35.2,320,0,0
21.566666666666695,35.29,330,0,0
21.566666666666695,35.29,340,0,0
21.5,35.29,350,0,0
21.5,35.3633333333333,360,0,0
21.39,35.29,370,0,0
21.39,35.3175,380,0,0
21.39,35.4,390,0,0
21.3566666666667,35.4,400,0,0
21.29,35.4666666666667,410,10,1
21.29,35.5,420,0,0
21.29,35.6933333333333,430,0,0
21.29,35.79,440,0,0
21.29,35.73,450,0,0
21.2,35.9633333333333,460,0,0
21.26,36.1633333333333,470,0,0
21.29,36.363333333333294,480,0,0
21.29,36.29,490,0,0
21.26,36.26,500,0,0
21.2,36.2,510,10,1
21.2,36.1633333333333,520,0,0
21.2,36.09,530,0,0
21.2,36.1633333333333,540,0,0
21.2,36.09,550,0,0
21.2,36.09,560,0,0
21.2,36.09,570,0,0
21.2,35.95,580,0,0
21.1,35.79,590,0,0
21.1,35.79,600,0,0
21.1,35.7,610,0,0
21.1,35.7,620,0,0
21.1,35.6633333333333,630,0,0
21.1,35.59,640,0,0
21.066666666666695,35.5266666666667,650,0,0
21.0,35.3266666666667,660,10,1
21.0,35.3266666666667,670,0,0
20.9266666666667,35.4666666666667,680,0,0
20.963333333333296,35.5,690,0,0
20.89,35.56,700,0,0
20.89,35.6266666666667,710,0,0
20.89,35.7,720,0,0
20.89,35.6266666666667,730,0,0
20.89,35.8333333333333,740,0,0
20.89,35.9333333333333,750,0,0
20.89,35.9333333333333,760,0,0
20.89,35.95,770,0,0
20.89,36.0,780,0,0
20.89,36.0,790,0,0
20.89,35.9333333333333,800,0,0
20.89,35.9333333333333,810,0,0
20.9266666666667,38.96,820,0,0
21.0,38.293333333333294,830,0,0
21.0,37.76,840,0,0
21.0,37.5666666666667,850,0,0
21.033333333333296,37.26,860,0,0
21.033333333333296,37.0,870,0,0
21.1,36.69333333333329,880,0,0
21.1,36.2266666666667,890,0,0
21.1,35.8633333333333,900,0,0
21.1666666666667,35.79,910,0,0
21.2,35.76,920,0,0
21.26,35.76,930,0,0
21.323333333333295,35.7,940,0,0
21.39,35.7,950,10,1
21.39,35.6633333333333,960,0,0
21.39,35.59,970,0,0
21.39,35.59,980,0,0
21.39,35.59,990,0,0
21.39,35.7233333333333,1000,0,0
21.39,36.1266666666667,1010,0,0
21.39,36.26,1020,0,0
21.39,36.36,1030,10,1
21.39,36.5,1040,0,0
21.3566666666667,36.56,1050,0,0
21.29,36.433333333333294,1060,0,0
21.29,36.4666666666667,1070,0,0
21.29,36.4,1080,0,0
21.29,36.363333333333294,1090,0,0
21.29,36.43,1100,0,0
21.39,36.7266666666667,1110,0,0
21.463333333333296,37.19333333333329,1120,10,1
21.533333333333296,37.1633333333333,1130,0,0
21.6666666666667,37.1633333333333,1140,0,0
21.7,37.06,1150,0,0
21.7675,36.8975,1160,10,1
21.8566666666667,36.79,1170,0,0
22.0,36.76,1180,0,0
22.0,36.7,1190,0,0
22.1,36.6633333333333,1200,0,0
22.1,36.53,1210,0,0
22.2,36.4666666666667,1220,0,0
22.26,36.4666666666667,1230,0,0
22.323333333333295,36.4,1240,0,0
22.39,36.3266666666667,1250,0,0
22.4266666666667,36.29,1260,0,0
22.5,36.29,1270,0,0
22.533333333333296,36.2,1280,0,0
22.6,36.2,1290,0,0
22.7,36.29,1300,0,0
22.7,36.29,1310,0,0
22.7,36.29,1320,0,0
22.7,36.29,1330,0,0
22.7,36.29,1340,10,1
22.7,36.29,1350,0,0
22.6,36.2,1360,0,0
22.6,36.2,1370,0,0
22.6,36.26,1380,0,0
22.5,36.29,1390,0,0
22.5,36.363333333333294,1400,0,0
22.5,36.4,1410,10,1
22.4266666666667,36.4,1420,0,0
22.39,36.4,1430,0,0
22.39,36.4,0,0,0
22.29,36.5,10,0,0
22.29,36.5,20,0,0
22.26,36.56,30,0,0
22.2,36.56,40,0,0
22.2,36.59,50,0,0
22.1333333333333,36.6633333333333,60,0,0
22.1,36.73,70,0,0
22.033333333333296,36.73,80,0,0
22.0,36.7,90,0,0
22.0,36.6266666666667,100,0,0
21.963333333333296,36.6266666666667,110,0,0
21.89,36.7,120,0,0
21.89,36.7,130,0,0
21.79,36.7,140,0,0
21.79,36.76,150,0,0
21.7,36.79,160,0,0
21.7,36.79,170,0,0
21.7,36.9,180,0,0
21.7,36.9,190,0,0
21.6,36.9,200,0,0
21.6,36.9,210,0,0
21.566666666666695,36.9,220,0,0
21.5,36.9,230,0,0
21.5,37.0,240,0,0
21.5,37.06,250,0,0
21.39,37.03,260,0,0
21.39,37.09,270,0,0
21.39,37.1266666666667,280,0,0
21.39,37.1266666666667,290,0,0
21.29,37.1266666666667,300,0,0
21.29,37.1725,310,0,0
21.23,37.09,320,0,0
21.2,37.09,330,0,0
21.2,37.09,340,0,0
21.1666666666667,37.09,350,0,0
21.1,37.09,360,0,0
21.1,37.2,370,0,0
21.1,37.2,380,0,0
21.1,37.1633333333333,390,0,0
21.033333333333296,37.03,400,0,0
21.0,37.0,410,0,0
21.0,37.06,420,0,0
21.0,37.03,430,0,0
21.0,37.03,440,0,0
21.0,37.0,450,0,0
20.9266666666667,37.06,460,0,0
20.963333333333296,37.5666666666667,470,0,0
20.963333333333296,37.7,480,0,0
21.0,37.73,490,0,0
21.0,37.79,500,0,0
21.0,37.845,510,0,0
21.0,37.93,520,0,0
21.0,37.99,530,0,0
21.0,37.76,540,0,0
21.0,37.6266666666667,550,0,0
21.0,37.5,560,0,0
21.0,37.433333333333294,570,0,0
21.0,37.26,580,0,0
20.9266666666667,37.1266666666667,590,0,0
20.89,37.06,600,0,0
20.89,36.933333333333294,610,0,0
20.89,36.9,620,0,0
20.89,36.9,630,0,0
20.89,36.9,640,0,0
20.89,36.8266666666667,650,0,0
20.89,36.7,660,0,0
20.89,36.7,670,0,0
20.89,36.7,680,0,0
20.89,36.76,690,0,0
20.89,36.7,700,10,1
20.89,36.863333333333294,710,0,0
20.89,36.79,720,0,0
20.89,36.79,730,0,0
20.89,36.79,740,0,0
20.9266666666667,36.79,750,0,0
21.0,36.863333333333294,760,0,0
21.066666666666695,37.66666666666671,770,0,0
21.2,38.19333333333329,780,0,0
21.2,37.5266666666667,790,0,0
21.2,37.3266666666667,800,0,0
21.23,37.0266666666667,810,0,0
21.29,36.8266666666667,820,0,0
21.323333333333295,36.7,830,0,0
21.39,36.9,840,0,0
21.39,37.0,850,0,0
21.39,37.0,860,0,0
21.5,36.6333333333333,870,0,0
21.4266666666667,36.36,880,0,0
21.39,36.1633333333333,890,0,0
21.39,36.0225,900,0,0
21.39,35.9333333333333,910,0,0
21.39,35.8633333333333,920,0,0
21.39,35.79,930,0,0
21.39,35.79,940,0,0
21.323333333333295,35.73,950,0,0
21.29,35.4666666666667,960,0,0
21.29,35.4666666666667,970,0,0
21.29,36.1633333333333,980,0,0
21.29,36.03,990,0,0
21.2,35.9,1000,0,0
21.2,35.9666666666667,1010,0,0
21.2,35.93,1020,0,0
21.2,35.93,1030,0,0
21.2,36.03,1040,0,0
21.26,36.09,1050,0,0
21.323333333333295,36.09,1060,0,0
21.39,36.03,1070,0,0
21.4266666666667,36.03,1080,0,0
21.5,36.0225,1090,10,1
21.5,36.0,1100,30,1
21.533333333333296,36.0,1110,20,1
21.6666666666667,36.6,1120,20,1
21.73,37.7,1130,10,1
21.79,37.96,1140,10,1
21.89,38.09,1150,10,1
21.89,38.2966666666667,1160,0,0
22.0,37.7666666666667,1170,0,0
22.0,37.3,1180,0,0
22.033333333333296,36.93,1190,0,0
22.1,36.59666666666671,1200,10,1
22.1,36.26,1210,0,0
22.1666666666667,36.26,1220,0,0
22.2,36.29,1230,0,0
22.2,36.23,1240,0,0
22.29,36.2,1250,10,1
22.29,36.2,1260,0,0
22.29,36.09,1270,0,0
22.29,36.09,1280,0,0
22.29,36.0,1290,0,0
22.29,35.9666666666667,1300,0,0
22.29,35.9,1310,0,0
22.29,35.9,1320,0,0
22.29,35.8266666666667,1330,0,0
22.29,35.79,1340,30,1
22.23,35.73,1350,0,0
22.2,35.7,1360,0,0
22.2,35.7,1370,0,0
22.2,35.79,1380,0,0
22.1333333333333,35.8633333333333,1390,10,1
22.1,35.9,1400,0,0
22.1,35.9666666666667,1410,0,0
22.0,35.9,1420,0,0
22.0,35.9,1430,0,0
22.0,36.0,0,0,0
22.0,36.0,10,0,0
21.963333333333296,36.09,20,0,0
21.89,36.1633333333333,30,0,0
21.89,36.1266666666667,40,10,1
21.865,36.1725,50,0,0
21.79,36.09,60,0,0
21.79,36.09,70,0,0
21.73,36.09,80,0,0
21.7,36.1633333333333,90,0,0
21.7,36.1633333333333,100,0,0
21.6666666666667,36.09,110,0,0
21.6,36.09,120,0,0
21.6,36.09,130,10,1
21.6,36.09,140,0,0
21.5,36.1266666666667,150,0,0
21.5,36.2,160,0,0
21.5,36.2,170,0,0
21.4266666666667,36.1266666666667,180,0,0
21.39,36.09,190,0,0
21.39,36.09,200,0,0
21.39,36.09,210,0,0
21.323333333333295,36.1633333333333,220,10,1
21.3566666666667,36.2,230,0,0
21.29,36.2,240,0,0
21.29,36.2,250,0,0
21.2,36.09,260,0,0
21.2,36.09,270,0,0
21.2,36.09,280,0,0
21.2,36.09,290,0,0
21.1666666666667,36.2,300,0,0
21.1,36.2,310,0,0
21.1,36.2,320,0,0
21.1,36.2,330,0,0
21.066666666666695,36.26,340,0,0
21.0,36.2,350,0,0
21.0,36.2,360,0,0
20.9266666666667,36.2,370,0,0
20.89,36.29,380,0,0
20.89,36.29,390,0,0
20.89,36.29,400,0,0
20.89,36.29,410,0,0
20.79,36.23,420,0,0
20.79,36.29,430,0,0
20.79,36.29,440,0,0
20.79,36.29,450,0,0
20.79,36.29,460,0,0
20.79,36.29,470,0,0
20.73,36.29,480,0,0
20.7,36.4566666666667,490,0,0
20.76,36.99,500,0,0
20.79,37.1566666666667,510,0,0
20.79,37.1566666666667,520,0,0
20.79,37.06,530,0,0
20.79,37.0,540,0,0
20.79,36.9,550,0,0
20.79,36.9,560,0,0
20.79,36.79,570,0,0
20.79,36.73,580,0,0
20.79,36.59,590,0,0
20.79,36.59,600,0,0
20.79,36.6233333333333,610,0,0
20.79,37.9566666666667,620,0,0
20.89,38.95,630,0,0
20.89,39.86,640,10,1
20.963333333333296,39.4666666666667,650,0,0
21.0,38.69333333333329,660,0,0
21.0,38.2266666666667,670,0,0
21.0,37.83333333333329,680,0,0
21.0,37.7,690,0,0
21.033333333333296,37.6266666666667,700,0,0
21.033333333333296,37.7,710,0,0
21.1,37.6633333333333,720,0,0
21.1,37.53,730,0,0
21.2,37.4666666666667,740,0,0
21.26,37.4,750,0,0
21.323333333333295,37.363333333333294,760,0,0
21.463333333333296,37.76333333333329,770,0,0
21.533333333333296,37.7666666666667,780,0,0
21.6,37.36,790,0,0
21.7,37.2,800,0,0
21.76,37.1266666666667,810,0,0
21.84,37.0,820,0,0
21.89,36.863333333333294,830,0,0
21.963333333333296,36.73,840,0,0
22.0,36.59,850,0,0
22.066666666666695,36.59,860,0,0
22.1,36.4,870,0,0
22.1,36.4,880,0,0
22.23,36.39,890,0,0
22.29,36.39,900,0,0
22.29,36.06,910,0,0
22.3566666666667,35.9333333333333,920,0,0
22.5,35.9,930,0,0
22.566666666666695,35.8266666666667,940,0,0
22.6,35.76,950,0,0
22.6,35.6266666666667,960,0,0
22.6,35.56,970,0,0
22.6666666666667,35.5,980,0,0
22.7,35.53,990,0,0
22.7,35.6633333333333,1000,0,0
22.73,37.723333333333294,1010,0,0
22.79,40.895,1020,0,0
22.79,39.723333333333294,1030,0,0
22.7,38.33333333333329,1040,0,0
22.7,37.8,1050,0,0
22.7,37.1333333333333,1060,0,0
22.7,36.86,1070,0,0
22.6,36.4666666666667,1080,0,0
22.6,36.3266666666667,1090,0,0
22.6,36.2,1100,0,0
22.6,36.2,1110,0,0
22.7,36.6566666666667,1120,10,1
22.7,37.0633333333333,1130,10,1
22.73,37.5,1140,0,0
22.79,37.76,1150,0,0
22.89,38.2666666666667,1160,10,1
23.03,38.2666666666667,1170,10,1
23.2,37.9,1180,0,0
23.1333333333333,37.6333333333333,1190,0,0
23.1,37.223333333333294,1200,0,0
23.1,37.03,1210,10,1
23.1,36.745,1220,0,0
23.1,36.53,1230,0,0
23.1,36.863333333333294,1240,10,1
23.066666666666695,37.1266666666667,1250,0,0
23.0,37.2,1260,0,0
23.0,37.26,1270,0,0
23.0,37.2,1280,0,0
22.963333333333296,37.2,1290,0,0
22.89,37.2,1300,0,0
22.89,37.2,1310,0,0
22.823333333333295,37.0666666666667,1320,0,0
22.79,37.0,1330,10,1
22.79,37.0,1340,10,1
22.7,37.1266666666667,1350,0,0
22.7,37.26,1360,0,0
22.6666666666667,37.4666666666667,1370,0,0
22.6,37.4,1380,0,0
22.6,37.4,1390,0,0
22.533333333333296,37.4,1400,0,0
22.5,37.4,1410,0,0
22.4175,37.4,1420,0,0
22.39,37.4,1430,10,1
22.39,37.433333333333294,0,0,0
22.323333333333295,37.433333333333294,10,0,0
22.29,37.5,20,0,0
22.29,37.5,30,0,0
22.26,37.5,40,0,0
22.2,37.5,50,0,0
22.2,37.5,60,0,0
22.2,37.5,70,0,0
22.1,37.5,80,0,0
22.1,37.5,90,0,0
22.066666666666695,37.5,100,0,0
22.0,37.5,110,0,0
22.0,37.5,120,0,0
22.0,37.5,130,0,0
21.963333333333296,37.4666666666667,140,0,0
21.89,37.4,150,0,0
21.89,37.4,160,0,0
21.815,37.3175,170,0,0
21.79,37.29,180,0,0
21.79,37.29,190,0,0
21.79,37.29,200,0,0
21.7,37.3266666666667,210,0,0
21.7,37.4,220,0,0
21.6333333333333,37.3266666666667,230,0,0
21.6333333333333,37.3266666666667,240,0,0
21.6,37.29,250,0,0
21.6,37.29,260,0,0
21.566666666666695,37.4,270,0,0
21.5,37.4,280,0,0
21.5,37.433333333333294,290,0,0
21.5,37.5,300,0,0
21.5,37.5,310,0,0
21.4266666666667,37.433333333333294,320,0,0
21.39,37.4,330,0,0
21.39,37.4,340,0,0
21.3566666666667,37.5,350,0,0
21.3566666666667,37.5,360,0,0
21.29,37.645,370,0,0
21.29,38.03,380,0,0
21.29,38.223333333333294,390,0,0
21.29,38.1633333333333,400,0,0
21.29,38.03,410,0,0
21.26,38.03,420,10,1
21.2,38.223333333333294,430,0,0
21.2,38.29,440,0,0
21.2,38.29,450,0,0
21.2,38.4666666666667,460,0,0
21.2,38.4,470,0,0
21.2,38.433333333333294,480,0,0
21.2,38.5,490,0,0
21.2,38.5,500,0,0
21.2,38.56,510,0,0
21.2,38.59,520,0,0
21.2,38.59,530,0,0
21.2,38.6566666666667,540,0,0
21.2,38.79,550,0,0
21.2,38.79,560,0,0
21.2,38.79,570,0,0
21.2,38.79,580,0,0
21.2,38.79,590,0,0
21.26,38.863333333333294,600,0,0
21.2,38.79,610,0,0
21.26,38.79,620,0,0
21.29,38.76,630,0,0
21.29,38.6266666666667,640,0,0
21.29,38.56,650,0,0
21.29,38.433333333333294,660,0,0
21.29,38.223333333333294,670,0,0
21.29,38.03,680,0,0
21.29,37.863333333333294,690,0,0
21.29,37.6566666666667,700,0,0
21.29,37.4666666666667,710,0,0
21.29,37.3266666666667,720,0,0
21.29,37.223333333333294,730,0,0
21.29,37.09,740,0,0
21.29,36.863333333333294,750,0,0
21.29,36.695,760,0,0
21.29,36.59,770,0,0
21.23,36.4,780,0,0
21.29,36.4,790,0,0
21.23,36.2,800,0,0
21.23,36.1266666666667,810,0,0
21.26,36.06,820,0,0
21.2,36.0,830,0,0
21.23,35.9,840,0,0
21.23,35.8266666666667,850,0,0
21.2,35.76,860,0,0
21.2,35.7,870,0,0
21.2,35.59,880,0,0
21.2,35.59,890,0,0
21.2,35.5,900,0,0
21.2,35.5,910,0,0
21.2,35.5,920,0,0
21.2,35.5,930,0,0
21.2,35.5,940,0,0
21.2,35.5,950,0,0
21.2,35.5,960,0,0
21.1333333333333,35.4,970,0,0
21.1333333333333,35.4,980,0,0
21.1,35.4,990,0,0
21.1,35.4,1000,0,0
21.1,35.4,1010,0,0
21.1,35.4,1020,0,0
21.1,35.4,1030,0,0
21.1,35.4,1040,10,1
21.066666666666695,35.3633333333333,1050,0,0
21.066666666666695,35.49,1060,30,1
21.1,35.8266666666667,1070,20,1
21.1,35.9666666666667,1080,30,1
21.1333333333333,36.0,1090,20,1
21.2,36.0,1100,20,1
21.23,36.03,1110,30,1
21.3566666666667,36.09,1120,30,1
21.533333333333296,36.49,1130,20,1
21.6666666666667,37.823333333333295,1140,10,1
21.84,39.85,1150,10,1
21.9266666666667,39.2966666666667,1160,10,1
22.066666666666695,38.7566666666667,1170,20,1
22.1,38.1,1180,30,1
22.1666666666667,37.9666666666667,1190,20,1
22.23,37.56,1200,30,1
22.29,37.36,1210,30,1
22.4266666666667,37.1633333333333,1220,20,1
22.5,37.09,1230,20,1
22.6,37.09,1240,30,1
22.6,37.09,1250,20,1
22.6333333333333,37.09,1260,20,1
22.7,37.09,1270,20,1
22.7,36.9666666666667,1280,30,1
22.7,36.8266666666667,1290,20,1
22.79,36.7,1300,20,1
22.79,36.6266666666667,1310,20,1
22.79,36.59,1320,20,1
22.73,36.6633333333333,1330,30,1
22.7,36.79,1340,20,1
22.7,36.8725,1350,20,1
22.6333333333333,36.9,1360,20,1
22.6,36.9,1370,20,1
22.6,36.9,1380,20,1
22.6,37.0,1390,30,1
22.533333333333296,37.06,1400,20,1
22.5,37.29,1410,20,1
22.5,37.29,1420,20,1
22.39,37.2,1430,20,1
22.39,37.26,0,30,1
22.3566666666667,37.29,10,20,1
22.29,37.29,20,20,1
22.29,37.29,30,20,1
22.29,37.29,40,10,1
22.2,37.3266666666667,50,10,1
22.2,37.5266666666667,60,0,0
22.1666666666667,37.7,70,0,0
22.1,37.7,80,0,0
22.1,37.59,90,0,0
22.025,37.4975,100,0,0
22.0,37.4,110,0,0
22.0,37.4,120,0,0
21.9266666666667,37.4,130,0,0
21.89,37.4,140,0,0
21.89,37.4,150,0,0
21.79,37.3266666666667,160,0,0
21.79,37.4,170,0,0
21.79,37.4,180,0,0
21.79,37.4,190,0,0
21.7,37.4,200,0,0
21.7,37.4,210,0,0
21.7,37.5,220,0,0
21.6333333333333,37.433333333333294,230,0,0
21.6,37.4,240,0,0
21.6,37.4,250,0,0
21.566666666666695,37.4,260,0,0
21.5,37.4,270,0,0
21.5,37.4,280,0,0
21.5,37.4,290,0,0
21.5,37.4,300,0,0
21.39,37.29,310,0,0
21.39,37.29,320,0,0
21.39,37.2,330,0,0
21.39,37.2,340,0,0
21.29,37.2,350,0,0
21.29,37.2,360,0,0
21.29,37.3,370,0,0
21.29,37.69333333333329,380,10,1
21.29,37.73,390,0,0
21.29,37.6566666666667,400,0,0
21.2,37.79,410,10,1
21.2,37.93,420,0,0
21.2,38.1266666666667,430,0,0
21.2,38.26,440,0,0
21.2,38.1633333333333,450,0,0
21.2,38.09,460,0,0
21.1,38.09,470,0,0
21.1,38.09,480,0,0
21.1,38.09,490,0,0
21.1,38.09,500,0,0
21.1,38.09,510,0,0
21.1,38.09,520,0,0
21.1,38.09,530,0,0
21.1,38.1566666666667,540,0,0
21.1,38.29,550,0,0
21.1,38.2,560,0,0
21.1666666666667,38.2,570,0,0
21.2,38.2,580,0,0
21.2,38.2,590,0,0
21.2,38.2,600,0,0
21.2,38.2,610,0,0
21.29,38.2,620,0,0
21.29,38.2,630,0,0
21.29,38.1633333333333,640,0,0
21.3566666666667,38.09,650,0,0
21.39,38.06,660,0,0
21.39,38.0,670,0,0
21.4266666666667,38.0,680,0,0
21.5,38.0,690,0,0
21.5,38.0,700,0,0
21.6,38.0,710,0,0
21.6666666666667,38.0,720,0,0
21.7,37.863333333333294,730,0,0
21.76,37.73,740,0,0
21.823333333333295,37.6633333333333,750,0,0
21.963333333333296,37.53,760,0,0
22.0,37.4666666666667,770,0,0
22.066666666666695,37.4,780,0,0
22.1333333333333,37.363333333333294,790,0,0
22.2,37.29,800,0,0
22.26,37.26,810,0,0
22.26,37.2,820,0,0
22.26,37.2,830,0,0
22.2,37.2,840,0,0
22.2,37.2,850,0,0
22.2,37.2,860,0,0
22.2,37.2,870,0,0
22.2,37.1175,880,0,0
22.26,37.09,890,0,0
22.2,37.0,900,0,0
22.2,37.06,910,0,0
22.2,37.09,920,0,0
22.2,37.09,930,0,0
22.2,37.03,940,0,0
22.2,37.09,950,0,0
22.1333333333333,37.03,960,0,0
22.1333333333333,37.03,970,0,0
22.1,37.09,980,0,0
22.1,37.09,990,0,0
22.1,37.09,1000,0,0
22.1,37.09,1010,0,0
22.1,37.09,1020,0,0
22.1,37.09,1030,0,0
22.1,37.09,1040,0,0
22.1,37.1633333333333,1050,0,0
22.1,37.09,1060,0,0
22.1,37.03,1070,0,0
22.1,36.9,1080,0,0
22.066666666666695,36.723333333333294,1090,0,0
22.0,36.6633333333333,1100,0,0
22.0,37.3666666666667,1110,0,0
22.0,37.5666666666667,1120,0,0
22.0,37.3,1130,0,0
22.066666666666695,40.5,1140,0,0
22.23,48.9666666666667,1150,0,0
22.3566666666667,46.433333333333294,1160,10,1
22.5,44.6966666666667,1170,10,1
22.5,43.55666666666671,1180,0,0
22.533333333333296,42.1966666666667,1190,20,1
22.6,41.2566666666667,1200,20,1
22.6,40.33333333333329,1210,30,1
22.6666666666667,40.1333333333333,1220,20,1
22.73,40.0266666666667,1230,30,1
22.79,39.69333333333329,1240,20,1
22.823333333333295,39.5666666666667,1250,20,1
22.89,39.6266666666667,1260,20,1
22.89,39.5266666666667,1270,0,0
22.9725,39.2675,1280,10,1
23.0,39.03,1290,0,0
23.033333333333296,38.76,1300,0,0
23.033333333333296,38.6266666666667,1310,0,0
23.1,38.5266666666667,1320,0,0
23.033333333333296,38.2666666666667,1330,0,0
23.0,38.09,1340,10,1
23.0,38.1633333333333,1350,0,0
23.0,38.23,1360,0,0
22.9266666666667,38.363333333333294,1370,0,0
22.89,38.433333333333294,1380,0,0
22.89,38.56,1390,0,0
22.79,38.6266666666667,1400,0,0
22.79,38.7,1410,0,0
22.76,38.73,1420,0,0
22.7,38.79,1430,0,0
22.7,38.79,0,0,0
22.7,38.79,10,0,0
22.6,38.79,20,0,0
22.6,38.79,30,0,0
22.55,38.79,40,0,0
22.5,38.79,50,0,0
22.5,38.79,60,0,0
22.463333333333296,38.79,70,0,0
22.39,38.79,80,0,0
22.39,38.79,90,0,0
22.323333333333295,38.79,100,0,0
22.29,38.79,110,0,0
22.29,38.79,120,0,0
22.26,38.76,130,0,0
22.2,38.7,140,0,0
22.2,38.7,150,0,0
22.2,38.7,160,0,0
22.1666666666667,38.7,170,0,0
22.1,38.7,180,0,0
22.1,38.7,190,0,0
22.033333333333296,38.6266666666667,200,0,0
22.0,38.6266666666667,210,0,0
22.0,38.7,220,0,0
22.0,38.6266666666667,230,0,0
21.9175,38.7,240,0,0
21.89,38.7,250,0,0
21.89,38.7,260,0,0
21.823333333333295,38.6266666666667,270,0,0
21.79,38.7,280,0,0
21.79,38.7,290,0,0
21.79,38.7,300,0,0
21.79,38.7,310,0,0
21.76,38.76,320,0,0
21.7,38.76,330,0,0
21.7,38.73,340,0,0
21.7,38.79,350,0,0
21.7,38.79,360,0,0
21.6333333333333,38.79,370,0,0
21.6,39.0666666666667,380,0,0
21.6,39.4,390,10,1
21.6,39.4666666666667,400,0,0
21.6,39.4,410,0,0
21.6,39.4,420,0,0
21.525,39.475,430,0,0
21.5,39.7,440,0,0
21.6,40.0,450,0,0
21.533333333333296,40.0,460,0,0
21.5,40.03,470,0,0
21.5,40.03,480,0,0
21.5,39.9666666666667,490,0,0
21.5,39.9,500,0,0
21.5,39.9,510,0,0
21.566666666666695,39.8266666666667,520,10,1
21.6,39.7,530,0,0
21.6,39.76,540,0,0
21.6,39.79,550,0,0
21.6,39.79,560,10,1
21.6,40.03,570,0,0
21.6666666666667,40.223333333333294,580,0,0
21.7,40.53,590,0,0
21.7,40.7966666666667,600,0,0
21.7,41.1266666666667,610,0,0
21.76,41.2,620,0,0
21.745,41.395,630,0,0
21.79,41.7266666666667,640,0,0
21.79,41.933333333333294,650,0,0
21.79,42.36,660,0,0
21.79,43.69333333333329,670,0,0
21.89,44.63,680,0,0
21.89,43.89,690,20,1
21.89,43.1233333333333,700,20,1
21.89,42.53,710,10,1
21.89,41.93,720,0,0
21.89,41.6566666666667,730,0,0
21.8566666666667,41.2333333333333,740,0,0
21.8566666666667,40.69333333333329,750,0,0
21.79,40.223333333333294,760,0,0
21.79,39.89,770,0,0
21.79,39.6333333333333,780,0,0
21.79,39.433333333333294,790,0,0
21.79,39.1633333333333,800,0,0
21.79,39.03,810,0,0
21.7,38.845,820,0,0
21.7,38.79,830,0,0
21.7,38.73,840,0,0
21.7,38.73,850,0,0
21.7,38.73,860,0,0
21.6,38.59,870,0,0
21.6,38.59,880,0,0
21.6,38.59,890,0,0
21.6,38.59,900,0,0
21.6,38.5,910,0,0
21.6,38.5,920,0,0
21.566666666666695,38.4,930,0,0
21.5,38.4,940,0,0
21.5,38.23,950,10,1
21.5,38.1566666666667,960,0,0
21.5,38.09,970,0,0
21.5,38.09,980,0,0
21.5,38.2,990,10,1
21.4266666666667,38.0,1000,20,1
21.39,37.46,1010,10,1
21.315,37.025,1020,10,1
21.29,36.9,1030,10,1
21.29,37.1566666666667,1040,10,1
21.23,37.23,1050,10,1
21.2,37.23,1060,10,1
21.2,37.6233333333333,1070,10,1
21.29,38.43,1080,10,1
21.29,38.29,1090,10,1
21.39,38.36,1100,20,1
21.463333333333296,38.83333333333329,1110,10,1
21.6333333333333,39.433333333333294,1120,10,1
21.76,39.3,1130,10,1
21.823333333333295,39.09,1140,10,1
21.963333333333296,39.09,1150,10,1
22.0,39.6566666666667,1160,10,1
22.066666666666695,41.3966666666667,1170,10,1
22.1333333333333,41.0633333333333,1180,20,1
22.2,40.323333333333295,1190,10,1
22.29,39.9,1200,10,1
22.3566666666667,39.76,1210,20,1
22.39,39.79,1220,10,1
22.4266666666667,39.7666666666667,1230,10,1
22.5,39.7666666666667,1240,20,1
22.533333333333296,39.5266666666667,1250,10,1
22.6,39.3266666666667,1260,10,1
22.6,39.1633333333333,1270,20,1
22.6,39.03,1280,20,1
22.6333333333333,38.863333333333294,1290,30,1
22.7,38.6566666666667,1300,40,1
22.6333333333333,38.363333333333294,1310,30,1
22.7,38.29,1320,30,1
22.6,38.23,1330,20,1
22.6,38.29,1340,30,1
22.6,38.4,1350,20,1
22.533333333333296,38.4,1360,20,1
22.566666666666695,38.4,1370,20,1
22.5,38.4666666666667,1380,20,1
22.5,38.53,1390,30,1
22.4266666666667,38.53,1400,20,1
22.463333333333296,38.59,1410,10,1
22.39,38.6175,1420,0,0
22.323333333333295,38.9,1430,0,0
22.29,39.2,0,0,0
22.29,39.2,10,0,0
22.29,39.2,20,0,0
22.23,39.1266666666667,30,0,0
22.2,39.09,40,0,0
22.2,39.09,50,0,0
22.2,39.0,60,0,0
22.1333333333333,39.0,70,0,0
22.1,39.0,80,0,0
22.033333333333296,38.933333333333294,90,0,0
22.0,38.863333333333294,100,0,0
22.0,38.863333333333294,110,0,0
22.0,38.9,120,0,0
21.9266666666667,38.8266666666667,130,0,0
21.89,38.79,140,0,0
21.89,38.79,150,0,0
21.89,38.79,160,0,0
21.815,38.7225,170,0,0
21.79,38.7,180,0,0
21.79,38.73,190,0,0
21.79,38.79,200,0,0
21.7,38.79,210,0,0
21.7,38.79,220,0,0
21.7,38.79,230,0,0
21.7,38.79,240,0,0
21.6,38.7,250,0,0
21.6,38.7,260,0,0
21.6,38.7,270,0,0
21.533333333333296,38.7,280,0,0
21.5,38.7,290,0,0
21.5,38.7,300,0,0
21.5,38.73,310,0,0
21.5,38.73,320,0,0
21.5,38.73,330,0,0
21.4266666666667,38.73,340,0,0
21.39,38.7,350,0,0
21.39,38.7,360,0,0
21.39,38.8,370,0,0
21.39,39.23,380,0,0
21.39,39.49,390,10,1
21.39,39.5266666666667,400,0,0
21.39,39.4666666666667,410,0,0
21.39,39.4,420,0,0
21.39,39.5266666666667,430,0,0
21.39,39.73,440,0,0
21.39,39.93,450,0,0
21.39,40.09,460,0,0
21.39,40.09,470,0,0
21.29,40.0,480,0,0
21.29,40.0,490,0,0
21.29,39.933333333333294,500,0,0
21.29,39.933333333333294,510,0,0
21.29,39.933333333333294,520,0,0
21.29,39.933333333333294,530,20,1
21.2,39.9,540,20,1
21.2,39.9,550,20,1
21.2,39.9,560,30,1
21.2,39.863333333333294,570,20,1
21.2,39.79,580,20,1
21.2,39.79,590,20,1
21.2,39.79,600,20,1
21.2,39.79,610,30,1
21.2,39.79,620,20,1
21.2,39.79,630,20,1
21.2,39.79,640,20,1
21.2,39.76,650,20,1
21.2,39.7,660,20,1
21.2,39.73,670,10,1
21.2,39.73,680,0,0
21.2,39.9,690,0,0
21.2,39.9,700,0,0
21.1333333333333,39.9,710,0,0
21.2,39.8266666666667,720,0,0
21.1,39.76,730,0,0
21.1,39.7,740,0,0
21.1,39.6633333333333,750,0,0
21.1,39.59,760,0,0
21.1,39.59,770,0,0
21.1,39.56,780,0,0
21.1,39.5,790,0,0
21.1,39.4,800,0,0
21.1,39.4,810,0,0
21.1,39.4,820,0,0
21.1,39.3266666666667,830,0,0
21.1,39.29,840,0,0
21.1,39.29,850,0,0
21.1,39.29,860,0,0
21.1,39.23,870,0,0
21.033333333333296,39.1266666666667,880,0,0
21.1,39.2,890,0,0
21.1,39.2,900,0,0
21.1,39.2,910,0,0
21.1,39.09,920,0,0
21.1,39.09,930,0,0
21.033333333333296,39.09,940,0,0
21.05,39.045,950,0,0
21.033333333333296,39.03,960,0,0
21.0,39.0,970,0,0
21.0,39.0,980,0,0
21.0,39.0,990,0,0
21.0,39.0,1000,0,0
21.0,39.0,1010,0,0
21.0,39.0,1020,0,0
21.0,38.9,1030,0,0
21.0,38.8266666666667,1040,0,0
20.963333333333296,38.76,1050,0,0
20.963333333333296,38.7,1060,0,0
20.963333333333296,38.79,1070,0,0
20.89,38.79,1080,0,0
21.0,38.8266666666667,1090,0,0
21.0,38.9,1100,0,0
21.033333333333296,40.66666666666671,1110,0,0
21.1666666666667,46.46,1120,0,0
21.39,48.33333333333329,1130,10,1
21.463333333333296,46.4,1140,10,1
21.5,44.995,1150,0,0
21.6,43.393333333333295,1160,0,0
21.6,42.66666666666671,1170,0,0
21.7,42.033333333333296,1180,10,1
21.7,41.4266666666667,1190,0,0
21.79,41.0266666666667,1200,10,1
21.8566666666667,40.7666666666667,1210,10,1
22.0,40.5266666666667,1220,30,1
22.066666666666695,40.3266666666667,1230,30,1
22.1,40.0266666666667,1240,20,1
22.1666666666667,39.8266666666667,1250,20,1
22.2,39.6633333333333,1260,0,0
22.2,39.53,1270,0,0
22.29,39.6266666666667,1280,0,0
22.29,39.6266666666667,1290,0,0
22.29,39.5,1300,0,0
22.29,39.433333333333294,1310,0,0
22.29,39.463333333333296,1320,10,1
22.29,39.59,1330,10,1
22.29,39.73,1340,0,0
22.29,39.7675,1350,0,0
22.29,39.7,1360,0,0
22.2,39.59,1370,0,0
22.2,39.53,1380,0,0
22.2,39.5,1390,0,0
22.2,39.5,1400,0,0
22.1,39.5,1410,0,0
22.1,39.56,1420,0,0
22.1,39.59,1430,0,0
22.033333333333296,39.53,0,0,0
22.0,39.5,10,0,0
22.0,39.5,20,0,0
22.0,39.5,30,0,0
21.9266666666667,39.5,40,0,0
21.89,39.5,50,0,0
21.89,39.5,60,0,0
21.8566666666667,39.4666666666667,70,0,0
21.79,39.4,80,0,0
21.79,39.4,90,0,0
21.79,39.4,100,0,0
21.73,39.4,110,0,0
21.7,39.4,120,0,0
21.7,39.4,130,0,0
21.7,39.433333333333294,140,0,0
21.6333333333333,39.5,150,0,0
21.6,39.5,160,0,0
21.6,39.5,170,0,0
21.5,39.5,180,0,0
21.5,39.56,190,0,0
21.5,39.53,200,0,0
21.5,39.59,210,0,0
21.39,39.5,220,0,0
21.39,39.5,230,0,0
21.39,39.5,240,0,0
21.39,39.5,250,0,0
21.39,39.5,260,0,0
21.39,39.5,270,0,0
21.3566666666667,39.5,280,0,0
21.29,39.5,290,0,0
21.29,39.59,300,0,0
21.2,39.5,310,0,0
21.2,39.5,320,0,0
21.2,39.5,330,0,0
21.2,39.5,340,0,0
21.2,39.59,350,0,0
21.2,39.59,360,0,0
21.1,39.59,370,0,0
21.1,39.59,380,0,0
21.1,39.59,390,0,0
21.1,39.59,400,0,0
21.1,39.6266666666667,410,0,0
21.1,39.7,420,10,1
21.0,39.73,430,0,0
21.0,40.1233333333333,440,10,1
21.1,40.6266666666667,450,0,0
21.033333333333296,40.6266666666667,460,0,0
21.0,40.5666666666667,470,0,0
21.0,40.6266666666667,480,0,0
21.0,40.45,490,0,0
21.0,40.29,500,0,0
21.0,40.29,510,0,0
21.0,40.433333333333294,520,10,1
21.0,40.5,530,10,1
21.0,40.4,540,0,0
21.0,40.4,550,0,0
20.89,40.7,560,0,0
20.89,40.7,570,0,0
20.89,40.7666666666667,580,0,0
20.89,40.8266666666667,590,0,0
20.89,40.6633333333333,600,0,0
20.89,40.59,610,0,0
21.0,40.5,620,0,0
21.0,40.433333333333294,630,0,0
21.0,40.433333333333294,640,0,0
21.0,40.5,650,0,0
21.0,40.4666666666667,660,0,0
21.0,40.4,670,0,0
21.0,40.53,680,0,0
21.075,40.87,690,0,0
21.1,41.1633333333333,700,0,0
21.1333333333333,43.393333333333295,710,0,0
21.2,42.86,720,0,0
21.29,43.0266666666667,730,0,0
21.3566666666667,42.9,740,0,0
21.39,42.6333333333333,750,0,0
21.39,42.433333333333294,760,0,0
21.39,42.26,770,0,0
21.463333333333296,42.1266666666667,780,0,0
21.5,41.9666666666667,790,10,1
21.5,41.8266666666667,800,0,0
21.5,41.863333333333294,810,0,0
21.566666666666695,41.79,820,0,0
21.6333333333333,41.79,830,0,0
21.7,41.73,840,0,0
21.79,41.56,850,0,0
21.79,41.433333333333294,860,0,0
21.89,41.33333333333329,870,0,0
21.9725,41.1175,880,0,0
22.0,41.09,890,0,0
22.1,41.2,900,0,0
22.1666666666667,41.4,910,0,0
22.23,41.7666666666667,920,0,0
22.29,41.9,930,10,1
22.323333333333295,41.7966666666667,940,0,0
22.39,41.39,950,0,0
22.39,41.1333333333333,960,0,0
22.463333333333296,41.0,970,0,0
22.5,40.79,980,0,0
22.5,40.6566666666667,990,0,0
22.6,40.4666666666667,1000,0,0
22.6,40.4,1010,0,0
22.6,40.26,1020,0,0
22.6,40.26,1030,0,0
22.6,40.29,1040,10,1
22.6,40.29,1050,0,0
22.7,40.6266666666667,1060,0,0
22.7,40.76,1070,0,0
22.79,40.6,1080,30,1
22.89,40.6266666666667,1090,20,1
22.89,40.5,1100,20,1
23.0,40.5,1110,20,1
23.066666666666695,40.5,1120,20,1
23.1333333333333,40.463333333333296,1130,0,0
23.2,40.53,1140,10,1
23.23,42.9,1150,0,0
23.3566666666667,49.5666666666667,1160,10,1
23.5,48.2333333333333,1170,10,1
23.5,47.433333333333294,1180,10,1
23.6,45.1333333333333,1190,10,1
23.6666666666667,43.933333333333294,1200,10,1
23.6,42.83333333333329,1210,0,0
23.6,42.1,1220,0,0
23.6666666666667,41.46,1230,10,1
23.6,40.8666666666667,1240,0,0
23.6,40.79,1250,0,0
23.6,40.73,1260,0,0
23.6,40.6633333333333,1270,0,0
23.525,40.47,1280,0,0
23.5,40.23,1290,0,0
23.5,40.0266666666667,1300,10,1
23.4266666666667,39.7666666666667,1310,0,0
23.39,39.6333333333333,1320,0,0
23.39,39.5,1330,10,1
23.3566666666667,39.56,1340,0,0
23.29,39.69333333333329,1350,0,0
23.26,39.5266666666667,1360,0,0
23.2,39.3266666666667,1370,0,0
23.2,39.1633333333333,1380,10,1
23.2,39.03,1390,0,0
23.1,38.9,1400,0,0
23.1,38.9666666666667,1410,0,0
23.066666666666695,38.863333333333294,1420,0,0
23.0,38.73,1430,0,0
23.0,38.59,0,0,0
23.0,38.59,10,0,0
22.963333333333296,38.4666666666667,20,0,0
22.865,38.3725,30,0,0
22.79,38.23,40,0,0
22.79,38.09,50,0,0
22.79,38.03,60,0,0
22.7,38.0,70,0,0
22.7,37.933333333333294,80,0,0
22.6666666666667,37.863333333333294,90,0,0
22.6,37.79,100,0,0
22.6,37.79,110,0,0
22.533333333333296,37.73,120,0,0
22.5,37.7,130,0,0
22.5,37.7,140,0,0
22.39,37.59,150,0,0
22.39,37.59,160,0,0
22.29,37.59,170,0,0
22.29,37.59,180,0,0
22.29,37.59,190,0,0
22.23,37.53,200,0,0
22.2,37.5,210,0,0
22.2,37.5,220,0,0
22.1,37.5,230,0,0
22.1,37.5,240,0,0
22.1,37.5,250,0,0
22.0,37.4,260,0,0
22.0,37.4,270,0,0
22.0,37.4,280,0,0
22.0,37.4,290,0,0
21.89,37.4,300,0,0
21.89,37.4,310,0,0
21.79,37.29,320,0,0
21.79,37.29,330,0,0
21.79,37.29,340,0,0
21.73,37.29,350,0,0
21.7,37.29,360,0,0
21.7,37.363333333333294,370,0,0
21.6666666666667,37.363333333333294,380,0,0
21.6666666666667,37.363333333333294,390,0,0
21.6,37.29,400,0,0
21.6,37.363333333333294,410,0,0
21.6,37.4,420,0,0
21.525,37.4,430,0,0
21.5,37.4,440,0,0
21.5,37.5,450,0,0
21.5,37.5,460,0,0
21.4266666666667,37.433333333333294,470,0,0
21.4266666666667,37.56,480,0,0
21.39,37.6266666666667,490,0,0
21.39,37.76,500,0,0
21.39,37.933333333333294,510,0,0
21.39,38.19333333333329,520,0,0
21.39,38.463333333333296,530,0,0
21.39,38.6633333333333,540,0,0
21.39,39.0666666666667,550,0,0
21.39,39.2,560,0,0
21.39,39.2,570,0,0
21.39,39.26,580,0,0
21.39,39.36,590,0,0
21.39,39.56,600,0,0
21.39,39.76,610,0,0
21.39,39.795,620,0,0
21.39,39.9666666666667,630,0,0
21.39,40.03,640,0,0
21.39,40.223333333333294,650,10,1
21.3566666666667,40.29,660,0,0
21.29,40.363333333333294,670,0,0
21.29,40.4,680,0,0
21.29,40.4,690,0,0
21.39,40.4,700,10,1
21.39,40.4666666666667,710,20,1
21.39,40.53,720,10,1
21.39,40.53,730,20,1
21.4266666666667,40.823333333333295,740,10,1
21.5,41.363333333333294,750,10,1
21.5,41.29,760,20,1
21.566666666666695,41.5633333333333,770,10,1
21.7,42.09,780,20,1
21.76,42.1633333333333,790,10,1
21.79,42.09,800,0,0
21.79,42.2966666666667,810,0,0
21.89,43.09,820,0,0
22.0,42.93,830,0,0
22.0,42.79,840,0,0
22.0,42.6633333333333,850,0,0
22.0,42.59,860,0,0
22.0,42.4666666666667,870,0,0
22.0,42.3266666666667,880,0,0
22.0,42.26,890,0,0
22.0,42.1266666666667,900,0,0
22.0,41.9666666666667,910,0,0
22.0,41.9,920,0,0
22.0,41.76,930,0,0
22.0,41.7,940,0,0
22.0,41.59,950,0,0
22.0,41.53,960,0,0
22.0,41.5,970,0,0
22.0,41.83333333333329,980,0,0
22.0,42.09,990,10,1
22.0,42.03,1000,0,0
21.89,41.9,1010,0,0
22.0,41.79,1020,10,1
22.0,41.73,1030,0,0
21.963333333333296,41.7,1040,0,0
21.963333333333296,41.7,1050,10,1
21.963333333333296,41.7,1060,0,0
21.89,41.7,1070,10,1
21.963333333333296,41.59,1080,0,0
21.89,41.59,1090,10,1
21.89,41.5,1100,0,0
21.89,41.5,1110,0,0
21.89,41.4,1120,0,0
21.89,41.4,1130,10,1
21.8566666666667,41.463333333333296,1140,0,0
21.8566666666667,41.863333333333294,1150,0,0
21.9266666666667,44.76333333333329,1160,10,1
22.066666666666695,46.8966666666667,1170,10,1
22.2,45.8,1180,20,1
22.26,45.8,1190,40,1
22.29,44.6233333333333,1200,30,1
22.315,43.9475,1210,30,1
22.39,43.5666666666667,1220,30,1
22.4266666666667,43.4,1230,0,0
22.5,43.3266666666667,1240,0,0
22.6,43.29,1250,0,0
22.6666666666667,43.29,1260,0,0
22.7,43.1633333333333,1270,0,0
22.76,43.03,1280,10,1
22.823333333333295,42.863333333333294,1290,0,0
22.89,42.73,1300,0,0
22.89,42.56,1310,0,0
22.89,42.433333333333294,1320,0,0
23.0,42.26,1330,0,0
23.0,42.1266666666667,1340,0,0
23.0,42.0,1350,0,0
23.0,41.933333333333294,1360,10,1
23.0,42.2,1370,0,0
23.0,42.0666666666667,1380,0,0
23.0,42.09,1390,0,0
23.0,42.03,1400,0,0
23.0,41.95,1410,0,0
23.0,41.76,1420,0,0
23.0,41.6266666666667,1430,0,0
23.0,41.4666666666667,0,0,0
23.0,41.3266666666667,10,0,0
23.0,41.26,20,0,0
22.9266666666667,41.1266666666667,30,0,0
22.89,41.0,40,0,0
22.89,40.933333333333294,50,0,0
22.89,40.79,60,0,0
22.89,40.79,70,0,0
22.89,40.7,80,10,1
22.89,40.6266666666667,90,0,0
22.89,40.56,100,0,0
22.89,40.5,110,0,0
22.89,40.4,120,0,0
22.89,40.3266666666667,130,0,0
22.89,40.26,140,0,0
22.89,40.2,150,0,0
22.84,40.09,160,0,0
22.79,40.0,170,0,0
22.79,39.933333333333294,180,0,0
22.79,39.9,190,0,0
22.79,39.9,200,0,0
22.79,39.79,210,0,0
22.79,39.79,220,0,0
22.79,39.79,230,0,0
22.79,39.79,240,0,0
22.79,39.7,250,0,0
22.79,39.7,260,0,0
22.7,39.6633333333333,270,0,0
22.7,39.59,280,0,0
22.7,39.59,290,0,0
22.7,39.59,300,0,0
22.7,39.5,310,0,0
22.7,39.5,320,0,0
22.6,39.4,330,0,0
22.6,39.4,340,0,0
22.6,39.363333333333294,350,0,0
22.6,39.29,360,0,0
22.6,39.29,370,0,0
22.6,39.29,380,0,0
22.6,39.29,390,0,0
22.566666666666695,39.2,400,0,0
22.5,39.2,410,0,0
22.5,39.1633333333333,420,0,0
22.5,39.09,430,0,0
22.5,39.09,440,0,0
22.5,39.09,450,0,0
22.463333333333296,38.9666666666667,460,0,0
22.39,38.9,470,0,0
22.39,38.9,480,0,0
22.39,38.9,490,0,0
22.39,38.9,500,0,0
22.323333333333295,38.8266666666667,510,0,0
22.29,38.79,520,0,0
22.29,38.99,530,0,0
22.39,39.3266666666667,540,0,0
22.39,40.1333333333333,550,0,0
22.39,40.995,560,0,0
22.4266666666667,41.1566666666667,570,0,0
22.5,41.29,580,0,0
22.5,41.433333333333294,590,10,1
22.566666666666695,41.5,600,0,0
22.6,41.363333333333294,610,0,0
22.6,41.1566666666667,620,0,0
22.533333333333296,41.0266666666667,630,10,1
22.533333333333296,40.8266666666667,640,0,0
22.6,40.6333333333333,650,0,0
22.6,40.433333333333294,660,0,0
22.566666666666695,40.29,670,0,0
22.566666666666695,40.09666666666671,680,0,0
22.5,39.76,690,0,0
22.5,39.5666666666667,700,0,0
22.566666666666695,39.363333333333294,710,0,0
22.566666666666695,39.23,720,0,0
22.6,39.06,730,0,0
22.6,38.933333333333294,740,0,0
22.6,38.79,750,0,0
22.6,38.695,760,0,0
22.6,38.53,770,0,0
22.6,38.4,780,0,0
22.6,38.3266666666667,790,0,0
22.6,38.1633333333333,800,0,0
22.6,38.03,810,0,0
22.6,37.9,820,0,0
22.6666666666667,37.9,830,0,0
22.6333333333333,37.7,840,0,0
22.6333333333333,37.6266666666667,850,0,0
22.7,37.56,860,0,0
22.7,37.433333333333294,870,0,0
22.7,37.26,880,0,0
22.76,37.2,890,0,0
22.79,37.09,900,0,0
22.79,37.03,910,0,0
22.79,36.863333333333294,920,0,0
22.8566666666667,36.79,930,0,0
22.89,36.76,940,0,0
22.89,36.6725,950,0,0
22.89,36.6633333333333,960,0,0
22.89,36.7,970,0,0
22.89,36.7,980,0,0
22.89,36.6633333333333,990,0,0
22.89,36.53,1000,0,0
22.89,36.363333333333294,1010,0,0
22.89,36.29,1020,0,0
22.89,36.29,1030,0,0
22.823333333333295,36.23,1040,0,0
22.79,36.1266666666667,1050,0,0
22.79,36.26,1060,10,1
22.79,36.433333333333294,1070,0,0
22.79,36.56,1080,0,0
22.73,36.7,1090,0,0
22.73,36.7,1100,0,0
22.7,36.7,1110,0,0
22.7,36.7,1120,0,0
22.6666666666667,36.79,1130,0,0
22.6,36.863333333333294,1140,10,1
22.6,36.845,1150,0,0
22.6,37.0,1160,0,0
22.6,37.06,1170,0,0
22.6,37.1266666666667,1180,0,0
22.6,37.26,1190,0,0
22.5,37.36,1200,0,0
22.5,37.5,1210,0,0
22.5,37.59,1220,0,0
22.5,37.6633333333333,1230,0,0
22.5,37.79,1240,0,0
22.5,37.863333333333294,1250,0,0
22.39,37.933333333333294,1260,20,1
22.39,38.06,1270,10,1
22.39,38.23,1280,0,0
22.39,38.29,1290,0,0
22.29,38.29,1300,0,0
22.29,38.363333333333294,1310,0,0
22.29,38.4,1320,0,0
22.29,38.3266666666667,1330,0,0
22.2,38.29,1340,0,0
22.2,38.29,1350,0,0
22.1333333333333,38.29,1360,0,0
22.1,38.29,1370,0,0
22.1,38.29,1380,0,0
22.066666666666695,38.26,1390,0,0
22.0,38.2,1400,0,0
22.0,38.2,1410,0,0
22.0,38.26,1420,0,0
22.0,38.29,1430,0,0
21.9266666666667,38.29,0,0,0
21.89,38.29,10,0,0
21.89,38.29,20,0,0
21.8566666666667,38.29,30,0,0
21.79,38.29,40,0,0
21.79,38.29,50,0,0
21.79,38.29,60,0,0
21.7,38.29,70,0,0
21.7,38.29,80,0,0
21.7,38.29,90,0,0
21.7,38.29,100,0,0
21.7,38.29,110,0,0
21.7,38.29,120,0,0
21.7,38.29,130,0,0
21.6,38.29,140,0,0
21.6,38.29,150,0,0
21.6,38.26,160,0,0
21.6,38.26,170,0,0
21.6,38.2,180,0,0
21.6,38.2,190,0,0
21.5,38.2,200,0,0
21.5,38.2,210,0,0
21.5,38.2,220,0,0
21.5,38.2,230,0,0
21.5,38.2,240,0,0
21.5,38.2,250,0,0
21.5,38.2,260,0,0
21.5,38.26,270,0,0
21.5,38.29,280,0,0
21.4266666666667,38.23,290,0,0
21.39,38.2,300,0,0
21.39,38.29,310,0,0
21.39,38.29,320,0,0
21.39,38.29,330,0,0
21.39,38.29,340,0,0
21.29,38.29,350,0,0
21.29,38.29,360,0,0
21.29,38.29,370,0,0
21.29,38.29,380,0,0
21.29,38.29,390,0,0
21.29,38.29,400,0,0
21.26,38.29,410,0,0
21.2,38.29,420,0,0
21.2,38.29,430,0,0
21.2,38.363333333333294,440,0,0
21.2,38.433333333333294,450,0,0
21.2,38.56,460,0,0
21.2,38.76,470,0,0
21.2,38.76,480,0,0
21.2,38.845,490,0,0
21.23,39.2266666666667,500,0,0
21.29,39.56,510,0,0
21.29,39.9,520,10,1
21.29,39.9,530,0,0
21.29,39.963333333333296,540,0,0
21.3566666666667,40.1633333333333,550,0,0
21.39,40.29,560,0,0
21.39,40.43,570,10,1
21.463333333333296,40.6633333333333,580,10,1
21.39,40.59,590,30,1
21.39,40.73,600,20,1
21.39,40.863333333333294,610,20,1
21.4266666666667,40.86,620,20,1
21.5,41.0,630,10,1
21.5,41.0,640,0,0
21.5,41.0,650,0,0
21.533333333333296,40.863333333333294,660,0,0
21.6,40.73,670,0,0
21.7,40.79,680,0,0
21.7225,40.6725,690,0,0
21.8566666666667,40.5,700,0,0
22.033333333333296,40.363333333333294,710,0,0
22.1,40.823333333333295,720,0,0
22.23,41.06,730,0,0
22.29,40.8,740,0,0
22.39,40.1,750,0,0
22.463333333333296,39.8266666666667,760,0,0
22.6,39.6633333333333,770,0,0
22.6,39.463333333333296,780,0,0
22.7,39.363333333333294,790,0,0
22.7,39.23,800,0,0
22.79,38.9666666666667,810,0,0
22.79,38.9,820,0,0
22.89,38.963333333333296,830,0,0
22.963333333333296,39.03,840,0,0
23.1,39.0266666666667,850,0,0
23.1666666666667,38.9666666666667,860,10,1
23.23,39.06,870,0,0
23.29,39.06,880,0,0
23.29,38.25,890,0,0
23.39,38.06,900,0,0
23.39,37.933333333333294,910,0,0
23.4266666666667,37.9,920,10,1
23.5,37.8266666666667,930,0,0
23.6,38.0,940,0,0
23.6,38.19333333333329,950,10,1
23.6333333333333,45.33,960,0,0
23.7,50.33,970,0,0
23.7,47.2566666666667,980,0,0
23.7,44.7966666666667,990,0,0
23.7,43.26333333333329,1000,0,0
23.7,42.323333333333295,1010,0,0
23.7,41.36,1020,0,0
23.7,40.5666666666667,1030,0,0
23.7,39.93,1040,0,0
23.7,39.6566666666667,1050,0,0
23.6,39.363333333333294,1060,0,0
23.6666666666667,42.1566666666667,1070,0,0
23.65,45.145,1080,10,1
23.6,43.0933333333333,1090,0,0
23.6,42.3666666666667,1100,0,0
23.6,42.26333333333329,1110,0,0
23.6,41.323333333333295,1120,10,1
23.6333333333333,40.49,1130,0,0
23.6333333333333,39.9566666666667,1140,10,1
23.6,39.43,1150,0,0
23.6,39.1566666666667,1160,0,0
23.5,39.0,1170,0,0
23.5,39.06,1180,0,0
23.566666666666695,39.1633333333333,1190,0,0
23.5,39.09,1200,0,0
23.5,38.9666666666667,1210,0,0
23.5,38.8266666666667,1220,0,0
23.39,38.73,1230,0,0
23.463333333333296,38.79,1240,0,0
23.39,38.7,1250,0,0
23.39,38.7,1260,10,1
23.39,39.0266666666667,1270,0,0
23.365,38.795,1280,0,0
23.3566666666667,38.6266666666667,1290,0,0
23.29,38.5,1300,0,0
23.29,38.433333333333294,1310,10,1
23.29,38.363333333333294,1320,0,0
23.23,38.29,1330,0,0
23.2,38.2,1340,0,0
23.2,38.2,1350,0,0
23.1666666666667,38.2,1360,0,0
23.1,38.2,1370,0,0
23.1,38.2,1380,0,0
23.1,38.2,1390,0,0
23.0,38.09,1400,10,1
23.0,38.09,1410,0,0
22.963333333333296,38.09,1420,0,0
22.89,38.09,1430,0,0
22.89,38.09,0,0,0
22.823333333333295,38.03,10,0,0
22.79,37.9,20,0,0
22.79,37.9,30,0,0
22.79,37.9,40,0,0
22.7,37.9,50,10,1
22.7,37.9,60,0,0
22.7,37.863333333333294,70,0,0
22.7,37.79,80,0,0
22.6,37.76,90,0,0
22.6,37.7,100,0,0
22.6,37.7,110,0,0
22.6,37.7,120,0,0
22.6,37.7,130,0,0
22.533333333333296,37.7,140,10,1
22.5,37.7,150,0,0
22.5,37.7,160,0,0
22.5,37.73,170,0,0
22.5,37.79,180,0,0
22.39,37.7,190,0,0
22.39,37.7,200,0,0
22.39,37.7,210,0,0
22.39,37.7,220,0,0
22.29,37.7,230,0,0
22.29,37.7,240,0,0
22.29,37.7,250,0,0
22.29,37.73,260,0,0
22.29,37.73,270,0,0
22.2,37.6633333333333,280,0,0
22.2,37.6633333333333,290,0,0
22.2,37.73,300,0,0
22.2,38.0633333333333,310,0,0
22.2,38.4,320,10,1
22.2,38.4,330,0,0
22.1666666666667,38.433333333333294,340,0,0
22.1,38.5,350,0,0
22.1,38.5,360,0,0
22.1,38.433333333333294,370,0,0
22.1,38.363333333333294,380,0,0
22.033333333333296,38.23,390,0,0
22.0,38.2,400,0,0
22.0,38.2,410,0,0
22.0,38.23,420,0,0
22.0,38.43,430,0,0
22.0,38.45,440,0,0
22.0,38.5,450,0,0
22.0,38.433333333333294,460,0,0
22.0,38.4,470,0,0
22.0,38.4,480,0,0
21.89,38.4,490,0,0
21.89,38.4,500,0,0
21.89,38.4,510,0,0
21.89,38.4666666666667,520,0,0
21.89,38.5,530,0,0
21.89,38.5,540,0,0
21.79,38.4,550,0,0
21.8566666666667,38.4666666666667,560,0,0
21.8566666666667,38.4666666666667,570,0,0
21.79,38.4,580,0,0
21.79,38.5,590,0,0
21.79,38.5,600,0,0
21.79,38.53,610,0,0
21.79,38.59,620,0,0
21.79,38.59,630,0,0
21.79,38.7,640,0,0
21.79,38.7,650,0,0
21.79,38.79,660,0,0
21.79,38.79,670,0,0
21.79,38.8266666666667,680,0,0
21.79,38.9,690,0,0
21.79,38.933333333333294,700,0,0
21.79,39.0,710,0,0
21.79,38.9,720,0,0
21.79,38.8266666666667,730,0,0
21.79,39.1333333333333,740,0,0
21.8566666666667,39.5266666666667,750,0,0
21.89,39.73,760,0,0
21.89,39.73,770,0,0
22.0,40.4666666666667,780,0,0
22.0,40.1333333333333,790,0,0
22.0,39.76,800,0,0
22.066666666666695,39.7,810,0,0
22.1,39.59,820,0,0
22.1,39.5225,830,0,0
22.1,39.433333333333294,840,10,1
22.1333333333333,39.29,850,0,0
22.2,39.29,860,0,0
22.2,39.2,870,0,0
22.2,39.2,880,0,0
22.2,39.2,890,0,0
22.26,39.2,900,0,0
22.29,39.2,910,0,0
22.29,39.1266666666667,920,0,0
22.29,39.06,930,0,0
22.29,39.0,940,0,0
22.39,39.0,950,10,1
22.39,38.933333333333294,960,20,1
22.39,38.9,970,30,1
22.39,38.9,980,20,1
22.39,38.79,990,20,1
22.39,38.73,1000,20,1
22.39,38.6633333333333,1010,30,1
22.39,38.723333333333294,1020,20,1
22.445,40.895,1030,20,1
22.5,43.0,1040,20,1
22.5,42.5266666666667,1050,0,0
22.6,42.2666666666667,1060,0,0
22.6,43.933333333333294,1070,0,0
22.6,45.46,1080,0,0
22.6,45.1266666666667,1090,0,0
22.6333333333333,44.2333333333333,1100,20,1
22.7,43.69333333333329,1110,20,1
22.6,43.16,1120,30,1
22.6,42.5666666666667,1130,20,1
22.6,41.99,1140,20,1
22.6,41.73,1150,20,1
22.566666666666695,41.16,1160,30,1
22.5,40.9,1170,20,1
22.5,40.6633333333333,1180,0,0
22.5,40.463333333333296,1190,0,0
22.5,40.26,1200,0,0
22.5,40.1266666666667,1210,0,0
22.463333333333296,40.0266666666667,1220,0,0
22.39,39.8175,1230,0,0
22.39,39.79,1240,0,0
22.39,39.6333333333333,1250,0,0
22.39,39.56,1260,0,0
22.39,39.5,1270,0,0
22.323333333333295,39.5,1280,0,0
22.29,39.5,1290,10,1
22.29,39.5,1300,20,1
22.29,39.6566666666667,1310,20,1
22.23,39.863333333333294,1320,20,1
22.29,40.1566666666667,1330,30,1
22.23,40.29,1340,20,1
22.2,40.29,1350,20,1
22.2,40.29,1360,20,1
22.2,40.4,1370,20,1
22.1333333333333,40.4666666666667,1380,20,1
22.1,40.53,1390,30,1
22.1,40.59,1400,20,1
22.0,40.5,1410,20,1
22.0,40.5,1420,20,1
21.9266666666667,40.56,1430,20,1
21.963333333333296,40.59,0,30,1
21.89,40.59,10,20,1
21.89,40.59,20,10,1
21.89,40.59,30,0,0
21.89,40.8266666666667,40,0,0
21.823333333333295,40.9,50,0,0
21.79,40.9,60,0,0
21.79,40.9666666666667,70,0,0
21.79,40.9,80,0,0
21.79,40.9,90,0,0
21.76,40.9,100,0,0
21.7,40.9,110,0,0
21.7,40.79,120,0,0
21.7,40.79,130,0,0
21.7,40.79,140,0,0
21.7,40.73,150,0,0
21.7,40.7,160,0,0
21.7,40.6266666666667,170,0,0
21.65,40.6,180,0,0
21.6666666666667,40.56,190,0,0
21.6,40.433333333333294,200,0,0
21.6,40.4,210,0,0
21.6,40.4,220,0,0
21.6,40.4,230,0,0
21.6,40.3266666666667,240,0,0
21.533333333333296,40.29,250,0,0
21.533333333333296,40.29,260,0,0
21.5,40.29,270,0,0
21.5,40.29,280,0,0
21.5,40.2,290,0,0
21.5,40.2,300,0,0
21.5,40.2666666666667,310,0,0
21.5,40.6,320,10,1
21.5,40.76,330,0,0
21.5,40.6266666666667,340,0,0
21.5,40.59,350,0,0
21.5,40.59,360,0,0
21.5,40.59,370,0,0
21.5,40.56,380,0,0
21.5,40.5,390,10,1
21.5,40.4666666666667,400,0,0
21.5,40.4,410,0,0
21.5,40.4,420,0,0
21.5,40.4,430,0,0
21.5,40.433333333333294,440,0,0
21.5,40.5,450,10,1
21.5,40.5,460,0,0
21.5,40.5,470,0,0
21.5,40.5,480,10,1
21.5,40.5,490,0,0
21.5,40.5,500,0,0
21.5,40.5,510,0,0
21.5,40.5,520,0,0
21.5,40.5,530,0,0
21.5,40.5,540,0,0
21.5,40.5,550,0,0
21.5,40.5,560,0,0
21.5,40.5675,570,0,0
21.5,40.6633333333333,580,0,0
21.5,41.0666666666667,590,0,0
21.5,41.33333333333329,600,0,0
21.533333333333296,41.9966666666667,610,0,0
21.6,42.59,620,0,0
21.6,43.0,630,0,0
21.6,42.86,640,10,1
21.6666666666667,42.69333333333329,650,10,1
21.6,42.433333333333294,660,0,0
21.7,42.73,670,0,0
21.7,42.6566666666667,680,0,0
21.6333333333333,42.433333333333294,690,0,0
21.6333333333333,42.433333333333294,700,0,0
21.6333333333333,42.29,710,0,0
21.6333333333333,42.1566666666667,720,0,0
21.6333333333333,42.1333333333333,730,0,0
21.7,42.4,740,0,0
21.7,42.26,750,0,0
21.7,42.1266666666667,760,20,1
21.7,42.045,770,20,1
21.7,41.9,780,20,1
21.7,41.8266666666667,790,30,1
21.7,41.6633333333333,800,20,1
21.7,41.59,810,20,1
21.7,41.5,820,20,1
21.7,41.433333333333294,830,30,1
21.7,41.43,840,20,1
21.7,41.23,850,20,1
21.7,41.1633333333333,860,20,1
21.7,41.03,870,30,1
21.7,40.83333333333329,880,20,1
21.7,40.5666666666667,890,20,1
21.7,40.26,900,20,1
21.7,40.0666666666667,910,0,0
21.7,39.76,920,0,0
21.6333333333333,39.6266666666667,930,0,0
21.6,39.4666666666667,940,0,0
21.6,39.3266666666667,950,0,0
21.6,39.045,960,0,0
21.6,39.0,970,0,0
21.6,38.933333333333294,980,0,0
21.6,39.0,990,0,0
21.6,39.0,1000,0,0
21.6333333333333,39.0,1010,0,0
21.7,39.06,1020,0,0
21.73,39.09,1030,0,0
21.79,39.03,1040,0,0
21.823333333333295,38.863333333333294,1050,0,0
21.89,38.73,1060,0,0
21.89,38.6266666666667,1070,0,0
21.89,38.6266666666667,1080,0,0
22.0,38.7666666666667,1090,0,0
22.0,38.9,1100,0,0
22.0,38.863333333333294,1110,0,0
22.0,38.6566666666667,1120,10,1
22.1,38.56,1130,0,0
22.1,38.5,1140,10,1
22.2,38.59,1150,10,1
22.2675,38.7675,1160,0,0
22.29,39.0266666666667,1170,0,0
22.39,39.2,1180,0,0
22.463333333333296,39.26,1190,0,0
22.5,39.26,1200,0,0
22.566666666666695,39.1266666666667,1210,0,0
22.6,39.06,1220,0,0
22.6,39.0,1230,0,0
22.6,38.9666666666667,1240,0,0
22.6666666666667,38.9666666666667,1250,0,0
22.7,39.0,1260,0,0
22.6333333333333,38.933333333333294,1270,0,0
22.7,38.933333333333294,1280,0,0
22.7,39.0,1290,0,0
22.7,39.03,1300,0,0
22.7,39.09,1310,10,1
22.6,39.0,1320,20,1
22.6,39.0,1330,20,1
22.6,39.0,1340,20,1
22.6,39.0,1350,20,1
22.6,39.0,1360,30,1
22.6,39.0,1370,10,1
22.6,39.0,1380,10,1
22.6,39.1633333333333,1390,0,0
22.533333333333296,39.09,1400,0,0
22.5,39.09,1410,0,0
22.5,39.09,1420,0,0
22.463333333333296,39.09,1430,0,0
22.39,39.09,0,0,0
22.39,39.09,10,0,0
22.323333333333295,39.09,20,0,0
22.29,39.09,30,0,0
22.29,39.09,40,0,0
22.29,39.2,50,0,0
22.29,39.2,60,0,0
22.2,39.09,70,0,0
22.2,39.09,80,0,0
22.2,39.09,90,0,0
22.2,39.09,100,0,0
22.1,39.09,110,0,0
22.1,39.09,120,0,0
22.1,39.1633333333333,130,0,0
22.066666666666695,39.1633333333333,140,0,0
22.0,39.09,150,0,0
22.0,39.09,160,0,0
22.0,39.09,170,0,0
22.0,39.09,180,0,0
22.0,39.09,190,0,0
21.963333333333296,39.09,200,0,0
21.89,39.09,210,0,0
21.89,39.1633333333333,220,0,0
21.89,39.1633333333333,230,0,0
21.89,39.2,240,0,0
21.89,39.2,250,0,0
21.79,39.09,260,0,0
21.79,39.09,270,0,0
21.79,39.2,280,0,0
21.79,39.2,290,0,0
21.73,39.2,300,0,0
21.7225,39.2975,310,0,0
21.7,39.723333333333294,320,10,1
21.7,40.0,330,0,0
21.7,40.0,340,10,1
21.7,40.09,350,0,0
21.7,40.09,360,0,0
21.7,40.2,370,0,0
21.7,40.2,380,0,0
21.7,40.2,390,0,0
21.7,40.2,400,0,0
21.7,40.2,410,0,0
21.7,40.2,420,0,0
21.6,40.1566666666667,430,0,0
21.6,40.363333333333294,440,0,0
21.6,40.29,450,0,0
21.6,40.23,460,20,1
21.6,40.09,470,20,1
21.6,40.03,480,30,1
21.6,39.9,490,20,1
21.6,39.8266666666667,500,20,1
21.55,39.745,510,0,0
21.566666666666695,39.7,520,0,0
21.5,39.7,530,0,0
21.5,39.7,540,0,0
21.5,39.5666666666667,550,0,0
21.5,39.1633333333333,560,0,0
21.5,39.09,570,0,0
21.39,39.0,580,0,0
21.39,39.0,590,0,0
21.39,39.09,600,0,0
21.39,39.09,610,0,0
21.39,39.09,620,0,0
21.39,39.09,630,0,0
21.39,39.09,640,0,0
21.39,39.09,650,0,0
21.323333333333295,39.1566666666667,660,0,0
21.323333333333295,39.23,670,0,0
21.3566666666667,39.2,680,0,0
21.29,39.2,690,0,0
21.29,39.29,700,0,0
21.29,39.29,710,0,0
21.29,39.29,720,10,1
21.29,39.39,730,20,1
21.23,39.59,740,20,1
21.2,39.5,750,30,1
21.2,39.5,760,20,1
21.2,39.4666666666667,770,0,0
21.2,39.4666666666667,780,0,0
21.2,39.9,790,0,0
21.2,39.9,800,0,0
21.2,39.76,810,0,0
21.2,39.7,820,0,0
21.2,39.6633333333333,830,0,0
21.2,39.59,840,0,0
21.2,39.59,850,0,0
21.2,39.59,860,0,0
21.2,39.5,870,0,0
21.2,39.5,880,0,0
21.2,39.4666666666667,890,0,0
21.2,39.4,900,0,0
21.2,39.4,910,0,0
21.2,39.4,920,0,0
21.2,39.4,930,0,0
21.2,39.4,940,0,0
21.2,39.4,950,0,0
21.2,39.4,960,0,0
21.2,39.4666666666667,970,0,0
21.2,39.5,980,0,0
21.2,39.56,990,0,0
21.2,39.59,1000,0,0
21.26,39.6633333333333,1010,0,0
21.29,39.7,1020,0,0
21.29,39.7,1030,0,0
21.39,40.6333333333333,1040,0,0
21.463333333333296,40.7666666666667,1050,0,0
21.4266666666667,41.59666666666671,1060,0,0
21.5,45.3966666666667,1070,10,1
21.6,47.2566666666667,1080,10,1
21.625,45.7225,1090,0,0
21.7,44.433333333333294,1100,0,0
21.7,43.4233333333333,1110,0,0
21.7,42.83,1120,10,1
21.7,42.19333333333329,1130,0,0
21.76,41.933333333333294,1140,0,0
21.823333333333295,41.56,1150,0,0
21.89,41.36,1160,0,0
22.0,41.1633333333333,1170,0,0
22.066666666666695,41.03,1180,0,0
22.2,40.723333333333294,1190,0,0
22.26,40.53,1200,0,0
22.4266666666667,40.4,1210,0,0
22.5,40.2666666666667,1220,0,0
22.533333333333296,39.9666666666667,1230,0,0
22.6,39.8266666666667,1240,0,0
22.7,39.723333333333294,1250,0,0
22.7,39.53,1260,10,1
22.79,39.4666666666667,1270,0,0
22.79,39.3266666666667,1280,0,0
22.79,39.145,1290,10,1
22.79,39.06,1300,0,0
22.79,39.0,1310,0,0
22.79,38.9666666666667,1320,0,0
22.79,38.9,1330,0,0
22.7,38.9,1340,0,0
22.7,38.9,1350,0,0
22.7,38.933333333333294,1360,0,0
22.7,39.0,1370,0,0
22.6,39.0,1380,0,0
22.6,39.06,1390,0,0
22.6,39.1266666666667,1400,0,0
22.6,39.2,1410,0,0
22.5,39.2,1420,0,0
22.5,39.26,1430,0,0
22.39,39.2,0,0,0
22.39,39.2,10,0,0
22.3566666666667,39.2,20,0,0
22.29,39.2,30,0,0
22.29,39.2,40,0,0
22.29,39.2,50,0,0
22.23,39.1266666666667,60,0,0
22.2,39.09,70,0,0
22.1333333333333,39.09,80,0,0
22.1,39.09,90,0,0
22.1,39.09,100,0,0
22.0,39.09,110,0,0
22.0,39.09,120,0,0
22.0,39.09,130,0,0
21.9266666666667,39.09,140,0,0
21.89,39.09,150,0,0
21.89,39.09,160,0,0
21.8566666666667,38.9666666666667,170,0,0
21.79,38.9,180,0,0
21.79,38.9,190,0,0
21.79,38.9,200,0,0
21.7,38.9,210,0,0
21.7,38.9,220,0,0
21.7,38.9,230,0,0
21.7,38.9,240,0,0
21.65,38.79,250,0,0
21.6,38.79,260,0,0
21.6,38.73,270,0,0
21.6,38.7,280,0,0
21.533333333333296,38.7,290,0,0
21.5,38.7,300,0,0
21.5,38.7,310,0,0
21.5,38.7,320,0,0
21.5,38.6266666666667,330,0,0
21.463333333333296,38.59,340,0,0
21.39,38.53,350,0,0
21.39,38.5,360,0,0
21.39,38.5,370,0,0
21.39,38.5,380,0,0
21.323333333333295,38.5,390,0,0
21.29,38.4666666666667,400,0,0
21.29,38.4,410,0,0
21.29,38.4,420,0,0
21.23,38.4,430,0,0
21.29,38.895,440,0,0
21.29,39.29,450,0,0
21.29,39.23,460,0,0
21.29,39.09,470,10,1
21.29,39.1633333333333,480,0,0
21.29,39.1333333333333,490,0,0
21.29,38.933333333333294,500,0,0
21.29,38.7,510,0,0
21.29,38.7,520,0,0
21.29,38.7,530,0,0
21.29,38.7,540,0,0
21.29,38.7,550,0,0
21.29,38.76,560,0,0
21.29,38.933333333333294,570,0,0
21.29,39.0,580,0,0
21.39,39.09,590,0,0
21.39,39.1633333333333,600,0,0
21.39,39.23,610,0,0
21.39,39.363333333333294,620,0,0
21.39,39.4,630,0,0
21.4725,39.57,640,0,0
21.5,39.7,650,0,0
21.533333333333296,39.79,660,0,0
21.6,39.79,670,0,0
21.6333333333333,39.79,680,0,0
21.7,39.79,690,0,0
21.73,39.76,700,0,0
21.79,39.7,710,0,0
21.89,39.7,720,0,0
21.963333333333296,39.6266666666667,730,0,0
22.033333333333296,39.59,740,0,0
22.1,39.53,750,0,0
22.1333333333333,39.4,760,0,0
22.2,39.3266666666667,770,0,0
22.2,39.29,780,0,0
22.2,39.23,790,0,0
22.23,39.2,800,0,0
22.29,39.2,810,0,0
22.29,39.1633333333333,820,0,0
22.29,39.0225,830,0,0
22.29,38.933333333333294,840,0,0
22.29,38.863333333333294,850,0,0
22.3566666666667,38.79,860,0,0
22.39,38.7,870,0,0
22.39,38.6266666666667,880,0,0
22.39,38.56,890,0,0
22.39,38.5,900,0,0
22.39,38.4666666666667,910,0,0
22.39,38.4,920,0,0
22.39,38.29,930,0,0
22.323333333333295,38.29,940,0,0
22.3566666666667,38.29,950,0,0
22.29,38.29,960,0,0
22.29,38.29,970,0,0
22.29,38.29,980,0,0
22.29,38.26,990,0,0
22.29,38.2,1000,0,0
22.29,38.2,1010,0,0
22.29,38.2,1020,0,0
22.245,38.145,1030,0,0
22.2,38.2,1040,0,0
22.2,38.2,1050,0,0
22.2,38.2,1060,0,0
22.2,38.2,1070,0,0
22.1333333333333,38.2,1080,0,0
22.1333333333333,38.2,1090,0,0
22.1,38.1633333333333,1100,0,0
22.1,38.1633333333333,1110,0,0
22.1,38.2,1120,0,0
22.033333333333296,38.1266666666667,1130,0,0
22.0,38.09,1140,0,0
22.0,38.09,1150,0,0
22.0,38.09,1160,0,0
22.0,38.09,1170,0,0
22.0,38.09,1180,0,0
22.0,38.09,1190,0,0
21.89,38.09,1200,0,0
21.89,38.09,1210,0,0
21.89,38.2,1220,0,0
21.89,38.2,1230,0,0
21.823333333333295,38.2,1240,0,0
21.79,38.2,1250,0,0
21.79,38.2,1260,0,0
21.79,38.23,1270,0,0
21.79,38.29,1280,0,0
21.76,38.29,1290,0,0
21.7,38.29,1300,0,0
21.7,38.4,1310,0,0
21.7,38.4,1320,0,0
21.7,38.433333333333294,1330,0,0
21.7,38.5,1340,0,0
21.7,38.5,1350,0,0
21.7,38.56,1360,0,0
21.6,38.5,1370,0,0
21.6,38.56,1380,0,0
21.6,38.59,1390,0,0
21.6,38.59,1400,0,0
21.6,38.59,1410,0,0
21.6,38.59,1420,0,0
21.533333333333296,38.59,1430,0,0
21.5,38.6266666666667,0,0,0
21.5,38.7,10,0,0
21.5,38.7,20,0,0
21.5,38.7,30,0,0
21.5,38.7,40,0,0
21.5,38.76,50,0,0
21.39,38.7,60,0,0
21.39,38.7,70,0,0
21.39,38.73,80,0,0
21.39,38.79,90,0,0
21.39,38.79,100,0,0
21.39,38.79,110,0,0
21.39,38.79,120,0,0
21.39,38.863333333333294,130,0,0
21.29,38.9,140,0,0
21.29,38.9,150,0,0
21.29,38.9,160,0,0
21.29,38.9,170,0,0
21.29,38.95,180,0,0
21.29,39.0,190,0,0
21.29,39.0,200,0,0
21.2,38.9,210,0,0
21.2,38.9,220,0,0
21.2,38.9,230,0,0
21.2,38.9,240,0,0
21.2,38.9,250,0,0
21.2,38.9,260,0,0
21.2,39.0,270,0,0
21.2,39.0,280,0,0
21.2,39.0,290,0,0
21.2,38.933333333333294,300,0,0
21.2,38.933333333333294,310,0,0
21.2,39.0,320,0,0
21.1666666666667,39.0,330,0,0
21.1,39.0,340,0,0
21.1,39.0,350,0,0
21.1,39.0,360,0,0
21.1,39.0,370,0,0
21.1,39.0,380,0,0
21.033333333333296,39.0,390,0,0
21.1,39.0,400,0,0
21.1,39.06,410,0,0
21.0,39.0,420,0,0
21.066666666666695,39.06,430,0,0
21.0,39.09,440,0,0
21.0,39.09,450,0,0
21.0,39.09,460,0,0
21.0,39.1633333333333,470,0,0
21.0,39.2,480,0,0
21.0,39.2,490,0,0
21.0,39.2,500,0,0
21.0,39.26,510,0,0
21.0,39.29,520,0,0
21.0,39.29,530,0,0
21.0,39.3266666666667,540,0,0
20.9266666666667,39.4,550,0,0
20.963333333333296,39.4,560,0,0
20.89,39.4,570,0,0
20.89,39.4,580,0,0
20.89,39.4,590,0,0
20.89,39.4,600,0,0
20.89,39.4,610,0,0
20.89,39.4,620,0,0
20.89,39.4,630,0,0
20.89,39.4,640,0,0
20.89,39.4,650,0,0
20.89,39.4666666666667,660,0,0
20.89,39.4,670,0,0
20.89,39.4,680,0,0
20.89,39.4,690,0,0
20.89,39.4,700,0,0
20.89,39.4,710,0,0
20.89,39.4,720,0,0
20.9266666666667,39.4,730,0,0
20.9266666666667,39.4,740,0,0
21.0,39.5,750,0,0
21.0,39.5,760,0,0
21.0,39.5,770,0,0
21.0,39.5,780,0,0
21.0,39.5,790,0,0
21.033333333333296,39.53,800,0,0
21.1,39.59,810,0,0
21.1,39.59,820,0,0
21.033333333333296,39.6633333333333,830,0,0
21.033333333333296,39.6266666666667,840,0,0
21.1,39.7,850,0,0
21.1,39.7,860,0,0
21.1,39.76,870,0,0
21.1,39.79,880,0,0
21.1666666666667,39.79,890,0,0
21.2,39.79,900,0,0
21.2,39.79,910,0,0
21.2,39.8266666666667,920,0,0
21.2,39.9,930,0,0
21.1,39.9,940,0,0
21.1666666666667,39.9,950,0,0
21.1,39.9,960,0,0
21.1333333333333,39.933333333333294,970,0,0
21.2,40.0,980,0,0
21.2,40.0,990,0,0
21.2,40.0,1000,0,0
21.2,40.0,1010,0,0
21.2,40.0,1020,0,0
21.2,40.0,1030,0,0
21.2,40.0,1040,0,0
21.1666666666667,40.03,1050,0,0
21.1666666666667,40.09,1060,0,0
21.1333333333333,40.09,1070,0,0
21.2,40.1633333333333,1080,0,0
21.2,40.23,1090,0,0
21.2,40.23,1100,0,0
21.2,40.29,1110,0,0
21.1333333333333,40.29,1120,0,0
21.1666666666667,40.4,1130,0,0
21.1,40.4,1140,0,0
21.1,40.45,1150,0,0
21.1,40.53,1160,0,0
21.1,40.59,1170,0,0
21.1,40.6266666666667,1180,0,0
21.1,40.7,1190,0,0
21.1,40.79,1200,0,0
21.1,40.79,1210,0,0
21.1,40.8266666666667,1220,0,0
21.1,40.9,1230,0,0
21.1,40.9,1240,0,0
21.033333333333296,40.9,1250,0,0
21.1,41.0,1260,0,0
21.1,41.06,1270,0,0
21.033333333333296,41.03,1280,0,0
21.033333333333296,41.09,1290,0,0
21.033333333333296,41.1266666666667,1300,0,0
21.033333333333296,41.1266666666667,1310,0,0
21.0,41.1266666666667,1320,0,0
21.0,41.2,1330,0,0
21.0,41.2,1340,0,0
21.0,41.2675,1350,0,0
21.0,41.29,1360,0,0
21.0,41.4,1370,0,0
21.0,41.4,1380,0,0
21.0,41.5,1390,0,0
21.0,41.5,1400,0,0
21.0,41.59,1410,0,0
20.9266666666667,41.59,1420,0,0
20.89,41.6266666666667,1430,0,0
20.89,41.7,0,0,0
20.89,41.73,10,0,0
20.89,41.79,20,0,0
20.89,41.8266666666667,30,0,0
20.89,41.9,40,0,0
20.89,41.933333333333294,50,0,0
20.89,42.0,60,0,0
20.89,42.03,70,0,0
20.89,42.09,80,0,0
20.89,42.09,90,0,0
20.89,42.1175,100,0,0
20.89,42.2,110,0,0
20.89,42.29,120,0,0
20.89,42.29,130,0,0
20.89,42.433333333333294,140,0,0
20.89,42.5,150,0,0
20.89,42.5,160,0,0
20.89,42.56,170,0,0
20.89,42.7,180,0,0
20.89,42.7,190,0,0
20.89,42.73,200,0,0
20.823333333333295,42.73,210,0,0
20.79,42.79,220,0,0
20.79,42.79,230,0,0
20.79,42.933333333333294,240,0,0
20.79,43.0,250,0,0
20.79,42.9666666666667,260,0,0
20.79,42.9666666666667,270,0,0
20.79,43.03,280,0,0
20.79,43.09,290,0,0
20.79,43.09,300,0,0
20.79,43.1266666666667,310,0,0
20.79,43.2,320,0,0
20.79,43.23,330,0,0
20.79,43.29,340,0,0
20.79,43.26,350,0,0
20.79,43.26,360,0,0
20.79,43.3266666666667,370,0,0
20.79,43.4,380,0,0
20.79,43.29,390,0,0
20.79,43.29,400,0,0
20.79,43.29,410,0,0
20.79,43.363333333333294,420,0,0
20.79,43.4,430,0,0
20.79,43.4,440,0,0
20.79,43.4,450,0,0
20.79,43.4,460,0,0
20.79,43.433333333333294,470,0,0
20.79,43.5,480,0,0
20.79,43.5,490,0,0
20.79,43.5,500,0,0
20.79,43.5,510,0,0
20.823333333333295,43.53,520,0,0
20.823333333333295,43.53,530,0,0
20.823333333333295,43.463333333333296,540,0,0
20.89,43.59,550,0,0
20.89,43.6266666666667,560,0,0
20.89,43.7,570,0,0
20.89,43.79,580,0,0
20.963333333333296,43.79,590,0,0
21.0,43.9,600,0,0
21.0,43.9,610,0,0
21.1,44.0,620,0,0
21.1,44.0,630,0,0
21.2,44.0,640,0,0
21.2,44.0,650,0,0
21.23,43.933333333333294,660,0,0
21.29,44.0,670,0,0
21.323333333333295,43.9,680,0,0
21.4175,43.9,690,0,0
21.5,43.9,700,0,0
21.533333333333296,43.863333333333294,710,0,0
21.6,43.73,720,0,0
21.7,43.6633333333333,730,0,0
21.76,43.53,740,0,0
21.89,43.4666666666667,750,0,0
21.963333333333296,43.3266666666667,760,0,0
22.0,43.1633333333333,770,0,0
22.066666666666695,43.1633333333333,780,0,0
22.1333333333333,43.09,790,0,0
22.2,43.09,800,0,0
22.29,43.06,810,0,0
22.3566666666667,42.933333333333294,820,0,0
22.39,42.79,830,0,0
22.463333333333296,42.79,840,0,0
22.533333333333296,42.7,850,0,0
22.6,42.6266666666667,860,0,0
22.6,42.5,870,0,0
22.6,42.475,880,0,0
22.6666666666667,42.4666666666667,890,0,0
22.6333333333333,42.433333333333294,900,0,0
22.7,42.5,910,0,0
22.7,42.5,920,0,0
22.7,42.5,930,0,0
22.7,42.5,940,0,0
22.7,42.5,950,0,0
22.7,42.4,960,0,0
22.7,42.4666666666667,970,0,0
22.7,42.5,980,0,0
22.7,42.5,990,0,0
22.7,42.5,1000,0,0
22.7,42.5,1010,0,0
22.6,42.4,1020,0,0
22.6,42.4666666666667,1030,0,0
22.5,42.53,1040,0,0
22.5,42.6633333333333,1050,0,0
22.5,42.9,1060,0,0
22.5,42.9,1070,0,0
22.445,42.9,1080,0,0
22.39,42.933333333333294,1090,0,0
22.39,43.06,1100,0,0
22.39,43.1566666666667,1110,0,0
22.39,43.49,1120,10,1
22.39,43.7,1130,0,0
22.39,43.7,1140,0,0
22.39,43.7,1150,0,0
22.39,43.76,1160,0,0
22.29,43.933333333333294,1170,10,1
22.29,44.0,1180,0,0
22.29,44.1266666666667,1190,0,0
22.29,44.26,1200,0,0
22.26,44.29,1210,0,0
22.2,44.363333333333294,1220,0,0
22.2,44.53,1230,0,0
22.2,44.59,1240,0,0
22.2,44.73,1250,10,1
22.2,44.79,1260,0,0
22.2,44.933333333333294,1270,0,0
22.2,45.0,1280,10,1
22.2,45.06,1290,0,0
22.2,45.0,1300,10,1
22.2,45.0,1310,0,0
22.2,44.9,1320,0,0
22.2,44.8266666666667,1330,0,0
22.2,44.76,1340,0,0
22.2,44.7,1350,10,1
22.1333333333333,44.7,1360,0,0
22.1333333333333,44.6266666666667,1370,0,0
22.1,44.59,1380,0,0
22.1,44.59,1390,0,0
22.1,44.59,1400,10,1
22.1,44.59,1410,0,0
22.1,44.59,1420,0,0
22.1,44.59,1430,0,0
22.1,44.59,0,0,0
22.033333333333296,44.53,10,0,0
22.0,44.4666666666667,20,10,1
22.0,44.4666666666667,30,0,0
22.0,44.45,40,0,0
22.0,44.5,50,0,0
21.9266666666667,44.5,60,0,0
22.0,44.5,70,0,0
21.9266666666667,44.5,80,0,0
21.963333333333296,44.5,90,0,0
21.89,44.5,100,0,0
21.89,44.5,110,10,1
21.89,44.5,120,0,0
21.89,44.5,130,0,0
21.89,44.56,140,0,0
21.89,44.53,150,0,0
21.89,44.59,160,0,0
21.8566666666667,44.56,170,0,0
21.79,44.5,180,0,0
21.79,44.5,190,0,0
21.79,44.5,200,0,0
21.79,44.5,210,0,0
21.79,44.5,220,0,0
21.79,44.5,230,0,0
21.76,44.59,240,0,0
21.7,44.59,250,0,0
21.7,44.59,260,0,0
21.7,44.59,270,0,0
21.7,44.59,280,0,0
21.7,44.59,290,0,0
21.7,44.59,300,0,0
21.7,44.59,310,0,0
21.7,44.59,320,0,0
21.7,44.53,330,0,0
21.6,44.5,340,0,0
21.6,44.433333333333294,350,0,0
21.6,44.4,360,0,0
21.6,44.3266666666667,370,0,0
21.6,44.29,380,0,0
21.6,44.29,390,20,1
21.5,44.36,400,10,1
21.566666666666695,44.56,410,0,0
21.6,44.79,420,20,1
21.6,44.9925,430,10,1
21.6,45.1333333333333,440,10,1
21.6666666666667,45.1633333333333,450,10,1
21.6,45.1633333333333,460,30,1
21.6,45.26,470,10,1
21.6,45.2,480,20,1
21.6,45.2,490,0,0
21.6,45.2,500,10,1
21.6,45.26,510,0,0
21.6,45.2,520,10,1
21.6,45.2666666666667,530,0,0
21.533333333333296,45.4,540,0,0
21.533333333333296,45.4666666666667,550,10,1
21.533333333333296,45.5266666666667,560,0,0
21.533333333333296,45.8266666666667,570,10,1
21.6,45.9666666666667,580,0,0
21.6,46.39,590,10,1
21.6666666666667,46.6633333333333,600,0,0
21.7,46.59,610,10,1
21.76,46.53,620,10,1
21.79,46.3,630,0,0
21.79,45.93,640,10,1
21.79,45.73,650,0,0
21.89,45.9,660,10,1
21.89,45.9666666666667,670,0,0
22.0,46.03,680,0,0
22.066666666666695,46.1633333333333,690,0,0
22.1333333333333,46.2666666666667,700,0,0
22.2,46.5266666666667,710,0,0
22.323333333333295,46.4233333333333,720,0,0
22.39,45.963333333333296,730,10,1
22.39,45.5633333333333,740,0,0
22.39,45.09666666666671,750,0,0
22.5,44.7966666666667,760,10,1
22.5,44.53,770,10,1
22.5,43.5633333333333,780,0,0
22.4266666666667,42.5633333333333,790,10,1
22.39,42.33,800,10,1
22.463333333333296,42.9233333333333,810,0,0
22.6,43.4,820,10,1
22.625,43.525,830,10,1
22.7,43.6266666666667,840,0,0
22.79,43.46,850,10,1
22.79,42.9266666666667,860,10,1
22.79,41.7333333333333,870,0,0
22.73,40.9266666666667,880,10,1
22.7,40.933333333333294,890,0,0
22.76,42.1333333333333,900,10,1
22.89,43.1333333333333,910,0,0
22.89,43.4666666666667,920,0,0
23.0,43.83333333333329,930,10,1
23.0,43.16666666666671,940,0,0
22.9266666666667,43.0,950,0,0
23.0,44.393333333333295,960,0,0
23.033333333333296,46.5933333333333,970,0,0
23.1,48.66666666666671,980,0,0
23.323333333333295,49.7566666666667,990,10,1
23.39,49.09,1000,20,1
23.4266666666667,49.6633333333333,1010,20,1
23.5,49.47,1020,30,1
23.5,49.03,1030,20,1
23.5,48.49,1040,30,1
23.5,48.1566666666667,1050,10,1
23.5,47.933333333333294,1060,0,0
23.5,48.0,1070,0,0
23.533333333333296,48.09666666666671,1080,10,1
23.6,48.23,1090,0,0
23.6,48.09666666666671,1100,0,0
23.6,49.23,1110,10,1
23.6666666666667,49.4933333333333,1120,0,0
23.6,48.433333333333294,1130,0,0
23.566666666666695,47.66,1140,0,0
23.5,47.2666666666667,1150,0,0
23.5,46.83333333333329,1160,0,0
23.5,46.6266666666667,1170,0,0
23.5,46.363333333333294,1180,0,0
23.4266666666667,46.09666666666671,1190,0,0
23.39,45.9666666666667,1200,0,0
23.39,45.9,1210,0,0
23.34,45.645,1220,0,0
23.29,45.59,1230,0,0
23.29,45.53,1240,0,0
23.29,45.4,1250,10,1
23.29,45.4666666666667,1260,0,0
23.2,45.6266666666667,1270,0,0
23.2,45.7,1280,0,0
23.1,45.6633333333333,1290,0,0
23.1,45.53,1300,0,0
23.066666666666695,45.363333333333294,1310,0,0
23.0,45.23,1320,0,0
22.963333333333296,45.09,1330,0,0
22.89,45.03,1340,0,0
22.8566666666667,44.93,1350,0,0
22.79,44.79,1360,0,0
22.79,44.7,1370,0,0
22.79,44.6266666666667,1380,0,0
22.7,44.56,1390,0,0
22.7,44.5,1400,0,0
22.7,44.4666666666667,1410,0,0
22.7,44.4,1420,0,0
22.6333333333333,44.2666666666667,1430,0,0
22.6,44.2,0,0,0
22.6,44.2,10,0,0
22.6,44.09,20,0,0
22.6,44.09,30,0,0
22.566666666666695,44.09,40,0,0
22.5,44.09,50,0,0
22.5,44.09,60,0,0
22.5,44.09,70,0,0
22.5,44.0,80,0,0
22.5,44.0,90,0,0
22.39,43.9,100,0,0
22.39,43.9,110,0,0
22.39,43.863333333333294,120,0,0
22.39,43.79,130,0,0
22.39,43.79,140,0,0
22.39,43.79,150,0,0
22.29,43.79,160,0,0
22.29,43.79,170,0,0
22.29,43.79,180,0,0
22.29,43.79,190,0,0
22.23,43.73,200,0,0
22.2,43.7,210,0,0
22.2,43.7,220,0,0
22.2,43.76,230,0,0
22.2,43.7,240,0,0
22.2,43.73,250,0,0
22.2,43.79,260,0,0
22.2,43.79,270,0,0
22.1333333333333,43.79,280,0,0
22.1666666666667,43.79,290,0,0
22.1,43.79,300,0,0
22.1,43.79,310,0,0
22.1,43.79,320,0,0
22.1,43.79,330,0,0
22.1,43.863333333333294,340,0,0
22.1,43.9,350,0,0
22.1,43.9,360,0,0
22.0,43.79,370,10,1
22.0,43.845,380,0,0
22.0,44.1233333333333,390,20,1
22.0,44.26,400,20,1
22.066666666666695,44.26,410,30,1
22.033333333333296,44.463333333333296,420,20,1
22.1,44.59,430,20,1
22.1,44.8266666666667,440,0,0
22.1666666666667,44.9,450,10,1
22.2,44.76,460,0,0
22.2,44.5666666666667,470,10,1
22.2,44.363333333333294,480,0,0
22.2,44.49,490,0,0
22.2,44.6,500,10,1
22.1333333333333,44.5266666666667,510,0,0
22.1333333333333,44.39,520,0,0
22.2,44.7966666666667,530,10,1
22.2,44.79,540,0,0
22.2,44.73,550,0,0
22.23,44.56,560,10,1
22.2225,44.2475,570,0,0
22.2,43.963333333333296,580,0,0
22.26,43.7966666666667,590,10,1
22.2,43.53,600,0,0
22.2,43.16,610,0,0
22.2,42.6333333333333,620,10,1
22.1333333333333,42.76,630,0,0
22.1333333333333,42.5666666666667,640,10,1
22.1,42.4666666666667,650,10,1
22.1,42.4666666666667,660,0,0
22.1,42.3266666666667,670,10,1
22.033333333333296,42.3266666666667,680,10,1
22.1,42.79,690,10,1
22.1,42.863333333333294,700,0,0
22.1,42.9,710,10,1
22.1,42.9,720,10,1
22.1,42.59,730,0,0
22.1,42.59,740,10,1
22.1,42.56,750,10,1
22.1,42.433333333333294,760,0,0
22.1,42.45,770,10,1
22.066666666666695,42.1633333333333,780,0,0
22.066666666666695,42.223333333333294,790,10,1
22.1,42.2666666666667,800,10,1
22.1,42.3266666666667,810,10,1
22.1333333333333,42.36,820,20,1
22.1333333333333,41.69333333333329,830,20,1
22.1333333333333,41.793333333333294,840,10,1
22.2,42.33333333333329,850,10,1
22.2,42.4666666666667,860,10,1
22.2,42.2666666666667,870,10,1
22.26,41.863333333333294,880,0,0
22.26,41.53,890,0,0
22.2,40.3,900,10,1
22.2,40.893333333333295,910,0,0
22.2,41.2666666666667,920,0,0
22.26,41.3266666666667,930,10,1
22.29,41.0266666666667,940,0,0
22.3566666666667,40.7666666666667,950,0,0
22.39,40.59,960,10,1
22.4175,40.9975,970,0,0
22.4266666666667,40.7333333333333,980,0,0
22.29,40.6333333333333,990,0,0
22.3566666666667,40.56,1000,0,0
22.39,40.6566666666667,1010,10,1
22.39,40.93,1020,0,0
22.5,41.23,1030,0,0
22.5,41.43,1040,0,0
22.6333333333333,42.8,1050,0,0
22.7,45.4666666666667,1060,0,0
22.823333333333295,46.36,1070,0,0
22.89,46.36,1080,0,0
22.9266666666667,45.9233333333333,1090,0,0
23.0,45.39,1100,0,0
23.0,44.99,1110,0,0
22.9266666666667,44.73,1120,0,0
22.9266666666667,44.5266666666667,1130,0,0
22.9266666666667,44.2666666666667,1140,0,0
22.89,44.0266666666667,1150,0,0
22.963333333333296,43.8266666666667,1160,0,0
23.0,43.6,1170,0,0
23.0,43.223333333333294,1180,0,0
23.0,42.89,1190,10,1
23.0,42.6633333333333,1200,0,0
23.0,42.59,1210,10,1
23.0,42.4666666666667,1220,0,0
23.0,42.3266666666667,1230,10,1
23.0,42.1633333333333,1240,0,0
23.0,42.03,1250,10,1
23.1,42.06,1260,0,0
23.033333333333296,41.933333333333294,1270,10,1
23.066666666666695,41.9,1280,0,0
23.0,41.9666666666667,1290,0,0
23.0,41.9,1300,0,0
23.0,41.9,1310,10,1
23.0,41.76,1320,0,0
22.9266666666667,41.7,1330,0,0
22.89,41.59,1340,0,0
22.89,41.53,1350,0,0
22.84,41.45,1360,0,0
22.79,41.29,1370,0,0
22.79,41.23,1380,0,0
22.79,41.2,1390,10,1
22.73,41.2,1400,0,0
22.7,41.09,1410,0,0
22.7,41.09,1420,0,0
22.6333333333333,41.03,1430,0,0
22.6333333333333,41.03,0,0,0
22.6,41.0,10,0,0
22.6,41.0,20,0,0
22.6,41.0,30,0,0
22.533333333333296,41.0,40,10,1
22.5,41.0,50,0,0
22.5,41.0,60,0,0
22.39,40.9,70,0,0
22.39,40.9,80,0,0
22.39,40.9,90,0,0
22.39,40.8266666666667,100,0,0
22.29,40.9,110,0,0
22.29,40.9,120,0,0
22.29,40.9,130,0,0
22.2,40.79,140,0,0
22.2,40.79,150,10,1
22.2,40.8266666666667,160,0,0
22.2,40.9,170,0,0
22.1666666666667,40.9,180,0,0
22.1,40.9,190,0,0
22.1,40.9,200,0,0
22.1,40.9,210,0,0
22.066666666666695,40.863333333333294,220,0,0
22.066666666666695,40.93,230,0,0
22.0,40.9,240,0,0
22.0,40.9,250,0,0
21.963333333333296,40.933333333333294,260,0,0
21.963333333333296,41.0,270,0,0
21.963333333333296,41.0,280,0,0
21.89,41.0,290,0,0
21.89,41.09,300,0,0
21.89,41.09,310,0,0
21.84,41.045,320,0,0
21.79,41.0,330,0,0
21.79,41.06,340,0,0
21.79,41.09,350,0,0
21.79,41.09,360,0,0
21.76,41.2,370,0,0
21.7,41.2,380,0,0
21.7,41.2,390,0,0
21.7,41.26,400,0,0
21.7,41.23,410,0,0
21.7,41.363333333333294,420,0,0
21.7,41.66666666666671,430,10,1
21.76,42.2,440,0,0
21.79,42.39,450,30,1
21.79,42.53,460,20,1
21.79,42.26,470,30,1
21.79,42.1266666666667,480,30,1
21.79,41.9666666666667,490,20,1
21.8566666666667,41.9,500,30,1
21.89,41.995,510,20,1
21.89,42.1266666666667,520,20,1
21.89,42.26,530,0,0
21.89,42.433333333333294,540,0,0
21.89,42.5,550,0,0
21.89,42.7666666666667,560,0,0
21.963333333333296,42.9666666666667,570,10,1
22.0,43.1266666666667,580,0,0
21.9266666666667,43.26,590,0,0
21.9266666666667,43.59,600,0,0
22.0,44.863333333333294,610,0,0
22.0,45.3966666666667,620,10,1
22.0,45.323333333333295,630,0,0
22.0,45.0933333333333,640,0,0
22.0,44.55,650,20,1
22.0,43.863333333333294,660,20,1
22.0,43.463333333333296,670,0,0
22.0,43.4,680,0,0
22.0,42.9475,690,0,0
21.9266666666667,42.6566666666667,700,0,0
21.89,42.363333333333294,710,0,0
21.963333333333296,42.1566666666667,720,10,1
21.963333333333296,42.1333333333333,730,0,0
21.89,42.5266666666667,740,0,0
22.0,42.56,750,10,1
22.066666666666695,42.56,760,0,0
22.066666666666695,42.4,770,20,1
22.0,42.0,780,20,1
22.0,41.723333333333294,790,30,1
22.0,41.53,800,20,1
22.0,41.345,810,20,1
22.0,41.23,820,30,1
22.0,41.09,830,20,1
21.9266666666667,41.03,840,20,1
21.89,41.0,850,20,1
21.89,40.933333333333294,860,20,1
21.963333333333296,40.9,870,0,0
21.945,40.9,880,10,1
21.89,40.9666666666667,890,0,0
21.89,41.0,900,0,0
21.89,41.0,910,0,0
21.89,41.09,920,0,0
21.89,41.1633333333333,930,0,0
21.89,41.29,940,0,0
21.89,41.29,950,0,0
21.89,41.29,960,0,0
21.823333333333295,41.29,970,0,0
21.79,41.29,980,0,0
21.8566666666667,41.43,990,0,0
21.89,42.43,1000,0,0
21.89,42.29,1010,0,0
21.79,42.23,1020,0,0
21.79,42.363333333333294,1030,0,0
21.8566666666667,42.4666666666667,1040,0,0
21.79,42.3266666666667,1050,0,0
21.823333333333295,42.1266666666667,1060,0,0
21.823333333333295,42.0666666666667,1070,0,0
21.89,41.995,1080,0,0
21.89,42.6966666666667,1090,0,0
21.89,43.4233333333333,1100,0,0
22.0,42.8266666666667,1110,0,0
22.0,44.0266666666667,1120,10,1
22.066666666666695,47.7333333333333,1130,10,1
22.1333333333333,48.4666666666667,1140,10,1
22.1,47.6,1150,20,1
22.1,47.3266666666667,1160,30,1
22.1,46.76333333333329,1170,20,1
22.1,46.03,1180,30,1
22.1,45.1333333333333,1190,20,1
22.1,44.8,1200,30,1
22.066666666666695,44.33333333333329,1210,20,1
22.0,43.8,1220,30,1
22.0,43.2966666666667,1230,20,1
22.0,42.963333333333296,1240,30,1
22.0,42.76,1250,10,1
21.9266666666667,42.5,1260,10,1
21.963333333333296,42.4566666666667,1270,0,0
21.89,42.7225,1280,0,0
21.89,42.6266666666667,1290,0,0
21.79,42.53,1300,0,0
21.79,42.53,1310,0,0
21.76,42.4,1320,0,0
21.7,42.3266666666667,1330,0,0
21.7,42.1633333333333,1340,10,1
21.7,42.03,1350,0,0
21.6666666666667,41.9666666666667,1360,0,0
21.6,41.9,1370,0,0
21.566666666666695,41.9,1380,0,0
21.5,41.8266666666667,1390,0,0
21.5,41.9,1400,0,0
21.5,41.9,1410,0,0
21.5,41.863333333333294,1420,0,0
21.4266666666667,41.79,1430,0,0
21.39,41.7,0,0,0
21.39,41.76,10,0,0
21.39,41.7,20,0,0
21.39,41.7,30,0,0
21.39,41.7,40,0,0
21.3566666666667,41.7,50,0,0
21.3566666666667,41.7,60,0,0
21.29,41.7,70,0,0
21.29,41.6266666666667,80,0,0
21.29,41.59,90,0,0
21.29,41.59,100,0,0
21.2,41.5,110,0,0
21.2,41.5,120,0,0
21.2,41.4,130,0,0
21.2,41.4,140,0,0
21.2,41.4,150,0,0
21.2,41.4,160,0,0
21.2,41.4,170,0,0
21.1333333333333,41.4,180,0,0
21.1,41.363333333333294,190,0,0
21.1,41.29,200,0,0
21.1,41.29,210,0,0
21.1,41.29,220,0,0
21.0,41.2,230,0,0
21.033333333333296,41.1266666666667,240,0,0
21.033333333333296,41.1266666666667,250,0,0
21.0,41.09,260,0,0
21.0,41.09,270,0,0
21.0,41.09,280,0,0
20.9266666666667,41.03,290,0,0
20.89,41.0,300,0,0
20.89,41.0,310,0,0
20.89,41.0,320,0,0
20.89,41.0,330,0,0
20.89,41.0,340,0,0
20.89,41.0,350,0,0
20.79,40.79,360,0,0
20.79,40.79,370,0,0
20.79,40.79,380,0,0
20.79,40.79,390,0,0
20.79,40.79,400,0,0
20.79,40.93,410,0,0
20.79,41.245,420,0,0
20.823333333333295,41.36,430,0,0
20.89,41.5,440,0,0
20.89,41.5,450,10,1
20.89,41.36,460,10,1
20.89,41.3,470,0,0
20.89,41.433333333333294,480,0,0
20.89,41.29,490,0,0
20.89,41.23,500,0,0
20.89,41.29,510,0,0
20.89,41.29,520,0,0
21.0,41.433333333333294,530,0,0
21.0,41.433333333333294,540,0,0
21.0,41.4,550,0,0
21.0,41.4,560,0,0
21.0,41.29,570,0,0
21.0,41.23,580,0,0
21.1,41.3266666666667,590,0,0
21.1,41.4666666666667,600,0,0
21.2,41.4,610,0,0
21.2,41.3725,620,0,0
21.2,41.23,630,0,0
21.29,41.29,640,0,0
21.29,41.23,650,0,0
21.323333333333295,41.1633333333333,660,0,0
21.39,41.09,670,0,0
21.39,41.06,680,0,0
21.39,40.933333333333294,690,0,0
21.5,40.9666666666667,700,0,0
21.5,40.9,710,0,0
21.6,40.7,720,0,0
21.6,40.6266666666667,730,0,0
21.6,40.5,740,0,0
21.6666666666667,40.5,750,0,0
21.7,40.4,760,0,0
21.76,40.3266666666667,770,0,0
21.823333333333295,40.23,780,0,0
21.89,40.1566666666667,790,0,0
21.89,40.06,800,0,0
21.9175,40.0,810,0,0
22.0,40.0,820,0,0
22.0,39.9666666666667,830,0,0
22.066666666666695,39.9,840,0,0
22.1333333333333,39.9,850,0,0
22.2,39.9,860,0,0
22.2,39.863333333333294,870,0,0
22.2,39.73,880,0,0
22.29,39.79,890,0,0
22.29,39.73,900,0,0
22.29,39.6633333333333,910,0,0
22.29,39.59,920,0,0
22.29,39.53,930,0,0
22.3566666666667,39.59,940,0,0
22.39,39.7,950,0,0
22.39,39.6266666666667,960,0,0
22.39,39.5,970,0,0
22.39,39.433333333333294,980,0,0
22.39,39.4,990,0,0
22.39,39.4,1000,0,0
22.39,39.29,1010,0,0
22.39,39.2,1020,0,0
22.39,39.2,1030,0,0
22.39,39.1633333333333,1040,0,0
22.39,39.09,1050,0,0
22.39,39.09,1060,0,0
22.39,39.09,1070,0,0
22.323333333333295,39.06,1080,0,0
22.323333333333295,38.933333333333294,1090,0,0
22.29,38.9,1100,0,0
22.29,38.8266666666667,1110,0,0
22.26,38.76,1120,0,0
22.2,38.7,1130,0,0
22.2,38.76,1140,0,0
22.2,38.7,1150,0,0
22.2,38.56,1160,0,0
22.2,38.56,1170,20,1
22.2,38.7,1180,20,1
22.1333333333333,38.7,1190,30,1
22.1,38.6633333333333,1200,0,0
22.1,38.59,1210,0,0
22.1,38.59,1220,0,0
22.1,38.59,1230,0,0
22.1,38.6633333333333,1240,0,0
22.066666666666695,38.59,1250,0,0
22.0,38.59,1260,0,0
22.0,38.56,1270,0,0
22.0,38.5,1280,0,0
22.0,38.5,1290,0,0
22.0,38.5,1300,10,1
21.963333333333296,38.5,1310,0,0
21.89,38.56,1320,0,0
21.89,38.53,1330,0,0
21.89,38.53,1340,0,0
21.89,38.5,1350,10,1
21.823333333333295,38.5,1360,0,0
21.79,38.5,1370,0,0
21.79,38.5,1380,0,0
21.76,38.59,1390,0,0
21.7,38.59,1400,0,0
21.7,38.6633333333333,1410,0,0
21.7,38.7,1420,0,0
21.7,38.7,1430,0,0
21.6666666666667,38.79,0,0,0
21.6,38.79,10,0,0
21.6,38.9,20,0,0
21.6,38.9666666666667,30,0,0
21.566666666666695,39.0,40,0,0
21.566666666666695,39.06,50,0,0
21.5,39.09,60,0,0
21.5,39.09,70,0,0
21.5,39.2,80,0,0
21.5,39.2,90,0,0
21.5,39.29,100,0,0
21.5,39.29,110,0,0
21.4266666666667,39.2666666666667,120,0,0
21.4266666666667,39.3266666666667,130,0,0
21.39,39.29,140,0,0
21.39,39.363333333333294,150,0,0
21.34,39.4,160,0,0
21.39,39.4,170,0,0
21.323333333333295,39.4,180,0,0
21.29,39.4,190,0,0
21.29,39.4666666666667,200,0,0
21.29,39.5,210,0,0
21.29,39.5,220,0,0
21.26,39.4666666666667,230,0,0
21.2,39.4,240,0,0
21.2,39.4,250,0,0
21.2,39.4666666666667,260,0,0
21.2,39.5,270,0,0
21.2,39.5,280,0,0
21.2,39.53,290,0,0
21.2,39.59,300,0,0
21.1,39.59,310,0,0
21.1,39.59,320,0,0
21.1,39.59,330,0,0
21.1,39.59,340,0,0
21.1,39.59,350,0,0
21.0,39.5,360,0,0
21.0,39.5,370,0,0
21.0,39.5,380,0,0
21.0,39.5,390,0,0
21.0,39.5,400,0,0
20.9266666666667,39.5,410,0,0
21.0,39.7666666666667,420,0,0
21.0,40.0266666666667,430,0,0
21.0,40.29,440,0,0
21.0,40.29,450,0,0
21.033333333333296,40.66666666666671,460,0,0
21.1,41.1266666666667,470,0,0
21.1,41.2666666666667,480,0,0
21.1,41.4666666666667,490,0,0
21.1,41.26,500,10,1
21.1666666666667,41.0666666666667,510,0,0
21.2,40.76,520,0,0
21.1333333333333,40.6266666666667,530,0,0
21.2,40.73,540,0,0
21.1333333333333,40.79,550,0,0
21.1,40.645,560,0,0
21.1333333333333,40.56,570,0,0
21.2,40.69333333333329,580,0,0
21.1666666666667,39.9233333333333,590,0,0
21.1,39.463333333333296,600,0,0
21.1,39.433333333333294,610,0,0
21.033333333333296,39.5,620,0,0
21.033333333333296,39.6266666666667,630,0,0
21.1,39.83333333333329,640,0,0
21.1,40.33,650,0,0
21.1,40.7966666666667,660,0,0
21.1,41.19333333333329,670,0,0
21.1666666666667,41.6,680,0,0
21.2,41.963333333333296,690,0,0
21.2,42.2966666666667,700,0,0
21.2,42.66666666666671,710,0,0
21.2,43.06,720,0,0
21.2,43.0666666666667,730,0,0
21.2225,43.3425,740,0,0
21.3566666666667,43.53,750,0,0
21.39,43.7666666666667,760,0,0
21.39,44.0266666666667,770,0,0
21.39,44.29,780,0,0
21.39,44.49,790,0,0
21.39,44.8266666666667,800,0,0
21.463333333333296,45.1,810,10,1
21.5,45.433333333333294,820,0,0
21.5,45.433333333333294,830,0,0
21.4266666666667,45.3266666666667,840,0,0
21.4266666666667,45.4,850,0,0
21.4266666666667,45.5666666666667,860,0,0
21.5,45.6266666666667,870,0,0
21.533333333333296,45.33333333333329,880,0,0
21.533333333333296,44.9266666666667,890,0,0
21.5,44.2966666666667,900,10,1
21.5,43.89,910,0,0
21.5,43.4666666666667,920,0,0
21.5,43.2666666666667,930,0,0
21.5,43.045,940,0,0
21.5,43.0,950,0,0
21.5,42.95,960,0,0
21.533333333333296,42.9666666666667,970,0,0
21.6,43.0266666666667,980,10,1
21.6333333333333,43.09,990,0,0
21.7,43.1633333333333,1000,10,1
21.79,43.36,1010,0,0
21.8566666666667,43.56,1020,0,0
21.89,43.59,1030,10,1
21.89,43.59,1040,0,0
21.963333333333296,43.6566666666667,1050,10,1
21.963333333333296,44.4566666666667,1060,0,0
22.033333333333296,45.46,1070,10,1
22.1,48.1266666666667,1080,20,1
22.2,50.1966666666667,1090,10,1
22.26,50.863333333333294,1100,10,1
22.29,49.66,1110,0,0
22.29,48.86,1120,10,1
22.29,47.7,1130,30,1
22.29,46.7666666666667,1140,20,1
22.29,46.2266666666667,1150,10,1
22.2,45.363333333333294,1160,0,0
22.2,44.89,1170,0,0
22.2,44.49,1180,0,0
22.2,44.1566666666667,1190,0,0
22.1666666666667,43.93,1200,0,0
22.1,43.73,1210,0,0
22.1,43.56,1220,0,0
22.1,43.433333333333294,1230,0,0
22.1,43.26,1240,0,0
22.033333333333296,43.0666666666667,1250,0,0
22.0,42.863333333333294,1260,0,0
22.0,42.73,1270,10,1
22.0,42.83,1280,10,1
22.0,43.03,1290,0,0
21.963333333333296,43.1633333333333,1300,10,1
21.963333333333296,43.1633333333333,1310,0,0
21.89,43.1633333333333,1320,0,0
21.865,42.9475,1330,0,0
21.79,42.6266666666667,1340,0,0
21.79,42.56,1350,0,0
21.73,42.433333333333294,1360,10,1
21.7,42.4,1370,0,0
21.7,42.4,1380,0,0
21.7,42.4,1390,0,0
21.6333333333333,42.2666666666667,1400,0,0
21.6,42.1633333333333,1410,0,0
21.533333333333296,42.09,1420,0,0
21.5,42.09,1430,10,1
21.5,42.03,0,0,0
21.463333333333296,41.9666666666667,10,0,0
21.39,41.8266666666667,20,0,0
21.39,41.79,30,0,0
21.39,41.73,40,0,0
21.39,41.7,50,0,0
21.323333333333295,41.7,60,0,0
21.29,41.7,70,0,0
21.29,41.7,80,10,1
21.245,41.645,90,0,0
21.2,41.56,100,0,0
21.2,41.5,110,0,0
21.2,41.4666666666667,120,0,0
21.2,41.4666666666667,130,0,0
21.1666666666667,41.4,140,0,0
21.1,41.4,150,0,0
21.1,41.29,160,0,0
21.1,41.29,170,10,1
21.1,41.26,180,0,0
21.1,41.2,190,0,0
21.0,41.09,200,0,0
21.0,41.03,210,0,0
21.0,41.0,220,0,0
21.0,41.0,230,0,0
21.0,40.9666666666667,240,0,0
21.0,40.9,250,0,0
21.0,40.9,260,0,0
21.0,40.8266666666667,270,0,0
20.89,40.79,280,0,0
20.89,40.76,290,0,0
20.89,40.7,300,0,0
20.89,40.7,310,0,0
20.89,40.7,320,0,0
20.89,40.6633333333333,330,0,0
20.823333333333295,40.59,340,0,0
20.79,40.5,350,0,0
20.79,40.5,360,0,0
20.79,40.4,370,0,0
20.73,40.4,380,0,0
20.79,40.363333333333294,390,0,0
20.73,40.29,400,0,0
20.7,40.29,410,0,0
20.7,40.29,420,0,0
20.7,40.29,430,0,0
20.7,40.29,440,0,0
20.7,40.6,450,0,0
20.7,41.1333333333333,460,0,0
20.79,41.495,470,0,0
20.79,41.53,480,0,0
20.8566666666667,41.6633333333333,490,0,0
20.89,41.9,500,0,0
20.89,41.9,510,0,0
20.8566666666667,41.5633333333333,520,0,0
20.8566666666667,41.09666666666671,530,0,0
20.89,40.9,540,0,0
20.89,40.7666666666667,550,0,0
20.89,40.76,560,0,0
20.89,40.7,570,0,0
20.89,40.7,580,0,0
20.89,40.7,590,0,0
20.89,40.73,600,0,0
20.89,40.79,610,0,0
20.9266666666667,40.76,620,0,0
20.9266666666667,40.7,630,0,0
21.0,40.73,640,0,0
21.0,40.73,650,0,0
21.0,40.6633333333333,660,0,0
21.0,40.4975,670,0,0
21.0,40.3266666666667,680,0,0
21.033333333333296,40.1333333333333,690,0,0
21.1,39.8,700,0,0
21.23,42.4,710,0,0
21.29,42.26,720,0,0
21.39,42.19333333333329,730,0,0
21.463333333333296,42.19333333333329,740,10,1
21.6333333333333,41.69333333333329,750,0,0
21.7,41.36,760,0,0
21.823333333333295,41.06,770,0,0
21.89,40.8,780,0,0
22.0,40.33333333333329,790,0,0
22.0,39.9266666666667,800,0,0
22.1,39.6333333333333,810,0,0
22.1,39.16666666666671,820,0,0
22.2,37.9233333333333,830,0,0
22.2,37.33,840,0,0
22.2,36.5633333333333,850,0,0
22.2,36.0475,860,0,0
22.2,35.9666666666667,870,0,0
22.2,36.433333333333294,880,0,0
22.26,37.2333333333333,890,0,0
22.29,37.9266666666667,900,0,0
22.29,38.33333333333329,910,0,0
22.29,38.6566666666667,920,0,0
22.29,38.93,930,0,0
22.29,39.2666666666667,940,0,0
22.29,39.4666666666667,950,0,0
22.29,39.96,960,0,0
22.3566666666667,41.033333333333296,970,0,0
22.39,42.4,980,0,0
22.463333333333296,43.1333333333333,990,0,0
22.4266666666667,44.2333333333333,1000,0,0
22.566666666666695,44.9,1010,0,0
22.5,44.6233333333333,1020,0,0
22.566666666666695,43.76333333333329,1030,0,0
22.6,42.96,1040,0,0
22.6,42.5,1050,0,0
22.55,42.05,1060,0,0
22.533333333333296,41.6333333333333,1070,0,0
22.6,41.3,1080,0,0
22.5,40.9666666666667,1090,0,0
22.5,40.7666666666667,1100,10,1
22.5,40.43,1110,0,0
22.5,40.8966666666667,1120,10,1
22.6,42.39,1130,10,1
22.726666666666695,43.723333333333294,1140,0,0
22.79,43.19333333333329,1150,10,1
22.79,42.8,1160,10,1
22.79,42.533333333333296,1170,10,1
22.79,42.0666666666667,1180,10,1
22.79,41.723333333333294,1190,10,1
22.73,41.59,1200,10,1
22.7,41.5,1210,0,0
22.7,41.433333333333294,1220,10,1
22.7,41.5,1230,10,1
22.7,41.5,1240,10,1
22.7,41.5,1250,10,1
22.7,41.5,1260,0,0
22.7,41.5,1270,10,1
22.6,41.5,1280,10,1
22.6,41.5,1290,10,1
22.6,41.5,1300,0,0
22.6,41.56,1310,10,1
22.6,41.79,1320,0,0
22.6,41.73,1330,0,0
22.5,41.6633333333333,1340,0,0
22.5,41.59,1350,0,0
22.463333333333296,41.4666666666667,1360,0,0
22.463333333333296,41.3266666666667,1370,0,0
22.39,41.2,1380,0,0
22.323333333333295,41.1266666666667,1390,0,0
22.29,41.06,1400,0,0
22.29,41.0,1410,0,0
22.2,40.9,1420,0,0
22.2,40.9,1430,0,0
22.2,40.79,0,0,0
22.1333333333333,40.79,10,0,0
22.1,40.745,20,0,0
22.066666666666695,40.76,30,0,0
22.0,40.6266666666667,40,0,0
22.0,40.59,50,0,0
21.9266666666667,40.59,60,0,0
21.89,40.59,70,0,0
21.89,40.59,80,0,0
21.8566666666667,40.59,90,0,0
21.79,40.59,100,0,0
21.79,40.59,110,0,0
21.73,40.59,120,0,0
21.7,40.59,130,0,0
21.7,40.59,140,0,0
21.7,40.59,150,0,0
21.7,40.53,160,0,0
21.7,40.5,170,0,0
21.7,40.5,180,0,0
21.6666666666667,40.4666666666667,190,0,0
21.6,40.4,200,0,0
21.6,40.4,210,0,0
21.6,40.363333333333294,220,0,0
21.6,40.29,230,0,0
21.5,40.29,240,0,0
21.5,40.29,250,0,0
21.5,40.26,260,0,0
21.5,40.2,270,0,0
21.4266666666667,40.03,280,0,0
21.4266666666667,40.03,290,0,0
21.39,39.9666666666667,300,0,0
21.39,39.9,310,0,0
21.39,39.863333333333294,320,0,0
21.39,39.79,330,0,0
21.29,39.76,340,0,0
21.29,39.7,350,0,0
21.29,39.7,360,0,0
21.29,39.6266666666667,370,0,0
21.29,39.59,380,0,0
21.23,39.53,390,0,0
21.2,39.4666666666667,400,0,0
21.2,39.4,410,0,0
21.2,39.4,420,0,0
21.2,39.4,430,0,0
21.2,39.4,440,0,0
21.1,39.363333333333294,450,0,0
21.1,39.29,460,0,0
21.1,39.4933333333333,470,0,0
21.1,39.9666666666667,480,0,0
21.2,40.433333333333294,490,10,1
21.2,40.6333333333333,500,0,0
21.2,40.933333333333294,510,0,0
21.26,41.19333333333329,520,0,0
21.29,41.3266666666667,530,0,0
21.29,41.3266666666667,540,10,1
21.29,41.433333333333294,550,0,0
21.3566666666667,41.69333333333329,560,0,0
21.3566666666667,41.223333333333294,570,0,0
21.3566666666667,41.03,580,0,0
21.39,40.76,590,0,0
21.39,40.595,600,0,0
21.463333333333296,40.5,610,0,0
21.5,40.5,620,0,0
21.5,40.7666666666667,630,10,1
21.6,40.83333333333329,640,0,0
21.6,40.5666666666667,650,0,0
21.7,40.69333333333329,660,0,0
21.7,40.8266666666667,670,0,0
21.73,40.5266666666667,680,0,0
21.79,40.3266666666667,690,0,0
21.89,40.26,700,0,0
21.89,40.1266666666667,710,0,0
21.89,39.93,720,10,1
21.963333333333296,39.73,730,0,0
22.0,39.6333333333333,740,0,0
22.066666666666695,39.433333333333294,750,0,0
22.1,39.26,760,0,0
22.1,39.1266666666667,770,0,0
22.2,38.9666666666667,780,0,0
22.2,38.8266666666667,790,0,0
22.29,38.745,800,0,0
22.39,38.56,810,10,1
22.463333333333296,38.433333333333294,820,0,0
22.5,38.4,830,0,0
22.5,38.3266666666667,840,0,0
22.6,38.1633333333333,850,0,0
22.6666666666667,38.09,860,0,0
22.73,38.09,870,0,0
22.79,38.09,880,0,0
22.79,38.09,890,0,0
22.8566666666667,38.1633333333333,900,0,0
22.89,38.2,910,10,1
22.963333333333296,38.1266666666667,920,0,0
23.0,38.1266666666667,930,0,0
23.066666666666695,38.2,940,0,0
23.1,38.2,950,0,0
23.1,38.2,960,0,0
23.1333333333333,38.09,970,0,0
23.2,38.03,980,0,0
23.2,38.0,990,0,0
23.2,38.0,1000,0,0
23.2,37.933333333333294,1010,0,0
23.2,37.863333333333294,1020,0,0
23.2,37.79,1030,0,0
23.2,37.76,1040,10,1
23.2,37.83333333333329,1050,0,0
23.2,38.03,1060,0,0
23.2,38.1633333333333,1070,0,0
23.2,38.3266666666667,1080,0,0
23.2,38.4666666666667,1090,0,0
23.2,38.59,1100,0,0
23.2,38.9233333333333,1110,10,1
23.2,39.5666666666667,1120,0,0
23.2,39.9,1130,0,0
23.2,39.79,1140,0,0
23.1333333333333,39.79,1150,0,0
23.1666666666667,39.79,1160,0,0
23.1,39.863333333333294,1170,0,0
23.1,39.9,1180,10,1
23.1,39.975,1190,0,0
23.1,40.06,1200,0,0
23.1,40.1266666666667,1210,10,1
23.033333333333296,40.1266666666667,1220,0,0
23.0,40.2,1230,0,0
23.0,40.2,1240,0,0
23.0,40.2,1250,0,0
22.9266666666667,40.2,1260,0,0
22.963333333333296,40.1633333333333,1270,0,0
22.89,40.2966666666667,1280,0,0
22.89,40.4666666666667,1290,0,0
22.89,40.3266666666667,1300,0,0
22.89,40.26,1310,0,0
22.89,40.2,1320,0,0
22.823333333333295,40.2,1330,0,0
22.823333333333295,40.1266666666667,1340,0,0
22.79,40.0,1350,0,0
22.79,40.0,1360,0,0
22.7,39.9666666666667,1370,10,1
22.7,39.9,1380,0,0
22.7,39.9,1390,0,0
22.6666666666667,39.76,1400,0,0
22.6,39.7,1410,0,0
22.6,39.6633333333333,1420,0,0
22.6,39.59,1430,0,0
22.6,39.59,0,0,0
22.533333333333296,39.59,10,0,0
22.5,39.59,20,0,0
22.5,39.59,30,0,0
22.463333333333296,39.5,40,0,0
22.39,39.5,50,0,0
22.39,39.4,60,0,0
22.39,39.4,70,0,0
22.3566666666667,39.4,80,0,0
22.29,39.4,90,0,0
22.29,39.4,100,0,0
22.29,39.4,110,0,0
22.2,39.4,120,0,0
22.2,39.4,130,0,0
22.2,39.4,140,0,0
22.15,39.4,150,0,0
22.1333333333333,39.4,160,0,0
22.1,39.4,170,0,0
22.1,39.4,180,0,0
22.1,39.4,190,0,0
22.1,39.4,200,0,0
22.1,39.4,210,0,0
22.1,39.3266666666667,220,0,0
22.0,39.2,230,0,0
22.0,39.2,240,0,0
22.0,39.2,250,0,0
22.0,39.2,260,0,0
22.0,39.2,270,0,0
22.0,39.2,280,0,0
22.0,39.2,290,0,0
21.9266666666667,39.2,300,0,0
21.89,39.33,310,0,0
21.89,39.723333333333294,320,0,0
21.9266666666667,39.963333333333296,330,0,0
22.0,40.03,340,0,0
22.0,40.0,350,0,0
21.9266666666667,40.09,360,10,1
22.0,40.223333333333294,370,10,1
22.0,40.4,380,0,0
22.0,40.5266666666667,390,0,0
22.0,40.19333333333329,400,0,0
22.0,39.933333333333294,410,0,0
22.0,39.83333333333329,420,0,0
22.0,39.7,430,0,0
21.963333333333296,39.56,440,0,0
21.963333333333296,39.433333333333294,450,0,0
21.89,39.363333333333294,460,0,0
21.963333333333296,39.29,470,0,0
21.89,39.1633333333333,480,0,0
21.89,39.09,490,0,0
21.89,39.09,500,0,0
21.89,39.09,510,0,0
21.89,39.09,520,0,0
21.89,39.09,530,0,0
21.89,39.09,540,0,0
21.89,39.0,550,0,0
21.89,39.0,560,0,0
21.89,38.9666666666667,570,0,0
21.963333333333296,38.9,580,0,0
22.0,38.9,590,0,0
22.0,38.9,600,0,0
22.033333333333296,38.933333333333294,610,0,0
22.033333333333296,38.933333333333294,620,0,0
22.1,39.0,630,0,0
22.1,39.0,640,0,0
22.1,39.0,650,0,0
22.1666666666667,39.0,660,0,0
22.2,39.0,670,0,0
22.2,39.0,680,0,0
22.2,39.09,690,0,0
22.2,39.03,700,0,0
22.23,38.933333333333294,710,0,0
22.29,39.0,720,0,0
22.29,39.0,730,0,0
22.365,39.0,740,0,0
22.39,39.0,750,0,0
22.5,39.09,760,0,0
22.5,39.09,770,0,0
22.5,39.09,780,0,0
22.5,39.09,790,0,0
22.5,39.36,800,0,0
22.5,39.433333333333294,810,0,0
22.5,39.3266666666667,820,0,0
22.5,39.4,830,0,0
22.5,39.433333333333294,840,0,0
22.5,39.56,850,0,0
22.5,39.59,860,0,0
22.5,39.59,870,0,0
22.5,39.7,880,0,0
22.5,39.76,890,0,0
22.5,39.8266666666667,900,0,0
22.5,39.9666666666667,910,0,0
22.5,40.1266666666667,920,0,0
22.5,40.33333333333329,930,0,0
22.5,40.45,940,0,0
22.5,40.6266666666667,950,0,0
22.5,40.76,960,0,0
22.5,40.9,970,0,0
22.5,40.9,980,0,0
22.5,41.0,990,0,0
22.5,41.06,1000,0,0
22.5,41.09,1010,0,0
22.5,41.1633333333333,1020,0,0
22.5,41.2,1030,0,0
22.5,41.26,1040,0,0
22.5,41.433333333333294,1050,0,0
22.566666666666695,42.1,1060,0,0
22.6,43.433333333333294,1070,0,0
22.6666666666667,45.69333333333329,1080,0,0
22.7,46.2966666666667,1090,0,0
22.76,45.6966666666667,1100,0,0
22.823333333333295,48.4,1110,0,0
22.89,47.7333333333333,1120,10,1
22.8566666666667,46.6233333333333,1130,0,0
22.79,45.9475,1140,10,1
22.79,45.5,1150,30,1
22.79,45.223333333333294,1160,20,1
22.79,45.03,1170,30,1
22.79,45.0,1180,20,1
22.79,44.933333333333294,1190,20,1
22.79,44.76,1200,20,1
22.79,44.7,1210,30,1
22.7,44.6,1220,10,1
22.7,44.2666666666667,1230,0,0
22.73,43.9666666666667,1240,20,1
22.73,43.8266666666667,1250,20,1
22.7,43.6633333333333,1260,20,1
22.7,43.53,1270,30,1
22.7,43.6333333333333,1280,20,1
22.7,44.0266666666667,1290,20,1
22.7,44.0,1300,20,1
22.7,44.0666666666667,1310,20,1
22.6,43.76,1320,30,1
22.6,43.7,1330,20,1
22.6,43.7,1340,20,1
22.6,43.7,1350,20,1
22.533333333333296,43.76,1360,20,1
22.5,43.76,1370,10,1
22.5,43.7,1380,0,0
22.5,43.7,1390,0,0
22.5,43.83333333333329,1400,0,0
22.463333333333296,43.9666666666667,1410,0,0
22.39,43.8266666666667,1420,0,0
22.39,43.7,1430,0,0
22.39,43.7,0,0,0
22.39,43.7,10,0,0
22.323333333333295,43.7,20,0,0
22.29,43.59,30,0,0
22.29,43.59,40,0,0
22.26,43.4666666666667,50,0,0
22.2,43.4,60,0,0
22.2,43.4666666666667,70,0,0
22.2,43.4,80,0,0
22.15,43.4,90,0,0
22.1,43.4,100,0,0
22.1,43.3266666666667,110,0,0
22.066666666666695,43.26,120,0,0
22.066666666666695,43.26,130,0,0
22.0,43.1633333333333,140,0,0
22.0,43.1633333333333,150,0,0
22.0,43.1633333333333,160,0,0
21.9266666666667,43.09,170,0,0
21.89,43.09,180,0,0
21.89,43.09,190,0,0
21.89,43.09,200,0,0
21.89,43.03,210,0,0
21.89,43.0,220,0,0
21.89,43.0,230,0,0
21.8566666666667,42.9666666666667,240,0,0
21.79,42.9,250,0,0
21.79,42.79,260,0,0
21.79,42.79,270,0,0
21.79,42.76,280,0,0
21.79,42.7,290,0,0
21.73,42.6266666666667,300,0,0
21.73,42.73,310,10,1
21.79,42.863333333333294,320,0,0
21.79,42.863333333333294,330,0,0
21.79,42.79,340,10,1
21.79,42.79,350,0,0
21.79,42.73,360,10,1
21.79,42.76,370,0,0
21.79,42.76,380,10,1
21.79,42.76,390,0,0
21.8566666666667,42.76,400,0,0
21.8566666666667,42.6633333333333,410,10,1
21.79,42.53,420,0,0
21.79,42.363333333333294,430,0,0
21.79,42.23,440,10,1
21.79,42.1633333333333,450,0,0
21.79,42.03,460,30,1
21.79,41.76,470,10,1
21.79,41.7225,480,0,0
21.79,41.53,490,0,0
21.7,41.0266666666667,500,0,0
21.7,40.9,510,0,0
21.7,40.933333333333294,520,0,0
21.7,41.0,530,0,0
21.7,41.1266666666667,540,0,0
21.76,41.26,550,0,0
21.79,41.433333333333294,560,0,0
21.79,41.5,570,0,0
21.823333333333295,41.6566666666667,580,0,0
21.89,41.79,590,0,0
21.89,41.9,600,0,0
21.89,41.9,610,0,0
22.0,41.933333333333294,620,0,0
22.0,42.0,630,0,0
22.1,42.09,640,0,0
22.1,42.09,650,0,0
22.1,42.09,660,0,0
22.1666666666667,42.1633333333333,670,0,0
22.2,42.09,680,0,0
22.23,42.1266666666667,690,0,0
22.29,42.2,700,0,0
22.39,42.2,710,0,0
22.39,42.1266666666667,720,0,0
22.5,42.1633333333333,730,0,0
22.566666666666695,42.09,740,0,0
22.533333333333296,42.0,750,0,0
22.6,42.0,760,0,0
22.6,42.0,770,0,0
22.6,42.0,780,0,0
22.6,42.0,790,0,0
22.6,41.933333333333294,800,0,0
22.6,41.9,810,0,0
22.6,41.9,820,0,0
22.6,41.863333333333294,830,0,0
22.6,41.79,840,0,0
22.533333333333296,41.79,850,0,0
22.533333333333296,41.79,860,0,0
22.5,41.7,870,0,0
22.5,41.7,880,0,0
22.5,41.7,890,0,0
22.5,41.7,900,0,0
22.5,41.7,910,0,0
22.5,41.6633333333333,920,0,0
22.5,41.59,930,0,0
22.5,41.5,940,0,0
22.5,41.433333333333294,950,0,0
22.5,41.4,960,0,0
22.5,41.3266666666667,970,0,0
22.5,41.29,980,0,0
22.5,41.29,990,0,0
22.6,41.3266666666667,1000,0,0
22.6,41.4,1010,0,0
22.6333333333333,41.5,1020,0,0
22.7,41.5,1030,0,0
22.7,41.53,1040,0,0
22.7,41.723333333333294,1050,0,0
22.823333333333295,48.76333333333329,1060,0,0
22.963333333333296,54.823333333333295,1070,0,0
23.05,54.69,1080,0,0
23.1,51.9666666666667,1090,0,0
23.1,50.433333333333294,1100,0,0
23.1,49.7966666666667,1110,0,0
23.1,49.39,1120,0,0
23.2,48.7966666666667,1130,0,0
23.2,48.33,1140,0,0
23.2,47.69333333333329,1150,0,0
23.2,47.3,1160,0,0
23.2,46.66,1170,0,0
23.1333333333333,46.0666666666667,1180,0,0
23.1,45.4,1190,0,0
23.1,44.9266666666667,1200,0,0
23.1,44.5266666666667,1210,0,0
23.033333333333296,44.19333333333329,1220,0,0
23.0,43.83333333333329,1230,0,0
23.0,43.5,1240,10,1
23.0,43.5,1250,0,0
22.9266666666667,43.5,1260,0,0
22.89,43.1633333333333,1270,0,0
22.89,43.0225,1280,0,0
22.89,42.86,1290,0,0
22.8566666666667,42.6333333333333,1300,10,1
22.79,42.433333333333294,1310,20,1
22.79,42.33333333333329,1320,20,1
22.79,42.1266666666667,1330,20,1
22.73,42.1266666666667,1340,20,1
22.73,42.1266666666667,1350,20,1
22.7,42.06,1360,10,1
22.7,42.0,1370,20,1
22.6333333333333,41.933333333333294,1380,20,1
22.6333333333333,41.933333333333294,1390,20,1
22.6,41.9,1400,20,1
22.6,41.8266666666667,1410,20,1
22.566666666666695,41.79,1420,10,1
22.5,41.79,1430,10,1
22.5,42.0,0,0,0
22.5,42.4,10,0,0
22.5,42.4666666666667,20,0,0
22.4266666666667,42.3266666666667,30,0,0
22.39,42.145,40,0,0
22.39,42.06,50,0,0
22.39,41.933333333333294,60,0,0
22.3566666666667,41.79,70,0,0
22.29,41.79,80,0,0
22.29,41.7,90,0,0
22.29,41.6266666666667,100,0,0
22.26,41.56,110,0,0
22.2,41.5,120,0,0
22.2,41.5,130,0,0
22.2,41.5,140,0,0
22.1666666666667,41.5,150,0,0
22.1,41.5,160,0,0
22.1,41.5,170,0,0
22.1,41.5,180,0,0
22.1,41.4666666666667,190,0,0
22.1,41.4,200,0,0
22.0,41.29,210,0,0
22.0,41.23,220,0,0
22.0,41.26,230,0,0
22.0,41.2,240,0,0
22.0,41.2,250,0,0
22.0,41.2,260,0,0
22.0,41.2,270,0,0
21.89,41.2,280,0,0
21.89,41.1266666666667,290,0,0
21.89,41.09,300,0,0
21.89,41.2966666666667,310,0,0
21.9266666666667,42.0,320,0,0
22.0,42.1333333333333,330,10,1
22.0,42.2,340,0,0
22.0,42.2,350,10,1
22.0,42.1633333333333,360,0,0
22.0,42.09,370,0,0
22.0,42.1633333333333,380,10,1
22.066666666666695,42.1633333333333,390,0,0
22.1,42.1333333333333,400,0,0
22.1,41.8,410,0,0
22.066666666666695,41.49,420,0,0
22.0,41.2225,430,0,0
22.0,41.1266666666667,440,10,1
22.033333333333296,41.09,450,0,0
22.1,41.03,460,0,0
22.1,40.9666666666667,470,10,1
22.1,40.8266666666667,480,0,0
22.1,40.6633333333333,490,0,0
22.1,40.53,500,10,1
22.1,40.4,510,20,1
22.1,40.3266666666667,520,20,1
22.1,39.863333333333294,530,20,1
22.033333333333296,39.863333333333294,540,20,1
22.1,40.1266666666667,550,30,1
22.1,40.26,560,0,0
22.1,40.53,570,0,0
22.1,40.93,580,10,1
22.1,41.2266666666667,590,0,0
22.1666666666667,42.0266666666667,600,0,0
22.2,43.29,610,0,0
22.2,43.1566666666667,620,0,0
22.2,42.44,630,0,0
22.2,42.3666666666667,640,0,0
22.2,42.6266666666667,650,10,1
22.2,42.43,660,0,0
22.2,42.1566666666667,670,0,0
22.2,41.863333333333294,680,0,0
22.2,41.73,690,0,0
22.2,41.56,700,0,0
22.2,41.5,710,0,0
22.2,41.4,720,0,0
22.2,41.4,730,0,0
22.1,41.29,740,0,0
22.1,41.363333333333294,750,0,0
22.1,41.6266666666667,760,0,0
22.1,41.7,770,10,1
22.1,41.86,780,0,0
22.1666666666667,42.0,790,10,1
22.1666666666667,42.23,800,0,0
22.1,42.363333333333294,810,0,0
22.1,42.433333333333294,820,0,0
22.1,42.425,830,0,0
22.1,42.4,840,0,0
22.1,42.363333333333294,850,0,0
22.033333333333296,42.23,860,0,0
22.0,42.2,870,0,0
22.0,42.2,880,0,0
22.0,42.23,890,0,0
22.0,42.23,900,0,0
22.0,42.2,910,0,0
22.0,42.26,920,0,0
22.0,42.3266666666667,930,20,1
22.0,42.5266666666667,940,10,1
21.9266666666667,42.56,950,20,1
22.0,42.5,960,20,1
21.9266666666667,42.5,970,20,1
22.0,43.0266666666667,980,20,1
22.0,43.06,990,20,1
21.9266666666667,42.933333333333294,1000,10,1
22.0,42.9,1010,20,1
22.0,42.9,1020,20,1
22.0,42.9,1030,20,1
22.033333333333296,42.933333333333294,1040,10,1
22.033333333333296,42.933333333333294,1050,20,1
22.1,43.0,1060,20,1
22.1,43.0,1070,0,0
22.1,43.2566666666667,1080,0,0
22.1666666666667,43.7966666666667,1090,0,0
22.2,43.7,1100,0,0
22.2,43.83333333333329,1110,10,1
22.2,43.9,1120,20,1
22.2,43.9666666666667,1130,20,1
22.2,43.9,1140,0,0
22.2,43.7666666666667,1150,10,1
22.2,43.59,1160,0,0
22.2,43.863333333333294,1170,0,0
22.2,44.06,1180,0,0
22.2,44.06,1190,0,0
22.2,44.06,1200,0,0
22.2,43.933333333333294,1210,0,0
22.2,43.745,1220,0,0
22.2,43.59,1230,0,0
22.2,43.59,1240,0,0
22.2,43.5,1250,0,0
22.2,43.433333333333294,1260,10,1
22.1333333333333,43.59,1270,0,0
22.1333333333333,43.6633333333333,1280,0,0
22.1,43.6633333333333,1290,0,0
22.1,43.53,1300,0,0
22.1,43.4666666666667,1310,0,0
22.033333333333296,43.2666666666667,1320,0,0
22.0,43.06,1330,0,0
22.0,42.933333333333294,1340,0,0
21.963333333333296,42.863333333333294,1350,0,0
21.89,42.73,1360,0,0
21.89,42.59,1370,0,0
21.89,42.53,1380,0,0
21.89,42.4666666666667,1390,0,0
21.823333333333295,42.3266666666667,1400,0,0
21.79,42.2,1410,0,0
21.79,42.1725,1420,0,0
21.79,42.09,1430,0,0
21.7,42.09,0,0,0
21.7,42.03,10,0,0
21.7,42.0,20,0,0
21.7,42.0,30,0,0
21.6333333333333,41.933333333333294,40,0,0
21.6333333333333,41.86,50,0,0
21.6,41.79,60,0,0
21.6,41.79,70,0,0
21.6,41.7,80,0,0
21.533333333333296,41.7,90,0,0
21.5,41.7,100,0,0
21.5,41.6266666666667,110,0,0
21.5,41.59,120,0,0
21.5,41.59,130,0,0
21.39,41.4666666666667,140,0,0
21.39,41.4,150,0,0
21.39,41.4,160,0,0
21.39,41.3266666666667,170,0,0
21.34,41.29,180,0,0
21.29,41.29,190,0,0
21.29,41.29,200,0,0
21.29,41.29,210,0,0
21.29,41.29,220,0,0
21.26,41.2,230,0,0
21.26,41.2,240,0,0
21.2,41.09,250,0,0
21.2,41.03,260,0,0
21.2,41.0,270,0,0
21.2,41.0,280,0,0
21.2,41.0,290,0,0
21.2,41.0,300,0,0
21.2,41.1,310,0,0
21.2,41.6333333333333,320,0,0
21.2,41.79,330,10,1
21.2,41.863333333333294,340,0,0
21.29,41.9,350,0,0
21.29,41.9666666666667,360,10,1
21.245,42.09,370,0,0
21.26,41.93,380,0,0
21.2,41.79,390,0,0
21.2,41.8266666666667,400,0,0
21.26,41.9666666666667,410,10,1
21.29,41.9,420,10,1
21.29,41.8266666666667,430,20,1
21.29,41.76,440,20,1
21.3566666666667,41.6266666666667,450,20,1
21.29,41.4666666666667,460,20,1
21.3566666666667,41.3266666666667,470,10,1
21.323333333333295,41.2,480,20,1
21.39,41.1266666666667,490,20,1
21.39,41.09,500,20,1
21.39,41.03,510,10,1
21.39,41.09,520,20,1
21.39,41.09,530,20,1
21.39,41.1266666666667,540,20,1
21.39,41.26,550,10,1
21.39,41.3266666666667,560,20,1
21.4725,41.5425,570,20,1
21.4266666666667,41.53,580,20,1
21.39,41.5,590,10,1
21.39,41.5,600,20,1
21.463333333333296,41.56,610,20,1
21.39,41.56,620,20,1
21.4266666666667,41.6266666666667,630,20,1
21.5,41.76,640,10,1
21.5,41.8266666666667,650,20,1
21.5,42.0266666666667,660,20,1
21.533333333333296,42.09,670,20,1
21.6,42.1633333333333,680,10,1
21.6,42.23,690,20,1
21.6666666666667,42.363333333333294,700,20,1
21.7,42.4,710,20,1
21.76,42.3266666666667,720,10,1
21.79,42.33333333333329,730,20,1
21.79,42.2,740,10,1
21.823333333333295,42.2666666666667,750,0,0
21.89,42.25,760,0,0
21.89,42.2,770,0,0
21.89,42.09,780,0,0
21.89,41.963333333333296,790,0,0
22.0,41.863333333333294,800,0,0
22.0,41.79,810,0,0
22.033333333333296,41.73,820,0,0
22.1,41.79,830,0,0
22.1333333333333,41.6633333333333,840,0,0
22.2,41.59,850,0,0
22.2,41.56,860,10,1
22.2,41.5,870,0,0
22.29,41.43,880,0,0
22.29,40.8966666666667,890,0,0
22.323333333333295,40.1333333333333,900,0,0
22.39,39.933333333333294,910,0,0
22.4266666666667,39.79,920,0,0
22.5,39.79,930,0,0
22.533333333333296,39.7,940,0,0
22.6,39.7,950,0,0
22.6,39.645,960,0,0
22.6333333333333,39.6266666666667,970,0,0
22.7,39.5666666666667,980,0,0
22.7,39.4,990,0,0
22.7,39.4,1000,0,0
22.7,39.5,1010,0,0
22.7,39.56,1020,0,0
22.79,39.73,1030,0,0
22.79,40.26333333333329,1040,0,0
22.823333333333295,41.433333333333294,1050,0,0
22.823333333333295,41.2266666666667,1060,0,0
22.89,41.39,1070,0,0
22.89,43.723333333333294,1080,0,0
23.0,45.53,1090,10,1
23.0,44.53,1100,0,0
23.0,44.1233333333333,1110,0,0
23.0,43.53,1120,0,0
23.0,42.9,1130,0,0
23.0,42.5666666666667,1140,10,1
22.89,42.363333333333294,1150,0,0
22.945,42.1175,1160,0,0
22.89,41.86,1170,10,1
22.89,41.6633333333333,1180,0,0
22.89,41.59,1190,0,0
22.89,41.59,1200,20,1
22.89,41.59,1210,0,0
22.823333333333295,41.53,1220,0,0
22.89,41.59,1230,0,0
22.89,41.59,1240,0,0
22.89,41.59,1250,10,1
22.823333333333295,41.793333333333294,1260,10,1
22.89,42.2,1270,0,0
22.79,41.9666666666667,1280,10,1
22.79,41.8266666666667,1290,0,0
22.79,41.6633333333333,1300,0,0
22.79,41.53,1310,0,0
22.76,41.4,1320,0,0
22.7,41.4,1330,0,0
22.7,41.363333333333294,1340,0,0
22.7,41.29,1350,0,0
22.7,41.345,1360,10,1
22.6666666666667,41.363333333333294,1370,0,0
22.6,41.29,1380,0,0
22.6,41.29,1390,0,0
22.6,41.29,1400,0,0
22.6,41.4,1410,0,0
22.533333333333296,41.4,1420,0,0
22.5,41.5,1430,0,0
22.5,41.5,0,0,0
22.5,41.59,10,0,0
22.5,41.59,20,10,1
22.5,41.7,30,0,0
22.4266666666667,41.6266666666667,40,0,0
22.39,41.7,50,0,0
22.39,41.76,60,0,0
22.3566666666667,41.79,70,0,0
22.3566666666667,41.863333333333294,80,0,0
22.29,41.9,90,0,0
22.29,41.9,100,0,0
22.29,42.0,110,0,0
22.2675,41.975,120,0,0
22.2,41.9666666666667,130,0,0
22.2,42.03,140,0,0
22.2,42.09,150,0,0
22.2,42.1266666666667,160,0,0
22.2,42.2,170,0,0
22.1666666666667,42.2,180,0,0
22.1,42.26,190,0,0
22.1,42.29,200,0,0
22.033333333333296,42.29,210,0,0
22.066666666666695,42.363333333333294,220,0,0
22.0,42.29,230,0,0
22.0,42.3266666666667,240,0,0
22.0,42.4,250,0,0
22.0,42.4,260,0,0
21.9266666666667,42.4,270,0,0
21.89,42.4,280,0,0
21.89,42.4666666666667,290,0,0
21.89,42.5,300,0,0
21.89,42.5,310,0,0
21.89,42.5,320,0,0
21.89,42.5,330,0,0
21.823333333333295,42.5,340,0,0
21.79,42.5,350,0,0
21.79,42.5,360,0,0
21.79,42.73,370,0,0
21.79,42.93,380,0,0
21.89,43.823333333333295,390,0,0
21.89,44.5633333333333,400,10,1
21.89,44.86,410,0,0
21.963333333333296,45.06,420,0,0
22.0,45.4266666666667,430,30,1
22.0,45.3666666666667,440,20,1
22.0,45.1633333333333,450,10,1
22.066666666666695,45.03,460,0,0
22.0,44.7,470,0,0
22.0,44.6266666666667,480,0,0
22.066666666666695,44.6333333333333,490,0,0
22.0,44.5,500,0,0
22.1,44.995,510,0,0
22.1333333333333,45.5666666666667,520,0,0
22.2,45.76,530,0,0
22.29,46.03,540,0,0
22.29,46.09,550,0,0
22.323333333333295,46.09,560,0,0
22.39,46.03,570,0,0
22.39,45.723333333333294,580,0,0
22.39,45.463333333333296,590,0,0
22.39,45.09,600,0,0
22.463333333333296,45.2966666666667,610,0,0
22.533333333333296,46.16666666666671,620,0,0
22.7933333333333,48.293333333333294,630,0,0
22.89,49.1566666666667,640,0,0
22.823333333333295,47.6233333333333,650,20,1
22.6666666666667,45.533333333333296,660,10,1
22.6,44.66666666666671,670,10,1
22.6,43.6233333333333,680,10,1
22.6,43.29,690,10,1
22.6,43.29,700,10,1
22.6,43.29,710,10,1
22.6,43.29,720,10,1
22.6,43.223333333333294,730,10,1
22.6,43.223333333333294,740,10,1
22.6,43.4233333333333,750,10,1
22.6,42.89,760,10,1
22.566666666666695,42.2966666666667,770,10,1
22.5,41.963333333333296,780,20,1
22.5,41.933333333333294,790,10,1
22.5,42.06,800,10,1
22.5,42.23,810,10,1
22.5,42.363333333333294,820,10,1
22.566666666666695,42.4666666666667,830,0,0
22.5,41.86,840,10,1
22.6,41.29,850,0,0
22.6,41.09666666666671,860,0,0
22.6,40.76,870,0,0
22.6,40.5,880,10,1
22.6,39.99,890,0,0
22.6,39.79,900,0,0
22.6,39.395,910,0,0
22.6,38.933333333333294,920,0,0
22.6,39.06,930,0,0
22.7,39.23,940,0,0
22.7,39.29,950,0,0
22.7,39.26,960,0,0
22.7,39.2,970,0,0
22.7,39.23,980,0,0
22.7,39.29,990,0,0
22.7,39.7,1000,0,0
22.7,39.7,1010,0,0
22.7,39.6633333333333,1020,0,0
22.6333333333333,39.6633333333333,1030,0,0
22.6,39.7,1040,0,0
22.6,39.76,1050,0,0
22.7,40.1266666666667,1060,0,0
22.7,40.33333333333329,1070,0,0
22.6333333333333,40.5666666666667,1080,10,1
22.7,41.0933333333333,1090,0,0
22.73,43.39,1100,0,0
22.815,47.495,1110,0,0
22.89,47.05666666666671,1120,0,0
22.89,46.33333333333329,1130,0,0
22.89,45.8666666666667,1140,0,0
22.89,44.99,1150,10,1
22.89,44.53,1160,0,0
22.89,43.99,1170,0,0
22.89,43.6566666666667,1180,0,0
22.89,43.4666666666667,1190,0,0
22.89,43.3266666666667,1200,10,1
22.89,43.29,1210,0,0
22.89,43.29,1220,0,0
22.89,43.29,1230,0,0
22.89,43.29,1240,0,0
22.89,43.2,1250,0,0
22.89,43.2,1260,0,0
22.89,43.2,1270,10,1
22.89,43.2,1280,0,0
22.89,43.1633333333333,1290,0,0
22.89,43.09,1300,0,0
22.89,42.95,1310,0,0
22.89,42.9,1320,0,0
22.89,42.8266666666667,1330,0,0
22.89,42.79,1340,10,1
22.89,42.93,1350,0,0
22.89,43.1266666666667,1360,0,0
22.89,43.1266666666667,1370,10,1
22.8566666666667,43.06,1380,0,0
22.79,42.86,1390,0,0
22.79,42.6633333333333,1400,0,0
22.79,42.53,1410,0,0
22.76,42.4,1420,0,0
22.7,42.3266666666667,1430,0,0
22.7,42.1633333333333,0,0,0
22.7,42.09,10,0,0
22.7,42.0,20,0,0
22.6333333333333,41.86,30,0,0
22.6,41.76,40,0,0
22.6,41.7,50,0,0
22.6,41.6633333333333,60,0,0
22.525,41.59,70,0,0
22.5,41.59,80,0,0
22.5,41.59,90,0,0
22.5,41.59,100,0,0
22.463333333333296,41.5266666666667,110,0,0
22.39,41.4,120,0,0
22.39,41.5,130,0,0
22.39,41.5,140,0,0
22.29,41.5,150,0,0
22.29,41.5,160,0,0
22.29,41.5,170,0,0
22.29,41.5,180,0,0
22.29,41.5,190,0,0
22.23,41.5,200,0,0
22.2,41.5,210,0,0
22.2,41.5,220,0,0
22.2,41.5,230,0,0
22.2,41.56,240,0,0
22.1,41.59,250,0,0
22.1,41.59,260,0,0
22.1,41.59,270,0,0
22.1,41.7,280,0,0
22.033333333333296,41.6266666666667,290,0,0
22.0,41.7,300,0,0
22.0,41.7,310,0,0
21.89,41.73,320,0,0
21.89,41.79,330,0,0
21.89,41.79,340,0,0
21.89,41.79,350,0,0
21.89,41.9,360,0,0
21.823333333333295,41.8266666666667,370,0,0
21.8566666666667,41.9,380,0,0
21.79,41.9,390,0,0
21.79,41.9,400,0,0
21.79,41.9,410,0,0
21.79,41.9,420,0,0
21.79,41.9,430,0,0
21.79,41.9,440,0,0
21.79,42.0266666666667,450,0,0
21.84,42.745,460,0,0
21.89,43.0,470,0,0
21.963333333333296,43.0,480,0,0
21.963333333333296,42.76,490,0,0
21.963333333333296,42.7,500,0,0
22.0,42.56,510,0,0
21.9266666666667,42.433333333333294,520,0,0
22.0,42.363333333333294,530,0,0
22.0,42.23,540,0,0
22.0,42.363333333333294,550,0,0
22.0,42.1566666666667,560,0,0
22.066666666666695,41.723333333333294,570,0,0
22.066666666666695,41.6633333333333,580,0,0
22.1,41.6266666666667,590,0,0
22.1,41.7,600,0,0
22.1,41.7,610,0,0
22.1,41.6266666666667,620,0,0
22.1,41.7,630,0,0
22.1,41.7,640,0,0
22.2,42.03,650,0,0
22.2,43.8975,660,0,0
22.2,43.7666666666667,670,0,0
22.2,43.43,680,10,1
22.26,43.43,690,0,0
22.29,44.2,700,0,0
22.29,44.1266666666667,710,0,0
22.29,43.83333333333329,720,0,0
22.29,43.5666666666667,730,0,0
22.323333333333295,43.0633333333333,740,0,0
22.39,42.73,750,0,0
22.39,42.6333333333333,760,0,0
22.463333333333296,43.2333333333333,770,0,0
22.533333333333296,43.8666666666667,780,0,0
22.533333333333296,44.0666666666667,790,0,0
22.6,43.9666666666667,800,10,1
22.6,43.9,810,0,0
22.6,44.16,820,0,0
22.6,43.6333333333333,830,0,0
22.6,44.93,840,0,0
22.6,45.0633333333333,850,0,0
22.5,45.44,860,0,0
22.5,45.6633333333333,870,0,0
22.5,45.723333333333294,880,0,0
22.5,45.76,890,0,0
22.5,45.7,900,0,0
22.5,45.863333333333294,910,0,0
22.4266666666667,45.463333333333296,920,0,0
22.39,45.1333333333333,930,0,0
22.39,45.0,940,0,0
22.39,45.433333333333294,950,0,0
22.39,45.36,960,0,0
22.39,45.8,970,0,0
22.39,46.933333333333294,980,0,0
22.5,47.8666666666667,990,0,0
22.566666666666695,52.0666666666667,1000,0,0
22.6,56.55666666666671,1010,0,0
22.6666666666667,57.4966666666667,1020,0,0
22.7,56.0666666666667,1030,0,0
22.7,54.8,1040,0,0
22.7,53.2566666666667,1050,0,0
22.675,51.7675,1060,0,0
22.6666666666667,50.4933333333333,1070,0,0
22.7,49.6,1080,0,0
22.76,49.5266666666667,1090,0,0
22.89,48.66,1100,0,0
22.823333333333295,47.933333333333294,1110,0,0
22.8566666666667,47.3,1120,0,0
22.79,46.7666666666667,1130,10,1
22.79,46.19333333333329,1140,0,0
22.79,45.7266666666667,1150,0,0
22.79,45.2666666666667,1160,0,0
22.79,44.8,1170,0,0
22.79,44.363333333333294,1180,0,0
22.79,44.49,1190,0,0
22.79,44.863333333333294,1200,0,0
22.79,44.73,1210,0,0
22.79,44.2966666666667,1220,0,0
22.79,43.963333333333296,1230,0,0
22.76,43.723333333333294,1240,0,0
22.7,43.463333333333296,1250,0,0
22.7,43.245,1260,0,0
22.7,43.0266666666667,1270,0,0
22.6333333333333,42.69333333333329,1280,10,1
22.6666666666667,42.53,1290,0,0
22.6,42.53,1300,0,0
22.6,42.26,1310,10,1
22.6,42.2,1320,0,0
22.566666666666695,42.06,1330,0,0
22.5,41.933333333333294,1340,0,0
22.5,41.863333333333294,1350,0,0
22.5,41.73,1360,0,0
22.463333333333296,41.6333333333333,1370,0,0
22.39,41.5,1380,0,0
22.39,41.4,1390,0,0
22.323333333333295,41.3266666666667,1400,0,0
22.29,41.29,1410,0,0
22.29,41.23,1420,0,0
22.29,41.1633333333333,1430,0,0
22.23,41.03,0,0,0
22.2,40.9,10,0,0
22.2,40.863333333333294,20,0,0
22.2,40.73,30,0,0
22.1666666666667,40.6633333333333,40,0,0
22.1,40.59,50,0,0
22.1,40.5,60,0,0
22.1,40.5,70,0,0
22.066666666666695,40.363333333333294,80,0,0
22.0,40.29,90,0,0
22.0,40.26,100,0,0
22.0,40.2,110,0,0
21.89,40.09,120,0,0
21.89,40.09,130,0,0
21.89,40.06,140,0,0
21.89,40.0,150,0,0
21.8566666666667,39.9666666666667,160,0,0
21.79,39.9,170,0,0
21.79,39.79,180,0,0
21.79,39.79,190,0,0
21.76,39.79,200,0,0
21.7,39.7225,210,0,0
21.7,39.7,220,0,0
21.7,39.59,230,0,0
21.6333333333333,39.59,240,0,0
21.6,39.59,250,0,0
21.6,39.53,260,0,0
21.6,39.5,270,0,0
21.533333333333296,39.5,280,0,0
21.5,39.5,290,0,0
21.5,39.433333333333294,300,0,0
21.463333333333296,39.4,310,0,0
21.39,39.4,320,0,0
21.39,39.4,330,0,0
21.39,39.4,340,0,0
21.3566666666667,39.4,350,0,0
21.29,39.4,360,0,0
21.29,39.4,370,0,0
21.29,39.4,380,0,0
21.29,39.4,390,0,0
21.23,39.3266666666667,400,0,0
21.2,39.4,410,0,0
21.2,39.363333333333294,420,0,0
21.2,39.29,430,0,0
21.2,39.29,440,0,0
21.2,39.29,450,0,0
21.2,39.6266666666667,460,0,0
21.2,39.76,470,0,0
21.2,39.933333333333294,480,0,0
21.2,40.06,490,0,0
21.2,40.5,500,0,0
21.26,40.56,510,0,0
21.29,40.7666666666667,520,0,0
21.29,40.7666666666667,530,0,0
21.29,40.5666666666667,540,10,1
21.29,40.5666666666667,550,10,1
21.29,40.4,560,20,1
21.29,40.3266666666667,570,20,1
21.29,40.1333333333333,580,20,1
21.29,39.933333333333294,590,10,1
21.39,39.745,600,30,1
21.39,39.59,610,10,1
21.39,39.59,620,20,1
21.533333333333296,42.69333333333329,630,20,1
21.6666666666667,45.8266666666667,640,20,1
21.73,50.6333333333333,650,10,1
21.8566666666667,52.69333333333329,660,0,0
21.823333333333295,51.9566666666667,670,0,0
21.89,50.5633333333333,680,0,0
22.0,48.4266666666667,690,0,0
22.0,47.0933333333333,700,0,0
22.0,45.7333333333333,710,0,0
22.066666666666695,44.8666666666667,720,0,0
22.033333333333296,44.363333333333294,730,0,0
22.226666666666695,44.6966666666667,740,10,1
22.29,44.2,750,0,0
22.3566666666667,45.0666666666667,760,0,0
22.5,45.2966666666667,770,0,0
22.5,43.55666666666671,780,0,0
22.6,42.393333333333295,790,0,0
22.625,41.5,800,0,0
22.7,40.8,810,0,0
22.73,40.223333333333294,820,10,1
22.79,39.83,830,0,0
22.79,39.5266666666667,840,0,0
22.79,39.2666666666667,850,0,0
22.89,39.1,860,0,0
22.89,38.7666666666667,870,0,0
22.89,38.56,880,20,1
22.89,38.56,890,20,1
22.89,38.26,900,20,1
22.89,38.1266666666667,910,10,1
22.79,37.863333333333294,920,20,1
22.8566666666667,37.863333333333294,930,20,1
22.79,37.79,940,20,1
22.79,37.79,950,20,1
22.79,37.76,960,10,1
22.79,37.83333333333329,970,20,1
22.823333333333295,38.2566666666667,980,20,1
22.89,38.6633333333333,990,20,1
22.89,41.69,1000,20,1
23.0,43.0666666666667,1010,10,1
23.0,41.66666666666671,1020,20,1
23.0,40.7966666666667,1030,20,1
23.0,40.39,1040,20,1
22.963333333333296,39.93,1050,10,1
22.89,39.73,1060,20,1
22.9266666666667,41.3266666666667,1070,10,1
23.0,44.5266666666667,1080,0,0
23.0,45.4233333333333,1090,0,0
23.0,45.03,1100,0,0
23.1,46.5266666666667,1110,0,0
23.1,44.86,1120,0,0
23.066666666666695,43.5933333333333,1130,20,1
23.0,42.793333333333294,1140,20,1
23.0,42.0633333333333,1150,0,0
23.0,41.4566666666667,1160,0,0
22.963333333333296,40.863333333333294,1170,10,1
22.89,40.39,1180,0,0
22.89,40.2,1190,0,0
22.84,40.05,1200,0,0
22.823333333333295,39.86,1210,0,0
22.79,39.6633333333333,1220,10,1
22.79,39.53,1230,0,0
22.76,39.4666666666667,1240,0,0
22.7,39.4,1250,0,0
22.7,39.4666666666667,1260,0,0
22.7,39.5266666666667,1270,10,1
22.6666666666667,39.5266666666667,1280,30,1
22.6,39.3266666666667,1290,10,1
22.6,39.223333333333294,1300,10,1
22.6,39.1633333333333,1310,0,0
22.533333333333296,39.09,1320,0,0
22.533333333333296,39.03,1330,0,0
22.5,38.9666666666667,1340,0,0
22.5,38.9,1350,0,0
22.39,38.79,1360,0,0
22.39,38.73,1370,0,0
22.3566666666667,38.7,1380,0,0
22.29,38.7,1390,10,1
22.29,38.7,1400,10,1
22.26,38.7,1410,20,1
22.2,38.7,1420,20,1
22.2,38.6633333333333,1430,20,1
22.2,38.6633333333333,0,20,1
22.1,38.7,10,20,1
22.1,38.7,20,20,1
22.1,38.7,30,10,1
22.1,38.7,40,20,1
22.0,38.6633333333333,50,20,1
22.0,38.6633333333333,60,20,1
22.0,38.7,70,20,1
21.9266666666667,38.7,80,20,1
21.963333333333296,38.7,90,20,1
21.89,38.7,100,10,1
21.8566666666667,38.6633333333333,110,20,1
21.79,38.59,120,20,1
21.79,38.7,130,20,1
21.79,38.7,140,0,0
21.73,38.6266666666667,150,0,0
21.7225,38.7675,160,0,0
21.7,38.79,170,10,1
21.7,38.79,180,0,0
21.7,38.73,190,0,0
21.6,38.59,200,0,0
21.6,38.53,210,0,0
21.6,38.5,220,0,0
21.6,38.5,230,0,0
21.5,38.5,240,0,0
21.5,38.433333333333294,250,0,0
21.5,38.4,260,0,0
21.5,38.3266666666667,270,0,0
21.5,38.29,280,0,0
21.4266666666667,38.23,290,0,0
21.39,38.09,300,0,0
21.39,38.09,310,10,1
21.29,38.3266666666667,320,0,0
21.3566666666667,38.4,330,0,0
21.29,38.56,340,0,0
21.315,38.5675,350,0,0
21.323333333333295,38.59,360,10,1
21.29,38.59,370,0,0
21.29,38.59,380,0,0
21.29,38.6266666666667,390,0,0
21.23,38.6266666666667,400,0,0
21.26,38.8266666666667,410,0,0
21.2,38.9666666666667,420,0,0
21.2,38.863333333333294,430,0,0
21.26,38.863333333333294,440,0,0
21.2,38.79,450,0,0
21.2,38.79,460,0,0
21.2,38.8266666666667,470,0,0
21.2,38.9666666666667,480,0,0
21.2,38.9,490,0,0
21.2,38.9,500,0,0
21.2,39.0,510,0,0
21.26,39.06,520,0,0
21.29,39.1266666666667,530,0,0
21.29,39.2,540,0,0
21.29,39.2,550,0,0
21.39,39.2,560,0,0
21.39,39.2,570,0,0
21.4266666666667,39.3266666666667,580,0,0
21.5,39.4,590,0,0
21.5,39.5,600,0,0
21.5,39.433333333333294,610,0,0
21.6,39.3266666666667,620,0,0
21.6,39.3266666666667,630,0,0
21.7,39.29,640,0,0
21.7,39.29,650,0,0
21.73,39.29,660,0,0
21.79,39.23,670,0,0
21.79,38.723333333333294,680,0,0
21.73,38.39,690,0,0
21.79,38.19333333333329,700,0,0
21.8566666666667,38.19333333333329,710,0,0
21.89,37.99,720,0,0
21.89,37.59666666666671,730,0,0
21.89,37.26,740,0,0
21.89,37.025,750,0,0
21.89,36.8266666666667,760,0,0
21.89,36.6633333333333,770,0,0
21.89,36.463333333333296,780,0,0
21.89,36.26,790,0,0
21.89,36.1266666666667,800,0,0
21.89,36.0,810,0,0
21.823333333333295,35.9333333333333,820,0,0
21.8566666666667,35.8333333333333,830,0,0
21.8566666666667,35.7,840,0,0
21.79,35.59,850,0,0
21.79,35.53,860,0,0
21.79,35.4666666666667,870,0,0
21.79,35.4,880,0,0
21.79,35.3266666666667,890,0,0
21.79,35.4,900,0,0
21.76,35.29,910,0,0
21.7,35.29,920,0,0
21.7,35.2,930,0,0
21.7,35.2225,940,20,1
21.7,35.43,950,20,1
21.7,35.5,960,20,1
21.7,35.5,970,10,1
21.7,35.6266666666667,980,20,1
21.7,35.7,990,20,1
21.7,35.73,1000,20,1
21.7,35.8633333333333,1010,20,1
21.7,36.0,1020,10,1
21.7,36.0,1030,20,1
21.7,36.03,1040,20,1
21.7,36.1633333333333,1050,10,1
21.7,36.29,1060,20,1
21.7,36.5633333333333,1070,20,1
21.79,40.5933333333333,1080,10,1
21.8566666666667,45.8666666666667,1090,10,1
21.89,44.7566666666667,1100,0,0
21.89,43.55666666666671,1110,0,0
21.89,42.293333333333294,1120,0,0
21.89,41.3666666666667,1130,0,0
21.89,40.595,1140,0,0
21.89,39.96,1150,0,0
21.89,39.5,1160,0,0
21.89,39.1633333333333,1170,0,0
21.89,38.963333333333296,1180,0,0
21.89,38.6633333333333,1190,20,1
21.89,38.463333333333296,1200,10,1
21.89,38.223333333333294,1210,20,1
21.89,38.09,1220,20,1
21.89,37.9666666666667,1230,20,1
21.89,37.7666666666667,1240,20,1
21.8566666666667,37.6633333333333,1250,10,1
21.8566666666667,37.59,1260,10,1
21.79,37.4,1270,10,1
21.79,37.26,1280,0,0
21.79,37.3266666666667,1290,0,0
21.79,37.4,1300,0,0
21.76,37.5,1310,0,0
21.7,37.5,1320,0,0
21.7,37.4666666666667,1330,10,1
21.7,37.4,1340,0,0
21.6333333333333,37.3266666666667,1350,0,0
21.6,37.26,1360,0,0
21.6,37.2,1370,0,0
21.6,37.2,1380,0,0
21.533333333333296,37.2,1390,0,0
21.5,37.2,1400,0,0
21.5,37.2,1410,0,0
21.5,37.2,1420,0,0
21.5,37.2,1430,0,0
21.463333333333296,37.1633333333333,0,0,0
21.39,37.09,10,0,0
21.39,37.1266666666667,20,0,0
21.39,37.2,30,0,0
21.39,37.2,40,0,0
21.323333333333295,37.2,50,0,0
21.29,37.2,60,0,0
21.29,37.2,70,0,0
21.29,37.23,80,0,0
21.29,37.29,90,0,0
21.23,37.23,100,0,0
21.2,37.2,110,0,0
21.2,37.26,120,0,0
21.2,37.29,130,0,0
21.2,37.363333333333294,140,0,0
21.2,37.4,150,0,0
21.2,37.4666666666667,160,0,0
21.1,37.5,170,0,0
21.1,37.5,180,0,0
21.1,37.59,190,0,0
21.1,37.59,200,0,0
21.066666666666695,37.59,210,0,0
21.0,37.59,220,0,0
21.0,37.59,230,0,0
21.0,37.6633333333333,240,0,0
21.0,37.7,250,0,0
21.0,37.7,260,0,0
21.0,37.7,270,0,0
20.9266666666667,37.7,280,0,0
20.945,37.7,290,0,0
20.89,37.7,300,0,0
20.89,38.033333333333296,310,0,0
20.89,38.433333333333294,320,0,0
20.89,38.6333333333333,330,10,1
20.89,38.59,340,0,0
20.89,38.59,350,0,0
20.89,38.73,360,0,0
20.89,38.79,370,10,1
20.89,39.03,380,20,1
20.89,39.09,390,10,1
20.89,39.2,400,0,0
20.89,39.2,410,0,0
20.89,39.29,420,0,0
20.963333333333296,39.29,430,10,1
20.9266666666667,39.29,440,0,0
21.0,39.29,450,0,0
20.9266666666667,39.29,460,0,0
21.0,39.29,470,0,0
21.0,39.4,480,10,1
21.0,39.4,490,0,0
21.0,39.4,500,0,0
21.0,39.4,510,0,0
21.0,39.4666666666667,520,0,0
21.033333333333296,39.53,530,0,0
21.1,39.59,540,10,1
21.1,39.59,550,0,0
21.1,39.59,560,0,0
21.2,39.59,570,0,0
21.2,39.59,580,0,0
21.2,39.59,590,10,1
21.2,39.59,600,0,0
21.2,39.59,610,0,0
21.26,39.6633333333333,620,0,0
21.29,39.7,630,0,0
21.29,39.7,640,10,1
21.323333333333295,39.7,650,0,0
21.39,39.7,660,0,0
21.39,39.7,670,0,0
21.4175,39.645,680,0,0
21.5,39.7,690,10,1
21.5,39.59,700,0,0
21.5,39.59,710,0,0
21.6,39.4666666666667,720,0,0
21.6,39.3266666666667,730,0,0
21.6,39.26,740,10,1
21.6,39.2,750,0,0
21.6,39.09,760,0,0
21.6,39.09,770,0,0
21.7,39.2,780,0,0
21.7,39.1266666666667,790,10,1
21.7,39.09,800,0,0
21.7,39.09,810,0,0
21.73,39.0,820,0,0
21.79,39.0,830,0,0
21.79,38.9666666666667,840,10,1
21.79,38.9,850,0,0
21.79,38.79,860,0,0
21.79,38.79,870,0,0
21.8566666666667,38.79,880,0,0
21.89,38.7,890,0,0
21.89,38.7,900,10,1
21.89,38.7,910,0,0
21.89,38.7,920,0,0
21.89,38.6633333333333,930,0,0
21.89,38.6633333333333,940,0,0
21.89,38.59,950,10,1
21.89,38.59,960,0,0
22.0,38.59,970,0,0
22.0,38.59,980,0,0
22.1,38.59,990,0,0
22.1,38.59,1000,0,0
22.1333333333333,39.1266666666667,1010,0,0
22.2,39.2,1020,0,0
22.2,39.06,1030,0,0
22.2,39.4666666666667,1040,0,0
22.2,39.06,1050,0,0
22.2,38.2666666666667,1060,0,0
22.2,37.8,1070,0,0
22.23,41.2333333333333,1080,0,0
22.29,44.4266666666667,1090,0,0
22.3566666666667,43.4,1100,0,0
22.3566666666667,44.793333333333294,1110,0,0
22.39,44.0266666666667,1120,0,0
22.39,42.9666666666667,1130,0,0
22.39,42.033333333333296,1140,0,0
22.39,41.5,1150,10,1
22.39,40.93,1160,20,1
22.323333333333295,40.6566666666667,1170,20,1
22.29,40.33333333333329,1180,20,1
22.29,40.1266666666667,1190,30,1
22.29,39.9666666666667,1200,30,1
22.29,39.8266666666667,1210,20,1
22.2,39.56,1220,0,0
22.2,39.5,1230,0,0
22.2,40.1333333333333,1240,0,0
22.2,40.4666666666667,1250,0,0
22.2,40.59,1260,0,0
22.175,40.5675,1270,10,1
22.1,40.0266666666667,1280,0,0
22.1,39.5266666666667,1290,10,1
22.1,39.19333333333329,1300,0,0
22.1,38.9666666666667,1310,0,0
22.033333333333296,38.8266666666667,1320,0,0
22.0,38.7,1330,0,0
22.0,38.7,1340,0,0
22.0,38.59,1350,0,0
21.9266666666667,38.59,1360,0,0
21.89,38.59,1370,0,0
21.89,38.59,1380,10,1
21.89,38.59,1390,0,0
21.823333333333295,38.53,1400,0,0
21.79,38.53,1410,0,0
21.79,38.59,1420,0,0
21.76,38.59,1430,0,0
21.7,38.59,0,0,0
21.7,38.645,10,0,0
21.7,38.7,20,0,0
21.7,38.7,30,0,0
21.6666666666667,38.6633333333333,40,0,0
21.6,38.59,50,0,0
21.6,38.56,60,0,0
21.6,38.56,70,0,0
21.5,38.5,80,0,0
21.5,38.5,90,0,0
21.5,38.5,100,0,0
21.5,38.5,110,0,0
21.5,38.4666666666667,120,0,0
21.4266666666667,38.3266666666667,130,0,0
21.39,38.29,140,0,0
21.39,38.29,150,0,0
21.39,38.29,160,0,0
21.323333333333295,38.23,170,0,0
21.29,38.26,180,0,0
21.29,38.2,190,0,0
21.29,38.2,200,0,0
21.29,38.2,210,0,0
21.23,38.1266666666667,220,0,0
21.2,38.09,230,0,0
21.2,38.03,240,0,0
21.2,38.0,250,0,0
21.2,38.0,260,0,0
21.2,38.0,270,0,0
21.2,38.0,280,0,0
21.1,37.9666666666667,290,0,0
21.1,37.9,300,0,0
21.1,37.963333333333296,310,0,0
21.1,38.2966666666667,320,10,1
21.1,38.56,330,0,0
21.1,38.36,340,0,0
21.1,38.2,350,0,0
21.1,38.1266666666667,360,10,1
21.1,38.09,370,0,0
21.033333333333296,38.09,380,0,0
21.0,38.0666666666667,390,0,0
21.0,38.245,400,0,0
21.0,38.26,410,0,0
21.0,38.1633333333333,420,0,0
21.0,38.03,430,0,0
21.0,37.9666666666667,440,0,0
20.9266666666667,37.7666666666667,450,0,0
20.9266666666667,37.7,460,0,0
20.9266666666667,37.7,470,0,0
20.89,37.59,480,10,1
20.89,37.53,490,0,0
20.89,37.5666666666667,500,0,0
20.89,37.7,510,0,0
21.0,37.8,520,0,0
21.0,38.0,530,0,0
21.0,38.0666666666667,540,0,0
21.0,38.26,550,0,0
21.1,38.5666666666667,560,0,0
21.1666666666667,39.033333333333296,570,0,0
21.2,39.6233333333333,580,0,0
21.2,40.8966666666667,590,0,0
21.29,41.645,600,0,0
21.39,41.033333333333296,610,0,0
21.39,40.4266666666667,620,10,1
21.39,39.93,630,0,0
21.39,39.73,640,0,0
21.5,39.49,650,10,1
21.5,39.23,660,0,0
21.6,39.223333333333294,670,0,0
21.6,38.89,680,0,0
21.6,38.43,690,0,0
21.6666666666667,38.23,700,0,0
21.7,38.0266666666667,710,0,0
21.7,37.7666666666667,720,0,0
21.79,37.4,730,0,0
21.79,37.1266666666667,740,0,0
21.89,36.93,750,0,0
21.963333333333296,36.73,760,0,0
22.0,36.43,770,0,0
22.066666666666695,36.29,780,0,0
22.1333333333333,36.1633333333333,790,0,0
22.2,35.8975,800,0,0
22.26,35.7,810,0,0
22.323333333333295,35.56,820,0,0
22.39,35.4333333333333,830,0,0
22.4266666666667,35.29,840,0,0
22.5,35.23,850,0,0
22.5,34.2633333333333,860,0,0
22.566666666666695,33.3966666666667,870,0,0
22.6333333333333,32.7233333333333,880,0,0
22.7,32.59,890,0,0
22.7,32.53,900,0,0
22.76,32.6633333333333,910,0,0
22.79,32.73,920,0,0
22.8566666666667,32.8633333333333,930,0,0
22.89,33.0,940,0,0
22.89,32.9333333333333,950,0,0
22.89,32.0333333333333,960,0,0
22.89,31.3,970,0,0
22.89,30.9266666666667,980,0,0
22.89,31.025,990,0,0
22.89,30.7,1000,0,0
22.89,29.623333333333296,1010,0,0
22.823333333333295,28.8966666666667,1020,0,0
22.79,28.1333333333333,1030,20,1
22.73,27.733333333333295,1040,10,1
22.73,27.86,1050,20,1
22.79,28.1933333333333,1060,10,1
22.7,28.8,1070,20,1
22.7,29.66,1080,0,0
22.79,31.496666666666705,1090,0,0
22.79,31.956666666666695,1100,10,1
22.79,32.0966666666667,1110,20,1
22.79,31.89,1120,10,1
22.7,31.89,1130,20,1
22.7,31.963333333333296,1140,10,1
22.7,32.03,1150,20,1
22.7,32.1633333333333,1160,10,1
22.6,32.1266666666667,1170,10,1
22.6,32.26,1180,0,0
22.6,32.595,1190,20,1
22.6,33.0,1200,20,1
22.6,33.06,1210,10,1
22.566666666666695,33.1266666666667,1220,20,1
22.5,33.26,1230,10,1
22.5,33.3266666666667,1240,20,1
22.5,33.4666666666667,1250,10,1
22.5,33.53,1260,20,1
22.5,33.59,1270,10,1
22.5,33.6266666666667,1280,20,1
22.5,33.7,1290,10,1
22.5,33.8266666666667,1300,0,0
22.4266666666667,33.8266666666667,1310,0,0
22.39,33.8633333333333,1320,0,0
22.39,33.8633333333333,1330,0,0
22.39,33.9,1340,0,0
22.39,33.9666666666667,1350,0,0
22.29,34.09,1360,0,0
22.29,34.1633333333333,1370,0,0
22.29,34.23,1380,0,0
22.29,34.3175,1390,0,0
22.23,34.3266666666667,1400,0,0
22.2,34.29,1410,0,0
22.2,34.3633333333333,1420,0,0
22.2,34.4333333333333,1430,0,0
22.2,34.5,0,0,0
22.1666666666667,34.53,10,0,0
22.1,34.59,20,0,0
22.1,34.59,30,0,0
22.1,34.6633333333333,40,0,0
22.1,34.7,50,0,0
22.1,34.7,60,0,0
22.0,34.7,70,0,0
22.0,34.7,80,0,0
22.0,34.7,90,0,0
22.0,34.76,100,0,0
21.963333333333296,34.79,110,0,0
21.89,34.8633333333333,120,0,0
21.89,34.9,130,0,0
21.89,34.9,140,0,0
21.89,35.0,150,0,0
21.89,35.0,160,0,0
21.823333333333295,35.0,170,0,0
21.79,35.0,180,10,1
21.79,35.0,190,0,0
21.79,35.0,200,0,0
21.79,35.06,210,0,0
21.76,35.09,220,0,0
21.7,35.1633333333333,230,0,0
21.7,35.2,240,0,0
21.7,35.2,250,0,0
21.7,35.23,260,0,0
21.7,35.29,270,0,0
21.6666666666667,35.26,280,0,0
21.6,35.2,290,0,0
21.6,35.29,300,0,0
21.6,35.29,310,0,0
21.6,35.9266666666667,320,0,0
21.6,36.46,330,20,1
21.6,36.4,340,10,1
21.6,36.5,350,20,1
21.6,36.5,360,10,1
21.6,36.6566666666667,370,0,0
21.6,36.79,380,0,0
21.6,36.933333333333294,390,0,0
21.6,37.0,400,0,0
21.6,37.09,410,0,0
21.533333333333296,37.03,420,0,0
21.5,36.9666666666667,430,0,0
21.5,36.9,440,0,0
21.5,36.9,450,0,0
21.5,36.9,460,0,0
21.5,36.9,470,0,0
21.5,36.9,480,0,0
21.5,36.9,490,0,0
21.5,36.9666666666667,500,0,0
21.5,37.03,510,0,0
21.5,37.09,520,0,0
21.5,37.1266666666667,530,0,0
21.5,37.2675,540,0,0
21.566666666666695,37.29,550,0,0
21.6,37.3266666666667,560,0,0
21.6,37.4,570,0,0
21.6,37.4,580,0,0
21.6,37.4666666666667,590,0,0
21.7,37.59,600,0,0
21.7,37.6633333333333,610,0,0
21.73,37.7,620,0,0
21.79,37.76,630,0,0
21.79,37.73,640,0,0
21.79,37.79,650,0,0
21.79,37.79,660,0,0
21.8566666666667,37.863333333333294,670,0,0
21.89,37.9,680,0,0
21.89,37.9,690,0,0
21.9266666666667,37.863333333333294,700,0,0
22.0,37.73,710,0,0
22.1,37.7,720,0,0
22.175,37.7,730,0,0
22.2,37.6266666666667,740,0,0
22.29,37.56,750,0,0
22.29,37.433333333333294,760,0,0
22.323333333333295,37.033333333333296,770,0,0
22.39,36.5,780,0,0
22.5,35.99,790,0,0
22.5,35.93,800,0,0
22.6,36.6966666666667,810,0,0
22.6,36.03,820,0,0
22.73,35.8633333333333,830,0,0
22.79,35.5966666666667,840,0,0
22.76,34.5566666666667,850,0,0
22.7,33.89,860,0,0
22.79,33.86,870,0,0
22.79,34.06,880,10,1
22.89,34.5566666666667,890,0,0
22.963333333333296,35.03,900,0,0
23.0,34.9666666666667,910,0,0
23.0,34.9,920,0,0
23.1,35.0,930,0,0
23.1,35.0,940,0,0
23.1,35.0,950,0,0
23.066666666666695,34.93,960,0,0
23.0,34.79,970,0,0
23.0,34.79,980,0,0
23.0,34.8633333333333,990,0,0
23.0,34.9,1000,0,0
23.0,34.9,1010,0,0
23.0,34.9333333333333,1020,0,0
23.0,35.0,1030,0,0
23.0,35.1666666666667,1040,0,0
23.0,35.8933333333333,1050,0,0
23.033333333333296,37.59666666666671,1060,0,0
23.1,37.99,1070,0,0
23.1333333333333,38.863333333333294,1080,0,0
23.2,38.7966666666667,1090,0,0
23.2,38.5266666666667,1100,10,1
23.2,38.19333333333329,1110,0,0
23.2,37.9666666666667,1120,0,0
23.175,37.7225,1130,0,0
23.1,37.7966666666667,1140,10,1
23.1,37.5266666666667,1150,0,0
23.1,37.2666666666667,1160,0,0
23.1,37.2,1170,0,0
23.033333333333296,37.2,1180,0,0
23.0,37.1633333333333,1190,0,0
23.0,37.09,1200,0,0
23.0,37.06,1210,0,0
22.9266666666667,37.1333333333333,1220,0,0
22.89,37.2,1230,0,0
22.89,37.26,1240,0,0
22.89,37.2,1250,0,0
22.89,37.1266666666667,1260,10,1
22.89,37.2,1270,0,0
22.89,37.1266666666667,1280,0,0
22.89,37.06,1290,0,0
22.89,37.0,1300,0,0
22.89,37.0,1310,0,0
22.89,37.0,1320,0,0
22.84,36.95,1330,0,0
22.8566666666667,36.9666666666667,1340,0,0
22.8566666666667,36.9666666666667,1350,0,0
22.79,36.933333333333294,1360,0,0
22.79,37.0,1370,0,0
22.79,37.03,1380,0,0
22.79,37.09,1390,0,0
22.79,37.09,1400,0,0
22.79,37.09,1410,0,0
22.7,37.2,1420,0,0
22.76,37.2,1430,0,0
22.7,37.2,0,0,0
22.7,37.2,10,0,0
22.7,37.2,20,0,0
22.7,37.26,30,0,0
22.7,37.29,40,0,0
22.6333333333333,37.29,50,0,0
22.7,37.3266666666667,60,0,0
22.6333333333333,37.3266666666667,70,0,0
22.6,37.3266666666667,80,0,0
22.6,37.4,90,0,0
22.6,37.4,100,0,0
22.6,37.4,110,0,0
22.6,37.4,120,0,0
22.533333333333296,37.4,130,0,0
22.533333333333296,37.4,140,0,0
22.5,37.4,150,0,0
22.5,37.4,160,0,0
22.5,37.4,170,0,0
22.5,37.4,180,0,0
22.5,37.4,190,0,0
22.5,37.4,200,0,0
22.39,37.26,210,0,0
22.39,37.2,220,0,0
22.39,37.2,230,0,0
22.39,37.2,240,0,0
22.39,37.2,250,0,0
22.323333333333295,37.2,260,0,0
22.3566666666667,37.2,270,0,0
22.29,37.1266666666667,280,0,0
22.29,37.2,290,0,0
22.29,37.2,300,0,0
22.29,37.2,310,0,0
22.29,37.2,320,0,0
22.23,37.1266666666667,330,0,0
22.2,37.09,340,0,0
22.2,37.09,350,0,0
22.2,37.33,360,10,1
22.2,37.863333333333294,370,0,0
22.2,38.09,380,0,0
22.26,38.1633333333333,390,0,0
22.29,38.0,400,0,0
22.29,37.933333333333294,410,0,0
22.2,37.76,420,0,0
22.2,37.7,430,0,0
22.2,38.4,440,0,0
22.2,38.2,450,0,0
22.2,38.1633333333333,460,0,0
22.2,38.09,470,0,0
22.245,40.05,480,10,1
22.29,39.9666666666667,490,20,1
22.29,39.2266666666667,500,10,1
22.2,38.76,510,20,1
22.26,38.76,520,10,1
22.2,38.2666666666667,530,20,1
22.2,37.933333333333294,540,10,1
22.2,37.7,550,20,1
22.2,37.6266666666667,560,10,1
22.2,37.7,570,20,1
22.2,38.033333333333296,580,10,1
22.29,38.8266666666667,590,20,1
22.3566666666667,38.69333333333329,600,10,1
22.323333333333295,38.59,610,20,1
22.39,38.59,620,20,1
22.323333333333295,38.7666666666667,630,10,1
22.39,38.6333333333333,640,20,1
22.39,38.59,650,10,1
22.39,38.463333333333296,660,20,1
22.4266666666667,38.53,670,10,1
22.5,38.4975,680,0,0
22.5,38.4,690,0,0
22.5,38.363333333333294,700,0,0
22.5,38.09666666666671,710,0,0
22.533333333333296,38.0266666666667,720,0,0
22.6,37.8266666666667,730,0,0
22.6,37.76,740,0,0
22.6,37.7,750,0,0
22.7,37.933333333333294,760,0,0
22.7,37.9933333333333,770,0,0
22.7,38.0666666666667,780,0,0
22.7,37.9266666666667,790,0,0
22.79,37.7,800,0,0
22.79,37.7,810,0,0
22.79,37.4666666666667,820,0,0
22.79,37.3266666666667,830,0,0
22.79,37.06,840,0,0
22.79,36.933333333333294,850,0,0
22.8566666666667,36.7966666666667,860,0,0
22.8566666666667,36.59,870,0,0
22.84,36.395,880,0,0
22.79,36.1633333333333,890,0,0
22.79,36.09,900,0,0
22.8566666666667,36.1266666666667,910,0,0
22.8566666666667,36.33333333333329,920,0,0
22.89,36.6,930,0,0
22.89,36.4,940,0,0
22.89,36.7566666666667,950,0,0
22.89,36.7566666666667,960,0,0
22.89,36.59,970,10,1
22.89,36.53,980,0,0
22.89,36.6633333333333,990,0,0
22.89,36.59,1000,0,0
22.823333333333295,36.53,1010,0,0
22.89,36.59,1020,0,0
22.79,36.5,1030,0,0
22.8566666666667,37.2266666666667,1040,0,0
22.89,37.863333333333294,1050,0,0
22.89,37.53,1060,10,1
22.89,37.59,1070,0,0
22.9175,39.5425,1080,0,0
23.1333333333333,45.19333333333329,1090,0,0
23.1666666666667,44.5,1100,0,0
23.1666666666667,45.0266666666667,1110,0,0
23.2,43.5666666666667,1120,0,0
23.2,42.5666666666667,1130,0,0
23.2,41.5633333333333,1140,0,0
23.2,41.1566666666667,1150,0,0
23.2,40.69333333333329,1160,0,0
23.2,40.36,1170,0,0
23.2,40.06,1180,0,0
23.2,39.933333333333294,1190,0,0
23.1666666666667,39.6633333333333,1200,0,0
23.1666666666667,39.53,1210,0,0
23.1,39.4,1220,0,0
23.1,39.1266666666667,1230,0,0
23.1,38.863333333333294,1240,0,0
23.1,38.73,1250,0,0
23.1,38.59,1260,0,0
23.1,38.59,1270,0,0
23.1,38.59,1280,0,0
23.1,38.59,1290,10,1
23.033333333333296,38.9966666666667,1300,0,0
23.0,39.4,1310,0,0
22.9266666666667,39.3266666666667,1320,0,0
22.89,39.23,1330,0,0
22.89,39.29,1340,0,0
22.79,39.23,1350,0,0
22.79,39.23,1360,0,0
22.79,39.29,1370,0,0
22.73,39.23,1380,0,0
22.7,39.2,1390,0,0
22.7,39.2,1400,0,0
22.7,39.2,1410,0,0
22.6333333333333,39.1266666666667,1420,0,0
22.6,39.09,1430,0,0
22.6,39.09,0,0,0
22.6,39.0,10,0,0
22.6,39.0,20,0,0
22.5,39.045,30,0,0
22.566666666666695,39.06,40,0,0
22.5,39.06,50,0,0
22.5,39.09,60,0,0
22.5,39.09,70,0,0
22.5,39.1266666666667,80,0,0
22.5,39.1266666666667,90,0,0
22.4266666666667,39.1266666666667,100,0,0
22.5,39.2,110,0,0
22.463333333333296,39.1633333333333,120,0,0
22.39,39.09,130,0,0
22.39,39.09,140,0,0
22.39,39.09,150,0,0
22.39,39.09,160,0,0
22.39,39.09,170,0,0
22.29,39.09,180,0,0
22.29,39.09,190,0,0
22.29,39.06,200,0,0
22.29,39.0,210,0,0
22.29,38.9666666666667,220,0,0
22.2225,38.8725,230,0,0
22.2,38.79,240,0,0
22.2,38.76,250,0,0
22.2,38.7,260,0,0
22.2,38.7,270,0,0
22.2,38.6266666666667,280,0,0
22.2,38.59,290,0,0
22.1333333333333,38.59,300,0,0
22.1,38.59,310,0,0
22.1,38.59,320,0,0
22.1,38.5,330,0,0
22.1,38.5,340,0,0
22.1,38.4666666666667,350,0,0
22.1,38.4,360,0,0
22.066666666666695,38.363333333333294,370,0,0
22.0,38.29,380,0,0
22.0,38.26,390,0,0
22.0,38.2,400,0,0
22.0,38.2,410,0,0
22.0,38.2,420,0,0
21.945,38.145,430,0,0
21.89,38.09,440,0,0
21.89,38.09,450,0,0
21.89,38.09,460,0,0
21.89,38.4966666666667,470,0,0
21.9266666666667,39.1266666666667,480,0,0
22.0,39.1266666666667,490,0,0
22.033333333333296,39.09,500,0,0
22.033333333333296,39.09,510,0,0
22.1,38.9666666666667,520,0,0
22.033333333333296,38.8266666666667,530,0,0
22.0,38.7,540,0,0
22.066666666666695,38.7,550,0,0
22.1,38.7,560,0,0
22.1,38.5666666666667,570,0,0
22.1,38.4,580,0,0
22.1,38.4,590,0,0
22.1,38.2,600,0,0
22.1,38.2,610,0,0
22.1333333333333,38.1633333333333,620,0,0
22.2,38.0675,630,0,0
22.2,37.933333333333294,640,0,0
22.2,37.863333333333294,650,0,0
22.2,37.6566666666667,660,0,0
22.29,37.8,670,0,0
22.29,38.19333333333329,680,10,1
22.29,38.29,690,0,0
22.3566666666667,38.29,700,0,0
22.39,37.93,710,0,0
22.39,37.863333333333294,720,0,0
22.39,37.79,730,0,0
22.39,37.79,740,0,0
22.4266666666667,39.1,750,0,0
22.5,38.8266666666667,760,0,0
22.5,39.0933333333333,770,0,0
22.5,38.5,780,0,0
22.533333333333296,37.93,790,0,0
22.533333333333296,37.59666666666671,800,0,0
22.5,37.363333333333294,810,10,1
22.5,37.1175,820,0,0
22.566666666666695,37.19333333333329,830,0,0
22.7,38.06,840,0,0
22.76,38.33333333333329,850,0,0
22.79,38.6633333333333,860,0,0
22.79,38.59,870,0,0
22.823333333333295,38.5,880,10,1
22.823333333333295,38.36,890,0,0
22.823333333333295,38.06,900,0,0
22.89,37.86,910,0,0
22.89,37.5266666666667,920,0,0
22.89,37.1333333333333,930,0,0
23.0,36.83333333333329,940,0,0
23.0,36.6266666666667,950,0,0
23.0,36.363333333333294,960,10,1
23.066666666666695,36.23,970,0,0
23.0,35.9666666666667,980,0,0
23.0,35.7666666666667,990,0,0
23.0,35.6633333333333,1000,0,0
23.0,35.53,1010,0,0
23.0,35.4,1020,0,0
23.0,35.1633333333333,1030,0,0
23.0,35.03,1040,0,0
23.0,34.9666666666667,1050,10,1
23.0,34.7666666666667,1060,0,0
23.0,34.6333333333333,1070,0,0
23.0,34.4333333333333,1080,0,0
23.0,34.2,1090,0,0
22.9266666666667,34.0666666666667,1100,0,0
23.0,36.03,1110,0,0
23.0,38.8966666666667,1120,10,1
23.033333333333296,40.16666666666671,1130,0,0
23.1,39.16666666666671,1140,0,0
23.1,39.69333333333329,1150,0,0
23.1,39.433333333333294,1160,0,0
23.1,38.96,1170,0,0
23.033333333333296,38.5,1180,0,0
23.0,38.0266666666667,1190,10,1
23.0,37.7666666666667,1200,0,0
23.0,37.43,1210,0,0
23.0,37.1725,1220,0,0
22.9266666666667,36.933333333333294,1230,0,0
22.89,36.76,1240,0,0
22.89,36.6266666666667,1250,0,0
22.89,36.53,1260,0,0
22.823333333333295,36.463333333333296,1270,0,0
22.79,36.29,1280,10,1
22.79,36.29,1290,0,0
22.76,36.433333333333294,1300,0,0
22.7,36.6333333333333,1310,0,0
22.6666666666667,36.6,1320,10,1
22.6,36.3266666666667,1330,0,0
22.6,36.29,1340,0,0
22.6,36.29,1350,0,0
22.5,36.2,1360,0,0
22.5,36.1266666666667,1370,0,0
22.5,36.0,1380,0,0
22.5,35.9333333333333,1390,0,0
22.463333333333296,35.8633333333333,1400,0,0
22.39,35.73,1410,0,0
22.39,35.7,1420,0,0
22.3566666666667,35.59,1430,0,0
22.29,35.53,0,0,0
22.29,35.5,10,0,0
22.29,35.5,20,0,0
22.2,35.3266666666667,30,0,0
22.2,35.3266666666667,40,0,0
22.2,35.29,50,0,0
22.2,35.29,60,0,0
22.1666666666667,35.2,70,0,0
22.1,35.2,80,0,0
22.1,35.2,90,0,0
22.1,35.2,100,0,0
22.066666666666695,35.1633333333333,110,0,0
22.0,35.09,120,0,0
22.0,35.09,130,0,0
22.0,35.1633333333333,140,0,0
21.89,35.1266666666667,150,0,0
21.89,35.2,160,0,0
21.89,35.2,170,0,0
21.89,35.2,180,0,0
21.823333333333295,35.1266666666667,190,0,0
21.79,35.2,200,0,0
21.79,35.2,210,0,0
21.79,35.2,220,0,0
21.79,35.2,230,0,0
21.76,35.29,240,0,0
21.7,35.29,250,0,0
21.7,35.29,260,0,0
21.7,35.3633333333333,270,0,0
21.7,35.4,280,0,0
21.7,35.4,290,0,0
21.6,35.3266666666667,300,0,0
21.6,35.4,310,0,0
21.6,35.4,320,0,0
21.6,35.4,330,0,0
21.5,35.4,340,0,0
21.5,35.4,350,0,0
21.5,35.5,360,0,0
21.5,35.5,370,0,0
21.5,35.5,380,0,0
21.5,35.59,390,0,0
21.5,35.59,400,0,0
21.5,35.7566666666667,410,0,0
21.5,36.223333333333294,420,0,0
21.5,36.3266666666667,430,0,0
21.5,36.4666666666667,440,0,0
21.5,36.7,450,0,0
21.5,36.76,460,0,0
21.5,36.56,470,10,1
21.5,36.5,480,0,0
21.5,36.56,490,0,0
21.5,36.5,500,0,0
21.5,36.53,510,10,1
21.5,36.59,520,10,1
21.5,36.53,530,20,1
21.5,36.7966666666667,540,20,1
21.5,36.6633333333333,550,10,1
21.5,36.59,560,10,1
21.445,36.45,570,10,1
21.39,36.29,580,0,0
21.39,36.29,590,0,0
21.39,37.1266666666667,600,0,0
21.39,37.1266666666667,610,0,0
21.39,36.83333333333329,620,0,0
21.39,36.6266666666667,630,0,0
21.39,36.4666666666667,640,0,0
21.39,36.3266666666667,650,0,0
21.39,36.2,660,0,0
21.39,36.2,670,10,1
21.39,36.23,680,0,0
21.39,36.29,690,0,0
21.39,36.29,700,0,0
21.39,36.29,710,0,0
21.5,36.5,720,0,0
21.5,36.5,730,0,0
21.5,36.5,740,0,0
21.5,36.56,750,0,0
21.55,36.545,760,0,0
21.6,36.56,770,10,1
21.6,36.5,780,0,0
21.6,36.5,790,0,0
21.6,36.433333333333294,800,0,0
21.6,36.4,810,0,0
21.6666666666667,36.4666666666667,820,0,0
21.7,36.5,830,0,0
21.7,36.5,840,0,0
21.73,36.5,850,0,0
21.79,36.5,860,10,1
21.79,36.4,870,0,0
21.79,36.4,880,0,0
21.823333333333295,36.4,890,0,0
21.89,36.4,900,0,0
21.89,36.363333333333294,910,0,0
21.89,36.29,920,0,0
22.0,36.363333333333294,930,0,0
22.0,36.29,940,0,0
22.0,36.26,950,10,1
22.0,36.2,960,0,0
22.0,36.2,970,0,0
22.033333333333296,36.23,980,0,0
22.1,36.29,990,0,0
22.1,36.26,1000,0,0
22.1,36.2,1010,0,0
22.1,36.1633333333333,1020,0,0
22.1,36.03,1030,0,0
22.1333333333333,35.8633333333333,1040,0,0
22.1333333333333,35.73,1050,0,0
22.1333333333333,36.0,1060,0,0
22.2,36.0,1070,0,0
22.2,36.03,1080,0,0
22.2,36.09,1090,0,0
22.2,36.0,1100,0,0
22.2,36.0,1110,0,0
22.1666666666667,36.0,1120,0,0
22.1,35.9333333333333,1130,0,0
22.1666666666667,35.79,1140,0,0
22.1,35.845,1150,0,0
22.1,35.73,1160,0,0
22.1,35.73,1170,0,0
22.1,35.79,1180,0,0
22.1,35.9,1190,0,0
22.1,35.8266666666667,1200,0,0
22.1,35.76,1210,0,0
22.033333333333296,35.6266666666667,1220,10,1
22.0,35.4666666666667,1230,0,0
22.0,35.4,1240,0,0
22.0,35.5,1250,10,1
21.9266666666667,35.5,1260,0,0
21.89,35.4,1270,0,0
21.89,35.4,1280,0,0
21.89,35.4,1290,0,0
21.89,35.4,1300,0,0
21.79,35.29,1310,0,0
21.79,35.29,1320,10,1
21.73,35.5,1330,0,0
21.73,35.4333333333333,1340,0,0
21.7,35.4,1350,0,0
21.7,35.3633333333333,1360,0,0
21.6333333333333,35.29,1370,0,0
21.6,35.26,1380,0,0
21.6,35.26,1390,0,0
21.6,35.2,1400,0,0
21.6,35.2,1410,0,0
21.5,35.2,1420,0,0
21.5,35.2,1430,0,0
21.5,35.23,0,0,0
21.5,35.29,10,0,0
21.463333333333296,35.2,20,0,0
21.39,35.2,30,0,0
21.39,35.2,40,0,0
21.39,35.2,50,0,0
21.39,35.2,60,0,0
21.323333333333295,35.2,70,0,0
21.29,35.2,80,0,0
21.29,35.2,90,0,0
21.29,35.245,100,0,0
21.29,35.29,110,0,0
21.23,35.23,120,0,0
21.2,35.2,130,0,0
21.2,35.2,140,0,0
21.2,35.29,150,0,0
21.2,35.29,160,0,0
21.1666666666667,35.29,170,0,0
21.1,35.29,180,0,0
21.1,35.29,190,0,0
21.1,35.29,200,0,0
21.1,35.3266666666667,210,0,0
21.033333333333296,35.3266666666667,220,0,0
21.0,35.29,230,0,0
21.0,35.29,240,0,0
21.0,35.29,250,0,0
21.0,35.3633333333333,260,0,0
21.0,35.4,270,0,0
21.0,35.4,280,0,0
20.89,35.5,290,0,0
20.89,35.5,300,0,0
20.89,35.7666666666667,310,0,0
20.89,36.2666666666667,320,0,0
20.963333333333296,36.4666666666667,330,10,1
21.0,36.53,340,0,0
21.0,36.59,350,0,0
21.0,36.6266666666667,360,0,0
21.0,36.83333333333329,370,10,1
21.0,36.963333333333296,380,0,0
21.0,37.1633333333333,390,0,0
21.0,37.23,400,0,0
21.0,37.23,410,0,0
21.0,37.2,420,10,1
21.0,37.1266666666667,430,0,0
21.0,37.06,440,0,0
21.0,37.0,450,20,1
21.0,36.9666666666667,460,10,1
21.0,36.9,470,20,1
20.89,36.79,480,10,1
20.89,36.7225,490,20,1
20.89,36.6266666666667,500,20,1
20.89,36.5,510,10,1
20.89,36.5,520,20,1
20.89,36.4,530,10,1
20.89,36.4,540,20,1
20.8566666666667,36.4666666666667,550,10,1
20.79,36.4,560,10,1
20.79,36.433333333333294,570,0,0
20.79,36.5,580,10,1
20.79,36.5,590,20,1
20.79,36.56,600,10,1
20.79,36.59,610,20,1
20.79,36.6633333333333,620,10,1
20.7,36.73,630,20,1
20.76,36.863333333333294,640,10,1
20.7,36.933333333333294,650,20,1
20.76,37.0,660,10,1
20.79,37.09,670,20,1
20.79,37.09,680,10,1
20.745,37.2,690,10,1
20.79,37.2666666666667,700,0,0
20.79,37.4666666666667,710,0,0
20.79,37.7,720,10,1
20.79,37.7,730,20,1
20.79,37.7,740,10,1
20.79,37.7,750,20,1
20.79,37.7,760,10,1
20.79,37.7,770,20,1
20.79,37.79,780,10,1
20.79,37.79,790,10,1
20.79,37.79,800,20,1
20.79,37.79,810,10,1
20.79,38.1566666666667,820,20,1
20.79,38.29,830,10,1
20.79,38.29,840,20,1
20.79,38.29,850,10,1
20.79,38.2,860,20,1
20.79,38.2,870,10,1
20.79,38.2,880,10,1
20.79,38.23,890,0,0
20.79,38.29,900,0,0
20.79,38.29,910,0,0
20.79,38.29,920,0,0
20.79,38.29,930,0,0
20.79,38.29,940,0,0
20.79,38.4,950,0,0
20.79,38.4,960,0,0
20.73,38.4,970,0,0
20.79,38.4,980,0,0
20.79,38.6566666666667,990,0,0
20.79,38.93,1000,0,0
20.76,39.1266666666667,1010,0,0
20.7,39.26,1020,20,1
20.73,39.2,1030,20,1
20.73,39.2,1040,10,1
20.7,39.463333333333296,1050,20,1
20.76,39.723333333333294,1060,10,1
20.823333333333295,42.63,1070,0,0
20.9175,44.4725,1080,0,0
21.0,43.933333333333294,1090,0,0
21.1,42.7333333333333,1100,20,1
21.1666666666667,42.0666666666667,1110,20,1
21.323333333333295,41.363333333333294,1120,10,1
21.39,40.7566666666667,1130,20,1
21.533333333333296,40.2966666666667,1140,0,0
21.6666666666667,40.2966666666667,1150,0,0
21.823333333333295,40.1633333333333,1160,0,0
21.963333333333296,39.963333333333296,1170,0,0
22.1,39.76,1180,0,0
22.1,39.6266666666667,1190,0,0
22.2,39.43,1200,20,1
22.2,39.23,1210,10,1
22.2,38.9666666666667,1220,10,1
22.2,38.8266666666667,1230,20,1
22.29,38.6633333333333,1240,10,1
22.29,38.53,1250,10,1
22.2,38.26,1260,20,1
22.2,38.2,1270,10,1
22.2,38.2,1280,10,1
22.2,38.2,1290,20,1
22.1333333333333,38.2,1300,10,1
22.1,38.2,1310,10,1
22.033333333333296,38.1266666666667,1320,20,1
22.0,38.2,1330,10,1
22.0,38.26,1340,10,1
21.89,38.29,1350,20,1
21.89,38.29,1360,10,1
21.89,38.2,1370,10,1
21.823333333333295,38.1266666666667,1380,20,1
21.79,38.06,1390,10,1
21.79,37.933333333333294,1400,10,1
21.7,37.9,1410,20,1
21.7,37.8266666666667,1420,10,1
21.7,37.79,1430,10,1
21.6333333333333,37.73,0,10,1
21.6,37.7,10,20,1
21.6,37.6266666666667,20,20,1
21.55,38.295,30,10,1
21.5,38.69333333333329,40,0,0
21.5,38.5,50,0,0
21.5,38.8266666666667,60,10,1
21.4266666666667,38.8266666666667,70,0,0
21.39,38.6633333333333,80,0,0
21.323333333333295,38.53,90,0,0
21.29,38.4,100,0,0
21.29,38.2666666666667,110,0,0
21.29,38.0,120,0,0
21.23,37.86,130,0,0
21.26,37.863333333333294,140,0,0
21.2,37.79,150,0,0
21.2,37.6633333333333,160,0,0
21.2,37.59,170,0,0
21.1,37.59,180,0,0
21.1,37.53,190,0,0
21.1,37.4,200,0,0
21.1,37.4,210,0,0
21.0,37.245,220,0,0
21.0,37.09,230,0,0
21.0,37.09,240,0,0
21.0,37.06,250,0,0
20.9266666666667,37.0,260,0,0
20.89,36.9,270,0,0
20.89,36.9,280,0,0
20.89,36.79,290,0,0
20.823333333333295,36.73,300,0,0
20.79,36.8,310,0,0
20.79,37.1333333333333,320,0,0
20.79,37.33,330,0,0
20.79,37.39,340,0,0
20.79,37.3266666666667,350,0,0
20.79,37.4,360,0,0
20.79,37.29,370,0,0
20.79,37.363333333333294,380,0,0
20.79,37.3,390,10,1
20.79,37.433333333333294,400,0,0
20.79,37.59,410,0,0
20.7675,37.4475,420,0,0
20.76,37.3266666666667,430,0,0
20.7,37.2,440,0,0
20.7,37.1266666666667,450,0,0
20.7,37.06,460,0,0
20.7,37.0,470,0,0
20.7,37.09,480,0,0
20.7,37.09,490,0,0
20.7,37.09,500,0,0
20.7,37.09,510,0,0
20.73,37.09,520,0,0
20.79,37.09,530,0,0
20.79,37.09,540,0,0
20.79,37.09,550,0,0
20.823333333333295,37.03,560,0,0
20.89,37.09,570,0,0
20.89,37.09,580,0,0
20.89,37.09,590,0,0
20.79,36.9666666666667,600,0,0
20.865,36.975,610,0,0
20.89,37.0,620,0,0
20.89,36.9666666666667,630,0,0
20.89,36.9,640,0,0
20.89,36.9,650,0,0
20.89,36.9,660,0,0
20.89,36.9,670,0,0
20.89,36.9666666666667,680,0,0
20.9266666666667,37.0,690,0,0
20.9266666666667,37.0,700,0,0
21.0,37.0,710,0,0
21.0,37.0,720,0,0
21.0,36.9,730,0,0
21.0,36.8266666666667,740,0,0
21.0,36.79,750,0,0
21.0,36.79,760,0,0
21.0,36.76,770,0,0
21.0,36.7,780,0,0
21.0,36.7,790,0,0
21.0,36.7,800,0,0
20.9266666666667,36.7,810,0,0
20.963333333333296,36.73,820,0,0
20.963333333333296,36.79,830,0,0
20.963333333333296,36.79,840,0,0
20.89,36.79,850,0,0
20.89,36.79,860,0,0
20.89,36.79,870,0,0
20.89,36.79,880,0,0
20.89,36.79,890,0,0
20.89,36.79,900,0,0
20.89,36.863333333333294,910,0,0
20.89,36.9,920,0,0
20.89,36.9,930,0,0
20.8566666666667,36.863333333333294,940,0,0
20.79,36.863333333333294,950,0,0
20.8566666666667,36.9,960,0,0
20.8566666666667,36.9666666666667,970,0,0
20.823333333333295,36.9,980,0,0
20.89,36.9666666666667,990,0,0
20.84,37.05,1000,0,0
20.89,37.29,1010,0,0
20.89,37.29,1020,0,0
20.89,37.29,1030,0,0
20.89,37.29,1040,0,0
20.89,37.23,1050,0,0
20.89,37.5633333333333,1060,0,0
21.033333333333296,41.1266666666667,1070,0,0
21.1666666666667,46.4,1080,0,0
21.29,45.0,1090,0,0
21.29,43.9266666666667,1100,0,0
21.39,42.4933333333333,1110,0,0
21.463333333333296,41.36,1120,0,0
21.5,40.33333333333329,1130,0,0
21.566666666666695,39.7266666666667,1140,0,0
21.7,39.16,1150,0,0
21.76,38.8266666666667,1160,0,0
21.89,38.5266666666667,1170,0,0
21.89,38.19333333333329,1180,0,0
22.05,37.895,1190,0,0
22.1333333333333,37.5266666666667,1200,0,0
22.2,37.19333333333329,1210,0,0
22.2,36.863333333333294,1220,0,0
22.2,36.6566666666667,1230,0,0
22.2,36.43,1240,0,0
22.2,36.29,1250,10,1
22.2,36.26,1260,0,0
22.2,36.1266666666667,1270,0,0
22.1,36.1266666666667,1280,0,0
22.033333333333296,36.1266666666667,1290,0,0
22.0,36.2,1300,0,0
22.0,36.26,1310,0,0
21.963333333333296,36.29,1320,0,0
21.89,36.363333333333294,1330,0,0
21.89,36.4,1340,0,0
21.823333333333295,36.3266666666667,1350,0,0
21.79,36.26,1360,0,0
21.73,36.2,1370,0,0
21.7,36.09,1380,0,0
21.7,36.09,1390,0,0
21.6333333333333,36.03,1400,0,0
21.6,36.0,1410,0,0
21.533333333333296,36.0,1420,0,0
21.5,36.0,1430,0,0
21.5,36.0,0,0,0
21.5,36.0,10,0,0
21.4266666666667,35.86,20,0,0
21.39,35.79,30,0,0
21.323333333333295,35.79,40,0,0
21.29,35.76,50,0,0
21.29,35.7,60,0,0
21.29,35.7,70,0,0
21.29,35.7,80,0,0
21.2,35.56,90,0,0
21.2,35.5,100,0,0
21.2,35.5,110,0,0
21.1333333333333,35.5,120,0,0
21.1,35.5,130,0,0
21.1,35.5,140,0,0
21.1,35.5,150,0,0
21.0,35.4,160,0,0
21.0,35.4,170,0,0
21.0,35.4,180,0,0
21.0,35.4,190,0,0
20.89,35.4,200,0,0
20.89,35.4,210,0,0
20.89,35.4,220,0,0
20.89,35.4,230,0,0
20.8566666666667,35.4,240,0,0
20.79,35.4,250,0,0
20.79,35.4,260,0,0
20.79,35.4,270,0,0
20.76,35.4,280,0,0
20.7,35.4,290,0,0
20.7,35.5,300,0,0
20.7,35.6933333333333,310,0,0
20.7,36.1266666666667,320,0,0
20.7,36.26,330,10,1
20.7,36.4,340,0,0
20.7,36.4,350,0,0
20.7,36.4666666666667,360,0,0
20.7,36.4666666666667,370,0,0
20.7,36.4,380,10,1
20.6,36.36,390,0,0
20.6,36.5,400,0,0
20.6333333333333,36.6266666666667,410,10,1
20.6333333333333,36.76,420,20,1
20.6,36.9,430,10,1
20.6,36.9666666666667,440,30,1
20.6333333333333,37.0666666666667,450,20,1
20.6333333333333,37.0666666666667,460,30,1
20.6,36.9666666666667,470,20,1
20.6,36.9,480,30,1
20.6,36.83333333333329,490,30,1
20.6,36.7,500,20,1
20.6,36.56,510,30,1
20.6,36.433333333333294,520,30,1
20.5,36.345,530,20,1
20.5,36.2,540,20,1
20.5,36.2,550,20,1
20.5,36.463333333333296,560,10,1
20.5,36.6633333333333,570,20,1
20.6,36.89,580,10,1
20.6,37.1633333333333,590,10,1
20.533333333333296,37.3266666666667,600,20,1
20.6,37.6,610,10,1
20.6,38.293333333333294,620,10,1
20.6666666666667,38.96,630,20,1
20.6333333333333,38.9,640,0,0
20.6333333333333,38.9,650,0,0
20.6,38.83333333333329,660,10,1
20.6,38.5666666666667,670,0,0
20.6,38.363333333333294,680,0,0
20.6,38.23,690,10,1
20.6,38.1566666666667,700,0,0
20.6,38.1566666666667,710,0,0
20.6,37.69,720,0,0
20.6,37.363333333333294,730,0,0
20.6,37.23,740,0,0
20.6333333333333,37.09,750,0,0
20.7,37.09,760,0,0
20.7,36.9666666666667,770,0,0
20.7,36.7666666666667,780,0,0
20.7,36.6633333333333,790,0,0
20.7,36.463333333333296,800,0,0
20.79,36.6266666666667,810,0,0
20.8566666666667,36.7,820,0,0
20.823333333333295,36.43,830,0,0
20.89,36.23,840,0,0
20.89,36.0266666666667,850,0,0
20.89,35.8266666666667,860,0,0
20.89,35.79,870,0,0
20.89,35.6566666666667,880,0,0
20.963333333333296,35.4666666666667,890,0,0
20.963333333333296,35.4,900,0,0
21.0,35.29,910,0,0
21.0,35.2675,920,0,0
21.0,35.1266666666667,930,0,0
21.0,34.9666666666667,940,0,0
21.0,34.8266666666667,950,0,0
21.0,34.79,960,0,0
21.0,34.73,970,0,0
20.89,34.7,980,0,0
20.89,34.7,990,0,0
20.9266666666667,34.7,1000,0,0
20.9266666666667,34.76,1010,0,0
21.0,34.8266666666667,1020,0,0
21.0,34.9,1030,0,0
20.89,35.0,1040,0,0
20.963333333333296,35.0,1050,0,0
21.0,35.09,1060,0,0
21.0,35.03,1070,0,0
21.1333333333333,34.9666666666667,1080,0,0
21.26,37.433333333333294,1090,0,0
21.4266666666667,41.7266666666667,1100,0,0
21.575,39.795,1110,10,1
21.6666666666667,37.5266666666667,1120,0,0
21.73,36.5633333333333,1130,0,0
21.8566666666667,36.1566666666667,1140,0,0
21.9266666666667,35.93,1150,0,0
22.0,35.6566666666667,1160,0,0
22.1,35.56,1170,0,0
22.1666666666667,35.4333333333333,1180,0,0
22.2,35.26,1190,0,0
22.2,35.0666666666667,1200,0,0
22.23,34.9,1210,0,0
22.29,34.7666666666667,1220,0,0
22.23,34.59,1230,0,0
22.23,34.53,1240,0,0
22.2,34.4666666666667,1250,0,0
22.2,34.4,1260,20,1
22.2,34.53,1270,10,1
22.2,34.6633333333333,1280,20,1
22.1666666666667,34.8266666666667,1290,10,1
22.1,34.9666666666667,1300,10,1
22.1,35.09,1310,20,1
22.0,35.1266666666667,1320,10,1
22.0,35.2,1330,10,1
21.89,35.2,1340,20,1
21.89,35.26,1350,10,1
21.89,35.29,1360,20,1
21.823333333333295,35.23,1370,10,1
21.79,35.23,1380,10,1
21.73,35.29,1390,20,1
21.7,35.53,1400,10,1
21.7,35.53,1410,20,1
21.6,35.4,1420,10,1
21.6,35.4,1430,10,1
21.5,35.5,0,20,1
21.5,35.5,10,10,1
21.5,35.53,20,10,1
21.4266666666667,35.53,30,10,1
21.39,35.53,40,0,0
21.39,35.7233333333333,50,0,0
21.29,35.79,60,0,0
21.29,35.79,70,0,0
21.23,35.73,80,10,1
21.2,35.7,90,0,0
21.2,35.7,100,0,0
21.1666666666667,35.6633333333333,110,0,0
21.1,35.59,120,0,0
21.1,35.59,130,0,0
21.1,35.59,140,0,0
21.066666666666695,35.5,150,0,0
21.0,35.5,160,0,0
21.0,35.4666666666667,170,10,1
21.0,35.4,180,0,0
20.89,35.4,190,0,0
20.89,35.4,200,0,0
20.89,35.4,210,0,0
20.89,35.4,220,0,0
20.823333333333295,35.29,230,0,0
20.823333333333295,35.29,240,0,0
20.79,35.2,250,0,0
20.79,35.2,260,0,0
20.79,35.2,270,0,0
20.7,35.1633333333333,280,0,0
20.7,35.1633333333333,290,0,0
20.7,35.1633333333333,300,10,1
20.7,35.2233333333333,310,0,0
20.7,35.6266666666667,320,0,0
20.7,35.7,330,0,0
20.7,35.8633333333333,340,0,0
20.7,35.79,350,10,1
20.7,35.79,360,0,0
20.6333333333333,36.1966666666667,370,0,0
20.6,35.93,380,0,0
20.6,35.73,390,0,0
20.6,35.59,400,0,0
20.6,35.59,410,0,0
20.6,35.59,420,0,0
20.6,35.6633333333333,430,0,0
20.566666666666695,35.7,440,0,0
20.575,35.75,450,0,0
20.6,35.9,460,0,0
20.566666666666695,35.9333333333333,470,0,0
20.566666666666695,36.19333333333329,480,0,0
20.6,36.433333333333294,490,0,0
20.6,36.5,500,0,0
20.6,36.43,510,0,0
20.6,36.23,520,0,0
20.6,36.1633333333333,530,0,0
20.6666666666667,36.1633333333333,540,0,0
20.7,36.09,550,0,0
20.7,36.09,560,20,1
20.7,36.06,570,10,1
20.7,36.0,580,10,1
20.7,35.9,590,10,1
20.7,35.8266666666667,600,10,1
20.79,35.8266666666667,610,10,1
20.79,36.0266666666667,620,10,1
20.73,36.0266666666667,630,10,1
20.79,35.8725,640,20,1
20.79,35.73,650,10,1
20.79,35.56,660,10,1
20.79,35.5,670,10,1
20.79,35.3633333333333,680,10,1
20.79,35.23,690,0,0
20.79,35.2,700,0,0
20.79,35.1266666666667,710,0,0
20.79,35.09,720,0,0
20.73,35.09,730,0,0
20.7,35.09,740,0,0
20.7,35.09,750,0,0
20.7,35.0,760,0,0
20.7,35.0,770,0,0
20.79,35.0,780,0,0
20.79,35.0,790,0,0
20.79,35.0,800,0,0
20.79,35.0,810,0,0
20.79,35.0,820,0,0
20.79,35.0225,830,0,0
20.79,35.09,840,0,0
20.79,35.09,850,0,0
20.79,35.09,860,0,0
20.79,35.09,870,0,0
20.79,35.03,880,0,0
20.79,35.1333333333333,890,0,0
20.79,35.4666666666667,900,0,0
20.89,35.6633333333333,910,0,0
20.89,35.59,920,0,0
20.89,35.56,930,0,0
20.89,35.4333333333333,940,0,0
20.9266666666667,35.26,950,0,0
21.0,35.2,960,0,0
21.0,35.1633333333333,970,0,0
21.0,34.89,980,0,0
21.0,34.6633333333333,990,0,0
21.0,34.59,1000,0,0
21.033333333333296,34.4666666666667,1010,0,0
21.1,34.3266666666667,1020,0,0
21.1,34.4,1030,0,0
21.1,33.6933333333333,1040,0,0
21.1,33.3,1050,0,0
21.1333333333333,33.43,1060,0,0
21.1333333333333,33.23,1070,0,0
21.1,33.5,1080,0,0
21.1666666666667,33.8333333333333,1090,0,0
21.1,33.76,1100,0,0
21.1,33.6266666666667,1110,0,0
21.2,33.29,1120,0,0
21.2,33.29,1130,0,0
21.2,33.5,1140,0,0
21.2,33.7,1150,0,0
21.1333333333333,33.6666666666667,1160,0,0
21.1333333333333,33.86,1170,0,0
21.1,33.5,1180,0,0
21.1,33.36,1190,0,0
21.1,33.1633333333333,1200,0,0
21.1,33.09,1210,0,0
21.1,33.0,1220,0,0
21.1,33.0,1230,0,0
21.033333333333296,32.9333333333333,1240,0,0
21.0,32.9,1250,0,0
21.0,32.9666666666667,1260,10,1
21.0,33.2666666666667,1270,0,0
21.0,33.5266666666667,1280,0,0
21.0,33.5,1290,0,0
21.0,33.5,1300,0,0
20.963333333333296,33.53,1310,0,0
20.89,33.53,1320,0,0
20.89,33.59,1330,0,0
20.89,33.59,1340,0,0
20.823333333333295,33.53,1350,0,0
20.823333333333295,33.53,1360,0,0
20.79,33.59,1370,0,0
20.79,33.59,1380,0,0
20.79,33.6266666666667,1390,0,0
20.79,33.7,1400,0,0
20.7,33.7,1410,0,0
20.7,33.79,1420,0,0
20.7,33.79,1430,0,0
20.6666666666667,33.79,0,0,0
20.6,33.79,10,0,0
20.6,33.9,20,0,0
20.6,33.9,30,0,0
20.566666666666695,33.9333333333333,40,0,0
20.5,34.0,50,0,0
20.5,34.03,60,0,0
20.5,34.09,70,0,0
20.463333333333296,34.09,80,0,0
20.463333333333296,34.1633333333333,90,0,0
20.39,34.09,100,0,0
20.39,34.09,110,0,0
20.39,34.09,120,0,0
20.39,34.09,130,0,0
20.3566666666667,34.2,140,0,0
20.29,34.2,150,0,0
20.3566666666667,34.2,160,0,0
20.29,34.2,170,0,0
20.29,34.2,180,0,0
20.29,34.29,190,0,0
20.29,34.29,200,0,0
20.29,34.29,210,0,0
20.23,34.29,220,0,0
20.26,34.29,230,0,0
20.2,34.29,240,0,0
20.2,34.29,250,0,0
20.2,34.29,260,0,0
20.2,34.4,270,0,0
20.1333333333333,34.4,280,0,0
20.2,34.4,290,0,0
20.1333333333333,34.4,300,0,0
20.1,34.4333333333333,310,0,0
20.1,34.5,320,0,0
20.1,34.5,330,0,0
20.1,34.5,340,0,0
20.066666666666695,34.4666666666667,350,0,0
20.0,34.4975,360,0,0
20.0,34.9966666666667,370,0,0
20.1,35.3266666666667,380,0,0
20.1,35.66,390,0,0
20.1,35.79,400,0,0
20.1,35.79,410,0,0
20.1,36.03,420,10,1
20.1,36.09,430,0,0
20.1,36.06,440,0,0
20.1,36.0,450,0,0
20.1,36.16666666666671,460,0,0
20.1666666666667,36.2266666666667,470,0,0
20.1,36.09,480,0,0
20.1,36.09,490,0,0
20.1,36.393333333333295,500,0,0
20.1666666666667,37.6,510,0,0
20.23,38.723333333333294,520,0,0
20.23,38.2566666666667,530,0,0
20.2,37.76,540,0,0
20.2,37.525,550,0,0
20.2,37.3266666666667,560,0,0
20.2,37.1633333333333,570,0,0
20.2,37.03,580,0,0
20.2,36.9666666666667,590,0,0
20.2,36.9,600,0,0
20.2,36.9,610,0,0
20.2,36.9,620,0,0
20.2,36.9,630,0,0
20.2,36.9,640,0,0
20.2,36.933333333333294,650,0,0
20.2,37.0,660,0,0
20.2,37.09,670,0,0
20.1333333333333,37.1633333333333,680,0,0
20.1333333333333,37.2,690,0,0
20.1333333333333,37.33333333333329,700,0,0
20.1,37.5666666666667,710,0,0
20.1666666666667,37.76,720,0,0
20.2,37.863333333333294,730,0,0
20.15,37.7225,740,0,0
20.2,37.7,750,0,0
20.46,39.223333333333294,760,0,0
20.6,38.63,770,0,0
20.6333333333333,38.2,780,0,0
20.7,38.1266666666667,790,0,0
20.823333333333295,38.0,800,0,0
20.89,38.0,810,0,0
21.0,38.53,820,0,0
21.066666666666695,38.79,830,0,0
21.23,38.8266666666667,840,0,0
21.29,39.0266666666667,850,0,0
21.4266666666667,39.06,860,0,0
21.566666666666695,39.1333333333333,870,0,0
21.7,39.1333333333333,880,0,0
21.76,38.933333333333294,890,0,0
21.823333333333295,38.79,900,0,0
21.89,38.6566666666667,910,0,0
21.9266666666667,38.2966666666667,920,0,0
22.0,37.9975,930,0,0
22.066666666666695,37.9,940,0,0
22.1,37.76,950,0,0
22.1,37.83333333333329,960,0,0
22.2,37.863333333333294,970,0,0
22.2,37.79,980,0,0
22.2,37.6633333333333,990,0,0
22.2,37.53,1000,0,0
22.23,37.5,1010,0,0
22.29,37.5,1020,0,0
22.323333333333295,37.59666666666671,1030,0,0
22.39,37.53,1040,0,0
22.4266666666667,37.1633333333333,1050,0,0
22.5,37.09,1060,0,0
22.533333333333296,37.0,1070,20,1
22.6,37.1333333333333,1080,0,0
22.6333333333333,39.69333333333329,1090,10,1
22.76,39.4933333333333,1100,10,1
22.89,39.0,1110,0,0
22.963333333333296,38.66666666666671,1120,0,0
23.05,37.895,1130,0,0
23.1333333333333,37.6,1140,10,1
23.2,37.3266666666667,1150,0,0
23.23,37.06,1160,0,0
23.29,36.933333333333294,1170,0,0
23.29,36.73,1180,0,0
23.29,36.79,1190,0,0
23.39,36.79,1200,0,0
23.39,36.73,1210,0,0
23.39,36.6633333333333,1220,0,0
23.39,36.59,1230,0,0
23.39,36.59,1240,0,0
23.39,36.53,1250,0,0
23.39,36.4666666666667,1260,0,0
23.39,36.4,1270,0,0
23.39,36.4,1280,10,1
23.323333333333295,36.4,1290,0,0
23.29,36.5,1300,10,1
23.29,36.5,1310,0,0
23.2,36.4,1320,0,0
23.175,36.4,1330,0,0
23.1,36.4,1340,0,0
23.1,36.4,1350,0,0
23.033333333333296,36.4,1360,0,0
23.0,36.433333333333294,1370,0,0
23.0,36.5,1380,0,0
22.89,36.59,1390,0,0
22.823333333333295,36.59,1400,0,0
22.79,36.59,1410,0,0
22.79,36.59,1420,0,0
22.7,36.59,1430,0,0
22.7,36.59,0,0,0
22.6,36.53,10,0,0
22.6,36.59,20,0,0
22.5,36.7,30,0,0
22.5,36.76,40,0,0
22.463333333333296,36.863333333333294,50,0,0
22.39,36.79,60,0,0
22.3566666666667,36.9,70,0,0
22.29,36.9,80,0,0
22.29,36.9,90,0,0
22.2,36.9,100,0,0
22.2,36.9,110,0,0
22.1,37.0,120,0,0
22.1,37.0,130,0,0
22.066666666666695,36.9666666666667,140,0,0
22.0,36.9666666666667,150,0,0
21.963333333333296,37.0,160,0,0
21.89,37.0,170,0,0
21.89,37.09,180,0,0
21.89,37.09,190,0,0
21.8566666666667,37.09,200,0,0
21.79,37.09,210,0,0
21.79,37.1266666666667,220,0,0
21.73,37.2,230,0,0
21.7,37.2,240,0,0
21.7,37.2,250,0,0
21.7,37.2,260,0,0
21.6333333333333,37.1266666666667,270,0,0
21.65,37.145,280,0,0
21.6,37.09,290,0,0
21.6,37.09,300,0,0
21.6,37.09,310,0,0
21.533333333333296,37.09,320,0,0
21.5,37.1633333333333,330,0,0
21.5,37.09,340,0,0
21.5,37.09,350,0,0
21.5,37.09,360,0,0
21.5,37.1633333333333,370,0,0
21.5,37.1633333333333,380,0,0
21.463333333333296,37.1633333333333,390,0,0
21.39,37.09,400,0,0
21.39,37.09,410,0,0
21.39,37.09,420,0,0
21.39,37.09,430,0,0
21.39,37.09,440,0,0
21.29,37.2666666666667,450,0,0
21.3566666666667,37.66,460,0,0
21.39,37.95,470,0,0
21.39,38.0,480,0,0
21.39,38.393333333333295,490,0,0
21.39,38.26,500,0,0
21.39,38.1266666666667,510,0,0
21.39,38.09,520,0,0
21.39,38.03,530,10,1
21.323333333333295,37.9,540,0,0
21.323333333333295,37.9,550,0,0
21.323333333333295,37.79,560,0,0
21.323333333333295,37.73,570,0,0
21.29,37.59,580,0,0
21.3566666666667,37.59,590,0,0
21.39,37.7,600,0,0
21.39,37.83333333333329,610,0,0
21.39,37.9,620,10,1
21.39,37.9,630,0,0
21.39,37.9,640,0,0
21.39,37.8266666666667,650,0,0
21.39,37.76,660,0,0
21.39,37.8,670,0,0
21.39,37.6266666666667,680,0,0
21.5,37.56,690,0,0
21.5,37.5,700,10,1
21.5,37.363333333333294,710,0,0
21.5,37.23,720,0,0
21.5,37.06,730,0,0
21.5,36.933333333333294,740,0,0
21.5,38.2666666666667,750,0,0
21.5,37.86,760,0,0
21.533333333333296,37.9233333333333,770,0,0
21.6,38.05666666666671,780,0,0
21.6333333333333,37.363333333333294,790,10,1
21.7,37.1566666666667,800,0,0
21.7,36.83333333333329,810,0,0
21.7,36.5666666666667,820,0,0
21.73,36.33333333333329,830,0,0
21.79,36.1266666666667,840,0,0
21.79,35.9,850,0,0
21.79,35.7225,860,0,0
21.8566666666667,35.59,870,0,0
21.89,35.56,880,10,1
21.89,35.4333333333333,890,0,0
21.89,35.36,900,0,0
21.89,35.6333333333333,910,0,0
21.89,35.09,920,0,0
21.89,35.09,930,0,0
21.89,35.23,940,0,0
21.89,35.43,950,10,1
21.89,35.7666666666667,960,0,0
21.89,36.0266666666667,970,0,0
21.89,37.05666666666671,980,0,0
21.89,38.9966666666667,990,0,0
21.9266666666667,42.7666666666667,1000,10,1
22.0,44.69333333333329,1010,0,0
22.033333333333296,43.36,1020,0,0
22.1,42.7666666666667,1030,0,0
22.033333333333296,41.93,1040,0,0
22.033333333333296,41.4566666666667,1050,0,0
22.0,41.145,1060,0,0
22.0,40.863333333333294,1070,0,0
22.0,40.6566666666667,1080,10,1
22.0,40.4666666666667,1090,0,0
21.9266666666667,40.4,1100,0,0
21.89,40.26,1110,0,0
21.89,40.1266666666667,1120,0,0
21.89,39.9666666666667,1130,0,0
21.89,39.8266666666667,1140,0,0
21.89,39.7,1150,0,0
21.89,39.6266666666667,1160,0,0
21.79,39.4,1170,10,1
21.79,39.3266666666667,1180,0,0
21.79,39.2,1190,0,0
21.73,39.2,1200,0,0
21.7,39.09,1210,0,0
21.7,39.03,1220,0,0
21.7,38.863333333333294,1230,0,0
21.6333333333333,38.73,1240,0,0
21.6,38.645,1250,0,0
21.6,38.59,1260,0,0
21.533333333333296,38.59,1270,0,0
21.5,38.5,1280,0,0
21.5,38.433333333333294,1290,0,0
21.5,38.4,1300,0,0
21.4266666666667,38.3266666666667,1310,0,0
21.39,38.2,1320,0,0
21.39,38.1266666666667,1330,0,0
21.39,38.09,1340,0,0
21.323333333333295,38.09,1350,10,1
21.29,38.23,1360,0,0
21.29,38.363333333333294,1370,0,0
21.29,38.5,1380,0,0
21.29,38.5,1390,0,0
21.26,38.43,1400,0,0
21.2,38.29,1410,0,0
21.2,38.26,1420,0,0
21.2,38.2,1430,0,0
21.2,38.2,0,0,0
21.15,38.1725,10,0,0
21.1333333333333,38.09,20,0,0
21.1,38.09,30,0,0
21.1,38.03,40,0,0
21.066666666666695,38.0,50,0,0
21.0,38.0,60,0,0
21.0,37.9,70,0,0
21.0,37.9,80,0,0
20.963333333333296,37.9,90,0,0
20.89,37.9,100,0,0
20.89,37.9,110,0,0
20.89,37.9,120,0,0
20.8566666666667,37.83333333333329,130,0,0
20.79,37.76,140,0,0
20.79,37.76,150,0,0
20.79,37.76,160,0,0
20.79,37.7,170,0,0
20.73,37.7,180,0,0
20.7,37.7,190,0,0
20.7,37.7225,200,0,0
20.7,37.73,210,0,0
20.7,37.7,220,0,0
20.7,37.7,230,0,0
20.7,37.7,240,0,0
20.6333333333333,37.6266666666667,250,0,0
20.6,37.59,260,0,0
20.6,37.59,270,0,0
20.6,37.59,280,0,0
20.6,37.59,290,0,0
20.6,37.59,300,0,0
20.533333333333296,37.59,310,0,0
20.5,37.59,320,0,0
20.5,37.59,330,0,0
20.5,37.59,340,0,0
20.5,37.59,350,0,0
20.5,37.59,360,0,0
20.5,37.59,370,0,0
20.463333333333296,37.56,380,0,0
20.463333333333296,37.56,390,0,0
20.39,37.5,400,0,0
20.39,37.5,410,0,0
20.39,37.5,420,0,0
20.39,37.5,430,0,0
20.39,37.5,440,0,0
20.39,37.66666666666671,450,0,0
20.39,38.19333333333329,460,0,0
20.463333333333296,38.53,470,0,0
20.463333333333296,38.59,480,0,0
20.5,38.723333333333294,490,10,1
20.5,38.53,500,0,0
20.533333333333296,38.76,510,0,0
20.6,38.6266666666667,520,0,0
20.6,38.6633333333333,530,0,0
20.6,38.59,540,0,0
20.6,38.4666666666667,550,0,0
20.6666666666667,38.5266666666667,560,0,0
20.7,38.7,570,0,0
20.7,38.7,580,0,0
20.79,38.545,590,0,0
20.823333333333295,38.363333333333294,600,0,0
20.89,38.23,610,0,0
20.823333333333295,38.23,620,0,0
20.89,38.363333333333294,630,0,0
20.89,38.4,640,0,0
20.963333333333296,39.7333333333333,650,0,0
21.033333333333296,42.2333333333333,660,0,0
21.1,41.5666666666667,670,0,0
21.1,41.1,680,0,0
21.1,40.5666666666667,690,0,0
21.1,40.49,700,0,0
21.1666666666667,40.1566666666667,710,0,0
21.2,39.6633333333333,720,0,0
21.2,39.33,730,0,0
21.23,39.1633333333333,740,0,0
21.29,38.89,750,0,0
21.323333333333295,38.9666666666667,760,0,0
21.39,38.8266666666667,770,0,0
21.39,38.45,780,0,0
21.5,38.26,790,0,0
21.5,38.1266666666667,800,0,0
21.533333333333296,37.9,810,0,0
21.6,37.4266666666667,820,0,0
21.6333333333333,36.66,830,0,0
21.7,36.19333333333329,840,0,0
21.7,35.6933333333333,850,0,0
21.7,35.56,860,0,0
21.79,35.8633333333333,870,0,0
21.79,35.73,880,0,0
21.823333333333295,35.2966666666667,890,0,0
21.89,35.03,900,0,0
21.89,34.9,910,0,0
21.89,34.9,920,0,0
22.0,34.9,930,0,0
22.0,34.9,940,0,0
22.1,34.9666666666667,950,0,0
22.1,34.7666666666667,960,0,0
22.1333333333333,34.56,970,0,0
22.2,34.8,980,0,0
22.2,37.3666666666667,990,0,0
22.29,38.86,1000,0,0
22.3566666666667,39.393333333333295,1010,0,0
22.39,38.0266666666667,1020,0,0
22.39,37.3,1030,0,0
22.39,36.76,1040,0,0
22.463333333333296,36.7,1050,0,0
22.5,36.59,1060,0,0
22.5,36.6633333333333,1070,0,0
22.6,36.9933333333333,1080,0,0
22.7933333333333,37.6,1090,0,0
23.3,36.96,1100,0,0
23.6333333333333,36.4266666666667,1110,0,0
23.6333333333333,35.99,1120,0,0
23.4266666666667,35.6566666666667,1130,0,0
23.3566666666667,35.4666666666667,1140,0,0
23.29,35.3266666666667,1150,10,1
23.26,35.06,1160,0,0
23.175,34.82,1170,0,0
23.1,34.7,1180,0,0
23.1,34.7,1190,0,0
23.1,34.76,1200,0,0
23.066666666666695,34.76,1210,0,0
23.0,34.76,1220,0,0
23.0,34.79,1230,0,0
22.9266666666667,34.79,1240,0,0
22.89,34.79,1250,0,0
22.89,34.8633333333333,1260,0,0
22.79,34.73,1270,10,1
22.79,34.79,1280,0,0
22.76,34.9333333333333,1290,0,0
22.7,35.0,1300,0,0
22.7,35.26,1310,0,0
22.6333333333333,35.1266666666667,1320,0,0
22.6,35.23,1330,0,0
22.533333333333296,35.23,1340,0,0
22.5,35.29,1350,0,0
22.5,35.23,1360,0,0
22.445,35.1,1370,0,0
22.39,35.06,1380,0,0
22.39,35.06,1390,0,0
22.29,35.09,1400,0,0
22.29,35.09,1410,0,0
22.2,35.09,1420,0,0
22.2,35.09,1430,0,0
22.2,35.1633333333333,0,0,0
22.1333333333333,35.1633333333333,10,0,0
22.1,35.2,20,0,0
22.1,35.2,30,0,0
22.0,35.23,40,0,0
22.0,35.3633333333333,50,0,0
21.963333333333296,35.4333333333333,60,0,0
21.89,35.56,70,0,0
21.89,35.59,80,0,0
21.823333333333295,35.53,90,0,0
21.79,35.53,100,0,0
21.73,35.59,110,0,0
21.7,35.59,120,0,0
21.7,35.59,130,0,0
21.7,35.59,140,0,0
21.6,35.5,150,0,0
21.6,35.5,160,0,0
21.5,35.59,170,0,0
21.5,35.59,180,0,0
21.5,35.7,190,0,0
21.5,35.7,200,0,0
21.39,35.6266666666667,210,0,0
21.39,35.7,220,0,0
21.39,35.7,230,0,0
21.323333333333295,35.7,240,0,0
21.29,35.79,250,0,0
21.29,35.79,260,0,0
21.29,35.79,270,0,0
21.23,35.79,280,0,0
21.2,35.9,290,0,0
21.2,35.9,300,0,0
21.2,35.89,310,0,0
21.2,36.195,320,10,1
21.2,36.29,330,0,0
21.2,36.26,340,0,0
21.2,36.2,350,0,0
21.2,36.1566666666667,360,0,0
21.2,36.29,370,0,0
21.2,36.433333333333294,380,0,0
21.2,36.433333333333294,390,0,0
21.2,36.4,400,0,0
21.2,36.3266666666667,410,0,0
21.2,36.433333333333294,420,0,0
21.2,36.5,430,0,0
21.2,36.73,440,0,0
21.2,36.79,450,0,0
21.2,36.79,460,0,0
21.2,36.73,470,0,0
21.2,36.73,480,0,0
21.26,36.93,490,0,0
21.29,37.0,500,0,0
21.29,37.06,510,0,0
21.29,37.145,520,0,0
21.39,37.09,530,0,0
21.39,36.963333333333296,540,0,0
21.4266666666667,36.79,550,0,0
21.5,36.73,560,0,0
21.5,36.6633333333333,570,0,0
21.5,36.59,580,0,0
21.6,36.5,590,0,0
21.6,36.5,600,0,0
21.6333333333333,36.5,610,0,0
21.6333333333333,36.433333333333294,620,0,0
21.7,36.4666666666667,630,0,0
21.7,36.4,640,0,0
21.7,36.363333333333294,650,0,0
21.76,36.363333333333294,660,0,0
21.79,36.4,670,0,0
21.79,36.4,680,0,0
21.89,36.363333333333294,690,0,0
21.89,36.29,700,0,0
21.89,36.4,710,0,0
21.9266666666667,36.33333333333329,720,0,0
22.0,36.2,730,0,0
22.033333333333296,36.09,740,0,0
22.1,36.03,750,0,0
22.1333333333333,35.9,760,0,0
22.2,35.8266666666667,770,0,0
22.2,35.79,780,0,0
22.26,35.79,790,0,0
22.29,35.7,800,0,0
22.3566666666667,35.7,810,0,0
22.39,35.6633333333333,820,0,0
22.39,35.59,830,0,0
22.463333333333296,35.6633333333333,840,0,0
22.463333333333296,35.59,850,0,0
22.5,35.59,860,0,0
22.5,35.59,870,0,0
22.5,35.6633333333333,880,0,0
22.566666666666695,35.59,890,0,0
22.6,35.59,900,0,0
22.6,35.59,910,0,0
22.6,35.59,920,0,0
22.7,35.7,930,0,0
22.7,35.76,940,0,0
22.7,35.79,950,0,0
22.7,35.8633333333333,960,0,0
22.6333333333333,35.9333333333333,970,0,0
22.7,36.0,980,0,0
22.7,36.09,990,0,0
22.7,36.1633333333333,1000,0,0
22.7,36.433333333333294,1010,0,0
22.6333333333333,36.36,1020,0,0
22.6333333333333,36.83333333333329,1030,10,1
22.7,37.433333333333294,1040,10,1
22.73,37.2,1050,10,1
22.79,37.1266666666667,1060,0,0
22.89,37.23,1070,0,0
22.963333333333296,37.43,1080,0,0
23.066666666666695,37.83,1090,0,0
23.2,38.4233333333333,1100,0,0
23.2,38.745,1110,0,0
23.2,38.99,1120,10,1
23.1333333333333,38.79,1130,0,0
23.1,38.7,1140,0,0
23.1,38.6266666666667,1150,0,0
23.1,38.59,1160,0,0
23.1,38.59,1170,10,1
23.066666666666695,38.56,1180,0,0
23.0,38.5,1190,30,1
23.0,38.5,1200,20,1
23.0,38.56,1210,20,1
22.9266666666667,38.59,1220,0,0
22.9266666666667,38.59,1230,0,0
22.89,38.6266666666667,1240,0,0
22.89,38.76,1250,10,1
22.89,38.8266666666667,1260,20,1
22.89,38.9,1270,20,1
22.79,38.79,1280,20,1
22.79,38.79,1290,30,1
22.79,38.79,1300,20,1
22.7225,38.79,1310,20,1
22.7,38.79,1320,20,1
22.7,38.79,1330,20,1
22.7,38.79,1340,20,1
22.6666666666667,38.863333333333294,1350,30,1
22.6,38.79,1360,20,1
22.6,38.9,1370,20,1
22.6,38.9,1380,0,0
22.5,39.0,1390,0,0
22.5,39.0,1400,0,0
22.5,39.09,1410,0,0
22.5,39.09,1420,0,0
22.5,39.09,1430,0,0
22.5,39.1633333333333,0,0,0
22.39,39.1266666666667,10,0,0
22.39,39.2,20,0,0
22.39,39.23,30,0,0
22.39,39.29,40,0,0
22.3566666666667,39.4,50,0,0
22.29,39.4,60,0,0
22.29,39.4666666666667,70,0,0
22.29,39.59,80,0,0
22.29,39.59,90,0,0
22.2,39.59,100,0,0
22.2,39.59,110,0,0
22.2,39.59,120,0,0
22.2,39.59,130,0,0
22.2,39.59,140,0,0
22.2,39.59,150,0,0
22.1,39.59,160,0,0
22.1,39.59,170,0,0
22.066666666666695,39.56,180,0,0
22.0,39.433333333333294,190,0,0
22.0,39.4,200,0,0
22.0,39.4,210,0,0
21.963333333333296,39.4,220,0,0
21.89,39.3266666666667,230,0,0
21.89,39.29,240,0,0
21.89,39.29,250,0,0
21.89,39.29,260,0,0
21.8566666666667,39.29,270,0,0
21.79,39.29,280,0,0
21.79,39.26,290,0,0
21.79,39.2,300,0,0
21.79,39.2666666666667,310,0,0
21.79,39.4,320,0,0
21.79,39.463333333333296,330,10,1
21.79,39.59,340,0,0
21.79,39.56,350,0,0
21.79,39.5,360,0,0
21.79,39.4,370,0,0
21.79,39.4666666666667,380,10,1
21.79,39.7666666666667,390,0,0
21.79,40.16,400,0,0
21.79,40.09,410,0,0
21.79,40.09,420,0,0
21.79,40.0,430,0,0
21.79,39.933333333333294,440,0,0
21.79,39.845,450,0,0
21.79,39.76,460,0,0
21.79,39.7,470,10,1
21.79,39.7,480,0,0
21.79,39.7,490,0,0
21.79,39.59,500,0,0
21.79,39.59,510,0,0
21.79,39.59,520,0,0
21.79,39.59,530,0,0
21.8566666666667,39.6633333333333,540,0,0
21.8566666666667,39.6633333333333,550,0,0
21.89,39.7,560,0,0
21.89,39.7,570,10,1
22.0,39.6633333333333,580,0,0
22.0,39.59,590,0,0
22.0,39.56,600,0,0
22.066666666666695,39.56,610,0,0
22.1,39.5,620,0,0
22.1,39.433333333333294,630,0,0
22.1333333333333,39.29,640,0,0
22.2,39.2225,650,0,0
22.2,39.1266666666667,660,10,1
22.2,39.09,670,0,0
22.26,39.09,680,0,0
22.29,38.9666666666667,690,0,0
22.3566666666667,38.9,700,0,0
22.39,38.76,710,0,0
22.39,38.6266666666667,720,0,0
22.5,38.56,730,0,0
22.5,38.433333333333294,740,0,0
22.533333333333296,38.4,750,0,0
22.6,38.3266666666667,760,0,0
22.6,38.1633333333333,770,0,0
22.6,38.09,780,0,0
22.7,38.06,790,0,0
22.7,37.933333333333294,800,0,0
22.73,37.76,810,0,0
22.79,37.7,820,0,0
22.89,37.6633333333333,830,0,0
22.89,37.59,840,0,0
22.945,37.45,850,0,0
23.0,37.363333333333294,860,0,0
23.0,37.29,870,0,0
23.033333333333296,37.29,880,0,0
23.1,37.29,890,0,0
23.1333333333333,37.26,900,0,0
23.2,37.2,910,0,0
23.2,37.09,920,0,0
23.2,37.09,930,0,0
23.2,37.09,940,0,0
23.2,37.03,950,0,0
23.29,37.09,960,0,0
23.29,37.09,970,0,0
23.29,37.09,980,0,0
23.29,37.09,990,0,0
23.29,36.9,1000,0,0
23.3566666666667,36.6266666666667,1010,0,0
23.29,35.7333333333333,1020,0,0
23.29,34.7333333333333,1030,0,0
23.29,34.3966666666667,1040,0,0
23.315,35.8425,1050,0,0
23.39,38.66,1060,0,0
23.3566666666667,38.0633333333333,1070,0,0
23.29,35.73,1080,0,0
23.3566666666667,36.16666666666671,1090,0,0
23.3566666666667,35.5,1100,0,0
23.39,35.7333333333333,1110,0,0
23.39,35.1333333333333,1120,0,0
23.39,34.76,1130,0,0
23.39,34.7,1140,0,0
23.29,34.43,1150,0,0
23.29,34.23,1160,0,0
23.29,34.1566666666667,1170,0,0
23.29,34.1566666666667,1180,0,0
23.29,34.03,1190,0,0
23.29,34.09,1200,0,0
23.2,33.9,1210,20,1
23.2,33.9666666666667,1220,0,0
23.2,34.09,1230,0,0
23.2,34.09,1240,0,0
23.1,34.2,1250,0,0
23.1,34.29,1260,10,1
23.1,34.43,1270,0,0
23.1,34.53,1280,0,0
23.1,34.59,1290,10,1
23.1,34.79,1300,0,0
23.033333333333296,34.79,1310,0,0
23.0,34.79,1320,0,0
23.0,34.8633333333333,1330,0,0
22.963333333333296,35.0,1340,0,0
22.89,35.0,1350,0,0
22.89,35.0,1360,0,0
22.823333333333295,35.0,1370,0,0
22.79,35.0,1380,0,0
22.79,35.0,1390,0,0
22.79,35.0,1400,0,0
22.79,35.06,1410,0,0
22.7,35.09,1420,0,0
22.7,35.1725,1430,0,0
22.7,35.2,0,0,0
22.6,35.2,10,0,0
22.6,35.26,20,0,0
22.6,35.29,30,0,0
22.533333333333296,35.29,40,0,0
22.5,35.4,50,0,0
22.5,35.4,60,0,0
22.5,35.4,70,0,0
22.5,35.4666666666667,80,0,0
22.39,35.4,90,0,0
22.39,35.4666666666667,100,0,0
22.39,35.5,110,0,0
22.39,35.5,120,0,0
22.3566666666667,35.5,130,0,0
22.29,35.5,140,0,0
22.29,35.53,150,0,0
22.29,35.59,160,0,0
22.2,35.53,170,0,0
22.2,35.59,180,0,0
22.2,35.59,190,0,0
22.2,35.7,200,0,0
22.1333333333333,35.7,210,0,0
22.1,35.7,220,0,0
22.1,35.76,230,0,0
22.066666666666695,35.76,240,0,0
22.0,35.7,250,0,0
22.0,35.73,260,0,0
22.0,35.79,270,0,0
22.0,35.79,280,0,0
21.9266666666667,35.79,290,0,0
21.89,35.79,300,0,0
21.89,35.93,310,10,1
21.89,36.433333333333294,320,0,0
21.89,36.56,330,0,0
21.89,36.79,340,10,1
21.89,36.79,350,0,0
21.89,36.8,360,0,0
21.89,36.8,370,0,0
21.89,36.4666666666667,380,0,0
21.89,36.295,390,0,0
21.89,36.1266666666667,400,0,0
21.89,35.9666666666667,410,0,0
21.89,35.8266666666667,420,0,0
21.89,35.79,430,0,0
21.89,35.79,440,0,0
21.79,35.73,450,0,0
21.79,35.73,460,0,0
21.79,35.7,470,0,0
21.79,35.7,480,10,1
21.823333333333295,35.79,490,0,0
21.823333333333295,35.79,500,0,0
21.89,36.1333333333333,510,0,0
21.89,36.6,520,0,0
22.0,36.7666666666667,530,0,0
22.0,36.9666666666667,540,0,0
22.1,37.3,550,10,1
22.1,37.6333333333333,560,0,0
22.2,38.0,570,10,1
22.2675,38.1725,580,10,1
22.29,38.89,590,0,0
22.4266666666667,40.4266666666667,600,0,0
22.5,40.293333333333294,610,0,0
22.5,40.03,620,0,0
22.5,39.4233333333333,630,0,0
22.6,37.9,640,10,1
22.533333333333296,35.8266666666667,650,10,1
22.5,34.7566666666667,660,0,0
22.5,33.3633333333333,670,0,0
22.5,32.5,680,10,1
22.5,32.2266666666667,690,0,0
22.5,32.1933333333333,700,0,0
22.566666666666695,32.4666666666667,710,0,0
22.6,32.6933333333333,720,10,1
22.6,32.9666666666667,730,0,0
22.6333333333333,33.1266666666667,740,0,0
22.7,33.26,750,10,1
22.79,33.4333333333333,760,0,0
22.79,33.56,770,0,0
22.89,33.745,780,0,0
22.9266666666667,33.8266666666667,790,10,1
23.0,33.9,800,0,0
23.033333333333296,34.03,810,0,0
23.1,34.09,820,10,1
23.2,34.2,830,0,0
23.2,34.2,840,0,0
23.29,34.3633333333333,850,10,1
23.29,34.3633333333333,860,0,0
23.39,34.4,870,0,0
23.39,34.4,880,0,0
23.5,34.53,890,10,1
23.5,34.59,900,0,0
23.5,34.59,910,0,0
23.566666666666695,34.59,920,0,0
23.6,34.7666666666667,930,0,0
23.6,34.9666666666667,940,0,0
23.6333333333333,34.9333333333333,950,0,0
23.7,34.9333333333333,960,0,0
23.7,34.6233333333333,970,0,0
23.7,33.6675,980,0,0
23.7,32.7333333333333,990,0,0
23.7,31.9266666666667,1000,0,0
23.7,31.2666666666667,1010,0,0
23.7,30.8566666666667,1020,0,0
23.7,30.663333333333295,1030,0,0
23.7,31.4266666666667,1040,0,0
23.7,31.4933333333333,1050,0,0
23.7,31.323333333333295,1060,0,0
23.7,31.53,1070,0,0
23.76,31.963333333333296,1080,0,0
23.76,31.963333333333296,1090,0,0
23.79,32.2266666666667,1100,0,0
23.79,33.36,1110,0,0
23.79,33.6633333333333,1120,0,0
23.79,33.59,1130,0,0
23.79,33.4666666666667,1140,0,0
23.79,33.3266666666667,1150,0,0
23.76,33.2,1160,0,0
23.7,33.2,1170,0,0
23.7,33.09,1180,0,0
23.7,33.2,1190,0,0
23.7,33.2,1200,0,0
23.7,33.23,1210,0,0
23.7,33.23,1220,0,0
23.6,33.2,1230,0,0
23.6,33.26,1240,0,0
23.6,33.3266666666667,1250,0,0
23.533333333333296,33.5266666666667,1260,0,0
23.5,33.7,1270,0,0
23.5,33.7,1280,0,0
23.5,33.79,1290,0,0
23.4266666666667,33.73,1300,0,0
23.39,33.79,1310,0,0
23.39,33.79,1320,0,0
23.39,33.8266666666667,1330,0,0
23.323333333333295,33.9,1340,0,0
23.29,34.2666666666667,1350,10,1
23.29,34.3266666666667,1360,0,0
23.29,34.3266666666667,1370,0,0
23.2225,34.345,1380,0,0
23.2,34.4,1390,0,0
23.2,34.5,1400,0,0
23.2,34.5,1410,0,0
23.1,34.5,1420,0,0
23.1,34.5,1430,0,0
23.1,34.59,0,0,0
23.1,34.59,10,0,0
23.1,34.59,20,0,0
23.033333333333296,34.53,30,0,0
23.0,34.53,40,0,0
23.0,34.59,50,0,0
23.0,34.59,60,0,0
23.0,34.59,70,0,0
22.89,34.59,80,0,0
22.89,34.59,90,0,0
22.8566666666667,34.56,100,0,0
22.8566666666667,34.6333333333333,110,0,0
22.79,34.56,120,0,0
22.79,34.56,130,0,0
22.79,34.59,140,0,0
22.7,34.59,150,0,0
22.7,34.59,160,0,0
22.7,34.59,170,0,0
22.7,34.59,180,0,0
22.6666666666667,34.59,190,0,0
22.6,34.59,200,0,0
22.6,34.59,210,0,0
22.6,34.59,220,0,0
22.6,34.59,230,0,0
22.533333333333296,34.59,240,0,0
22.5,34.7,250,0,0
22.5,34.7,260,0,0
22.5,34.7,270,0,0
22.5,34.7,280,0,0
22.39,34.59,290,0,0
22.39,34.6633333333333,300,0,0
22.39,34.7,310,0,0
22.39,34.7,320,0,0
22.29,34.7,330,0,0
22.29,34.7225,340,0,0
22.29,34.79,350,0,0
22.26,34.76,360,0,0
22.2,34.7,370,0,0
22.2,34.7,380,0,0
22.2,34.7,390,0,0
22.2,34.73,400,0,0
22.2,34.8633333333333,410,0,0
22.23,35.4566666666667,420,0,0
22.29,35.8633333333333,430,0,0
22.23,36.03,440,0,0
22.29,36.09,450,0,0
22.29,36.0266666666667,460,10,1
22.29,35.9,470,0,0
22.29,35.7233333333333,480,0,0
22.29,35.4633333333333,490,0,0
22.29,34.6,500,0,0
22.29,33.6666666666667,510,10,1
22.29,33.7333333333333,520,0,0
22.29,34.0725,530,0,0
22.29,33.63,540,0,0
22.323333333333295,32.9,550,0,0
22.39,32.76,560,0,0
22.39,32.4,570,0,0
22.39,32.2,580,0,0
22.39,32.29,590,10,1
22.39,32.3633333333333,600,0,0
22.5,32.53,610,0,0
22.5,32.6633333333333,620,0,0
22.5,32.86,630,10,1
22.5,33.2666666666667,640,0,0
22.6,31.733333333333295,650,0,0
22.6,30.593333333333305,660,0,0
22.6333333333333,29.4666666666667,670,0,0
22.6333333333333,28.593333333333305,680,0,0
22.7,28.593333333333305,690,0,0
22.7,29.0,700,10,1
22.7,28.656666666666695,710,0,0
22.76,28.463333333333296,720,0,0
22.84,27.545,730,10,1
22.89,27.36,740,0,0
22.963333333333296,27.233333333333295,750,0,0
23.0,27.0233333333333,760,10,1
23.066666666666695,27.43,770,0,0
23.1,27.96,780,0,0
23.1,28.2933333333333,790,0,0
23.2,28.73,800,0,0
23.26,28.996666666666705,810,0,0
23.323333333333295,29.4266666666667,820,0,0
23.39,29.6333333333333,830,0,0
23.5,30.066666666666695,840,0,0
23.5,30.26,850,0,0
23.6,30.4,860,0,0
23.6,29.66,870,0,0
23.6,28.6666666666667,880,0,0
23.6666666666667,27.86,890,0,0
23.7,27.9266666666667,900,0,0
23.76,28.4,910,0,0
23.79,28.893333333333295,920,0,0
23.865,29.37,930,0,0
23.89,29.726666666666695,940,0,0
23.9266666666667,30.066666666666695,950,0,0
24.0,30.26,960,0,0
24.0,30.533333333333296,970,0,0
24.0,30.6666666666667,980,0,0
24.0,30.9266666666667,990,0,0
24.0,31.066666666666695,1000,0,0
24.1,31.23,1010,0,0
24.1,31.3566666666667,1020,0,0
24.1,31.5,1030,0,0
24.1,31.566666666666695,1040,0,0
24.1,31.73,1050,0,0
24.1,31.73,1060,0,0
24.1,35.6966666666667,1070,0,0
24.1,36.43,1080,0,0
24.1333333333333,40.66666666666671,1090,0,0
24.2,40.0,1100,0,0
24.2,36.6333333333333,1110,0,0
24.2,35.36,1120,0,0
24.2,34.395,1130,10,1
24.2,33.9666666666667,1140,0,0
24.2,33.8266666666667,1150,0,0
24.2,33.56,1160,0,0
24.1333333333333,33.4333333333333,1170,0,0
24.1,33.4,1180,0,0
24.1,33.4666666666667,1190,0,0
24.1,33.59,1200,0,0
24.1,33.59,1210,0,0
24.1,33.73,1220,0,0
24.1,33.79,1230,0,0
24.1,33.9,1240,0,0
24.033333333333296,33.9666666666667,1250,0,0
24.0,33.9333333333333,1260,0,0
24.0,34.0,1270,10,1
24.0,34.03,1280,10,1
24.0,34.2233333333333,1290,0,0
23.9266666666667,34.3266666666667,1300,0,0
23.9266666666667,34.4,1310,0,0
23.89,34.4,1320,0,0
23.84,34.4475,1330,0,0
23.823333333333295,34.59,1340,10,1
23.79,34.59,1350,0,0
23.79,34.6633333333333,1360,0,0
23.76,34.7,1370,0,0
23.7,34.7,1380,0,0
23.7,34.8266666666667,1390,0,0
23.7,34.9,1400,0,0
23.6666666666667,35.0,1410,0,0
23.6,35.0,1420,0,0
23.6,35.09,1430,0,0
23.6,35.1633333333333,0,0,0
23.566666666666695,35.23,10,0,0
23.5,35.3633333333333,20,0,0
23.5,35.5,30,0,0
23.5,35.5,40,0,0
23.5,35.59,50,0,0
23.4266666666667,35.53,60,0,0
23.39,35.59,70,0,0
23.39,35.59,80,0,0
23.39,35.59,90,0,0
23.3566666666667,35.7,100,0,0
23.29,35.7,110,0,0
23.29,35.73,120,0,0
23.29,35.79,130,0,0
23.29,35.79,140,0,0
23.23,35.79,150,0,0
23.2,35.79,160,0,0
23.2,35.79,170,0,0
23.2,35.9,180,0,0
23.2,35.9,190,0,0
23.1,35.9333333333333,200,0,0
23.1,36.0,210,0,0
23.1333333333333,36.03,220,0,0
23.1333333333333,36.09,230,0,0
23.1,36.09,240,0,0
23.1,36.09,250,0,0
23.0,36.09,260,0,0
23.0,36.09,270,0,0
23.0,36.2,280,0,0
22.9725,36.2225,290,0,0
22.89,36.29,300,0,0
22.89,36.29,310,0,0
22.89,36.29,320,0,0
22.89,36.3266666666667,330,0,0
22.89,36.4,340,0,0
22.79,36.29,350,0,0
22.79,36.363333333333294,360,0,0
22.79,36.4,370,0,0
22.79,36.4,380,0,0
22.79,36.8666666666667,390,10,1
22.79,37.26,400,0,0
22.79,37.2,410,0,0
22.79,37.33333333333329,420,0,0
22.79,37.29,430,0,0
22.79,37.49,440,0,0
22.79,37.4,450,0,0
22.79,37.3266666666667,460,0,0
22.79,37.1333333333333,470,0,0
22.79,36.933333333333294,480,0,0
22.79,37.05,490,0,0
22.7,36.6633333333333,500,0,0
22.6333333333333,36.53,510,0,0
22.6,36.4666666666667,520,0,0
22.6,36.4666666666667,530,0,0
22.6,36.5666666666667,540,0,0
22.6,36.7,550,0,0
22.6333333333333,37.0666666666667,560,0,0
22.7,37.4,570,0,0
22.7,37.5666666666667,580,0,0
22.7,37.83333333333329,590,0,0
22.7,37.933333333333294,600,0,0
22.76,38.06,610,0,0
22.79,38.1266666666667,620,0,0
22.79,38.2,630,0,0
22.89,38.29,640,0,0
22.89,38.29,650,0,0
22.9266666666667,38.29,660,0,0
23.0,38.23,670,0,0
23.0,38.2,680,0,0
23.033333333333296,38.1266666666667,690,0,0
23.1,38.1266666666667,700,0,0
23.1333333333333,38.1633333333333,710,0,0
23.26,38.1633333333333,720,0,0
23.29,38.1633333333333,730,0,0
23.3566666666667,37.963333333333296,740,0,0
23.39,37.2333333333333,750,0,0
23.463333333333296,36.2333333333333,760,0,0
23.533333333333296,35.6933333333333,770,0,0
23.6,35.3,780,0,0
23.7,35.16,790,0,0
23.76,34.8266666666667,800,0,0
23.89,35.0666666666667,810,0,0
23.963333333333296,36.0666666666667,820,0,0
24.033333333333296,35.99,830,0,0
24.1,35.53,840,0,0
24.2,35.0333333333333,850,0,0
24.2,34.5666666666667,860,0,0
24.29,34.6633333333333,870,0,0
24.315,35.1975,880,0,0
24.39,35.0666666666667,890,0,0
24.5,34.9333333333333,900,0,0
24.566666666666695,34.0666666666667,910,0,0
24.6,33.6,920,0,0
24.6,33.3266666666667,930,10,1
24.6,33.1633333333333,940,0,0
24.6666666666667,33.1633333333333,950,0,0
24.7,33.4333333333333,960,0,0
24.76,34.3,970,0,0
24.73,34.5,980,0,0
24.79,34.96,990,0,0
24.79,35.1266666666667,1000,0,0
24.79,35.2,1010,0,0
24.79,35.5,1020,10,1
24.79,35.76,1030,0,0
24.89,35.8266666666667,1040,0,0
24.823333333333295,35.8266666666667,1050,0,0
24.823333333333295,35.8266666666667,1060,0,0
24.823333333333295,35.8266666666667,1070,0,0
24.79,35.79,1080,0,0
24.79,35.915,1090,0,0
24.79,36.6966666666667,1100,0,0
24.79,37.26333333333329,1110,10,1
24.79,38.323333333333295,1120,0,0
24.79,38.33,1130,0,0
24.79,38.33,1140,0,0
24.79,37.9666666666667,1150,0,0
24.79,37.8266666666667,1160,0,0
24.76,37.73,1170,0,0
24.7,37.93,1180,20,1
24.7,38.53,1190,20,1
24.7,38.79,1200,20,1
24.6666666666667,38.6633333333333,1210,20,1
24.6666666666667,38.59,1220,20,1
24.6666666666667,38.5266666666667,1230,0,0
24.6,38.4,1240,0,0
24.6,38.363333333333294,1250,0,0
24.6,38.29,1260,0,0
24.6,38.29,1270,10,1
24.6,38.29,1280,0,0
24.6,38.29,1290,0,0
24.5,38.36,1300,0,0
24.5,38.56,1310,0,0
24.5,38.4,1320,0,0
24.5,38.3266666666667,1330,0,0
24.5,38.29,1340,0,0
24.4266666666667,38.1566666666667,1350,0,0
24.39,38.09,1360,0,0
24.39,38.09,1370,0,0
24.39,38.0,1380,0,0
24.39,38.0,1390,0,0
24.29,38.0,1400,0,0
24.29,38.0,1410,10,1
24.29,38.09,1420,0,0
24.23,38.03,1430,0,0
24.2,38.03,0,0,0
24.2,38.09,10,0,0
24.2,38.09,20,0,0
24.2,38.03,30,0,0
24.2,38.06,40,0,0
24.125,38.0,50,0,0
24.1,38.0,60,0,0
24.1,38.0,70,0,0
24.1,38.0,80,0,0
24.1,38.0,90,0,0
24.033333333333296,37.933333333333294,100,0,0
24.0,37.9,110,0,0
24.0,37.9,120,0,0
24.0,37.9,130,0,0
24.0,37.9,140,0,0
24.0,37.9,150,0,0
24.0,37.9,160,0,0
23.963333333333296,37.9,170,0,0
23.89,37.9,180,0,0
23.89,37.9,190,0,0
23.823333333333295,37.8266666666667,200,0,0
23.823333333333295,37.79,210,0,0
23.823333333333295,37.79,220,0,0
23.79,37.7,230,0,0
23.79,37.7,240,0,0
23.79,37.7,250,0,0
23.79,37.73,260,0,0
23.79,37.99,270,0,0
23.7,38.0,280,0,0
23.7,37.933333333333294,290,0,0
23.7,37.9,300,0,0
23.7,37.8266666666667,310,0,0
23.6666666666667,37.76,320,0,0
23.6,37.7,330,0,0
23.6,37.7,340,0,0
23.6,37.7,350,0,0
23.566666666666695,37.7,360,0,0
23.5,37.7,370,0,0
23.5,37.7,380,0,0
23.5,37.7,390,0,0
23.5,37.7,400,0,0
23.5,37.76,410,0,0
23.463333333333296,37.76,420,0,0
23.39,37.7,430,0,0
23.39,37.73,440,0,0
23.39,37.915,450,0,0
23.39,38.5633333333333,460,0,0
23.39,39.0,470,0,0
23.463333333333296,39.1333333333333,480,0,0
23.5,39.363333333333294,490,0,0
23.5,39.29,500,0,0
23.5,39.26,510,0,0
23.566666666666695,39.2,520,0,0
23.6,39.2,530,0,0
23.6,39.2,540,0,0
23.7,39.69333333333329,550,0,0
23.7,39.5666666666667,560,0,0
23.73,39.1633333333333,570,0,0
23.79,39.09,580,0,0
23.79,39.3266666666667,590,0,0
23.8566666666667,39.4,600,0,0
23.9266666666667,39.7333333333333,610,0,0
24.0,40.8666666666667,620,0,0
24.0,38.5933333333333,630,0,0
24.066666666666695,37.7333333333333,640,0,0
24.1,36.55,650,0,0
24.23,35.3233333333333,660,0,0
24.29,34.6566666666667,670,0,0
24.323333333333295,34.2966666666667,680,0,0
24.463333333333296,34.03,690,0,0
24.533333333333296,33.9966666666667,700,0,0
24.6666666666667,33.6633333333333,710,0,0
24.79,32.7966666666667,720,0,0
24.8566666666667,33.13,730,0,0
24.89,32.9966666666667,740,0,0
24.89,32.4633333333333,750,0,0
24.89,32.1266666666667,760,0,0
24.963333333333296,32.2,770,0,0
25.033333333333296,32.4,780,10,1
25.1,32.6,790,0,0
25.1,32.6333333333333,800,10,1
25.1,32.5,810,0,0
25.2,32.7,820,0,0
25.26,32.7,830,0,0
25.29,32.8266666666667,840,0,0
25.365,32.9,850,0,0
25.463333333333296,32.3,860,0,0
25.5,32.43,870,0,0
25.566666666666695,32.3566666666667,880,0,0
25.6,31.43,890,0,0
25.6,31.29,900,0,0
25.6333333333333,31.1333333333333,910,0,0
25.7,30.9266666666667,920,0,0
25.6333333333333,30.79,930,0,0
25.7,30.8566666666667,940,0,0
25.6333333333333,30.89,950,0,0
25.7,30.963333333333296,960,0,0
25.7,31.23,970,0,0
25.6333333333333,31.3566666666667,980,0,0
25.6,31.6966666666667,990,0,0
25.6,32.0233333333333,1000,0,0
25.566666666666695,32.53,1010,0,0
25.5,32.59,1020,0,0
25.5,32.8,1030,0,0
25.5,33.1333333333333,1040,0,0
25.5,33.4333333333333,1050,0,0
25.5,33.375,1060,0,0
25.5,33.0,1070,0,0
25.5,32.86,1080,0,0
25.5,33.6,1090,10,1
25.5,35.1933333333333,1100,0,0
25.5,36.933333333333294,1110,0,0
25.5,40.03,1120,0,0
25.5,37.76333333333329,1130,0,0
25.5,37.16,1140,0,0
25.4266666666667,36.9666666666667,1150,0,0
25.39,37.2266666666667,1160,0,0
25.39,37.56,1170,0,0
25.29,38.03,1180,10,1
25.29,38.43,1190,0,0
25.26,38.6566666666667,1200,0,0
25.1333333333333,38.863333333333294,1210,0,0
25.1,38.9,1220,0,0
25.1,38.9666666666667,1230,0,0
25.1,39.03,1240,0,0
25.1,39.09,1250,0,0
25.1,39.0,1260,10,1
25.066666666666695,38.863333333333294,1270,0,0
25.0,38.79,1280,0,0
25.0,38.7,1290,0,0
25.0,38.7,1300,0,0
24.89,38.6266666666667,1310,0,0
24.89,38.6266666666667,1320,10,1
24.89,38.6566666666667,1330,0,0
24.89,38.79,1340,0,0
24.89,38.79,1350,0,0
24.89,38.863333333333294,1360,0,0
24.8566666666667,38.79,1370,0,0
24.79,38.79,1380,0,0
24.79,38.79,1390,0,0
24.79,38.79,1400,0,0
24.79,38.79,1410,0,0
24.79,38.79,1420,0,0
24.73,38.79,1430,0,0
24.73,38.79,0,0,0
24.7,38.8266666666667,10,0,0
24.7,38.9,20,0,0
24.7,38.9,30,0,0
24.7,38.9,40,0,0
24.6333333333333,38.8266666666667,50,0,0
24.6666666666667,38.863333333333294,60,0,0
24.6,38.79,70,0,0
24.6,38.9,80,0,0
24.6,38.9,90,0,0
24.6,38.9,100,0,0
24.6,38.9,110,0,0
24.566666666666695,38.933333333333294,120,0,0
24.5,39.0,130,0,0
24.5,39.0,140,0,0
24.5,39.0,150,0,0
24.5,39.0,160,0,0
24.5,39.06,170,0,0
24.463333333333296,39.06,180,0,0
24.463333333333296,39.06,190,0,0
24.463333333333296,39.09,200,0,0
24.39,39.09,210,0,0
24.39,39.09,220,0,0
24.39,39.09,230,0,0
24.39,39.1633333333333,240,0,0
24.39,39.3266666666667,250,0,0
24.39,39.4,260,0,0
24.39,39.5,270,0,0
24.323333333333295,39.56,280,0,0
24.29,39.6266666666667,290,0,0
24.29,39.7,300,0,0
24.29,39.7,310,0,0
24.29,39.76,320,0,0
24.2,39.7,330,0,0
24.2,39.76,340,0,0
24.2,39.79,350,0,0
24.2,39.863333333333294,360,0,0
24.2,39.9,370,0,0
24.2,39.9666666666667,380,0,0
24.1666666666667,40.0,390,0,0
24.1,40.0,400,0,0
24.1,40.03,410,0,0
24.1,40.09,420,0,0
24.1,40.09,430,0,0
24.1,40.2,440,0,0
24.1,40.26,450,0,0
24.1,40.86,460,0,0
24.1,41.33333333333329,470,0,0
24.1,41.6266666666667,480,0,0
24.1666666666667,41.7,490,10,1
24.2,42.2566666666667,500,0,0
24.26,43.39,510,0,0
24.23,42.69333333333329,520,0,0
24.29,42.3,530,0,0
24.323333333333295,42.06,540,0,0
24.39,41.933333333333294,550,0,0
24.39,41.79,560,0,0
24.39,41.79,570,0,0
24.5,41.9,580,0,0
24.566666666666695,41.9,590,0,0
24.6,42.06,600,0,0
24.6666666666667,42.06,610,0,0
24.7,42.36,620,0,0
24.7675,42.475,630,0,0
24.79,42.4,640,0,0
24.823333333333295,42.26,650,0,0
24.89,42.1266666666667,660,0,0
24.89,41.93,670,0,0
24.89,41.6566666666667,680,0,0
24.89,41.363333333333294,690,0,0
24.89,41.23,700,0,0
25.0,40.93,710,0,0
25.0,40.6566666666667,720,0,0
25.0,40.363333333333294,730,0,0
25.0,40.23,740,0,0
25.066666666666695,40.06,750,0,0
25.066666666666695,39.933333333333294,760,0,0
25.1,39.79,770,0,0
25.1,39.6566666666667,780,0,0
25.1,39.4666666666667,790,0,0
25.1,39.4,800,0,0
25.1,39.223333333333294,810,0,0
25.1,39.03,820,0,0
25.1,38.845,830,0,0
25.1,38.6633333333333,840,0,0
25.1,38.53,850,0,0
25.1,38.363333333333294,860,0,0
25.1,38.23,870,0,0
25.1,38.06,880,0,0
25.1,37.933333333333294,890,0,0
25.1666666666667,37.76,900,0,0
25.1666666666667,37.7,910,0,0
25.1333333333333,37.56,920,0,0
25.2,37.433333333333294,930,0,0
25.1333333333333,37.26,940,0,0
25.2,37.1266666666667,950,0,0
25.2,37.0,960,0,0
25.1333333333333,36.933333333333294,970,0,0
25.1333333333333,36.79,980,0,0
25.1333333333333,36.73,990,0,0
25.1666666666667,36.59,1000,0,0
25.1,36.53,1010,0,0
25.1333333333333,36.363333333333294,1020,0,0
25.2,36.23,1030,0,0
25.15,36.145,1040,0,0
25.1,36.0,1050,0,0
25.1,35.9333333333333,1060,0,0
25.1,35.76,1070,0,0
25.1,35.6266666666667,1080,0,0
25.1,35.5,1090,0,0
25.1,35.4333333333333,1100,0,0
25.1,35.3633333333333,1110,0,0
25.1,35.29,1120,0,0
25.1,35.26,1130,0,0
25.1,35.2,1140,0,0
25.033333333333296,35.1633333333333,1150,0,0
25.033333333333296,35.09,1160,0,0
25.0,35.09,1170,0,0
25.0,35.09,1180,0,0
25.0,35.1566666666667,1190,10,1
25.0,35.6233333333333,1200,0,0
25.0,36.03,1210,0,0
24.9266666666667,36.223333333333294,1220,0,0
24.89,36.59,1230,10,1
24.89,36.6175,1240,0,0
24.823333333333295,36.7,1250,0,0
24.79,37.1333333333333,1260,0,0
24.79,37.5266666666667,1270,0,0
24.76,37.4666666666667,1280,0,0
24.7,37.66,1290,0,0
24.7,38.36,1300,0,0
24.7,38.6333333333333,1310,0,0
24.6666666666667,38.723333333333294,1320,0,0
24.6,38.463333333333296,1330,0,0
24.6,38.4,1340,0,0
24.6,38.4,1350,0,0
24.6,38.4,1360,0,0
24.6,38.4,1370,0,0
24.6,38.4,1380,0,0
24.6,38.4,1390,0,0
24.566666666666695,38.4,1400,0,0
24.566666666666695,38.4,1410,0,0
24.6,38.4,1420,0,0
24.533333333333296,38.4,1430,0,0
24.5,38.4,0,0,0
24.5,38.433333333333294,10,0,0
24.5,38.433333333333294,20,0,0
24.5,38.5,30,0,0
24.5,38.5,40,0,0
24.5,38.5,50,0,0
24.5,38.5,60,0,0
24.5,38.5,70,0,0
24.5,38.5,80,0,0
24.463333333333296,38.56,90,0,0
24.39,38.5,100,0,0
24.39,38.5,110,0,0
24.39,38.5,120,0,0
24.39,38.5,130,0,0
24.39,38.433333333333294,140,0,0
24.39,38.4,150,0,0
24.39,38.4,160,0,0
24.39,38.4,170,0,0
24.39,38.4,180,0,0
24.39,38.4,190,0,0
24.365,38.4,200,0,0
24.29,38.4,210,0,0
24.29,38.3266666666667,220,0,0
24.29,38.4,230,0,0
24.29,38.29,240,0,0
24.29,38.29,250,0,0
24.29,38.29,260,0,0
24.29,38.29,270,0,0
24.26,38.26,280,0,0
24.2,38.26,290,0,0
24.2,38.23,300,0,0
24.2,38.76333333333329,310,0,0
24.23,39.19333333333329,320,10,1
24.29,39.4666666666667,330,10,1
24.29,39.433333333333294,340,0,0
24.3566666666667,39.5,350,0,0
24.39,39.5,360,10,1
24.39,39.5,370,0,0
24.39,39.4,380,0,0
24.39,39.4,390,0,0
24.34,39.45,400,0,0
24.29,39.4666666666667,410,0,0
24.29,39.4,420,10,1
24.29,39.4,430,0,0
24.29,39.3266666666667,440,0,0
24.29,39.29,450,0,0
24.23,39.23,460,0,0
24.23,39.2,470,0,0
24.23,39.1266666666667,480,0,0
24.26,39.09,490,10,1
24.26,39.09,500,0,0
24.29,39.223333333333294,510,0,0
24.29,39.09,520,0,0
24.29,39.06,530,0,0
24.29,38.933333333333294,540,0,0
24.39,38.9,550,0,0
24.39,38.9,560,0,0
24.39,38.9,570,0,0
24.463333333333296,38.9666666666667,580,10,1
24.5,39.09,590,0,0
24.5,39.1725,600,0,0
24.5,39.2,610,0,0
24.533333333333296,39.2,620,0,0
24.6,39.26,630,0,0
24.6,39.29,640,0,0
24.6,39.363333333333294,650,0,0
24.6333333333333,39.433333333333294,660,0,0
24.7,39.5,670,0,0
24.73,39.5,680,0,0
24.79,39.56,690,20,1
24.79,39.6266666666667,700,20,1
24.79,39.7,710,10,1
24.823333333333295,39.7666666666667,720,0,0
24.89,39.9,730,0,0
24.9266666666667,39.933333333333294,740,0,0
25.0,40.1333333333333,750,30,1
25.0,40.09,760,20,1
25.0,40.09,770,20,1
25.0,40.2666666666667,780,10,1
25.0,40.4,790,0,0
25.1,40.345,800,0,0
25.1,40.4,810,0,0
25.1,40.5266666666667,820,0,0
25.1,40.59,830,0,0
25.1,40.59,840,0,0
25.1,40.4666666666667,850,0,0
25.1666666666667,40.3266666666667,860,0,0
25.23,40.3666666666667,870,0,0
25.29,40.3666666666667,880,0,0
25.29,40.2,890,0,0
25.29,40.1266666666667,900,0,0
25.29,39.9,910,0,0
25.29,39.6266666666667,920,0,0
25.29,39.56,930,0,0
25.29,39.433333333333294,940,20,1
25.29,39.363333333333294,950,20,1
25.29,39.363333333333294,960,30,1
25.29,39.26,970,20,1
25.3566666666667,39.1266666666667,980,20,1
25.323333333333295,39.06,990,20,1
25.39,38.933333333333294,1000,20,1
25.39,39.045,1010,20,1
25.39,39.1266666666667,1020,30,1
25.39,39.2,1030,20,1
25.39,39.2,1040,20,1
25.39,39.33333333333329,1050,20,1
25.39,40.2566666666667,1060,20,1
25.463333333333296,41.9233333333333,1070,20,1
25.5,43.393333333333295,1080,10,1
25.5,44.2666666666667,1090,10,1
25.6,43.8266666666667,1100,20,1
25.6,43.5666666666667,1110,20,1
25.6,43.1333333333333,1120,30,1
25.6,42.86,1130,20,1
25.6,42.7,1140,20,1
25.6,42.7,1150,10,1
25.6,42.6266666666667,1160,0,0
25.6,42.7,1170,0,0
25.5,42.7,1180,0,0
25.566666666666695,42.7,1190,0,0
25.5,42.79,1200,0,0
25.5,42.745,1210,0,0
25.5,42.79,1220,0,0
25.5,42.79,1230,20,1
25.5,42.79,1240,20,1
25.5,42.76,1250,20,1
25.5,42.7,1260,30,1
25.5,42.59,1270,20,1
25.5,42.59,1280,20,1
25.5,42.59,1290,20,1
25.5,42.53,1300,20,1
25.5,42.59,1310,30,1
25.4266666666667,42.59,1320,20,1
25.39,42.59,1330,20,1
25.39,42.6633333333333,1340,20,1
25.39,42.7,1350,20,1
25.39,42.7,1360,30,1
25.39,42.7,1370,10,1
25.39,42.83333333333329,1380,0,0
25.323333333333295,43.09,1390,0,0
25.39,43.09,1400,0,0
25.29,43.09,1410,0,0
25.29,43.09,1420,0,0
25.29,43.09,1430,0,0
25.29,43.09,0,0,0
25.29,43.09,10,0,0
25.29,43.1266666666667,20,0,0
25.23,43.2,30,0,0
25.26,43.2,40,0,0
25.2,43.2,50,0,0
25.2,43.29,60,0,0
25.2,43.29,70,0,0
25.2,43.29,80,0,0
25.2,43.363333333333294,90,0,0
25.1666666666667,43.4,100,0,0
25.1,43.4,110,0,0
25.1,43.5,120,0,0
25.1,43.56,130,0,0
25.1,43.59,140,0,0
25.1,43.59,150,0,0
25.1,43.7,160,0,0
25.1,43.7,170,0,0
25.1,43.79,180,0,0
25.066666666666695,43.8266666666667,190,0,0
25.0,43.9,200,0,0
25.066666666666695,43.9,210,0,0
25.0,43.9666666666667,220,0,0
25.0,44.0,230,0,0
25.0,44.06,240,0,0
25.0,44.09,250,0,0
25.0,44.1633333333333,260,0,0
25.0,44.2,270,0,0
25.0,44.2,280,0,0
24.89,44.29,290,0,0
24.89,44.29,300,0,0
24.89,44.3266666666667,310,0,0
24.963333333333296,44.6,320,10,1
25.0,44.7666666666667,330,0,0
25.0,44.8266666666667,340,0,0
25.0,44.73,350,10,1
25.0,44.73,360,0,0
25.0,44.933333333333294,370,0,0
25.0,45.27,380,0,0
25.0,45.5,390,10,1
25.0,45.963333333333296,400,0,0
24.9266666666667,46.223333333333294,410,0,0
24.89,46.463333333333296,420,10,1
24.89,46.723333333333294,430,0,0
24.89,47.3266666666667,440,0,0
24.89,47.4,450,0,0
24.79,47.4,460,0,0
24.79,47.4,470,0,0
24.79,47.4,480,0,0
24.79,47.4,490,0,0
24.79,47.363333333333294,500,0,0
24.79,47.29,510,0,0
24.7,47.29,520,0,0
24.7,47.29,530,0,0
24.7,47.3266666666667,540,0,0
24.7,47.3266666666667,550,0,0
24.7,47.4,560,0,0
24.7,47.4,570,0,0
24.7,47.5,580,0,0
24.7225,47.5225,590,0,0
24.73,47.59,600,0,0
24.73,47.59,610,0,0
24.73,47.6633333333333,620,0,0
24.7,47.7,630,0,0
24.7,47.76,640,0,0
24.79,47.8266666666667,650,0,0
24.79,47.9,660,0,0
24.79,47.9,670,0,0
24.79,47.9,680,0,0
24.79,47.9,690,0,0
24.79,47.9,700,0,0
24.79,47.9,710,0,0
24.79,47.9,720,0,0
24.823333333333295,47.9,730,0,0
24.89,47.9,740,0,0
24.89,47.79,750,0,0
24.89,47.79,760,0,0
24.89,47.76,770,0,0
24.89,47.7,780,0,0
24.945,47.645,790,0,0
25.0,47.59,800,0,0
25.0,47.53,810,0,0
25.1,47.5,820,0,0
25.1,47.5,830,0,0
25.1,47.4666666666667,840,0,0
25.1,47.3266666666667,850,0,0
25.1,47.29,860,0,0
25.1666666666667,47.29,870,0,0
25.2,47.2,880,0,0
25.2,47.1266666666667,890,0,0
25.2,47.09,900,0,0
25.2,47.09,910,0,0
25.23,47.06,920,0,0
25.23,47.0,930,0,0
25.26,47.0,940,0,0
25.26,46.933333333333294,950,0,0
25.29,46.9,960,0,0
25.29,46.9,970,0,0
25.29,46.8266666666667,980,0,0
25.29,46.9,990,0,0
25.29,46.9666666666667,1000,0,0
25.29,47.1266666666667,1010,0,0
25.29,47.26,1020,0,0
25.29,47.5666666666667,1030,0,0
25.29,47.76,1040,0,0
25.29,47.9,1050,0,0
25.3566666666667,47.9,1060,0,0
25.323333333333295,48.23,1070,0,0
25.323333333333295,48.1566666666667,1080,0,0
25.39,49.4933333333333,1090,0,0
25.39,48.7666666666667,1100,0,0
25.3566666666667,48.5,1110,0,0
25.29,48.5,1120,0,0
25.29,48.59,1130,0,0
25.23,48.6633333333333,1140,0,0
25.2,48.6633333333333,1150,0,0
25.2,48.59,1160,0,0
25.2,48.53,1170,0,0
25.2,48.53,1180,0,0
25.2,48.4,1190,0,0
25.125,48.4,1200,0,0
25.1,48.4,1210,0,0
25.1,48.29,1220,0,0
25.1,48.29,1230,0,0
25.1,48.29,1240,0,0
25.1,48.29,1250,0,0
25.066666666666695,48.29,1260,10,1
25.0,48.29,1270,0,0
25.0,48.26,1280,0,0
25.0,48.2,1290,0,0
25.0,48.1633333333333,1300,0,0
25.0,48.09,1310,0,0
25.0,48.06,1320,0,0
25.0,48.0,1330,0,0
25.0,48.0,1340,0,0
25.0,47.933333333333294,1350,0,0
24.89,47.9,1360,0,0
24.963333333333296,47.8266666666667,1370,0,0
24.89,47.79,1380,0,0
24.89,47.73,1390,0,0
24.89,47.7,1400,0,0
24.89,47.6633333333333,1410,0,0
24.89,47.59,1420,0,0
24.89,47.56,1430,0,0
24.89,47.5,0,0,0
24.89,47.5,10,0,0
24.89,47.5,20,0,0
24.823333333333295,47.433333333333294,30,0,0
24.823333333333295,47.433333333333294,40,0,0
24.79,47.4,50,0,0
24.79,47.3266666666667,60,0,0
24.79,47.29,70,0,0
24.79,47.29,80,0,0
24.79,47.29,90,0,0
24.79,47.29,100,0,0
24.79,47.29,110,0,0
24.79,47.29,120,0,0
24.79,47.29,130,0,0
24.79,47.29,140,0,0
24.7,47.29,150,0,0
24.7,47.29,160,0,0
24.745,47.29,170,0,0
24.7,47.29,180,0,0
24.7,47.29,190,0,0
24.7,47.29,200,0,0
24.7,47.29,210,0,0
24.6333333333333,47.23,220,0,0
24.7,47.363333333333294,230,0,0
24.6666666666667,47.26,240,0,0
24.6,47.26,250,0,0
24.6,47.29,260,0,0
24.6666666666667,47.363333333333294,270,0,0
24.6,47.29,280,0,0
24.6,47.29,290,0,0
24.6,47.29,300,0,0
24.6,47.29,310,0,0
24.6,47.29,320,0,0
24.6,47.363333333333294,330,0,0
24.6,47.53,340,0,0
24.6,47.79,350,10,1
24.7,47.9666666666667,360,0,0
24.7,47.9,370,0,0
24.7,47.9,380,0,0
24.7,47.79,390,0,0
24.7,47.79,400,0,0
24.7,47.7,410,0,0
24.76,47.7,420,0,0
24.7,47.76,430,0,0
24.7,47.76,440,0,0
24.73,47.79,450,0,0
24.79,47.863333333333294,460,0,0
24.73,47.933333333333294,470,0,0
24.79,48.0,480,0,0
24.76,48.03,490,0,0
24.76,48.1633333333333,500,0,0
24.79,48.3266666666667,510,0,0
24.79,48.4,520,0,0
24.79,48.363333333333294,530,0,0
24.79,48.363333333333294,540,0,0
24.79,48.59,550,0,0
24.79,48.6633333333333,560,0,0
24.79,49.095,570,0,0
24.7,49.59666666666671,580,0,0
24.76,49.99,590,0,0
24.79,50.36,600,0,0
24.79,50.433333333333294,610,0,0
24.79,50.5666666666667,620,0,0
24.79,50.7,630,0,0
24.79,50.6333333333333,640,10,1
24.79,50.5,650,0,0
24.79,50.4666666666667,660,0,0
24.79,50.19333333333329,670,0,0
24.79,49.93,680,0,0
24.8566666666667,49.73,690,0,0
24.89,49.4666666666667,700,0,0
24.89,49.2666666666667,710,0,0
24.89,48.9666666666667,720,0,0
24.89,48.7666666666667,730,0,0
25.0,48.56,740,0,0
25.0,48.433333333333294,750,0,0
25.0,48.26,760,0,0
25.025,48.1175,770,0,0
25.1,48.2966666666667,780,0,0
25.1,48.26,790,0,0
25.1,48.1266666666667,800,0,0
25.2,48.06,810,0,0
25.26,48.0,820,0,0
25.29,47.863333333333294,830,0,0
25.29,47.79,840,0,0
25.323333333333295,47.6633333333333,850,0,0
25.39,47.53,860,0,0
25.5,47.4666666666667,870,0,0
25.5,47.3266666666667,880,0,0
25.5,47.1633333333333,890,0,0
25.566666666666695,46.963333333333296,900,0,0
25.6,46.79,910,0,0
25.6,46.79,920,0,0
25.6,46.7,930,0,0
25.6,46.7,940,0,0
25.6,46.7,950,0,0
25.6,46.76,960,0,0
25.6333333333333,46.8266666666667,970,0,0
25.675,47.175,980,0,0
25.533333333333296,48.33333333333329,990,0,0
25.5,49.2266666666667,1000,0,0
25.5,49.7666666666667,1010,0,0
25.463333333333296,50.53,1020,0,0
25.463333333333296,50.79,1030,0,0
25.5,50.9666666666667,1040,0,0
25.5,50.9666666666667,1050,0,0
25.4266666666667,50.9,1060,0,0
25.4266666666667,50.9,1070,0,0
25.4266666666667,51.363333333333294,1080,0,0
25.4266666666667,50.963333333333296,1090,0,0
25.5,50.6633333333333,1100,0,0
25.5,50.53,1110,0,0
25.5,50.33333333333329,1120,0,0
25.5,50.1266666666667,1130,0,0
25.5,49.83333333333329,1140,0,0
25.5,49.6266666666667,1150,10,1
25.5,49.5666666666667,1160,0,0
25.5,49.6266666666667,1170,0,0
25.5,49.345,1180,0,0
25.5,49.2,1190,0,0
25.5,49.1266666666667,1200,0,0
25.39,49.09,1210,0,0
25.39,49.03,1220,0,0
25.39,48.9666666666667,1230,0,0
25.39,48.9,1240,0,0
25.3566666666667,48.9,1250,0,0
25.29,48.8266666666667,1260,0,0
25.29,48.76,1270,0,0
25.29,48.7,1280,0,0
25.29,48.7,1290,0,0
25.29,48.7,1300,0,0
25.2,48.59,1310,0,0
25.2,48.59,1320,0,0
25.2,48.59,1330,0,0
25.2,48.53,1340,0,0
25.2,48.5,1350,0,0
25.2,48.433333333333294,1360,0,0
25.2,48.4666666666667,1370,0,0
25.1333333333333,48.3266666666667,1380,0,0
25.1,48.29,1390,0,0
25.1666666666667,48.2,1400,0,0
25.1,48.2,1410,0,0
25.1,48.09,1420,0,0
25.1,48.09,1430,0,0
25.1,48.09,0,0,0
25.1,48.03,10,0,0
25.1,48.0,20,0,0
25.1,48.0,30,0,0
25.066666666666695,48.0,40,0,0
25.0,48.0,50,0,0
25.0,47.9666666666667,60,0,0
25.0,47.9,70,0,0
25.0,47.9,80,0,0
25.0,47.9,90,0,0
25.0,47.9,100,0,0
25.0,47.9,110,0,0
24.89,47.79,120,0,0
24.89,47.79,130,0,0
24.89,47.76,140,0,0
24.89,47.7,150,0,0
24.89,47.6266666666667,160,0,0
24.89,47.59,170,0,0
24.89,47.53,180,0,0
24.89,47.5,190,0,0
24.89,47.5,200,0,0
24.8566666666667,47.4,210,0,0
24.79,47.3266666666667,220,0,0
24.79,47.363333333333294,230,0,0
24.79,47.29,240,0,0
24.79,47.2,250,0,0
24.79,47.2,260,0,0
24.79,47.2,270,0,0
24.79,47.2,280,0,0
24.79,47.1633333333333,290,0,0
24.79,47.09,300,0,0
24.76,47.09,310,0,0
24.7,47.09,320,0,0
24.7,47.06,330,0,0
24.7,47.19333333333329,340,0,0
24.79,47.56,350,0,0
24.79,47.375,360,10,1
24.79,47.1266666666667,370,0,0
24.79,47.0,380,0,0
24.79,47.0,390,0,0
24.79,47.0,400,0,0
24.79,47.0,410,0,0
24.79,47.0,420,0,0
24.79,47.0,430,0,0
24.79,47.0,440,0,0
24.79,47.0,450,10,1
24.79,47.03,460,0,0
24.79,47.1633333333333,470,0,0
24.79,47.23,480,0,0
24.79,47.363333333333294,490,0,0
24.8566666666667,47.4666666666667,500,0,0
24.79,47.4666666666667,510,0,0
24.8566666666667,47.56,520,0,0
24.79,47.56,530,0,0
24.8566666666667,47.6633333333333,540,0,0
24.79,47.6633333333333,550,10,1
24.84,47.745,560,0,0
24.8566666666667,47.79,570,0,0
24.8566666666667,47.863333333333294,580,0,0
24.8566666666667,47.863333333333294,590,0,0
24.79,47.79,600,0,0
24.79,47.8266666666667,610,0,0
24.8566666666667,47.9666666666667,620,0,0
24.89,48.0,630,0,0
24.89,48.0,640,10,1
24.89,48.0,650,0,0
24.89,48.0,660,0,0
24.89,47.9666666666667,670,0,0
24.89,47.9,680,0,0
24.963333333333296,47.863333333333294,690,0,0
24.963333333333296,47.863333333333294,700,0,0
25.0,47.79,710,0,0
25.0,47.79,720,0,0
25.033333333333296,47.76,730,0,0
25.1,47.7,740,10,1
25.1,47.6633333333333,750,0,0
25.1666666666667,47.59,760,0,0
25.2,47.5,770,0,0
25.29,47.4,780,0,0
25.29,47.3266666666667,790,0,0
25.323333333333295,47.29,800,0,0
25.39,47.23,810,0,0
25.39,47.1633333333333,820,0,0
25.39,47.09,830,0,0
25.5,47.09,840,0,0
25.5,47.03,850,0,0
25.5,46.9,860,0,0
25.5,46.9,870,0,0
25.533333333333296,46.79,880,0,0
25.6,46.79,890,0,0
25.5,46.79,900,0,0
25.5,46.73,910,0,0
25.533333333333296,46.7,920,0,0
25.6,46.7,930,0,0
25.6,46.7,940,0,0
25.6,46.7,950,0,0
25.6,46.7,960,0,0
25.6,46.7,970,0,0
25.6,46.7,980,0,0
25.6,47.0933333333333,990,0,0
25.6,48.2333333333333,1000,0,0
25.6,49.2,1010,0,0
25.533333333333296,49.26,1020,0,0
25.5,49.26,1030,0,0
25.5,49.2,1040,0,0
25.5,49.26,1050,0,0
25.5,49.0,1060,0,0
25.533333333333296,49.5933333333333,1070,0,0
25.6,53.26,1080,0,0
25.6,51.33333333333329,1090,0,0
25.6,50.86,1100,0,0
25.6,50.2966666666667,1110,0,0
25.6,49.963333333333296,1120,0,0
25.6,49.56,1130,0,0
25.6,49.36,1140,0,0
25.6,49.06,1150,0,0
25.6,48.86,1160,0,0
25.6,48.6633333333333,1170,0,0
25.525,48.5225,1180,0,0
25.5,48.433333333333294,1190,0,0
25.566666666666695,48.363333333333294,1200,0,0
25.5,48.29,1210,0,0
25.5,48.29,1220,0,0
25.5,48.29,1230,0,0
25.5,48.3266666666667,1240,0,0
25.5,48.4,1250,0,0
25.5,48.433333333333294,1260,0,0
25.5,48.56,1270,10,1
25.5,48.73,1280,10,1
25.5,48.863333333333294,1290,10,1
25.5,49.0,1300,0,0
25.5,49.0,1310,0,0
25.463333333333296,49.03,1320,0,0
25.39,49.1633333333333,1330,0,0
25.39,49.2,1340,0,0
25.39,49.1266666666667,1350,0,0
25.3566666666667,49.06,1360,0,0
25.3566666666667,49.0,1370,0,0
25.39,49.0,1380,0,0
25.29,48.9,1390,0,0
25.29,48.9,1400,0,0
25.29,48.79,1410,0,0
25.29,48.73,1420,0,0
25.29,48.6633333333333,1430,0,0
25.29,48.59,0,0,0
25.29,48.59,10,0,0
25.29,48.53,20,0,0
25.29,48.5,30,0,0
25.23,48.5,40,0,0
25.2,48.5,50,0,0
25.2,48.5,60,0,0
25.2,48.4666666666667,70,0,0
25.2,48.4666666666667,80,0,0
25.2,48.4,90,0,0
25.1333333333333,48.4,100,0,0
25.1,48.4,110,0,0
25.1,48.3266666666667,120,0,0
25.1,48.29,130,0,0
25.1,48.29,140,0,0
25.1,48.29,150,0,0
25.1,48.1633333333333,160,0,0
25.1,48.09,170,0,0
25.1,48.09,180,0,0
25.033333333333296,48.09,190,0,0
25.0,48.0,200,0,0
25.0,48.0,210,0,0
25.0,47.9666666666667,220,0,0
25.0,47.9,230,0,0
25.0,47.863333333333294,240,0,0
25.0,47.79,250,0,0
24.89,47.79,260,0,0
24.89,47.73,270,0,0
24.89,47.6633333333333,280,0,0
24.89,47.59,290,0,0
24.89,47.5,300,0,0
24.89,47.5,310,0,0
24.89,47.5,320,0,0
24.89,47.433333333333294,330,0,0
24.89,47.4,340,0,0
24.865,47.295,350,0,0
24.79,47.46,360,0,0
24.89,47.363333333333294,370,0,0
24.89,47.29,380,0,0
24.89,47.23,390,0,0
24.89,47.363333333333294,400,0,0
24.89,47.363333333333294,410,0,0
24.89,47.29,420,0,0
24.89,47.2,430,0,0
24.89,47.1266666666667,440,0,0
24.8566666666667,47.43,450,0,0
24.79,47.29,460,0,0
24.79,47.2266666666667,470,0,0
24.79,48.5,480,10,1
24.79,48.76,490,20,1
24.79,48.6266666666667,500,20,1
24.79,48.49,510,20,1
24.73,48.1566666666667,520,20,1
24.7,48.09,530,30,1
24.7,48.09,540,20,1
24.7,48.09,550,20,1
24.7675,48.09,560,20,1
24.79,48.1633333333333,570,20,1
24.79,48.29,580,30,1
24.79,48.29,590,20,1
24.79,48.26,600,20,1
24.79,48.2,610,20,1
24.823333333333295,48.2,620,20,1
24.89,48.2,630,20,1
24.89,48.2,640,30,1
24.89,48.1266666666667,650,20,1
24.89,48.06,660,20,1
24.89,48.1333333333333,670,20,1
25.0,48.5,680,20,1
25.066666666666695,48.7,690,0,0
25.1,48.39,700,0,0
25.1666666666667,48.7966666666667,710,0,0
25.2,48.863333333333294,720,0,0
25.26,48.6566666666667,730,0,0
25.4266666666667,48.5666666666667,740,0,0
25.566666666666695,48.433333333333294,750,0,0
25.6,47.95,760,0,0
25.7,47.6,770,0,0
25.7,47.4666666666667,780,0,0
25.7,47.2,790,0,0
25.76,47.1266666666667,800,0,0
25.823333333333295,47.1966666666667,810,0,0
25.963333333333296,46.79,820,0,0
26.033333333333296,45.823333333333295,830,0,0
26.1,45.1566666666667,840,0,0
26.2,44.1966666666667,850,0,0
26.26,43.93,860,0,0
26.26,43.66,870,0,0
26.2,43.5266666666667,880,10,1
26.2,43.5,890,0,0
26.2,43.433333333333294,900,0,0
26.1666666666667,43.26,910,0,0
26.1,43.2,920,0,0
26.1,43.06,930,0,0
26.1,42.8,940,0,0
26.1,42.363333333333294,950,0,0
26.1,42.03,960,0,0
26.1,41.745,970,0,0
26.1,41.8266666666667,980,0,0
26.1,41.8266666666667,990,0,0
26.1,41.7,1000,0,0
26.1,41.6266666666667,1010,0,0
26.1,41.5,1020,0,0
26.033333333333296,41.56,1030,0,0
26.066666666666695,41.7,1040,0,0
26.066666666666695,41.76,1050,0,0
26.1,41.76,1060,0,0
26.033333333333296,41.7,1070,0,0
26.1,41.8666666666667,1080,0,0
26.1666666666667,42.26,1090,0,0
26.2,42.8666666666667,1100,0,0
26.2,42.66666666666671,1110,0,0
26.26,41.6233333333333,1120,0,0
26.2,41.09666666666671,1130,10,1
26.1666666666667,40.2666666666667,1140,0,0
26.1,39.7266666666667,1150,0,0
26.066666666666695,38.99,1160,0,0
26.0,38.73,1170,0,0
26.0,38.79,1180,0,0
26.0,38.9,1190,0,0
26.0,39.0266666666667,1200,0,0
26.0,39.2,1210,0,0
26.0,39.2,1220,0,0
25.89,38.76,1230,0,0
25.89,38.7,1240,0,0
25.79,38.73,1250,10,1
25.79,38.863333333333294,1260,0,0
25.73,39.1566666666667,1270,0,0
25.73,39.29,1280,0,0
25.7,39.4,1290,0,0
25.7,39.4,1300,0,0
25.6666666666667,39.4,1310,0,0
25.6,39.4,1320,0,0
25.6,39.4,1330,0,0
25.6,39.4,1340,0,0
25.5,39.5,1350,0,0
25.5,39.5,1360,0,0
25.463333333333296,39.5,1370,0,0
25.445,39.5225,1380,0,0
25.39,39.53,1390,0,0
25.3566666666667,39.59,1400,0,0
25.29,39.59,1410,0,0
25.29,39.6633333333333,1420,0,0
25.29,39.59,1430,0,0
25.2,39.7,0,0,0
25.2,39.7,10,0,0
25.2,39.7,20,0,0
25.1333333333333,39.7,30,0,0
25.1,39.7,40,0,0
25.1,39.7,50,0,0
25.1,39.7,60,0,0
25.1,39.7,70,0,0
25.0,39.6633333333333,80,0,0
25.0,39.53,90,0,0
25.0,39.5,100,0,0
25.0,39.5,110,0,0
25.0,39.4,120,0,0
25.0,39.4,130,0,0
24.89,39.4,140,0,0
24.89,39.4,150,0,0
24.89,39.4,160,0,0
24.89,39.29,170,0,0
24.89,39.23,180,0,0
24.89,39.1633333333333,190,0,0
24.89,39.03,200,0,0
24.8566666666667,38.9666666666667,210,0,0
24.79,38.9,220,0,0
24.79,38.79,230,0,0
24.79,38.73,240,0,0
24.79,38.7,250,0,0
24.79,38.7,260,0,0
24.79,38.59,270,0,0
24.73,38.59,280,0,0
24.7,38.56,290,0,0
24.7,38.433333333333294,300,0,0
24.7,38.4,310,0,0
24.6333333333333,38.2666666666667,320,0,0
24.7,38.29,330,0,0
24.6333333333333,38.23,340,0,0
24.6,38.045,350,0,0
24.6,38.0,360,0,0
24.6,37.933333333333294,370,0,0
24.6,37.863333333333294,380,0,0
24.533333333333296,37.79,390,0,0
24.5,37.7,400,0,0
24.5,37.7,410,0,0
24.5,37.6633333333333,420,0,0
24.5,37.53,430,0,0
24.5,37.33333333333329,440,0,0
24.5,37.2,450,0,0
24.5,37.09,460,0,0
24.5,36.7566666666667,470,0,0
24.5,36.59,480,0,0
24.5,36.59,490,0,0
24.5,36.59,500,0,0
24.5,36.59,510,0,0
24.463333333333296,36.43,520,0,0
24.39,36.29,530,0,0
24.39,36.1633333333333,540,0,0
24.39,35.865,550,0,0
24.39,35.73,560,0,0
24.39,35.79,570,0,0
24.39,35.8633333333333,580,0,0
24.39,35.8633333333333,590,0,0
24.39,35.79,600,0,0
24.4266666666667,35.86,610,0,0
24.5,36.06,620,0,0
24.4266666666667,36.39,630,0,0
24.5,36.723333333333294,640,0,0
24.5,36.79,650,0,0
24.5,36.73,660,0,0
24.5,36.6633333333333,670,0,0
24.5,36.463333333333296,680,0,0
24.533333333333296,37.33333333333329,690,0,0
24.6,39.26,700,0,0
24.6,39.26333333333329,710,0,0
24.6,38.4566666666667,720,0,0
24.6,38.2966666666667,730,0,0
24.726666666666695,38.363333333333294,740,0,0
24.79,37.69333333333329,750,0,0
24.865,37.7,760,0,0
24.963333333333296,37.2266666666667,770,0,0
25.033333333333296,36.723333333333294,780,0,0
25.1,36.53,790,0,0
25.2,36.223333333333294,800,10,1
25.2,36.1633333333333,810,0,0
25.2,34.26,820,0,0
25.1333333333333,32.7333333333333,830,0,0
25.1333333333333,32.2,840,0,0
25.2,32.2,850,0,0
25.2,32.53,860,0,0
25.2,32.79,870,0,0
25.2,33.1566666666667,880,0,0
25.1333333333333,32.3566666666667,890,0,0
25.033333333333296,31.43,900,0,0
25.1,31.29,910,0,0
25.033333333333296,31.36,920,0,0
25.1,31.566666666666695,930,0,0
25.1,31.8,940,0,0
25.033333333333296,31.9266666666667,950,0,0
25.0,31.945,960,0,0
25.0,32.03,970,0,0
25.0,32.09,980,0,0
25.0,31.866666666666696,990,0,0
24.9266666666667,31.393333333333295,1000,0,0
25.0,31.39,1010,0,0
24.9266666666667,31.39,1020,0,0
24.89,31.5966666666667,1030,0,0
24.89,31.93,1040,0,0
25.0,32.2,1050,0,0
24.9266666666667,32.1266666666667,1060,0,0
24.89,32.6666666666667,1070,10,1
24.963333333333296,36.26,1080,0,0
25.033333333333296,40.293333333333294,1090,10,1
25.1,41.6266666666667,1100,0,0
25.1,39.963333333333296,1110,10,1
25.033333333333296,36.63,1120,0,0
24.8566666666667,33.53,1130,0,0
24.79,32.3966666666667,1140,0,0
24.79,31.8266666666667,1150,0,0
24.79,31.65,1160,0,0
24.79,31.7,1170,0,0
24.7,31.86,1180,0,0
24.7,32.06,1190,10,1
24.7,32.09,1200,0,0
24.6333333333333,32.03,1210,0,0
24.6,32.1266666666667,1220,0,0
24.6,32.26,1230,0,0
24.533333333333296,32.2,1240,10,1
24.533333333333296,32.26,1250,0,0
24.5,32.4333333333333,1260,0,0
24.5,32.5,1270,0,0
24.5,32.5,1280,0,0
24.5,32.56,1290,0,0
24.5,32.7,1300,0,0
24.4266666666667,32.6266666666667,1310,0,0
24.39,32.8,1320,0,0
24.39,33.06,1330,10,1
24.39,33.2666666666667,1340,0,0
24.39,33.5266666666667,1350,0,0
24.29,33.9633333333333,1360,0,0
24.29,34.1175,1370,0,0
24.23,34.2,1380,0,0
24.2,34.3266666666667,1390,0,0
24.2,34.4666666666667,1400,0,0
24.1,34.5666666666667,1410,0,0
24.1,34.7,1420,0,0
24.1,34.7,1430,0,0
24.1,34.76,0,0,0
24.066666666666695,34.79,10,0,0
24.0,34.79,20,0,0
24.0,34.8266666666667,30,0,0
24.0,34.9,40,0,0
23.963333333333296,34.9333333333333,50,0,0
23.89,35.0,60,0,0
23.89,35.0,70,0,0
23.89,35.06,80,0,0
23.79,35.0,90,0,0
23.79,35.06,100,0,0
23.79,35.09,110,0,0
23.79,35.09,120,0,0
23.79,35.09,130,0,0
23.79,35.2,140,0,0
23.79,35.2,150,0,0
23.76,35.2,160,0,0
23.7,35.2,170,0,0
23.7,35.23,180,0,0
23.7,35.29,190,0,0
23.7,35.29,200,0,0
23.7,35.29,210,0,0
23.7,35.4,220,0,0
23.7,35.4,230,0,0
23.6,35.3266666666667,240,0,0
23.6,35.4,250,0,0
23.6,35.4,260,0,0
23.6,35.4,270,0,0
23.6,35.4,280,0,0
23.6,35.4666666666667,290,0,0
23.566666666666695,35.5,300,0,0
23.5,35.5,310,0,0
23.5,35.5,320,0,0
23.5,35.545,330,0,0
23.5,35.56,340,0,0
23.5,35.59,350,0,0
23.4266666666667,35.59,360,0,0
23.39,35.59,370,0,0
23.39,35.59,380,0,0
23.39,35.6266666666667,390,0,0
23.39,35.7,400,0,0
23.39,35.7,410,0,0
23.39,35.9,420,0,0
23.39,36.1566666666667,430,0,0
23.39,36.76333333333329,440,0,0
23.39,36.9666666666667,450,0,0
23.39,36.9666666666667,460,0,0
23.463333333333296,37.1333333333333,470,0,0
23.39,36.933333333333294,480,0,0
23.4266666666667,36.86,490,0,0
23.5,36.8,500,0,0
23.39,36.4,510,0,0
23.463333333333296,36.2,520,0,0
23.445,36.44,530,10,1
23.5,37.533333333333296,540,0,0
23.5,39.533333333333296,550,0,0
23.5,38.03,560,0,0
23.4266666666667,36.9566666666667,570,0,0
23.5,36.86,580,0,0
23.4266666666667,37.1333333333333,590,0,0
23.39,36.533333333333296,600,0,0
23.39,35.7933333333333,610,0,0
23.3566666666667,35.0,620,10,1
23.29,35.06,630,0,0
23.2,34.56,640,10,1
23.2,34.5,650,0,0
23.2,34.53,660,0,0
23.2,34.6633333333333,670,10,1
23.1333333333333,34.86,680,0,0
23.2,35.06,690,10,1
23.1666666666667,35.23,700,0,0
23.1,35.29,710,0,0
23.1666666666667,35.4,720,10,1
23.175,35.4975,730,0,0
23.2,35.59,740,0,0
23.2,35.5666666666667,750,0,0
23.2,35.76,760,0,0
23.2,35.4666666666667,770,0,0
23.26,35.2666666666667,780,0,0
23.29,35.03,790,0,0
23.29,35.09,800,0,0
23.29,35.1266666666667,810,0,0
23.29,35.2,820,0,0
23.39,35.26,830,10,1
23.39,35.1266666666667,840,0,0
23.39,34.93,850,0,0
23.39,34.93,860,0,0
23.39,34.8633333333333,870,0,0
23.39,34.73,880,0,0
23.4266666666667,34.8633333333333,890,10,1
23.5,34.8633333333333,900,0,0
23.5,34.9333333333333,910,0,0
23.5,35.0,920,0,0
23.5,35.0,930,0,0
23.5,34.9666666666667,940,20,1
23.5,34.9666666666667,950,20,1
23.5,34.9,960,20,1
23.5,34.9,970,30,1
23.5,34.9333333333333,980,20,1
23.5,35.0,990,20,1
23.5,34.9,1000,20,1
23.5,35.0266666666667,1010,30,1
23.5,35.06,1020,20,1
23.5,35.0,1030,20,1
23.5,35.09,1040,20,1
23.5,35.1633333333333,1050,20,1
23.5,35.36,1060,30,1
23.5,35.8933333333333,1070,20,1
23.533333333333296,37.2333333333333,1080,0,0
23.6,37.7666666666667,1090,10,1
23.6,37.59,1100,0,0
23.6,37.59,1110,30,1
23.6,37.45,1120,20,1
23.6,37.363333333333294,1130,20,1
23.6,37.29,1140,20,1
23.6,37.29,1150,20,1
23.6,37.29,1160,20,1
23.6,37.4,1170,0,0
23.6,37.4,1180,0,0
23.6,37.5,1190,0,0
23.6,37.56,1200,0,0
23.6,37.7,1210,0,0
23.6,37.7,1220,0,0
23.6,37.8266666666667,1230,0,0
23.6,37.9,1240,0,0
23.6,38.03,1250,0,0
23.533333333333296,38.09,1260,0,0
23.566666666666695,38.23,1270,0,0
23.5,38.29,1280,0,0
23.5,38.29,1290,0,0
23.5,38.43,1300,10,1
23.5,38.5,1310,0,0
23.5,38.56,1320,0,0
23.5,38.69,1330,0,0
23.463333333333296,38.79,1340,0,0
23.39,38.79,1350,0,0
23.39,38.8266666666667,1360,0,0
23.39,39.1,1370,0,0
23.3566666666667,39.4,1380,0,0
23.29,39.4666666666667,1390,0,0
23.29,39.4666666666667,1400,0,0
23.29,39.4,1410,0,0
23.29,39.29,1420,0,0
23.23,39.23,1430,0,0
23.2,39.23,0,0,0
23.2,39.29,10,0,0
23.2,39.29,20,0,0
23.2,39.29,30,0,0
23.1,39.3,40,0,0
23.1666666666667,39.5,50,0,0
23.1,39.53,60,0,0
23.1,39.59,70,0,0
23.1,39.7,80,0,0
23.1,39.7,90,0,0
23.1,39.7,100,0,0
23.033333333333296,39.6266666666667,110,0,0
23.033333333333296,39.7,120,0,0
23.0,39.7,130,0,0
23.0,39.7,140,0,0
23.0,39.7,150,0,0
23.0,39.7,160,0,0
23.0,39.7,170,0,0
23.0,39.7,180,0,0
23.0,39.76,190,0,0
22.9266666666667,39.76,200,0,0
22.9266666666667,39.7,210,0,0
22.9266666666667,39.76,220,0,0
22.89,39.7,230,0,0
22.89,39.7,240,0,0
22.89,39.7,250,0,0
22.89,39.7,260,0,0
22.89,39.7,270,0,0
22.89,39.6725,280,0,0
22.89,39.6633333333333,290,0,0
22.8566666666667,39.6633333333333,300,0,0
22.79,39.53,310,0,0
22.79,39.56,320,0,0
22.79,39.56,330,0,0
22.79,39.59,340,0,0
22.79,39.59,350,0,0
22.79,39.59,360,0,0
22.79,39.59,370,0,0
22.76,39.59,380,0,0
22.76,39.59,390,0,0
22.76,39.59,400,0,0
22.7,39.59,410,0,0
22.7,39.59,420,0,0
22.7,39.59,430,0,0
22.7,39.59,440,0,0
22.7,39.59,450,0,0
22.7,39.59,460,0,0
22.7,40.05666666666671,470,0,0
22.745,40.545,480,0,0
22.79,40.6266666666667,490,0,0
22.8566666666667,40.76,500,0,0
22.823333333333295,40.73,510,0,0
22.89,40.79,520,0,0
22.89,40.73,530,0,0
22.89,40.863333333333294,540,0,0
22.89,40.83333333333329,550,0,0
22.823333333333295,40.6266666666667,560,0,0
22.89,40.6633333333333,570,0,0
22.89,40.59,580,10,1
22.89,40.59,590,20,1
22.89,40.59,600,30,1
22.89,40.76333333333329,610,20,1
22.89,41.363333333333294,620,20,1
22.79,41.1333333333333,630,20,1
22.79,40.8,640,20,1
22.79,40.43,650,20,1
22.79,40.23,660,30,1
22.79,39.9666666666667,670,20,1
22.79,39.795,680,0,0
22.79,39.5666666666667,690,0,0
22.79,39.5,700,0,0
22.79,39.433333333333294,710,0,0
22.79,39.1333333333333,720,0,0
22.79,38.86,730,0,0
22.89,38.59,740,0,0
22.89,38.59,750,0,0
22.89,38.56,760,0,0
22.963333333333296,38.3,770,0,0
23.0,37.9666666666667,780,10,1
23.066666666666695,37.9666666666667,790,0,0
23.1333333333333,38.09,800,0,0
23.2,38.1633333333333,810,0,0
23.23,42.43,820,0,0
23.3566666666667,46.03,830,0,0
23.39,44.36,840,0,0
23.39,41.433333333333294,850,10,1
23.5,39.863333333333294,860,0,0
23.5,39.33,870,0,0
23.5,37.395,880,0,0
23.5,36.69333333333329,890,0,0
23.5,36.16666666666671,900,0,0
23.5,36.2266666666667,910,0,0
23.566666666666695,36.69333333333329,920,0,0
23.6,37.363333333333294,930,10,1
23.6666666666667,37.963333333333296,940,0,0
23.6,36.2333333333333,950,0,0
23.6,35.2333333333333,960,0,0
23.6,34.3333333333333,970,0,0
23.6,33.86,980,0,0
23.6,33.76,990,0,0
23.6,33.76,1000,0,0
23.6,33.9333333333333,1010,0,0
23.6,34.06,1020,0,0
23.5,34.1566666666667,1030,0,0
23.5,34.5633333333333,1040,0,0
23.5,34.6566666666667,1050,0,0
23.5,34.73,1060,0,0
23.5,36.76333333333329,1070,0,0
23.575,40.7175,1080,0,0
23.533333333333296,40.5266666666667,1090,0,0
23.5,39.9666666666667,1100,0,0
23.5,39.69333333333329,1110,0,0
23.533333333333296,40.19333333333329,1120,0,0
23.6,40.66,1130,0,0
23.6,39.6233333333333,1140,0,0
23.6,39.09666666666671,1150,0,0
23.5,38.76,1160,0,0
23.5,38.5666666666667,1170,0,0
23.5,38.43,1180,0,0
23.5,38.23,1190,20,1
23.5,38.29,1200,10,1
23.5,38.29,1210,20,1
23.5,38.2,1220,0,0
23.4266666666667,38.1266666666667,1230,0,0
23.463333333333296,38.1333333333333,1240,0,0
23.39,37.933333333333294,1250,0,0
23.39,37.863333333333294,1260,0,0
23.39,37.79,1270,0,0
23.39,37.79,1280,10,1
23.39,37.89,1290,0,0
23.39,38.1633333333333,1300,0,0
23.323333333333295,38.29,1310,10,1
23.39,38.43,1320,0,0
23.29,38.53,1330,0,0
23.29,38.53,1340,0,0
23.29,38.5,1350,0,0
23.23,38.5,1360,0,0
23.2,38.56,1370,10,1
23.2,38.56,1380,0,0
23.2,38.59,1390,10,1
23.2,38.59,1400,0,0
23.1,38.7,1410,10,1
23.1,38.76,1420,0,0
23.1,38.89,1430,0,0
23.1,39.1633333333333,0,0,0
23.1,39.29,10,0,0
23.1,39.29,20,0,0
23.0,39.26,30,0,0
23.0,39.2,40,0,0
23.0,39.2,50,0,0
22.89,39.29,60,0,0
22.89,39.29,70,0,0
22.89,39.29,80,0,0
22.89,39.29,90,0,0
22.89,39.29,100,0,0
22.89,39.363333333333294,110,0,0
22.8566666666667,39.363333333333294,120,0,0
22.79,39.29,130,0,0
22.79,39.29,140,0,0
22.79,39.29,150,0,0
22.79,39.4,160,0,0
22.79,39.4,170,0,0
22.79,39.4,180,0,0
22.79,39.4,190,0,0
22.79,39.5,200,0,0
22.79,39.5,210,0,0
22.79,39.5,220,0,0
22.79,39.56,230,0,0
22.79,39.59,240,0,0
22.76,39.59,250,0,0
22.7,39.59,260,0,0
22.7,39.6633333333333,270,0,0
22.7,39.59,280,0,0
22.7,39.6266666666667,290,0,0
22.7,39.6266666666667,300,0,0
22.7,39.69333333333329,310,0,0
22.7,40.0266666666667,320,0,0
22.7,39.83333333333329,330,0,0
22.7,39.7,340,0,0
22.76,39.6633333333333,350,0,0
22.7,39.59,360,0,0
22.76,39.59,370,0,0
22.76,39.59,380,0,0
22.79,39.7,390,0,0
22.79,39.76,400,0,0
22.79,39.8266666666667,410,0,0
22.79,39.9,420,0,0
22.79,39.9666666666667,430,0,0
22.79,39.9975,440,0,0
22.79,40.29,450,0,0
22.823333333333295,40.5,460,0,0
22.89,40.433333333333294,470,0,0
22.89,40.4,480,0,0
22.89,40.4,490,0,0
22.89,40.4,500,0,0
22.89,40.4,510,0,0
22.9266666666667,40.4,520,0,0
23.0,40.4,530,0,0
23.0,40.4,540,0,0
23.0,40.4,550,0,0
23.033333333333296,40.433333333333294,560,0,0
23.1,40.5,570,0,0
23.1,40.4666666666667,580,0,0
23.1,40.4,590,0,0
23.1,40.4,600,0,0
23.1666666666667,40.4,610,0,0
23.2,40.4,620,0,0
23.2,40.4,630,0,0
23.26,40.4,640,0,0
23.29,40.4,650,0,0
23.29,40.4,660,0,0
23.39,40.29,670,0,0
23.39,40.29,680,0,0
23.39,40.29,690,0,0
23.463333333333296,40.363333333333294,700,0,0
23.5,40.4,710,0,0
23.5,40.4,720,0,0
23.5,40.4,730,0,0
23.566666666666695,40.4,740,0,0
23.6,40.29,750,0,0
23.6,40.29,760,0,0
23.6,40.29,770,0,0
23.6666666666667,40.29,780,0,0
23.7,40.29,790,0,0
23.7,40.29,800,0,0
23.73,40.2,810,0,0
23.79,40.2,820,0,0
23.79,40.2,830,0,0
23.79,40.09,840,0,0
23.79,40.09,850,0,0
23.823333333333295,40.09,860,0,0
23.89,40.09,870,0,0
23.89,40.09,880,0,0
23.89,40.09,890,0,0
23.89,40.09,900,0,0
23.89,40.03,910,0,0
23.89,40.0,920,0,0
23.963333333333296,40.0,930,0,0
24.0,39.9,940,0,0
24.0,39.9,950,0,0
24.0,39.79,960,0,0
24.0,39.73,970,0,0
24.0,39.6633333333333,980,0,0
24.0,39.59,990,0,0
23.89,39.56,1000,0,0
23.963333333333296,39.433333333333294,1010,0,0
23.89,39.26,1020,0,0
23.89,39.1725,1030,0,0
23.89,39.1633333333333,1040,0,0
23.89,39.1266666666667,1050,0,0
23.89,39.33333333333329,1060,0,0
23.89,39.29,1070,0,0
23.89,42.29,1080,0,0
24.0,42.53,1090,0,0
24.0,42.323333333333295,1100,0,0
23.963333333333296,41.7966666666667,1110,0,0
23.963333333333296,41.463333333333296,1120,0,0
23.89,41.1333333333333,1130,0,0
23.89,40.933333333333294,1140,0,0
23.89,40.76,1150,0,0
23.89,40.7,1160,0,0
23.89,40.79,1170,10,1
23.89,40.79,1180,0,0
23.89,40.79,1190,0,0
23.89,40.93,1200,0,0
23.89,40.933333333333294,1210,0,0
23.89,41.06,1220,10,1
23.89,41.145,1230,0,0
23.89,41.23,1240,0,0
23.89,41.29,1250,0,0
23.89,41.29,1260,0,0
23.89,41.29,1270,10,1
23.89,41.433333333333294,1280,0,0
23.823333333333295,41.433333333333294,1290,0,0
23.79,41.433333333333294,1300,0,0
23.79,41.5,1310,0,0
23.79,41.5,1320,10,1
23.73,41.56,1330,0,0
23.76,41.59,1340,0,0
23.7,41.53,1350,0,0
23.7,41.4,1360,0,0
23.7,41.4,1370,10,1
23.7,41.26,1380,0,0
23.7,41.2,1390,0,0
23.6,41.09,1400,0,0
23.6,41.03,1410,0,0
23.6,41.06,1420,0,0
23.6,41.0,1430,0,0
23.533333333333296,41.0,0,0,0
23.5,41.0,10,0,0
23.5,41.0,20,10,1
23.5,41.03,30,0,0
23.4266666666667,40.963333333333296,40,0,0
23.463333333333296,40.9666666666667,50,0,0
23.39,40.9,60,0,0
23.39,40.9,70,0,0
23.39,40.9,80,0,0
23.29,40.8266666666667,90,0,0
23.29,40.9,100,0,0
23.29,40.79,110,10,1
23.29,40.79,120,0,0
23.29,40.79,130,0,0
23.29,40.79,140,0,0
23.23,40.73,150,0,0
23.23,40.6566666666667,160,0,0
23.29,40.76,170,0,0
23.23,40.6266666666667,180,0,0
23.2,40.59,190,0,0
23.2,40.59,200,10,1
23.2,40.59,210,0,0
23.2,40.59,220,0,0
23.2,40.59,230,0,0
23.1,40.59,240,0,0
23.1,40.59,250,0,0
23.1,40.59,260,0,0
23.1,40.59,270,0,0
23.1,40.59,280,0,0
23.1,40.59,290,0,0
23.1,40.59,300,0,0
23.1,40.7966666666667,310,0,0
23.1666666666667,41.23,320,0,0
23.1,41.29,330,0,0
23.2,41.29,340,10,1
23.2,41.29,350,0,0
23.2,41.29,360,0,0
23.2,41.363333333333294,370,0,0
23.2,41.5,380,0,0
23.2,41.595,390,0,0
23.2,41.7,400,0,0
23.2,41.7,410,0,0
23.2,41.7,420,0,0
23.2,41.7,430,0,0
23.26,41.76,440,0,0
23.2,41.73,450,0,0
23.2,41.79,460,0,0
23.29,41.9,470,10,1
23.29,41.9666666666667,480,0,0
23.26,41.9666666666667,490,0,0
23.26,41.9666666666667,500,0,0
23.2,41.9,510,0,0
23.2,41.9,520,0,0
23.29,42.2666666666667,530,0,0
23.29,42.5266666666667,540,0,0
23.29,42.73,550,0,0
23.29,42.79,560,0,0
23.39,42.9,570,0,0
23.39,42.9,580,0,0
23.39,42.495,590,0,0
23.3566666666667,42.23,600,0,0
23.29,42.49,610,0,0
23.29,42.53,620,0,0
23.29,42.59,630,0,0
23.29,42.6633333333333,640,0,0
23.29,42.59,650,0,0
23.2,42.433333333333294,660,0,0
23.2,42.6333333333333,670,0,0
23.2,42.6633333333333,680,0,0
23.2,42.53,690,0,0
23.2,42.4666666666667,700,0,0
23.2,42.3266666666667,710,0,0
23.2,42.2,720,0,0
23.2,42.1266666666667,730,0,0
23.2,42.09,740,0,0
23.2,42.09,750,0,0
23.2,42.06,760,0,0
23.2,42.06,770,0,0
23.2,41.9666666666667,780,0,0
23.2,41.9,790,0,0
23.2,41.8266666666667,800,0,0
23.2,41.76,810,0,0
23.2,41.7,820,0,0
23.2,41.6633333333333,830,0,0
23.2,41.53,840,0,0
23.2,41.4666666666667,850,0,0
23.26,41.4,860,0,0
23.29,41.1633333333333,870,0,0
23.29,41.03,880,0,0
23.29,41.1633333333333,890,0,0
23.3566666666667,41.03,900,0,0
23.39,40.9666666666667,910,0,0
23.39,40.9,920,0,0
23.39,40.79,930,0,0
23.39,40.73,940,0,0
23.5,40.6633333333333,950,0,0
23.5,40.53,960,0,0
23.5,40.363333333333294,970,0,0
23.5,40.23,980,0,0
23.5,40.145,990,0,0
23.5,40.7266666666667,1000,0,0
23.5,43.86,1010,0,0
23.6,43.4666666666667,1020,0,0
23.6,43.0,1030,0,0
23.6,42.56,1040,0,0
23.6,42.433333333333294,1050,0,0
23.6,42.26,1060,0,0
23.6,42.2,1070,0,0
23.6,42.53,1080,0,0
23.6,42.6633333333333,1090,10,1
23.6,43.09,1100,10,1
23.6666666666667,43.223333333333294,1110,30,1
23.7,43.29,1120,20,1
23.7,43.29,1130,30,1
23.6666666666667,43.4,1140,30,1
23.6666666666667,43.5266666666667,1150,20,1
23.6333333333333,43.6266666666667,1160,20,1
23.6333333333333,43.7,1170,30,1
23.6666666666667,43.863333333333294,1180,20,1
23.675,43.8725,1190,20,1
23.7,43.9,1200,20,1
23.7,43.7,1210,0,0
23.6333333333333,43.7,1220,0,0
23.7,43.6633333333333,1230,0,0
23.7,43.53,1240,0,0
23.7,43.5,1250,0,0
23.7,43.433333333333294,1260,10,1
23.6333333333333,43.2,1270,0,0
23.7,43.1266666666667,1280,0,0
23.7,43.06,1290,0,0
23.6333333333333,42.933333333333294,1300,0,0
23.7,42.9,1310,0,0
23.7,42.8266666666667,1320,0,0
23.7,42.7,1330,0,0
23.6333333333333,42.5666666666667,1340,0,0
23.6,42.4666666666667,1350,0,0
23.6,42.3266666666667,1360,0,0
23.6,42.2,1370,0,0
23.6,42.1266666666667,1380,0,0
23.6,42.045,1390,0,0
23.6,42.0,1400,0,0
23.6,41.933333333333294,1410,0,0
23.6,41.9,1420,0,0
23.533333333333296,41.8266666666667,1430,0,0
23.566666666666695,41.76,0,0,0
23.5,41.7,10,0,0
23.5,41.6633333333333,20,0,0
23.5,41.59,30,0,0
23.463333333333296,41.56,40,0,0
23.39,41.433333333333294,50,0,0
23.39,41.4,60,0,0
23.39,41.4,70,0,0
23.39,41.29,80,0,0
23.39,41.29,90,0,0
23.29,41.2,100,0,0
23.29,41.2,110,0,0
23.29,41.2,120,0,0
23.23,41.1266666666667,130,0,0
23.2,41.09,140,0,0
23.2,41.0225,150,0,0
23.2,41.0,160,0,0
23.2,41.0,170,0,0
23.1333333333333,41.0,180,0,0
23.1,41.0,190,0,0
23.1,41.0,200,0,0
23.1,41.0,210,0,0
23.1,41.0,220,0,0
23.033333333333296,40.933333333333294,230,0,0
23.033333333333296,40.86,240,0,0
23.0,40.79,250,0,0
23.0,40.863333333333294,260,0,0
23.0,40.9666666666667,270,0,0
23.0,40.9,280,0,0
23.0,40.863333333333294,290,0,0
23.0,40.79,300,0,0
23.0,40.9566666666667,310,0,0
23.0,41.29,320,0,0
23.0,41.2,330,0,0
23.0,41.0666666666667,340,0,0
23.0,40.845,350,0,0
23.0,40.6633333333333,360,0,0
23.0,40.6633333333333,370,0,0
23.0,40.8266666666667,380,0,0
23.0,40.9,390,0,0
23.0,40.93,400,0,0
23.0,40.79,410,0,0
23.0,40.79,420,0,0
22.9266666666667,40.79,430,0,0
23.0,40.79,440,0,0
23.0,40.79,450,0,0
22.9266666666667,40.9,460,0,0
23.0,40.9666666666667,470,0,0
22.963333333333296,41.03,480,0,0
22.963333333333296,41.09,490,0,0
23.0,41.1266666666667,500,0,0
22.9266666666667,41.2,510,0,0
22.9266666666667,41.23,520,0,0
23.0,41.29,530,0,0
23.0,41.4,540,0,0
22.9725,41.4,550,0,0
22.963333333333296,41.4,560,0,0
23.0,41.433333333333294,570,0,0
23.0,41.5,580,0,0
23.0,41.53,590,0,0
23.066666666666695,41.6633333333333,600,0,0
23.1,41.73,610,0,0
23.1,41.79,620,0,0
23.1,41.79,630,0,0
23.1666666666667,41.79,640,0,0
23.2,41.79,650,0,0
23.2,41.79,660,0,0
23.2,41.7,670,0,0
23.2,41.7,680,0,0
23.2,41.7,690,0,0
23.2,41.7,700,0,0
23.2,41.59,710,0,0
23.2,41.59,720,0,0
23.23,41.59,730,0,0
23.29,41.59,740,0,0
23.29,41.59,750,0,0
23.39,41.59,760,0,0
23.39,41.59,770,0,0
23.39,41.5,780,0,0
23.39,41.5,790,0,0
23.39,41.5,800,0,0
23.39,41.5,810,0,0
23.5,41.5,820,0,0
23.5,41.5,830,0,0
23.5,41.5,840,0,0
23.5,41.433333333333294,850,0,0
23.6,41.363333333333294,860,0,0
23.6,41.23,870,0,0
23.6,41.2,880,0,0
23.6666666666667,41.2,890,0,0
23.73,41.06,900,0,0
23.79,41.0,910,0,0
23.79,40.863333333333294,920,0,0
23.8566666666667,40.863333333333294,930,0,0
23.89,40.863333333333294,940,0,0
23.9175,40.7675,950,0,0
24.0,40.7,960,0,0
24.0,40.7,970,0,0
24.0,40.5666666666667,980,0,0
24.0,40.19333333333329,990,0,0
24.0,39.8,1000,0,0
24.0,39.53,1010,10,1
24.066666666666695,39.59,1020,0,0
24.066666666666695,39.33333333333329,1030,0,0
24.0,38.86,1040,0,0
24.0,38.363333333333294,1050,0,0
24.0,38.363333333333294,1060,0,0
24.0,39.0266666666667,1070,0,0
24.0,41.7666666666667,1080,0,0
24.0,43.1266666666667,1090,0,0
24.0,41.66666666666671,1100,0,0
24.0,40.893333333333295,1110,0,0
24.0,40.1,1120,0,0
23.89,39.5266666666667,1130,0,0
23.89,39.4,1140,0,0
23.89,39.4,1150,0,0
23.79,39.6266666666667,1160,0,0
23.79,39.76,1170,0,0
23.79,40.03,1180,0,0
23.73,40.1633333333333,1190,0,0
23.7,40.5,1200,0,0
23.7,40.6333333333333,1210,10,1
23.6,40.8266666666667,1220,0,0
23.6,40.9,1230,0,0
23.6,41.0,1240,0,0
23.6,41.1333333333333,1250,0,0
23.533333333333296,41.3266666666667,1260,0,0
23.533333333333296,41.4,1270,0,0
23.5,41.53,1280,10,1
23.5,41.723333333333294,1290,0,0
23.5,41.76,1300,0,0
23.5,41.6266666666667,1310,0,0
23.5,41.6266666666667,1320,0,0
23.5,41.6266666666667,1330,0,0
23.39,41.5,1340,0,0
23.39,41.475,1350,0,0
23.39,41.4,1360,0,0
23.39,41.4,1370,0,0
23.39,41.4,1380,0,0
23.29,41.363333333333294,1390,0,0
23.3566666666667,41.29,1400,0,0
23.29,41.29,1410,0,0
23.29,41.29,1420,0,0
23.29,41.29,1430,0,0
23.29,41.29,0,0,0
23.26,41.26,10,0,0
23.2,41.2,20,0,0
23.2,41.2,30,0,0
23.2,41.2,40,0,0
23.2,41.2,50,0,0
23.2,41.2,60,0,0
23.1,41.2,70,0,0
23.1,41.2,80,0,0
23.1,41.1633333333333,90,0,0
23.1,41.09,100,0,0
23.1,41.2,110,0,0
23.033333333333296,41.0666666666667,120,0,0
23.033333333333296,41.1266666666667,130,0,0
23.066666666666695,41.1633333333333,140,0,0
23.0,41.09,150,0,0
23.0,41.09,160,0,0
23.0,41.09,170,0,0
23.0,41.1266666666667,180,0,0
22.9266666666667,41.2,190,0,0
22.89,41.23,200,0,0
22.89,41.29,210,0,0
22.9266666666667,41.29,220,0,0
22.9266666666667,41.29,230,0,0
22.89,41.4,240,0,0
22.89,41.4,250,0,0
22.89,41.5,260,0,0
22.89,41.5,270,0,0
22.89,41.53,280,0,0
22.89,41.59,290,0,0
22.89,41.59,300,0,0
22.89,41.815,310,10,1
22.89,42.223333333333294,320,0,0
22.89,42.863333333333294,330,0,0
22.89,42.79,340,10,1
22.9266666666667,42.79,350,0,0
23.0,42.79,360,0,0
23.0,42.963333333333296,370,0,0
23.0,43.03,380,0,0
23.0,43.09,390,10,1
23.0,43.09,400,30,1
23.0,43.0,410,20,1
22.9266666666667,42.933333333333294,420,20,1
23.0,42.933333333333294,430,20,1
23.0,43.0,440,20,1
23.0,43.0,450,30,1
22.9266666666667,43.06,460,0,0
22.89,43.1566666666667,470,0,0
22.89,43.29,480,0,0
22.89,43.4,490,20,1
22.89,43.4,500,20,1
22.89,43.4,510,20,1
22.89,43.53,520,30,1
22.89,43.59,530,20,1
22.89,43.7,540,20,1
22.89,43.76,550,20,1
22.89,43.8266666666667,560,20,1
22.89,43.9,570,20,1
22.89,44.03,580,30,1
22.963333333333296,44.1633333333333,590,20,1
22.963333333333296,44.23,600,20,1
22.89,44.363333333333294,610,20,1
22.89,44.433333333333294,620,20,1
22.89,44.5,630,30,1
22.89,44.59,640,20,1
22.89,44.6633333333333,650,20,1
22.89,44.73,660,20,1
22.89,44.93,670,30,1
22.89,45.29,680,20,1
22.963333333333296,45.363333333333294,690,20,1
23.0,45.4,700,30,1
23.025,45.525,710,20,1
23.1,45.83333333333329,720,20,1
23.0,45.8266666666667,730,20,1
23.066666666666695,45.9666666666667,740,20,1
23.1,46.463333333333296,750,30,1
23.1,46.6633333333333,760,0,0
23.1,46.79,770,0,0
23.1,46.863333333333294,780,0,0
23.1,46.933333333333294,790,0,0
23.033333333333296,47.06,800,0,0
23.066666666666695,47.06,810,0,0
23.066666666666695,47.0,820,0,0
23.0,46.9,830,0,0
23.0,46.9,840,0,0
23.066666666666695,47.0,850,0,0
23.066666666666695,47.06,860,0,0
23.1,47.09,870,0,0
23.1,47.1633333333333,880,0,0
23.066666666666695,47.2,890,0,0
23.066666666666695,47.26,900,0,0
23.05,47.245,910,0,0
23.1,47.29,920,0,0
23.1,47.29,930,0,0
23.1,47.2,940,0,0
23.1,47.2,950,0,0
23.1666666666667,47.09,960,0,0
23.1666666666667,47.03,970,0,0
23.2,46.9666666666667,980,0,0
23.2,46.8266666666667,990,0,0
23.29,46.6633333333333,1000,0,0
23.29,46.53,1010,0,0
23.29,46.4,1020,0,0
23.29,46.1266666666667,1030,0,0
23.39,45.9666666666667,1040,0,0
23.39,45.7666666666667,1050,0,0
23.39,45.59,1060,0,0
23.463333333333296,45.59,1070,0,0
23.5,45.6266666666667,1080,10,1
23.5,45.6266666666667,1090,0,0
23.5,45.56,1100,0,0
23.5,45.425,1110,0,0
23.566666666666695,45.3266666666667,1120,0,0
23.6,45.1633333333333,1130,0,0
23.6,45.03,1140,0,0
23.6,44.863333333333294,1150,0,0
23.6,44.79,1160,0,0
23.6,44.6633333333333,1170,0,0
23.6,44.53,1180,0,0
23.5,44.4666666666667,1190,0,0
23.5,44.3266666666667,1200,0,0
23.5,44.29,1210,0,0
23.5,44.29,1220,0,0
23.5,44.29,1230,0,0
23.5,44.29,1240,0,0
23.5,44.4,1250,0,0
23.5,44.4,1260,0,0
23.5,44.4,1270,0,0
23.5,44.4,1280,10,1
23.5,44.53,1290,0,0
23.4266666666667,44.723333333333294,1300,0,0
23.39,45.19,1310,0,0
23.39,45.06,1320,0,0
23.39,44.933333333333294,1330,10,1
23.39,44.9,1340,0,0
23.39,44.9,1350,0,0
23.29,44.79,1360,0,0
23.29,44.79,1370,0,0
23.29,44.79,1380,0,0
23.29,44.863333333333294,1390,0,0
23.26,44.863333333333294,1400,0,0
23.2,44.79,1410,0,0
23.2,44.9,1420,0,0
23.2,44.9,1430,0,0
23.2,44.933333333333294,0,0,0
23.2,45.0,10,0,0
23.2,45.03,20,0,0
23.2,45.09,30,0,0
23.2,45.1266666666667,40,0,0
23.1333333333333,45.2,50,0,0
23.1,45.23,60,0,0
23.1,45.29,70,0,0
23.1,45.29,80,0,0
23.1,45.4,90,0,0
23.1,45.4,100,0,0
23.0,45.4,110,0,0
23.066666666666695,45.5266666666667,120,0,0
23.1,45.59,130,0,0
23.033333333333296,45.59,140,0,0
23.0,45.59,150,0,0
23.0,45.59,160,0,0
22.963333333333296,45.7,170,0,0
22.89,45.7,180,0,0
22.9266666666667,45.79,190,0,0
23.0,45.79,200,0,0
22.89,45.73,210,0,0
22.963333333333296,45.79,220,0,0
22.89,45.8266666666667,230,0,0
22.89,45.9,240,0,0
22.89,45.9,250,0,0
22.89,45.9,260,0,0
22.89,45.9,270,0,0
22.89,45.9,280,0,0
22.89,45.9,290,0,0
22.89,45.9,300,0,0
22.89,45.9,310,0,0
22.89,45.9,320,0,0
22.89,45.9666666666667,330,0,0
22.89,46.0,340,0,0
22.89,46.0,350,0,0
22.8566666666667,45.9666666666667,360,0,0
22.8566666666667,45.9666666666667,370,0,0
22.89,46.0,380,0,0
22.89,46.0,390,0,0
22.823333333333295,45.933333333333294,400,0,0
22.89,46.0,410,0,0
22.823333333333295,46.1,420,0,0
22.89,46.6333333333333,430,0,0
23.0,46.963333333333296,440,0,0
23.0,47.223333333333294,450,0,0
23.0,47.495,460,0,0
23.1,47.86,470,0,0
23.1,48.06,480,0,0
23.1,48.4566666666667,490,10,1
23.1,48.863333333333294,500,0,0
23.066666666666695,49.0666666666667,510,0,0
23.066666666666695,49.33333333333329,520,0,0
23.0,49.3266666666667,530,0,0
23.0,49.6,540,0,0
23.066666666666695,49.76,550,0,0
23.0,49.76,560,0,0
23.0,50.1266666666667,570,0,0
23.0,50.26,580,0,0
23.0,50.26,590,0,0
22.9266666666667,50.26,600,0,0
23.0,50.363333333333294,610,0,0
23.0,50.49,620,0,0
23.0,50.69333333333329,630,0,0
23.0,50.69333333333329,640,0,0
23.1,51.0,650,0,0
23.05,50.9675,660,0,0
23.1,51.6233333333333,670,0,0
23.1,51.99,680,0,0
23.1527142857143,51.8258571428571,690,0,0
23.2054285714286,51.6617142857143,700,0,0
23.2581428571429,51.4975714285714,710,0,0
23.310857142857095,51.3334285714286,720,0,0
23.3635714285714,51.1692857142857,730,0,0
23.416285714285696,51.00514285714289,740,0,0
23.469,50.841,750,0,0
23.5217142857143,50.6768571428571,760,0,0
23.5744285714286,50.5127142857143,770,0,0
23.6271428571429,50.3485714285714,780,0,0
23.679857142857095,50.1844285714286,790,10,1
23.7325714285714,50.0202857142857,800,0,0
23.785285714285695,49.8561428571429,810,0,0
23.838,49.692,820,0,0
23.890714285714296,49.5278571428571,830,0,0
23.9434285714286,49.3637142857143,840,0,0
23.9961428571429,49.1995714285714,850,10,1
24.048857142857095,49.0354285714286,860,0,0
24.1015714285714,48.8712857142857,870,0,0
24.154285714285695,48.7071428571429,880,0,0
24.207,48.543,890,0,0
24.259714285714296,48.37885714285711,900,0,0
24.3124285714286,48.2147142857143,910,0,0
24.365142857142896,48.0505714285714,920,0,0
24.417857142857095,47.8864285714286,930,10,1
24.4705714285714,47.7222857142857,940,0,0
24.523285714285695,47.5581428571429,950,0,0
24.576,47.394,960,0,0
24.628714285714295,47.2298571428571,970,0,0
24.6814285714286,47.06571428571431,980,10,1
24.734142857142896,46.9015714285714,990,0,0
24.786857142857105,46.7374285714286,1000,0,0
24.8395714285714,46.573285714285696,1010,0,0
24.892285714285695,46.409142857142896,1020,0,0
24.945,46.245,1030,0,0
24.89,46.4,1040,0,0
24.8854545454545,46.4699090909091,1050,0,0
24.8809090909091,46.5398181818182,1060,10,1
24.8763636363636,46.6097272727273,1070,0,0
24.8718181818182,46.6796363636364,1080,0,0
24.867272727272695,46.7495454545455,1090,0,0
24.862727272727305,46.8194545454545,1100,10,1
24.8581818181818,46.8893636363636,1110,0,0
24.8536363636364,46.9592727272727,1120,0,0
24.8490909090909,47.0291818181818,1130,10,1
24.8445454545455,47.0990909090909,1140,10,1
24.84,47.169,1150,10,1
24.8354545454545,47.2389090909091,1160,10,1
24.830909090909095,47.3088181818182,1170,10,1
24.8263636363636,47.378727272727296,1180,10,1
24.8218181818182,47.4486363636364,1190,10,1
24.817272727272705,47.5185454545455,1200,10,1
24.8127272727273,47.588454545454496,1210,20,1
24.8081818181818,47.6583636363636,1220,10,1
24.8036363636364,47.7282727272727,1230,0,0
24.7990909090909,47.7981818181818,1240,10,1
24.794545454545496,47.868090909090895,1250,10,1
24.79,47.938,1260,10,1
24.785454545454495,48.0079090909091,1270,10,1
24.780909090909095,48.0778181818182,1280,0,0
24.7763636363636,48.147727272727295,1290,0,0
24.7718181818182,48.2176363636364,1300,0,0
24.7672727272727,48.2875454545455,1310,0,0
24.7627272727273,48.357454545454495,1320,0,0
24.7581818181818,48.4273636363636,1330,0,0
24.7536363636364,48.4972727272727,1340,0,0
24.749090909090896,48.5671818181818,1350,0,0
24.744545454545495,48.637090909090894,1360,0,0
24.74,48.707,1370,0,0
24.735454545454495,48.7769090909091,1380,0,0
24.7309090909091,48.8468181818182,1390,0,0
24.7263636363636,48.91672727272729,1400,0,0
24.7218181818182,48.9866363636364,1410,0,0
24.7172727272727,49.05654545454551,1420,0,0
24.7127272727273,49.12645454545449,1430,0,0
24.7081818181818,49.1963636363636,0,0,0
24.7036363636364,49.26627272727271,10,0,0
24.699090909090895,49.3361818181818,20,0,0
24.6945454545455,49.4060909090909,30,0,0
24.69,49.476,40,0,0
24.6854545454545,49.5459090909091,50,0,0
24.6809090909091,49.6158181818182,60,0,0
24.6763636363636,49.6857272727273,70,0,0
24.6718181818182,49.7556363636364,80,0,0
24.667272727272696,49.8255454545455,90,0,0
24.662727272727295,49.8954545454545,100,0,0
24.6581818181818,49.9653636363636,110,0,0
24.6536363636364,50.0352727272727,120,0,0
24.6490909090909,50.1051818181818,130,0,0
24.6445454545455,50.1750909090909,140,0,0
24.64,50.245,150,0,0
24.6354545454545,50.3149090909091,160,0,0
24.6309090909091,50.3848181818182,170,0,0
24.6263636363636,50.4547272727273,180,0,0
24.6218181818182,50.5246363636364,190,0,0
24.617272727272695,50.5945454545455,200,0,0
24.612727272727305,50.6644545454545,210,0,0
24.6081818181818,50.7343636363636,220,0,0
24.6036363636364,50.8042727272727,230,0,0
24.5990909090909,50.8741818181818,240,0,0
24.5945454545455,50.944090909090896,250,0,0
24.59,51.014,260,0,0
24.5854545454545,51.0839090909091,270,0,0
24.580909090909095,51.1538181818182,280,0,0
24.5763636363636,51.223727272727295,290,0,0
24.5718181818182,51.2936363636364,300,0,0
24.567272727272705,51.3635454545455,310,0,0
24.5627272727273,51.433454545454495,320,0,0
24.5581818181818,51.5033636363636,330,0,0
24.5536363636364,51.5732727272727,340,0,0
24.5490909090909,51.6431818181818,350,0,0
24.544545454545496,51.713090909090894,360,0,0
24.54,51.783,370,0,0
24.535454545454495,51.8529090909091,380,0,0
24.530909090909095,51.9228181818182,390,0,0
24.5263636363636,51.99272727272729,400,0,0
24.5218181818182,52.0626363636364,410,0,0
24.5172727272727,52.13254545454551,420,0,0
24.5127272727273,52.2024545454546,430,0,0
24.5081818181818,52.2723636363636,440,0,0
24.5036363636364,52.34227272727271,450,0,0
24.499090909090896,52.4121818181818,460,0,0
24.494545454545495,52.48209090909089,470,0,0
24.49,52.552,480,10,1
24.485454545454495,52.6219090909091,490,0,0
24.4809090909091,52.6918181818182,500,0,0
24.4763636363636,52.7617272727273,510,0,0
24.4718181818182,52.8316363636364,520,0,0
24.4672727272727,52.9015454545455,530,0,0
24.4627272727273,52.9714545454545,540,0,0
24.4581818181818,53.0413636363636,550,0,0
24.4536363636364,53.1112727272727,560,0,0
24.449090909090895,53.1811818181818,570,0,0
24.4445454545455,53.2510909090909,580,0,0
24.44,53.321,590,0,0
24.4354545454545,53.3909090909091,600,0,0
24.4309090909091,53.4608181818182,610,0,0
24.4263636363636,53.5307272727273,620,0,0
24.4218181818182,53.6006363636364,630,0,0
24.417272727272696,53.6705454545455,640,0,0
24.412727272727295,53.7404545454545,650,0,0
24.4081818181818,53.8103636363636,660,0,0
24.4036363636364,53.8802727272727,670,0,0
24.3990909090909,53.9501818181818,680,0,0
24.3945454545455,54.0200909090909,690,0,0
24.39,54.09,700,0,0
24.4266666666667,53.7966666666667,710,0,0
24.5,53.6633333333333,720,0,0
24.5,53.363333333333294,730,0,0
24.4266666666667,53.1566666666667,740,0,0
24.4266666666667,52.863333333333294,750,0,0
24.5,53.73,760,0,0
24.533333333333296,54.66666666666671,770,0,0
24.6,53.8666666666667,780,0,0
24.6,53.33333333333329,790,0,0
24.6666666666667,53.1266666666667,800,0,0
24.7,52.83333333333329,810,0,0
24.7,52.6266666666667,820,0,0
24.7,52.4666666666667,830,0,0
24.7,52.4,840,0,0
24.7,52.545,850,0,0
24.7,52.7,860,0,0
24.7,52.5666666666667,870,0,0
24.6666666666667,52.33333333333329,880,0,0
24.6,52.1266666666667,890,0,0
24.6333333333333,52.4,900,0,0
24.7,52.2666666666667,910,0,0
24.7,52.1633333333333,920,0,0
24.7,52.1633333333333,930,0,0
24.6333333333333,52.2,940,0,0
24.7,52.2,950,0,0
24.7,52.1633333333333,960,0,0
24.7,52.09,970,0,0
24.7,52.09,980,0,0
24.7,52.09,990,0,0
24.7,51.9666666666667,1000,0,0
24.7,51.9,1010,0,0
24.7,51.9,1020,0,0
24.7,51.9,1030,0,0
24.7,51.963333333333296,1040,0,0
24.7225,52.1925,1050,0,0
24.79,52.6333333333333,1060,0,0
24.823333333333295,52.6566666666667,1070,0,0
24.89,52.93,1080,0,0
24.89,53.1566666666667,1090,0,0
24.89,53.363333333333294,1100,0,0
24.89,53.1633333333333,1110,0,0
24.89,53.03,1120,0,0
24.89,52.6333333333333,1130,10,1
24.89,52.433333333333294,1140,0,0
24.89,52.29,1150,0,0
24.89,52.23,1160,0,0
24.89,51.9,1170,0,0
24.89,51.5666666666667,1180,0,0
24.963333333333296,51.363333333333294,1190,0,0
24.89,51.23,1200,0,0
24.89,50.9666666666667,1210,0,0
24.89,50.8266666666667,1220,0,0
24.89,50.59,1230,0,0
24.963333333333296,50.39,1240,10,1
24.945,50.09,1250,0,0
24.89,50.1266666666667,1260,0,0
24.89,50.2,1270,10,1
24.89,50.06,1280,0,0
24.89,49.933333333333294,1290,0,0
24.89,49.863333333333294,1300,0,0
24.823333333333295,49.73,1310,0,0
24.8566666666667,49.6633333333333,1320,0,0
24.79,49.53,1330,0,0
24.79,49.4,1340,0,0
24.79,49.3266666666667,1350,0,0
24.76,49.2,1360,0,0
24.7,49.1266666666667,1370,0,0
24.7,49.0,1380,0,0
24.7,48.933333333333294,1390,0,0
24.6666666666667,48.83333333333329,1400,0,0
24.6,48.7,1410,0,0
24.6,48.59,1420,0,0
24.6,48.59,1430,0,0
24.6,48.5,0,0,0
24.533333333333296,48.5,10,0,0
24.5,48.5,20,0,0
24.5,48.4,30,0,0
24.5,48.3266666666667,40,0,0
24.463333333333296,48.223333333333294,50,0,0
24.39,48.09,60,0,0
24.39,48.09,70,0,0
24.39,48.09,80,0,0
24.39,48.09,90,0,0
24.39,48.03,100,0,0
24.3566666666667,47.9666666666667,110,0,0
24.29,47.9666666666667,120,0,0
24.29,47.9,130,0,0
24.29,47.8266666666667,140,0,0
24.2,47.7,150,0,0
24.2,47.6266666666667,160,0,0
24.2,47.6633333333333,170,0,0
24.2,47.6633333333333,180,0,0
24.2,47.59,190,0,0
24.1333333333333,47.59,200,0,0
24.1,47.59,210,0,0
24.1,47.59,220,0,0
24.1,47.59,230,0,0
24.1,47.59,240,0,0
24.1,47.59,250,0,0
24.0,47.5,260,0,0
24.0,47.5,270,0,0
24.0,47.5,280,0,0
23.9266666666667,47.433333333333294,290,0,0
23.89,47.4666666666667,300,0,0
23.89,47.66,310,0,0
23.9266666666667,47.9666666666667,320,0,0
24.0,47.8266666666667,330,10,1
24.0,47.79,340,0,0
24.0,47.79,350,0,0
23.963333333333296,47.8266666666667,360,0,0
23.963333333333296,47.9,370,0,0
24.0,47.76,380,10,1
24.0,47.7,390,0,0
24.0,47.6266666666667,400,0,0
24.0,47.76,410,0,0
24.0,47.79,420,0,0
24.0,47.79,430,0,0
24.0,47.79,440,0,0
24.1,47.9,450,0,0
24.1,47.9,460,0,0
24.1,47.9,470,10,1
24.033333333333296,47.8266666666667,480,0,0
24.1,47.863333333333294,490,0,0
24.1,47.79,500,0,0
24.1,47.8266666666667,510,0,0
24.1,47.8266666666667,520,0,0
24.1,47.863333333333294,530,0,0
24.1,47.79,540,0,0
24.1,47.79,550,0,0
24.1,47.79,560,10,1
24.1,47.7,570,0,0
24.1,47.7,580,0,0
24.1,47.7,590,0,0
24.1,47.7,600,0,0
24.1,47.7,610,0,0
24.1,47.7,620,0,0
24.1,47.7,630,0,0
24.1,47.73,640,0,0
24.1,47.79,650,0,0
24.1,47.76,660,10,1
24.1,47.7,670,0,0
24.1,47.7,680,0,0
24.1,47.7,690,0,0
24.1,47.7,700,0,0
24.1,47.7,710,0,0
24.1,47.86,720,0,0
24.1,48.2666666666667,730,0,0
24.1,48.19333333333329,740,0,0
24.1,48.2666666666667,750,10,1
24.1,48.06,760,0,0
24.1,47.86,770,0,0
24.1,47.56,780,0,0
24.1666666666667,47.5,790,0,0
24.2,47.363333333333294,800,0,0
24.2,47.1566666666667,810,0,0
24.23,47.03,820,0,0
24.29,46.9975,830,0,0
24.29,46.9,840,0,0
24.3566666666667,46.863333333333294,850,0,0
24.3566666666667,46.79,860,0,0
24.39,46.6633333333333,870,0,0
24.39,46.59,880,0,0
24.5,46.9666666666667,890,0,0
24.4266666666667,46.8266666666667,900,0,0
24.5,46.79,910,0,0
24.5,46.73,920,0,0
24.5,46.6633333333333,930,0,0
24.5,46.59,940,0,0
24.533333333333296,46.5,950,0,0
24.6,46.36,960,0,0
24.6,46.26,970,0,0
24.6,46.2,980,0,0
24.6,46.2,990,0,0
24.6,46.1266666666667,1000,0,0
24.6,45.83333333333329,1010,0,0
24.6,45.6266666666667,1020,0,0
24.6,45.795,1030,0,0
24.6666666666667,46.9966666666667,1040,0,0
24.6666666666667,46.59,1050,0,0
24.79,47.33,1060,0,0
24.8566666666667,49.6633333333333,1070,0,0
25.3,49.66,1080,0,0
25.5,49.2666666666667,1090,0,0
25.463333333333296,48.33333333333329,1100,0,0
25.39,47.7266666666667,1110,0,0
25.3566666666667,47.0266666666667,1120,0,0
25.29,46.6333333333333,1130,0,0
25.29,46.19333333333329,1140,0,0
25.29,45.86,1150,0,0
25.29,45.59,1160,0,0
25.29,45.53,1170,0,0
25.29,45.363333333333294,1180,0,0
25.23,45.29,1190,0,0
25.2,45.1333333333333,1200,0,0
25.2,45.0,1210,0,0
25.2,44.9666666666667,1220,0,0
25.2,44.9,1230,0,0
25.15,44.745,1240,0,0
25.1666666666667,44.7,1250,20,1
25.1,44.6266666666667,1260,20,1
25.1,44.6266666666667,1270,20,1
25.1,44.7,1280,20,1
25.066666666666695,44.7,1290,30,1
25.0,44.7,1300,20,1
25.0,44.7,1310,20,1
24.9266666666667,44.7,1320,20,1
24.89,44.73,1330,20,1
24.89,44.79,1340,30,1
24.89,44.76,1350,10,1
24.89,44.6266666666667,1360,0,0
24.79,44.6566666666667,1370,0,0
24.79,44.863333333333294,1380,0,0
24.79,44.9,1390,0,0
24.73,44.9,1400,0,0
24.76,44.79,1410,0,0
24.7,44.79,1420,0,0
24.6666666666667,44.79,1430,0,0
24.6,44.745,0,0,0
24.6,44.79,10,0,0
24.6,44.79,20,0,0
24.6,44.79,30,0,0
24.566666666666695,44.79,40,0,0
24.5,44.79,50,0,0
24.5,44.79,60,0,0
24.5,44.863333333333294,70,0,0
24.463333333333296,44.79,80,0,0
24.39,44.79,90,0,0
24.39,44.73,100,0,0
24.39,44.79,110,0,0
24.39,44.79,120,0,0
24.323333333333295,44.79,130,0,0
24.29,44.79,140,0,0
24.29,44.79,150,0,0
24.26,44.76,160,0,0
24.26,44.76,170,0,0
24.2,44.7,180,0,0
24.2,44.7,190,0,0
24.2,44.7,200,0,0
24.2,44.7,210,0,0
24.2,44.7,220,0,0
24.1,44.7,230,0,0
24.1,44.76,240,0,0
24.1,44.73,250,0,0
24.1,44.73,260,0,0
24.0,44.6266666666667,270,0,0
24.0,44.7,280,0,0
24.0,44.7,290,0,0
24.0,44.6266666666667,300,0,0
24.0,44.8,310,0,0
24.0,45.06,320,0,0
24.0,45.03,330,0,0
24.0,45.03,340,0,0
24.0,45.03,350,0,0
24.0,45.09,360,0,0
24.0,45.1266666666667,370,0,0
24.0,45.2,380,0,0
24.0,45.06,390,0,0
24.0,44.8975,400,0,0
24.0,44.4566666666667,410,0,0
24.0,44.1633333333333,420,0,0
24.0,44.03,430,20,1
24.0,43.76,440,20,1
24.0,43.5666666666667,450,20,1
24.0,43.4,460,0,0
24.066666666666695,43.4666666666667,470,0,0
24.0,43.53,480,0,0
24.0,43.59,490,0,0
24.066666666666695,43.59,500,0,0
24.066666666666695,43.59,510,0,0
24.1,43.59,520,0,0
24.1,43.59,530,0,0
24.1,43.5,540,0,0
24.1,43.5,550,0,0
24.1,43.5,560,0,0
24.1,43.5,570,0,0
24.1,43.4,580,0,0
24.1,43.4,590,0,0
24.1333333333333,43.29,600,0,0
24.125,43.2175,610,0,0
24.1,42.66666666666671,620,0,0
24.1,41.96,630,0,0
24.1,41.5,640,0,0
24.066666666666695,41.1,650,0,0
24.0,40.8266666666667,660,0,0
24.0,40.7,670,0,0
24.0,40.7,680,0,0
24.0,40.7,690,0,0
24.0,40.7,700,0,0
24.0,40.7,710,0,0
24.0,40.76,720,0,0
24.0,40.79,730,0,0
24.066666666666695,40.99,740,0,0
24.066666666666695,41.0,750,0,0
24.066666666666695,41.2666666666667,760,0,0
24.1,41.2,770,0,0
24.1,41.2,780,0,0
24.1333333333333,41.2,790,0,0
24.2,41.2,800,0,0
24.2,41.09,810,0,0
24.23,41.03,820,0,0
24.29,40.963333333333296,830,0,0
24.29,40.6633333333333,840,0,0
24.29,40.39,850,0,0
24.323333333333295,39.99,860,0,0
24.39,39.73,870,0,0
24.323333333333295,39.56,880,0,0
24.39,39.433333333333294,890,0,0
24.4266666666667,39.4,900,0,0
24.4266666666667,39.19333333333329,910,0,0
24.39,38.63,920,10,1
24.323333333333295,38.09,930,30,1
24.29,37.933333333333294,940,20,1
24.3566666666667,38.1333333333333,950,20,1
24.3566666666667,38.26,960,20,1
24.29,38.4,970,20,1
24.39,38.59666666666671,980,20,1
24.39,38.93,990,30,1
24.39,39.09,1000,20,1
24.39,39.09,1010,20,1
24.39,39.09,1020,20,1
24.4266666666667,40.09,1030,20,1
24.5,39.89,1040,30,1
24.5,39.76,1050,20,1
24.5,39.7,1060,20,1
24.6,40.393333333333295,1070,20,1
24.533333333333296,40.4666666666667,1080,10,1
24.6333333333333,41.93,1090,0,0
24.7,41.73,1100,0,0
24.7,41.59666666666671,1110,0,0
24.76,41.59666666666671,1120,0,0
24.79,41.4666666666667,1130,0,0
24.79,41.3266666666667,1140,0,0
24.76,41.223333333333294,1150,0,0
24.7,41.09,1160,0,0
24.7,40.9,1170,0,0
24.7,40.9,1180,0,0
24.7,40.83333333333329,1190,0,0
24.7,40.7,1200,0,0
24.7,40.745,1210,0,0
24.7,40.79,1220,0,0
24.7,40.73,1230,0,0
24.7,40.76,1240,0,0
24.7,40.7,1250,0,0
24.6666666666667,40.6633333333333,1260,10,1
24.6,40.53,1270,0,0
24.6,40.4,1280,0,0
24.6,40.3266666666667,1290,10,1
24.6,40.29,1300,20,1
24.6,40.29,1310,20,1
24.566666666666695,40.2,1320,30,1
24.5,40.26,1330,20,1
24.566666666666695,40.1633333333333,1340,20,1
24.5,40.09,1350,20,1
24.5,40.09,1360,20,1
24.4266666666667,40.03,1370,20,1
24.39,40.0,1380,10,1
24.39,40.06,1390,0,0
24.3566666666667,40.3266666666667,1400,0,0
24.29,40.4,1410,0,0
24.29,40.4,1420,0,0
24.26,40.363333333333294,1430,0,0
24.26,40.363333333333294,0,0,0
24.2,40.29,10,0,0
24.2,40.29,20,0,0
24.2,40.3266666666667,30,0,0
24.2,40.4,40,0,0
24.1666666666667,40.4,50,0,0
24.1,40.4,60,0,0
24.1,40.4,70,0,0
24.1,40.4,80,0,0
24.1,40.4,90,0,0
24.033333333333296,40.3266666666667,100,0,0
24.0,40.29,110,0,0
24.0,40.29,120,0,0
24.0,40.29,130,0,0
24.0,40.29,140,0,0
24.0,40.4,150,0,0
24.0,40.3266666666667,160,0,0
23.89,40.4,170,0,0
23.89,40.345,180,0,0
23.823333333333295,40.3266666666667,190,0,0
23.8566666666667,40.29,200,0,0
23.79,40.29,210,0,0
23.79,40.29,220,0,0
23.79,40.29,230,0,0
23.76,40.29,240,0,0
23.7,40.29,250,0,0
23.7,40.29,260,0,0
23.7,40.29,270,0,0
23.7,40.29,280,0,0
23.6333333333333,40.23,290,0,0
23.6,40.2,300,0,0
23.6,40.33333333333329,310,0,0
23.6,40.83333333333329,320,10,1
23.6666666666667,40.5666666666667,330,0,0
23.6,40.0933333333333,340,0,0
23.6,39.4266666666667,350,0,0
23.6,39.0266666666667,360,0,0
23.533333333333296,38.9,370,0,0
23.5,38.9,380,0,0
23.5,38.79,390,0,0
23.4266666666667,38.79,400,0,0
23.39,38.8266666666667,410,0,0
23.39,38.9666666666667,420,0,0
23.39,39.1266666666667,430,0,0
23.39,39.33333333333329,440,0,0
23.39,39.7266666666667,450,0,0
23.39,40.0,460,0,0
23.39,40.0,470,10,1
23.39,40.06,480,20,1
23.39,40.1633333333333,490,30,1
23.39,40.03,500,20,1
23.39,39.9666666666667,510,20,1
23.39,39.9,520,20,1
23.323333333333295,39.9,530,20,1
23.39,39.8266666666667,540,30,1
23.3566666666667,39.59,550,20,1
23.29,39.463333333333296,560,20,1
23.39,39.7,570,20,1
23.39,39.75,580,20,1
23.39,40.0266666666667,590,30,1
23.39,40.8666666666667,600,20,1
23.463333333333296,41.33333333333329,610,20,1
23.39,41.05666666666671,620,0,0
23.39,40.05666666666671,630,10,1
23.39,39.2666666666667,640,0,0
23.39,38.8,650,0,0
23.39,38.83333333333329,660,0,0
23.39,38.7,670,0,0
23.39,38.59,680,0,0
23.39,38.463333333333296,690,0,0
23.39,38.363333333333294,700,0,0
23.39,38.29,710,0,0
23.39,38.2,720,0,0
23.39,38.2,730,0,0
23.39,38.2,740,0,0
23.463333333333296,38.26,750,0,0
23.5,38.1633333333333,760,0,0
23.5,38.09,770,0,0
23.5,38.045,780,0,0
23.6,38.0266666666667,790,0,0
23.6,37.9,800,0,0
23.6,37.79,810,0,0
23.6666666666667,37.863333333333294,820,0,0
23.7,37.8266666666667,830,0,0
23.7,37.8266666666667,840,0,0
23.73,37.79,850,0,0
23.79,37.79,860,0,0
23.823333333333295,37.8266666666667,870,0,0
23.89,37.9,880,0,0
23.9266666666667,37.933333333333294,890,0,0
24.0,38.06,900,0,0
24.033333333333296,38.1566666666667,910,0,0
24.1,38.23,920,0,0
24.1,38.2666666666667,930,0,0
24.1,38.4666666666667,940,0,0
24.2,38.2,950,0,0
24.2,38.1266666666667,960,0,0
24.2,38.1633333333333,970,0,0
24.2675,38.1725,980,0,0
24.29,38.1266666666667,990,0,0
24.39,37.99,1000,0,0
24.39,37.79,1010,0,0
24.5,37.8266666666667,1020,0,0
24.5,37.69333333333329,1030,0,0
24.5,37.223333333333294,1040,0,0
24.5,37.1633333333333,1050,0,0
24.5,37.433333333333294,1060,0,0
24.5,37.6333333333333,1070,0,0
24.5,38.0,1080,0,0
24.5,37.86,1090,0,0
24.5,37.2966666666667,1100,0,0
24.5,36.963333333333296,1110,0,0
24.5,37.0,1120,0,0
24.4883116883117,37.0661038961039,1130,0,0
24.4766233766234,37.1322077922078,1140,0,0
24.4649350649351,37.1983116883117,1150,0,0
24.4532467532468,37.2644155844156,1160,0,0
24.4415584415584,37.3305194805195,1170,0,0
24.4298701298701,37.3966233766234,1180,0,0
24.4181818181818,37.4627272727273,1190,0,0
24.4064935064935,37.5288311688312,1200,0,0
24.3948051948052,37.59493506493511,1210,0,0
24.383116883116905,37.661038961039,1220,0,0
24.3714285714286,37.727142857142894,1230,0,0
24.359740259740295,37.7932467532468,1240,0,0
24.3480519480519,37.8593506493507,1250,10,1
24.3363636363636,37.92545454545449,1260,20,1
24.3246753246753,37.9915584415584,1270,0,0
24.312987012987,38.05766233766231,1280,0,0
24.301298701298695,38.1237662337662,1290,0,0
24.2896103896104,38.189870129870094,1300,0,0
24.277922077922096,38.255974025974,1310,0,0
24.2662337662338,38.3220779220779,1320,0,0
24.2545454545455,38.3881818181818,1330,0,0
24.2428571428571,38.454285714285696,1340,0,0
24.2311688311688,38.5203896103896,1350,0,0
24.219480519480495,38.5864935064935,1360,0,0
24.2077922077922,38.6525974025974,1370,0,0
24.196103896103896,38.7187012987013,1380,0,0
24.1844155844156,38.7848051948052,1390,0,0
24.1727272727273,38.8509090909091,1400,0,0
24.161038961039,38.917012987013,1410,0,0
24.1493506493507,38.9831168831169,1420,0,0
24.137662337662295,39.0492207792208,1430,0,0
24.125974025974,39.11532467532471,0,0,0
24.1142857142857,39.1814285714286,10,0,0
24.1025974025974,39.247532467532494,20,0,0
24.0909090909091,39.3136363636364,30,0,0
24.0792207792208,39.3797402597403,40,0,0
24.067532467532505,39.4458441558442,50,0,0
24.0558441558442,39.511948051948096,60,0,0
24.0441558441558,39.578051948052,70,0,0
24.0324675324675,39.6441558441558,80,0,0
24.0207792207792,39.710259740259694,90,0,0
24.0090909090909,39.7763636363636,100,0,0
23.9974025974026,39.8424675324675,110,0,0
23.985714285714305,39.9085714285714,120,0,0
23.974025974026,39.974675324675296,130,0,0
23.962337662337696,40.0407792207792,140,0,0
23.9506493506493,40.1068831168831,150,0,0
23.938961038961,40.172987012987,160,0,0
23.9272727272727,40.2390909090909,170,0,0
23.9155844155844,40.3051948051948,180,0,0
23.903896103896095,40.3712987012987,190,0,0
23.8922077922078,40.4374025974026,200,0,0
23.880519480519496,40.5035064935065,210,0,0
23.8688311688312,40.5696103896104,220,0,0
23.8571428571429,40.63571428571431,230,0,0
23.8454545454545,40.7018181818182,240,0,0
23.8337662337662,40.767922077922094,250,0,0
23.822077922077895,40.834025974026,260,0,0
23.8103896103896,40.9001298701299,270,0,0
23.7987012987013,40.9662337662338,280,0,0
23.787012987013,41.032337662337696,290,0,0
23.7753246753247,41.0984415584416,300,0,0
23.7636363636364,41.1645454545455,310,0,0
23.7519480519481,41.2306493506494,320,0,0
23.740259740259695,41.2967532467532,330,0,0
23.7285714285714,41.3628571428571,340,0,0
23.7168831168831,41.428961038961,350,0,0
23.7051948051948,41.495064935064896,360,0,0
23.6935064935065,41.5611688311688,370,0,0
23.6818181818182,41.6272727272727,380,0,0
23.670129870129905,41.6933766233766,390,0,0
23.6584415584416,41.7594805194805,400,0,0
23.6467532467532,41.8255844155844,410,10,1
23.6350649350649,41.8916883116883,420,0,0
23.6233766233766,41.9577922077922,430,0,0
23.6116883116883,42.0238961038961,440,0,0
23.6,42.09,450,0,0
23.6,42.09,460,0,0
23.6,42.03,470,0,0
23.6,42.1966666666667,480,0,0
23.6,42.59,490,0,0
23.6,42.6566666666667,500,0,0
23.6,42.93,510,0,0
23.6,43.03,520,0,0
23.533333333333296,43.223333333333294,530,0,0
23.566666666666695,43.4,540,0,0
23.575,43.4975,550,0,0
23.6,43.6633333333333,560,0,0
23.6,43.86,570,0,0
23.6,44.06,580,0,0
23.6,44.26,590,0,0
23.6,44.2,600,0,0
23.6,43.96,610,0,0
23.6,43.5666666666667,620,0,0
23.6,43.1333333333333,630,0,0
23.6,42.8,640,0,0
23.6333333333333,42.933333333333294,650,0,0
23.76,43.3266666666667,660,0,0
23.79,43.06,670,0,0
23.79,42.86,680,0,0
23.79,43.1966666666667,690,0,0
23.79,43.53,700,0,0
23.89,43.16,710,10,1
23.963333333333296,42.8266666666667,720,0,0
24.0,42.56,730,0,0
24.0,42.36,740,0,0
24.1,42.3,750,0,0
24.1,42.1266666666667,760,0,0
24.1,42.1266666666667,770,0,0
24.2,42.23,780,0,0
24.2,42.09666666666671,790,0,0
24.2,41.9,800,10,1
24.2,41.9,810,0,0
24.2,41.9,820,0,0
24.2,41.9,830,0,0
24.2,41.9,840,0,0
24.2,41.8266666666667,850,0,0
24.2,41.76,860,0,0
24.2,41.6266666666667,870,0,0
24.2,41.5,880,0,0
24.2,41.56,890,10,1
24.2,41.59,900,0,0
24.2,41.59,910,0,0
24.2,41.59,920,0,0
24.2,41.6633333333333,930,0,0
24.2,41.6266666666667,940,0,0
24.2,41.7,950,0,0
24.2,41.7,960,0,0
24.2,41.7,970,0,0
24.26,42.5,980,10,1
24.29,43.5,990,0,0
24.3566666666667,43.6266666666667,1000,0,0
24.39,43.7566666666667,1010,0,0
24.39,44.223333333333294,1020,0,0
24.39,44.33333333333329,1030,0,0
24.39,44.0666666666667,1040,0,0
24.39,43.3666666666667,1050,0,0
24.39,43.5666666666667,1060,0,0
24.39,45.4666666666667,1070,0,0
24.39,43.7333333333333,1080,0,0
24.3566666666667,42.66666666666671,1090,0,0
24.29,42.0666666666667,1100,0,0
24.39,42.3,1110,0,0
24.323333333333295,42.6333333333333,1120,0,0
24.39,42.53,1130,0,0
24.323333333333295,42.723333333333294,1140,0,0
24.39,42.9,1150,0,0
24.39,43.175,1160,0,0
24.39,43.7333333333333,1170,0,0
24.39,44.33,1180,0,0
24.39,44.723333333333294,1190,0,0
24.4266666666667,44.73,1200,20,1
24.4266666666667,44.73,1210,20,1
24.39,44.59,1220,10,1
24.463333333333296,44.6633333333333,1230,0,0
24.5,44.7,1240,10,1
24.5,44.7,1250,30,1
24.5,44.7,1260,10,1
24.5,44.7,1270,0,0
24.5,44.79,1280,10,1
24.5,44.73,1290,20,1
24.5,44.79,1300,20,1
24.5,44.79,1310,20,1
24.5,44.7,1320,20,1
24.5,44.7,1330,20,1
24.5,44.59,1340,20,1
24.5,44.59,1350,20,1
24.5,44.59,1360,20,1
24.5,44.59,1370,20,1
24.4266666666667,44.53,1380,20,1
24.5,44.59,1390,20,1
24.4266666666667,44.53,1400,20,1
24.39,44.56,1410,20,1
24.39,44.56,1420,20,1
24.39,44.56,1430,10,1
24.323333333333295,44.56,0,10,1
24.3566666666667,44.73,10,0,0
24.3566666666667,44.79,20,10,1
24.29,44.76,30,0,0
24.29,44.7,40,0,0
24.29,44.7,50,0,0
24.29,44.7,60,0,0
24.2,44.59,70,0,0
24.2,44.59,80,0,0
24.2,44.59,90,0,0
24.2,44.6633333333333,100,0,0
24.2,44.7,110,0,0
24.1333333333333,44.7,120,0,0
24.2,44.745,130,0,0
24.1666666666667,44.79,140,0,0
24.1,44.79,150,0,0
24.1,44.79,160,0,0
24.1,44.79,170,0,0
24.1,44.8266666666667,180,0,0
24.1,44.8266666666667,190,0,0
24.1,44.79,200,0,0
24.1,44.863333333333294,210,0,0
24.033333333333296,44.86,220,0,0
24.033333333333296,44.933333333333294,230,0,0
24.0,44.9,240,0,0
24.0,44.9,250,0,0
24.0,44.9,260,0,0
24.0,44.9,270,0,0
24.0,45.0,280,0,0
24.0,45.0,290,0,0
24.0,45.0,300,0,0
23.9266666666667,45.0,310,0,0
23.89,45.0,320,0,0
23.89,45.0,330,0,0
23.89,45.06,340,0,0
23.79,45.0,350,0,0
23.79,45.1333333333333,360,10,1
23.89,45.363333333333294,370,0,0
23.89,45.363333333333294,380,0,0
24.0,45.433333333333294,390,0,0
24.0,45.56,400,0,0
24.0,45.4666666666667,410,0,0
24.0,45.4,420,0,0
23.9266666666667,45.363333333333294,430,0,0
24.0,45.49,440,0,0
23.89,45.5,450,0,0
23.963333333333296,45.5,460,0,0
24.0,45.5,470,0,0
24.0,45.5,480,0,0
23.8566666666667,48.7566666666667,490,0,0
23.79,48.223333333333294,500,0,0
23.7,47.33333333333329,510,0,0
23.6333333333333,47.0,520,0,0
23.6,47.1,530,0,0
23.6,47.2,540,0,0
23.6,47.2,550,0,0
23.6,47.2,560,0,0
23.6,47.2,570,0,0
23.6333333333333,47.2266666666667,580,0,0
23.76,47.69333333333329,590,0,0
23.79,47.863333333333294,600,0,0
23.79,47.863333333333294,610,0,0
23.79,48.1266666666667,620,0,0
23.79,48.26,630,0,0
23.89,48.4,640,0,0
23.963333333333296,48.3266666666667,650,0,0
24.1,48.33333333333329,660,0,0
24.1666666666667,48.46,670,0,0
24.23,48.4666666666667,680,0,0
24.3566666666667,48.3266666666667,690,0,0
24.323333333333295,47.83333333333329,700,0,0
24.39,47.5666666666667,710,0,0
24.4266666666667,47.76,720,0,0
24.6,47.975,730,0,0
24.76,47.9266666666667,740,0,0
24.823333333333295,47.79,750,0,0
24.89,47.79,760,0,0
24.89,47.79,770,0,0
24.89,47.73,780,0,0
25.033333333333296,48.363333333333294,790,0,0
25.1666666666667,48.1566666666667,800,0,0
25.323333333333295,47.93,810,0,0
25.39,47.6566666666667,820,0,0
25.5,47.1333333333333,830,0,0
25.5,47.06,840,10,1
25.6,46.99,850,0,0
25.6,46.73,860,0,0
25.566666666666695,46.6333333333333,870,0,0
25.5,46.36,880,0,0
25.5,46.06,890,0,0
25.5,45.933333333333294,900,0,0
25.5,45.76,910,0,0
25.5,45.6266666666667,920,0,0
25.5,45.59,930,0,0
25.5,45.5225,940,0,0
25.5,45.6333333333333,950,0,0
25.5,45.73,960,0,0
25.5,45.79,970,0,0
25.5,45.933333333333294,980,0,0
25.4266666666667,46.06,990,0,0
25.5,46.53,1000,0,0
25.5,47.4566666666667,1010,0,0
25.6,47.19333333333329,1020,0,0
25.533333333333296,46.86,1030,0,0
25.566666666666695,46.56,1040,0,0
25.5,46.5,1050,0,0
25.5,46.59666666666671,1060,10,1
25.5,46.99,1070,10,1
25.5,46.6,1080,10,1
